permco,parent_company,ticker,year,ai_patents_parent_only,ai_patents_with_subs,all_patents_with_subs,ai_share,n_papers,annual_return,annual_sp500_return,annual_excess_return,months_in_year,patent_truncated
36364,AGILENT TECHNOLOGIES INC,A,2010,0,0,42,0.0,0,,,,,0
36364,AGILENT TECHNOLOGIES INC,A,2011,1,1,65,0.0154,0,,,,,0
36364,AGILENT TECHNOLOGIES INC,A,2012,0,0,70,0.0,0,,,,,0
36364,AGILENT TECHNOLOGIES INC,A,2013,1,1,115,0.0087,0,,,,,0
36364,AGILENT TECHNOLOGIES INC,A,2014,0,0,68,0.0,0,,,,,0
36364,AGILENT TECHNOLOGIES INC,A,2015,0,0,63,0.0,0,,,,,0
36364,AGILENT TECHNOLOGIES INC,A,2016,0,0,46,0.0,0,,,,,0
36364,AGILENT TECHNOLOGIES INC,A,2017,1,1,35,0.0286,0,0.483203,0.194199,0.289003,12,0
36364,AGILENT TECHNOLOGIES INC,A,2018,1,1,43,0.0233,0,0.016731,-0.062372,0.079103,12,0
36364,AGILENT TECHNOLOGIES INC,A,2019,1,1,41,0.0244,0,0.275302,0.288778,-0.013477,12,0
36364,AGILENT TECHNOLOGIES INC,A,2020,6,7,64,0.1094,0,0.39768,0.16259,0.235091,12,0
36364,AGILENT TECHNOLOGIES INC,A,2021,5,5,74,0.0676,0,0.355073,0.268925,0.086147,12,0
36364,AGILENT TECHNOLOGIES INC,A,2022,4,4,73,0.0548,0,-0.055279,-0.194429,0.13915,12,0
36364,AGILENT TECHNOLOGIES INC,A,2023,2,2,59,0.0339,0,-0.064231,0.242305,-0.306536,12,0
36364,AGILENT TECHNOLOGIES INC,A,2024,1,1,45,0.0222,0,-0.026996,0.233091,-0.260087,12,1
36364,AGILENT TECHNOLOGIES INC,A,2025,0,0,21,0.0,0,0.019136,0.163879,-0.144742,12,1
7,APPLE INC,AAPL,2010,29,29,783,0.037,0,,,,,0
7,APPLE INC,AAPL,2011,35,35,829,0.0422,0,,,,,0
7,APPLE INC,AAPL,2012,68,68,1825,0.0373,0,,,,,0
7,APPLE INC,AAPL,2013,128,128,1856,0.069,0,,,,,0
7,APPLE INC,AAPL,2014,144,144,2187,0.0658,0,,,,,0
7,APPLE INC,AAPL,2015,165,165,2087,0.0791,0,,,,,0
7,APPLE INC,AAPL,2016,184,184,2043,0.0901,0,,,,,0
7,APPLE INC,AAPL,2017,190,190,1903,0.0998,9,0.484755,0.194199,0.290556,12,0
7,APPLE INC,AAPL,2018,253,253,2051,0.1234,35,-0.053913,-0.062372,0.008459,12,0
7,APPLE INC,AAPL,2019,273,273,2213,0.1234,50,0.889666,0.288778,0.600887,12,0
7,APPLE INC,AAPL,2020,291,291,2917,0.0998,116,0.823093,0.16259,0.660503,12,0
7,APPLE INC,AAPL,2021,278,278,2494,0.1115,131,0.346477,0.268925,0.077552,12,0
7,APPLE INC,AAPL,2022,333,333,2910,0.1144,170,-0.264043,-0.194429,-0.069614,12,0
7,APPLE INC,AAPL,2023,396,396,3181,0.1245,267,0.490041,0.242305,0.247736,12,0
7,APPLE INC,AAPL,2024,337,337,2908,0.1159,336,0.30705,0.233091,0.07396,12,1
7,APPLE INC,AAPL,2025,276,276,1768,0.1561,436,0.090447,0.163879,-0.073432,12,1
54287,ABBVIE INC,ABBV,2010,0,0,0,,0,,,,,0
54287,ABBVIE INC,ABBV,2011,0,0,8,0.0,0,,,,,0
54287,ABBVIE INC,ABBV,2012,0,0,61,0.0,0,,,,,0
54287,ABBVIE INC,ABBV,2013,1,1,182,0.0055,0,,,,,0
54287,ABBVIE INC,ABBV,2014,0,0,236,0.0,0,,,,,0
54287,ABBVIE INC,ABBV,2015,0,0,197,0.0,0,,,,,0
54287,ABBVIE INC,ABBV,2016,2,2,150,0.0133,0,,,,,0
54287,ABBVIE INC,ABBV,2017,0,0,142,0.0,0,0.60129,0.194199,0.407091,12,0
54287,ABBVIE INC,ABBV,2018,1,1,132,0.0076,0,-0.009802,-0.062372,0.05257,12,0
54287,ABBVIE INC,ABBV,2019,0,0,82,0.0,0,0.014954,0.288778,-0.273825,12,0
54287,ABBVIE INC,ABBV,2020,1,1,82,0.0122,4,0.276102,0.16259,0.113513,12,0
54287,ABBVIE INC,ABBV,2021,0,0,60,0.0,3,0.32401,0.268925,0.055084,12,0
54287,ABBVIE INC,ABBV,2022,0,0,69,0.0,2,0.240403,-0.194429,0.434832,12,0
54287,ABBVIE INC,ABBV,2023,0,0,78,0.0,0,-0.002271,0.242305,-0.244576,12,0
54287,ABBVIE INC,ABBV,2024,1,1,62,0.0161,0,0.188984,0.233091,-0.044107,12,1
54287,ABBVIE INC,ABBV,2025,0,0,31,0.0,6,0.331276,0.163879,0.167397,12,1
42385,ADVISORY BOARD CO,ABCO,2010,0,0,0,,0,,,,,0
42385,ADVISORY BOARD CO,ABCO,2011,0,0,0,,0,,,,,0
42385,ADVISORY BOARD CO,ABCO,2012,0,0,0,,0,,,,,0
42385,ADVISORY BOARD CO,ABCO,2013,0,0,0,,0,,,,,0
42385,ADVISORY BOARD CO,ABCO,2014,0,0,0,,0,,,,,0
42385,ADVISORY BOARD CO,ABCO,2015,0,0,0,,0,,,,,0
42385,ADVISORY BOARD CO,ABCO,2016,0,0,0,,0,,,,,0
42385,ADVISORY BOARD CO,ABCO,2017,0,0,0,,0,0.618345,0.182572,0.435772,11,0
42385,ADVISORY BOARD CO,ABCO,2018,0,0,1,0.0,0,,,,,0
42385,ADVISORY BOARD CO,ABCO,2019,0,0,0,,0,,,,,0
42385,ADVISORY BOARD CO,ABCO,2020,0,0,3,0.0,0,,,,,0
42385,ADVISORY BOARD CO,ABCO,2021,0,0,0,,0,,,,,0
42385,ADVISORY BOARD CO,ABCO,2022,0,0,0,,0,,,,,0
42385,ADVISORY BOARD CO,ABCO,2023,0,0,0,,0,,,,,0
42385,ADVISORY BOARD CO,ABCO,2024,0,0,0,,0,,,,,1
42385,ADVISORY BOARD CO,ABCO,2025,0,0,0,,0,,,,,1
57588,AIRBNB INC,ABNB,2010,0,0,0,,0,,,,,0
57588,AIRBNB INC,ABNB,2011,0,0,0,,0,,,,,0
57588,AIRBNB INC,ABNB,2012,0,0,0,,0,,,,,0
57588,AIRBNB INC,ABNB,2013,0,0,3,0.0,0,,,,,0
57588,AIRBNB INC,ABNB,2014,1,1,5,0.2,0,,,,,0
57588,AIRBNB INC,ABNB,2015,1,1,5,0.2,0,,,,,0
57588,AIRBNB INC,ABNB,2016,0,0,3,0.0,0,,,,,0
57588,AIRBNB INC,ABNB,2017,4,4,11,0.3636,0,,,,,0
57588,AIRBNB INC,ABNB,2018,9,9,13,0.6923,0,,,,,0
57588,AIRBNB INC,ABNB,2019,10,10,18,0.5556,0,,,,,0
57588,AIRBNB INC,ABNB,2020,10,10,19,0.5263,1,0.014443,0.037121,-0.022678,1,0
57588,AIRBNB INC,ABNB,2021,8,8,12,0.6667,0,0.134128,0.268925,-0.134797,12,0
57588,AIRBNB INC,ABNB,2022,11,11,15,0.7333,5,-0.486457,-0.194429,-0.292028,12,0
57588,AIRBNB INC,ABNB,2023,7,7,12,0.5833,4,0.592277,0.242305,0.349972,12,0
57588,AIRBNB INC,ABNB,2024,13,13,24,0.5417,3,-0.034744,0.233091,-0.267835,12,1
57588,AIRBNB INC,ABNB,2025,2,2,9,0.2222,8,0.032799,0.163879,-0.13108,12,1
8476,ADOBE SYSTEMS INC,ADBE,2010,3,3,71,0.0423,0,,,,,0
8476,ADOBE SYSTEMS INC,ADBE,2011,6,6,135,0.0444,0,,,,,0
8476,ADOBE SYSTEMS INC,ADBE,2012,30,31,233,0.133,0,,,,,0
8476,ADOBE SYSTEMS INC,ADBE,2013,80,80,306,0.2614,0,,,,,0
8476,ADOBE SYSTEMS INC,ADBE,2014,91,91,297,0.3064,0,,,,,0
8476,ADOBE SYSTEMS INC,ADBE,2015,121,121,354,0.3418,0,,,,,0
8476,ADOBE SYSTEMS INC,ADBE,2016,153,153,407,0.3759,0,,,,,0
8476,ADOBE SYSTEMS INC,ADBE,2017,195,195,398,0.4899,109,0.702183,0.194199,0.507983,12,0
8476,ADOBE SYSTEMS INC,ADBE,2018,261,261,401,0.6509,125,0.291029,-0.062372,0.353401,12,0
8476,ADOBE SYSTEMS INC,ADBE,2019,288,288,430,0.6698,222,0.457789,0.288778,0.169011,12,0
8476,ADOBE SYSTEMS INC,ADBE,2020,310,310,440,0.7045,308,0.516389,0.16259,0.353799,12,0
8476,ADOBE SYSTEMS INC,ADBE,2021,336,336,457,0.7352,255,0.133848,0.268925,-0.135078,12,0
8476,ADOBE SYSTEMS INC,ADBE,2022,384,384,517,0.7427,337,-0.406536,-0.194429,-0.212107,12,0
8476,ADOBE SYSTEMS INC,ADBE,2023,377,377,521,0.7236,442,0.772802,0.242305,0.530497,12,0
8476,ADOBE SYSTEMS INC,ADBE,2024,271,271,360,0.7528,571,-0.254642,0.233091,-0.487732,12,1
8476,ADOBE SYSTEMS INC,ADBE,2025,53,53,75,0.7067,616,-0.212941,0.163879,-0.376819,12,1
7623,AUTODESK INC,ADSK,2010,2,2,8,0.25,0,,,,,0
7623,AUTODESK INC,ADSK,2011,0,0,19,0.0,0,,,,,0
7623,AUTODESK INC,ADSK,2012,2,2,24,0.0833,0,,,,,0
7623,AUTODESK INC,ADSK,2013,5,5,60,0.0833,0,,,,,0
7623,AUTODESK INC,ADSK,2014,10,10,53,0.1887,0,,,,,0
7623,AUTODESK INC,ADSK,2015,8,8,77,0.1039,0,,,,,0
7623,AUTODESK INC,ADSK,2016,17,17,66,0.2576,0,,,,,0
7623,AUTODESK INC,ADSK,2017,9,9,61,0.1475,0,0.416431,0.194199,0.222232,12,0
7623,AUTODESK INC,ADSK,2018,19,19,61,0.3115,2,0.226844,-0.062372,0.289216,12,0
7623,AUTODESK INC,ADSK,2019,26,26,60,0.4333,7,0.426482,0.288778,0.137704,12,0
7623,AUTODESK INC,ADSK,2020,21,21,71,0.2958,29,0.664341,0.16259,0.501751,12,0
7623,AUTODESK INC,ADSK,2021,24,24,58,0.4138,21,-0.079092,0.268925,-0.348018,12,0
7623,AUTODESK INC,ADSK,2022,18,18,65,0.2769,31,-0.33543,-0.194429,-0.141002,12,0
7623,AUTODESK INC,ADSK,2023,19,19,52,0.3654,33,0.302939,0.242305,0.060634,12,0
7623,AUTODESK INC,ADSK,2024,41,41,78,0.5256,34,0.21394,0.233091,-0.019151,12,1
7623,AUTODESK INC,ADSK,2025,20,20,43,0.4651,64,0.001489,0.163879,-0.16239,12,1
92,AFLAC INC,AFL,2010,0,0,0,,0,,,,,0
92,AFLAC INC,AFL,2011,0,0,0,,0,,,,,0
92,AFLAC INC,AFL,2012,0,0,0,,0,,,,,0
92,AFLAC INC,AFL,2013,0,0,0,,0,,,,,0
92,AFLAC INC,AFL,2014,0,0,0,,0,,,,,0
92,AFLAC INC,AFL,2015,0,0,0,,0,,,,,0
92,AFLAC INC,AFL,2016,0,0,0,,0,,,,,0
92,AFLAC INC,AFL,2017,0,0,0,,0,0.289967,0.194199,0.095767,12,0
92,AFLAC INC,AFL,2018,0,0,3,0.0,0,0.062094,-0.062372,0.124466,12,0
92,AFLAC INC,AFL,2019,0,0,0,,0,0.185571,0.288778,-0.103208,12,0
92,AFLAC INC,AFL,2020,0,0,1,0.0,0,-0.135767,0.16259,-0.298357,12,0
92,AFLAC INC,AFL,2021,0,0,0,,0,0.34557,0.268925,0.076645,12,0
92,AFLAC INC,AFL,2022,0,0,0,,1,0.263622,-0.194429,0.45805,12,0
92,AFLAC INC,AFL,2023,0,0,0,,0,0.173826,0.242305,-0.068479,12,0
92,AFLAC INC,AFL,2024,0,0,0,,0,0.280784,0.233091,0.047693,12,1
92,AFLAC INC,AFL,2025,0,0,0,,0,0.089489,0.163879,-0.07439,12,1
42936,ALCON INC,ALC,2010,0,0,83,0.0,0,,,,,0
42936,ALCON INC,ALC,2011,0,0,38,0.0,0,,,,,0
42936,ALCON INC,ALC,2012,0,1,41,0.0244,0,,,,,0
42936,ALCON INC,ALC,2013,0,1,83,0.012,0,,,,,0
42936,ALCON INC,ALC,2014,0,0,47,0.0,0,,,,,0
42936,ALCON INC,ALC,2015,0,0,18,0.0,0,,,,,0
42936,ALCON INC,ALC,2016,0,0,18,0.0,0,,,,,0
42936,ALCON INC,ALC,2017,0,0,12,0.0,0,,,,,0
42936,ALCON INC,ALC,2018,0,1,11,0.0909,0,,,,,0
42936,ALCON INC,ALC,2019,1,1,97,0.0103,0,-0.025327,0.139845,-0.165172,9,0
42936,ALCON INC,ALC,2020,17,17,153,0.1111,0,0.166342,0.16259,0.003752,12,0
42936,ALCON INC,ALC,2021,6,6,145,0.0414,0,0.32201,0.268925,0.053084,12,0
42936,ALCON INC,ALC,2022,6,6,186,0.0323,0,-0.210852,-0.194429,-0.016424,12,0
42936,ALCON INC,ALC,2023,22,22,175,0.1257,0,0.142936,0.242305,-0.099369,12,0
42936,ALCON INC,ALC,2024,10,10,216,0.0463,0,0.089881,0.233091,-0.14321,12,1
42936,ALCON INC,ALC,2025,10,10,179,0.0559,0,-0.068043,0.163879,-0.231922,12,1
41154,ALIGN TECHNOLOGY INC,ALGN,2010,1,1,10,0.1,0,,,,,0
41154,ALIGN TECHNOLOGY INC,ALGN,2011,0,0,18,0.0,0,,,,,0
41154,ALIGN TECHNOLOGY INC,ALGN,2012,0,0,24,0.0,0,,,,,0
41154,ALIGN TECHNOLOGY INC,ALGN,2013,1,1,16,0.0625,0,,,,,0
41154,ALIGN TECHNOLOGY INC,ALGN,2014,0,0,38,0.0,0,,,,,0
41154,ALIGN TECHNOLOGY INC,ALGN,2015,4,4,54,0.0741,0,,,,,0
41154,ALIGN TECHNOLOGY INC,ALGN,2016,4,4,64,0.0625,0,,,,,0
41154,ALIGN TECHNOLOGY INC,ALGN,2017,5,5,68,0.0735,0,1.311347,0.194199,1.117147,12,0
41154,ALIGN TECHNOLOGY INC,ALGN,2018,7,7,97,0.0722,0,-0.057428,-0.062372,0.004944,12,0
41154,ALIGN TECHNOLOGY INC,ALGN,2019,15,15,129,0.1163,0,0.332378,0.288778,0.043599,12,0
41154,ALIGN TECHNOLOGY INC,ALGN,2020,26,26,149,0.1745,0,0.915066,0.16259,0.752477,12,0
41154,ALIGN TECHNOLOGY INC,ALGN,2021,28,28,128,0.2188,0,0.229798,0.268925,-0.039127,12,0
41154,ALIGN TECHNOLOGY INC,ALGN,2022,16,16,160,0.1,0,-0.679084,-0.194429,-0.484655,12,0
41154,ALIGN TECHNOLOGY INC,ALGN,2023,41,41,208,0.1971,0,0.299194,0.242305,0.056889,12,0
41154,ALIGN TECHNOLOGY INC,ALGN,2024,43,43,231,0.1861,1,-0.239015,0.233091,-0.472106,12,1
41154,ALIGN TECHNOLOGY INC,ALGN,2025,24,24,169,0.142,0,-0.251115,0.163879,-0.414994,12,1
29870,ALLSTATE CORP,ALL,2010,0,0,0,,0,,,,,0
29870,ALLSTATE CORP,ALL,2011,0,0,1,0.0,0,,,,,0
29870,ALLSTATE CORP,ALL,2012,0,0,3,0.0,0,,,,,0
29870,ALLSTATE CORP,ALL,2013,0,0,4,0.0,0,,,,,0
29870,ALLSTATE CORP,ALL,2014,0,0,13,0.0,0,,,,,0
29870,ALLSTATE CORP,ALL,2015,0,2,18,0.1111,0,,,,,0
29870,ALLSTATE CORP,ALL,2016,0,8,48,0.1667,0,,,,,0
29870,ALLSTATE CORP,ALL,2017,0,10,34,0.2941,0,0.436207,0.194199,0.242008,12,0
29870,ALLSTATE CORP,ALL,2018,0,30,68,0.4412,0,-0.195213,-0.062372,-0.132841,12,0
29870,ALLSTATE CORP,ALL,2019,0,24,54,0.4444,0,0.388156,0.288778,0.099377,12,0
29870,ALLSTATE CORP,ALL,2020,0,33,71,0.4648,0,-0.001174,0.16259,-0.163764,12,0
29870,ALLSTATE CORP,ALL,2021,0,30,77,0.3896,0,0.098767,0.268925,-0.170159,12,0
29870,ALLSTATE CORP,ALL,2022,0,43,119,0.3613,0,0.183421,-0.194429,0.37785,12,0
29870,ALLSTATE CORP,ALL,2023,0,52,127,0.4094,0,0.063373,0.242305,-0.178932,12,0
29870,ALLSTATE CORP,ALL,2024,0,51,102,0.5,0,0.406037,0.233091,0.172946,12,1
29870,ALLSTATE CORP,ALL,2025,0,17,36,0.4722,0,0.101089,0.163879,-0.06279,12,1
56117,ALTAIR ENGINEERING INC,ALTR,2010,0,0,13,0.0,0,,,,,0
56117,ALTAIR ENGINEERING INC,ALTR,2011,0,0,15,0.0,0,,,,,0
56117,ALTAIR ENGINEERING INC,ALTR,2012,0,0,3,0.0,0,,,,,0
56117,ALTAIR ENGINEERING INC,ALTR,2013,0,0,0,,0,,,,,0
56117,ALTAIR ENGINEERING INC,ALTR,2014,0,0,7,0.0,0,,,,,0
56117,ALTAIR ENGINEERING INC,ALTR,2015,0,0,8,0.0,0,,,,,0
56117,ALTAIR ENGINEERING INC,ALTR,2016,1,1,4,0.25,0,,,,,0
56117,ALTAIR ENGINEERING INC,ALTR,2017,0,0,1,0.0,0,0.30639,0.038191,0.268199,2,0
56117,ALTAIR ENGINEERING INC,ALTR,2018,1,1,5,0.2,0,0.15301,-0.062372,0.215382,12,0
56117,ALTAIR ENGINEERING INC,ALTR,2019,0,0,5,0.0,0,0.302029,0.288778,0.01325,12,0
56117,ALTAIR ENGINEERING INC,ALTR,2020,0,0,5,0.0,0,0.620159,0.16259,0.45757,12,0
56117,ALTAIR ENGINEERING INC,ALTR,2021,3,3,6,0.5,0,0.328979,0.268925,0.060054,12,0
56117,ALTAIR ENGINEERING INC,ALTR,2022,2,2,2,1.0,0,-0.411925,-0.194429,-0.217497,12,0
56117,ALTAIR ENGINEERING INC,ALTR,2023,0,0,1,0.0,0,0.850671,0.242305,0.608366,12,0
56117,ALTAIR ENGINEERING INC,ALTR,2024,0,0,0,,0,0.296613,0.233091,0.063522,12,1
56117,ALTAIR ENGINEERING INC,ALTR,2025,0,0,1,0.0,0,0.035653,-0.045869,0.081522,3,1
29487,ALCATEL LUCENT,ALU,2010,0,5,287,0.0174,0,,,,,0
29487,ALCATEL LUCENT,ALU,2011,4,12,465,0.0258,0,,,,,0
29487,ALCATEL LUCENT,ALU,2012,11,14,508,0.0276,0,,,,,0
29487,ALCATEL LUCENT,ALU,2013,11,16,586,0.0273,0,,,,,0
29487,ALCATEL LUCENT,ALU,2014,13,19,571,0.0333,0,,,,,0
29487,ALCATEL LUCENT,ALU,2015,3,7,322,0.0217,0,,,,,0
29487,ALCATEL LUCENT,ALU,2016,1,10,263,0.038,0,,,,,0
29487,ALCATEL LUCENT,ALU,2017,5,7,165,0.0424,0,,,,,0
29487,ALCATEL LUCENT,ALU,2018,0,1,34,0.0294,0,,,,,0
29487,ALCATEL LUCENT,ALU,2019,0,0,7,0.0,0,,,,,0
29487,ALCATEL LUCENT,ALU,2020,0,0,5,0.0,0,,,,,0
29487,ALCATEL LUCENT,ALU,2021,0,0,5,0.0,0,,,,,0
29487,ALCATEL LUCENT,ALU,2022,0,0,2,0.0,0,,,,,0
29487,ALCATEL LUCENT,ALU,2023,0,0,1,0.0,0,,,,,0
29487,ALCATEL LUCENT,ALU,2024,0,0,0,,0,,,,,1
29487,ALCATEL LUCENT,ALU,2025,0,0,0,,0,,,,,1
31946,AUTOLIV INC,ALV,2010,0,3,62,0.0484,0,,,,,0
31946,AUTOLIV INC,ALV,2011,0,0,65,0.0,0,,,,,0
31946,AUTOLIV INC,ALV,2012,0,3,68,0.0441,0,,,,,0
31946,AUTOLIV INC,ALV,2013,0,0,78,0.0,0,,,,,0
31946,AUTOLIV INC,ALV,2014,0,1,75,0.0133,0,,,,,0
31946,AUTOLIV INC,ALV,2015,0,1,93,0.0108,0,,,,,0
31946,AUTOLIV INC,ALV,2016,0,9,105,0.0857,0,,,,,0
31946,AUTOLIV INC,ALV,2017,0,1,87,0.0115,0,0.147799,0.194199,-0.046401,12,0
31946,AUTOLIV INC,ALV,2018,0,1,70,0.0143,2,-0.197996,-0.062372,-0.135624,12,0
31946,AUTOLIV INC,ALV,2019,0,0,105,0.0,0,0.24377,0.288778,-0.045008,12,0
31946,AUTOLIV INC,ALV,2020,0,0,88,0.0,0,0.110884,0.16259,-0.051706,12,0
31946,AUTOLIV INC,ALV,2021,0,0,99,0.0,0,0.14506,0.268925,-0.123865,12,0
31946,AUTOLIV INC,ALV,2022,0,0,84,0.0,0,-0.234039,-0.194429,-0.03961,12,0
31946,AUTOLIV INC,ALV,2023,0,0,39,0.0,0,0.480393,0.242305,0.238088,12,0
31946,AUTOLIV INC,ALV,2024,0,0,6,0.0,0,-0.127209,0.233091,-0.3603,12,1
31946,AUTOLIV INC,ALV,2025,0,0,3,0.0,2,0.301962,0.163879,0.138084,12,1
194,APPLIED MATERIALS INC,AMAT,2010,0,0,395,0.0,0,,,,,0
194,APPLIED MATERIALS INC,AMAT,2011,1,1,394,0.0025,0,,,,,0
194,APPLIED MATERIALS INC,AMAT,2012,0,3,389,0.0077,0,,,,,0
194,APPLIED MATERIALS INC,AMAT,2013,2,4,489,0.0082,0,,,,,0
194,APPLIED MATERIALS INC,AMAT,2014,7,9,719,0.0125,0,,,,,0
194,APPLIED MATERIALS INC,AMAT,2015,2,6,512,0.0117,0,,,,,0
194,APPLIED MATERIALS INC,AMAT,2016,3,7,563,0.0124,0,,,,,0
194,APPLIED MATERIALS INC,AMAT,2017,7,14,776,0.018,0,0.598459,0.194199,0.40426,12,0
194,APPLIED MATERIALS INC,AMAT,2018,10,16,710,0.0225,1,-0.349192,-0.062372,-0.28682,12,0
194,APPLIED MATERIALS INC,AMAT,2019,26,31,1008,0.0308,3,0.898775,0.288778,0.609996,12,0
194,APPLIED MATERIALS INC,AMAT,2020,39,54,1193,0.0453,4,0.432776,0.16259,0.270187,12,0
194,APPLIED MATERIALS INC,AMAT,2021,63,71,1058,0.0671,1,0.836131,0.268925,0.567205,12,0
194,APPLIED MATERIALS INC,AMAT,2022,81,100,1107,0.0903,3,-0.375443,-0.194429,-0.181014,12,0
194,APPLIED MATERIALS INC,AMAT,2023,62,82,1256,0.0653,6,0.679815,0.242305,0.43751,12,0
194,APPLIED MATERIALS INC,AMAT,2024,46,67,1127,0.0594,7,0.011295,0.233091,-0.221796,12,1
194,APPLIED MATERIALS INC,AMAT,2025,22,23,420,0.0548,5,0.596242,0.163879,0.432363,12,1
211,ADVANCED MICRO DEVICES INC,AMD,2010,0,0,143,0.0,0,,,,,0
211,ADVANCED MICRO DEVICES INC,AMD,2011,3,3,171,0.0175,0,,,,,0
211,ADVANCED MICRO DEVICES INC,AMD,2012,1,1,261,0.0038,0,,,,,0
211,ADVANCED MICRO DEVICES INC,AMD,2013,0,0,211,0.0,0,,,,,0
211,ADVANCED MICRO DEVICES INC,AMD,2014,4,4,152,0.0263,0,,,,,0
211,ADVANCED MICRO DEVICES INC,AMD,2015,1,1,110,0.0091,0,,,,,0
211,ADVANCED MICRO DEVICES INC,AMD,2016,2,2,222,0.009,0,,,,,0
211,ADVANCED MICRO DEVICES INC,AMD,2017,14,14,216,0.0648,1,-0.093475,0.194199,-0.287674,12,0
211,ADVANCED MICRO DEVICES INC,AMD,2018,45,45,223,0.2018,0,0.795722,-0.062372,0.858094,12,0
211,ADVANCED MICRO DEVICES INC,AMD,2019,29,29,247,0.1174,2,1.484293,0.288778,1.195515,12,0
211,ADVANCED MICRO DEVICES INC,AMD,2020,37,37,288,0.1285,2,0.999782,0.16259,0.837193,12,0
211,ADVANCED MICRO DEVICES INC,AMD,2021,38,38,381,0.0997,8,0.569074,0.268925,0.300149,12,0
211,ADVANCED MICRO DEVICES INC,AMD,2022,39,39,397,0.0982,22,-0.549896,-0.194429,-0.355468,12,0
211,ADVANCED MICRO DEVICES INC,AMD,2023,36,36,448,0.0804,23,1.275901,0.242305,1.033596,12,0
211,ADVANCED MICRO DEVICES INC,AMD,2024,46,46,350,0.1314,43,-0.180587,0.233091,-0.413677,12,1
211,ADVANCED MICRO DEVICES INC,AMD,2025,5,5,35,0.1429,118,0.772991,0.163879,0.609112,12,1
216,AMGEN INC,AMGN,2010,0,0,102,0.0,0,,,,,0
216,AMGEN INC,AMGN,2011,0,0,87,0.0,0,,,,,0
216,AMGEN INC,AMGN,2012,0,0,109,0.0,0,,,,,0
216,AMGEN INC,AMGN,2013,1,1,108,0.0093,0,,,,,0
216,AMGEN INC,AMGN,2014,0,0,132,0.0,0,,,,,0
216,AMGEN INC,AMGN,2015,1,1,79,0.0127,0,,,,,0
216,AMGEN INC,AMGN,2016,0,0,118,0.0,0,,,,,0
216,AMGEN INC,AMGN,2017,2,2,97,0.0206,0,0.222485,0.194199,0.028286,12,0
216,AMGEN INC,AMGN,2018,1,1,143,0.007,0,0.151714,-0.062372,0.214086,12,0
216,AMGEN INC,AMGN,2019,6,6,152,0.0395,0,0.276212,0.288778,-0.012566,12,0
216,AMGEN INC,AMGN,2020,5,5,213,0.0235,0,-0.019995,0.16259,-0.182585,12,0
216,AMGEN INC,AMGN,2021,9,9,181,0.0497,0,0.008751,0.268925,-0.260175,12,0
216,AMGEN INC,AMGN,2022,6,6,170,0.0353,0,0.204275,-0.194429,0.398704,12,0
216,AMGEN INC,AMGN,2023,7,7,118,0.0593,0,0.134727,0.242305,-0.107578,12,0
216,AMGEN INC,AMGN,2024,3,3,84,0.0357,0,-0.067605,0.233091,-0.300695,12,1
216,AMGEN INC,AMGN,2025,3,3,78,0.0385,0,0.296548,0.163879,0.132669,12,1
11248,AMERICAN SUPERCONDUCTOR CORP,AMSC,2010,0,0,8,0.0,0,,,,,0
11248,AMERICAN SUPERCONDUCTOR CORP,AMSC,2011,0,0,7,0.0,0,,,,,0
11248,AMERICAN SUPERCONDUCTOR CORP,AMSC,2012,0,0,4,0.0,0,,,,,0
11248,AMERICAN SUPERCONDUCTOR CORP,AMSC,2013,0,0,0,,0,,,,,0
11248,AMERICAN SUPERCONDUCTOR CORP,AMSC,2014,0,0,0,,0,,,,,0
11248,AMERICAN SUPERCONDUCTOR CORP,AMSC,2015,0,0,3,0.0,0,,,,,0
11248,AMERICAN SUPERCONDUCTOR CORP,AMSC,2016,0,0,2,0.0,0,,,,,0
11248,AMERICAN SUPERCONDUCTOR CORP,AMSC,2017,0,0,4,0.0,0,-0.507463,0.194199,-0.701662,12,0
11248,AMERICAN SUPERCONDUCTOR CORP,AMSC,2018,0,0,1,0.0,0,2.071625,-0.062372,2.133997,12,0
11248,AMERICAN SUPERCONDUCTOR CORP,AMSC,2019,2,2,2,1.0,0,-0.295965,0.288778,-0.584743,12,0
11248,AMERICAN SUPERCONDUCTOR CORP,AMSC,2020,0,0,3,0.0,0,1.983436,0.16259,1.820847,12,0
11248,AMERICAN SUPERCONDUCTOR CORP,AMSC,2021,0,0,1,0.0,0,-0.53544,0.268925,-0.804365,12,0
11248,AMERICAN SUPERCONDUCTOR CORP,AMSC,2022,0,0,0,,0,-0.661765,-0.194429,-0.467337,12,0
11248,AMERICAN SUPERCONDUCTOR CORP,AMSC,2023,0,0,0,,0,2.027175,0.242305,1.78487,12,0
11248,AMERICAN SUPERCONDUCTOR CORP,AMSC,2024,0,0,2,0.0,0,1.210953,0.233091,0.977862,12,1
11248,AMERICAN SUPERCONDUCTOR CORP,AMSC,2025,0,0,0,,0,0.168493,0.163879,0.004614,12,1
15473,AMAZON COM INC,AMZN,2010,0,0,29,0.0,0,,,,,0
15473,AMAZON COM INC,AMZN,2011,2,3,56,0.0536,0,,,,,0
15473,AMAZON COM INC,AMZN,2012,9,11,101,0.1089,0,,,,,0
15473,AMAZON COM INC,AMZN,2013,24,32,353,0.0907,0,,,,,0
15473,AMAZON COM INC,AMZN,2014,94,103,553,0.1863,0,,,,,0
15473,AMAZON COM INC,AMZN,2015,65,83,600,0.1383,0,,,,,0
15473,AMAZON COM INC,AMZN,2016,72,90,602,0.1495,0,,,,,0
15473,AMAZON COM INC,AMZN,2017,104,122,638,0.1912,118,0.559563,0.194199,0.365364,12,0
15473,AMAZON COM INC,AMZN,2018,106,113,557,0.2029,193,0.284317,-0.062372,0.346689,12,0
15473,AMAZON COM INC,AMZN,2019,154,160,638,0.2508,544,0.230279,0.288778,-0.0585,12,0
15473,AMAZON COM INC,AMZN,2020,160,204,580,0.3517,691,0.762561,0.16259,0.599971,12,0
15473,AMAZON COM INC,AMZN,2021,90,156,421,0.3705,703,0.023769,0.268925,-0.245156,12,0
15473,AMAZON COM INC,AMZN,2022,120,174,440,0.3955,912,-0.496152,-0.194429,-0.301723,12,0
15473,AMAZON COM INC,AMZN,2023,157,191,405,0.4716,1140,0.808809,0.242305,0.566504,12,0
15473,AMAZON COM INC,AMZN,2024,129,161,322,0.5,1152,0.443929,0.233091,0.210838,12,1
15473,AMAZON COM INC,AMZN,2025,52,71,155,0.4581,1333,0.0521,0.163879,-0.111779,12,1
14744,ANSYS INC,ANSS,2010,0,0,0,,0,,,,,0
14744,ANSYS INC,ANSS,2011,0,0,0,,0,,,,,0
14744,ANSYS INC,ANSS,2012,0,0,0,,0,,,,,0
14744,ANSYS INC,ANSS,2013,0,0,1,0.0,0,,,,,0
14744,ANSYS INC,ANSS,2014,0,0,1,0.0,0,,,,,0
14744,ANSYS INC,ANSS,2015,0,0,0,,0,,,,,0
14744,ANSYS INC,ANSS,2016,0,0,0,,0,,,,,0
14744,ANSYS INC,ANSS,2017,0,0,0,,0,0.59574,0.194199,0.40154,12,0
14744,ANSYS INC,ANSS,2018,0,0,0,,0,-0.031506,-0.062372,0.030867,12,0
14744,ANSYS INC,ANSS,2019,5,5,17,0.2941,3,0.800828,0.288778,0.512049,12,0
14744,ANSYS INC,ANSS,2020,4,4,21,0.1905,5,0.41331,0.16259,0.250721,12,0
14744,ANSYS INC,ANSS,2021,0,0,7,0.0,7,0.102584,0.268925,-0.166341,12,0
14744,ANSYS INC,ANSS,2022,5,5,11,0.4545,5,-0.397711,-0.194429,-0.203282,12,0
14744,ANSYS INC,ANSS,2023,1,1,14,0.0714,2,0.502048,0.242305,0.259743,12,0
14744,ANSYS INC,ANSS,2024,6,6,12,0.5,10,-0.07041,0.233091,-0.3035,12,1
14744,ANSYS INC,ANSS,2025,1,1,2,0.5,3,0.186122,0.077829,0.108293,7,1
42273,ANTHEM INC,ANTM,2010,0,0,1,0.0,0,,,,,0
42273,ANTHEM INC,ANTM,2011,0,0,0,,0,,,,,0
42273,ANTHEM INC,ANTM,2012,2,2,12,0.1667,0,,,,,0
42273,ANTHEM INC,ANTM,2013,1,1,5,0.2,0,,,,,0
42273,ANTHEM INC,ANTM,2014,0,0,1,0.0,0,,,,,0
42273,ANTHEM INC,ANTM,2015,0,0,1,0.0,0,,,,,0
42273,ANTHEM INC,ANTM,2016,0,0,0,,0,,,,,0
42273,ANTHEM INC,ANTM,2017,0,0,3,0.0,0,0.587285,0.194199,0.393086,12,0
42273,ANTHEM INC,ANTM,2018,0,0,0,,0,0.181101,-0.062372,0.243473,12,0
42273,ANTHEM INC,ANTM,2019,0,0,1,0.0,0,0.163296,0.288778,-0.125482,12,0
42273,ANTHEM INC,ANTM,2020,0,0,2,0.0,0,0.077281,0.16259,-0.085308,12,0
42273,ANTHEM INC,ANTM,2021,2,2,4,0.5,0,0.461311,0.268925,0.192385,12,0
42273,ANTHEM INC,ANTM,2022,2,2,5,0.4,0,0.118237,-0.194429,0.312666,12,0
42273,ANTHEM INC,ANTM,2023,0,0,3,0.0,0,-0.06895,0.242305,-0.311255,12,0
42273,ANTHEM INC,ANTM,2024,7,7,12,0.5833,0,-0.207141,0.233091,-0.440232,12,1
42273,ANTHEM INC,ANTM,2025,6,6,6,1.0,0,-0.0312,0.163879,-0.195079,12,1
53927,APTIV PLC,APTV,2010,5,5,118,0.0424,0,,,,,0
53927,APTIV PLC,APTV,2011,1,2,131,0.0153,0,,,,,0
53927,APTIV PLC,APTV,2012,5,5,146,0.0342,0,,,,,0
53927,APTIV PLC,APTV,2013,3,3,200,0.015,0,,,,,0
53927,APTIV PLC,APTV,2014,4,5,126,0.0397,0,,,,,0
53927,APTIV PLC,APTV,2015,27,27,152,0.1776,0,,,,,0
53927,APTIV PLC,APTV,2016,57,57,180,0.3167,0,,,,,0
53927,APTIV PLC,APTV,2017,38,58,180,0.3222,0,0.54724,0.194199,0.353041,12,0
53927,APTIV PLC,APTV,2018,37,52,191,0.2723,5,-0.267057,-0.062372,-0.204685,12,0
53927,APTIV PLC,APTV,2019,3,65,233,0.279,12,0.558766,0.288778,0.269988,12,0
53927,APTIV PLC,APTV,2020,2,70,235,0.2979,17,0.375239,0.16259,0.21265,12,0
53927,APTIV PLC,APTV,2021,3,81,260,0.3115,8,0.266021,0.268925,-0.002904,12,0
53927,APTIV PLC,APTV,2022,2,99,338,0.2929,4,-0.435405,-0.194429,-0.240976,12,0
53927,APTIV PLC,APTV,2023,2,73,322,0.2267,12,-0.036614,0.242305,-0.278919,12,0
53927,APTIV PLC,APTV,2024,2,49,229,0.214,9,-0.325903,0.233091,-0.558994,12,1
53927,APTIV PLC,APTV,2025,0,9,76,0.1184,14,0.258103,0.163879,0.094224,12,1
59796,AMER SPORTS INC,AS,2010,0,0,0,,0,,,,,0
59796,AMER SPORTS INC,AS,2011,0,0,0,,0,,,,,0
59796,AMER SPORTS INC,AS,2012,0,0,0,,0,,,,,0
59796,AMER SPORTS INC,AS,2013,0,0,0,,0,,,,,0
59796,AMER SPORTS INC,AS,2014,0,0,0,,0,,,,,0
59796,AMER SPORTS INC,AS,2015,0,0,3,0.0,0,,,,,0
59796,AMER SPORTS INC,AS,2016,0,0,3,0.0,0,,,,,0
59796,AMER SPORTS INC,AS,2017,0,0,2,0.0,0,,,,,0
59796,AMER SPORTS INC,AS,2018,0,1,7,0.1429,0,,,,,0
59796,AMER SPORTS INC,AS,2019,0,2,10,0.2,0,,,,,0
59796,AMER SPORTS INC,AS,2020,0,0,1,0.0,0,,,,,0
59796,AMER SPORTS INC,AS,2021,0,0,6,0.0,0,,,,,0
59796,AMER SPORTS INC,AS,2022,0,0,5,0.0,0,,,,,0
59796,AMER SPORTS INC,AS,2023,0,0,6,0.0,0,,,,,0
59796,AMER SPORTS INC,AS,2024,0,0,11,0.0,0,1.086571,0.213796,0.872775,11,1
59796,AMER SPORTS INC,AS,2025,0,0,4,0.0,0,0.335836,0.163879,0.171957,12,1
57887,ATOTECH LTD,ATC,2010,0,0,13,0.0,0,,,,,0
57887,ATOTECH LTD,ATC,2011,0,0,10,0.0,0,,,,,0
57887,ATOTECH LTD,ATC,2012,0,0,18,0.0,0,,,,,0
57887,ATOTECH LTD,ATC,2013,0,0,26,0.0,0,,,,,0
57887,ATOTECH LTD,ATC,2014,0,0,18,0.0,0,,,,,0
57887,ATOTECH LTD,ATC,2015,0,0,21,0.0,0,,,,,0
57887,ATOTECH LTD,ATC,2016,0,0,22,0.0,0,,,,,0
57887,ATOTECH LTD,ATC,2017,0,0,19,0.0,0,,,,,0
57887,ATOTECH LTD,ATC,2018,0,0,14,0.0,0,,,,,0
57887,ATOTECH LTD,ATC,2019,0,0,12,0.0,0,,,,,0
57887,ATOTECH LTD,ATC,2020,0,0,17,0.0,0,,,,,0
57887,ATOTECH LTD,ATC,2021,0,0,22,0.0,0,0.325716,0.283217,0.042499,11,0
57887,ATOTECH LTD,ATC,2022,0,0,19,0.0,0,-0.126624,-0.170195,0.043572,8,0
57887,ATOTECH LTD,ATC,2023,0,0,7,0.0,0,,,,,0
57887,ATOTECH LTD,ATC,2024,0,0,2,0.0,0,,,,,1
57887,ATOTECH LTD,ATC,2025,0,0,1,0.0,0,,,,,1
42120,ADVANTEST CORP,ATE,2010,0,0,104,0.0,0,,,,,0
42120,ADVANTEST CORP,ATE,2011,0,0,116,0.0,0,,,,,0
42120,ADVANTEST CORP,ATE,2012,0,0,58,0.0,0,,,,,0
42120,ADVANTEST CORP,ATE,2013,0,0,85,0.0,0,,,,,0
42120,ADVANTEST CORP,ATE,2014,0,1,54,0.0185,0,,,,,0
42120,ADVANTEST CORP,ATE,2015,0,0,49,0.0,0,,,,,0
42120,ADVANTEST CORP,ATE,2016,0,0,26,0.0,0,,,,,0
42120,ADVANTEST CORP,ATE,2017,0,0,35,0.0,0,,,,,0
42120,ADVANTEST CORP,ATE,2018,3,3,23,0.1304,0,,,,,0
42120,ADVANTEST CORP,ATE,2019,3,3,32,0.0938,0,,,,,0
42120,ADVANTEST CORP,ATE,2020,0,0,41,0.0,0,,,,,0
42120,ADVANTEST CORP,ATE,2021,4,4,49,0.0816,0,,,,,0
42120,ADVANTEST CORP,ATE,2022,3,3,64,0.0469,0,,,,,0
42120,ADVANTEST CORP,ATE,2023,2,3,75,0.04,0,,,,,0
42120,ADVANTEST CORP,ATE,2024,2,4,48,0.0833,0,,,,,1
42120,ADVANTEST CORP,ATE,2025,1,1,47,0.0213,0,,,,,1
10860,ATMEL CORP,ATML,2010,1,1,45,0.0222,0,,,,,0
10860,ATMEL CORP,ATML,2011,0,0,75,0.0,0,,,,,0
10860,ATMEL CORP,ATML,2012,0,0,64,0.0,0,,,,,0
10860,ATMEL CORP,ATML,2013,0,0,39,0.0,0,,,,,0
10860,ATMEL CORP,ATML,2014,0,0,26,0.0,0,,,,,0
10860,ATMEL CORP,ATML,2015,0,0,38,0.0,0,,,,,0
10860,ATMEL CORP,ATML,2016,0,0,53,0.0,0,,,,,0
10860,ATMEL CORP,ATML,2017,0,0,22,0.0,0,,,,,0
10860,ATMEL CORP,ATML,2018,1,1,32,0.0312,0,,,,,0
10860,ATMEL CORP,ATML,2019,0,0,5,0.0,0,,,,,0
10860,ATMEL CORP,ATML,2020,1,1,8,0.125,0,,,,,0
10860,ATMEL CORP,ATML,2021,0,0,3,0.0,0,,,,,0
10860,ATMEL CORP,ATML,2022,0,0,0,,0,,,,,0
10860,ATMEL CORP,ATML,2023,0,0,1,0.0,0,,,,,0
10860,ATMEL CORP,ATML,2024,0,0,0,,0,,,,,1
10860,ATMEL CORP,ATML,2025,0,0,1,0.0,0,,,,,1
53196,BROADCOM INC,AVGO,2010,1,1,130,0.0077,0,,,,,0
53196,BROADCOM INC,AVGO,2011,2,2,136,0.0147,0,,,,,0
53196,BROADCOM INC,AVGO,2012,0,0,113,0.0,0,,,,,0
53196,BROADCOM INC,AVGO,2013,1,1,127,0.0079,0,,,,,0
53196,BROADCOM INC,AVGO,2014,0,3,203,0.0148,0,,,,,0
53196,BROADCOM INC,AVGO,2015,8,8,188,0.0426,0,,,,,0
53196,BROADCOM INC,AVGO,2016,0,1,244,0.0041,0,,,,,0
53196,BROADCOM INC,AVGO,2017,0,0,138,0.0,0,0.481954,0.194199,0.287754,12,0
53196,BROADCOM INC,AVGO,2018,3,3,160,0.0187,0,0.021583,-0.062372,0.083955,12,0
53196,BROADCOM INC,AVGO,2019,3,3,114,0.0263,0,0.291074,0.288778,0.002296,12,0
53196,BROADCOM INC,AVGO,2020,0,0,20,0.0,2,0.449126,0.16259,0.286537,12,0
53196,BROADCOM INC,AVGO,2021,5,5,55,0.0909,0,0.564294,0.268925,0.295369,12,0
53196,BROADCOM INC,AVGO,2022,9,9,134,0.0672,0,-0.132655,-0.194429,0.061774,12,0
53196,BROADCOM INC,AVGO,2023,6,6,178,0.0337,2,1.042301,0.242305,0.799996,12,0
53196,BROADCOM INC,AVGO,2024,11,15,279,0.0538,15,1.104327,0.233091,0.871236,12,1
53196,BROADCOM INC,AVGO,2025,4,6,91,0.0659,7,0.506471,0.163879,0.342592,12,1
14889,AWARE INC,AWRE,2010,2,2,45,0.0444,0,,,,,0
14889,AWARE INC,AWRE,2011,4,4,18,0.2222,0,,,,,0
14889,AWARE INC,AWRE,2012,0,0,10,0.0,0,,,,,0
14889,AWARE INC,AWRE,2013,5,5,14,0.3571,0,,,,,0
14889,AWARE INC,AWRE,2014,2,2,10,0.2,0,,,,,0
14889,AWARE INC,AWRE,2015,3,3,7,0.4286,0,,,,,0
14889,AWARE INC,AWRE,2016,5,5,7,0.7143,0,,,,,0
14889,AWARE INC,AWRE,2017,10,10,14,0.7143,0,-0.262294,0.194199,-0.456494,12,0
14889,AWARE INC,AWRE,2018,6,6,15,0.4,0,-0.197777,-0.062372,-0.135405,12,0
14889,AWARE INC,AWRE,2019,9,9,11,0.8182,0,-0.069252,0.288778,-0.35803,12,0
14889,AWARE INC,AWRE,2020,6,6,9,0.6667,0,0.041667,0.16259,-0.120922,12,0
14889,AWARE INC,AWRE,2021,6,6,7,0.8571,0,-0.100001,0.268925,-0.368926,12,0
14889,AWARE INC,AWRE,2022,2,2,3,0.6667,0,-0.457143,-0.194429,-0.262714,12,0
14889,AWARE INC,AWRE,2023,2,2,3,0.6667,0,-0.029239,0.242305,-0.271544,12,0
14889,AWARE INC,AWRE,2024,2,2,2,1.0,0,0.174698,0.233091,-0.058393,12,1
14889,AWARE INC,AWRE,2025,3,3,4,0.75,0,-0.051283,0.163879,-0.215162,12,1
90,AMERICAN EXPRESS CO,AXP,2010,0,12,96,0.125,0,,,,,0
90,AMERICAN EXPRESS CO,AXP,2011,0,6,175,0.0343,0,,,,,0
90,AMERICAN EXPRESS CO,AXP,2012,0,9,144,0.0625,0,,,,,0
90,AMERICAN EXPRESS CO,AXP,2013,0,3,71,0.0423,0,,,,,0
90,AMERICAN EXPRESS CO,AXP,2014,0,5,76,0.0658,0,,,,,0
90,AMERICAN EXPRESS CO,AXP,2015,0,7,67,0.1045,0,,,,,0
90,AMERICAN EXPRESS CO,AXP,2016,0,16,93,0.172,0,,,,,0
90,AMERICAN EXPRESS CO,AXP,2017,0,10,78,0.1282,0,0.362048,0.194199,0.167848,12,0
90,AMERICAN EXPRESS CO,AXP,2018,0,20,80,0.25,1,-0.02632,-0.062372,0.036052,12,0
90,AMERICAN EXPRESS CO,AXP,2019,0,13,60,0.2167,0,0.325241,0.288778,0.036463,12,0
90,AMERICAN EXPRESS CO,AXP,2020,0,2,16,0.125,7,-0.011499,0.16259,-0.174089,12,0
90,AMERICAN EXPRESS CO,AXP,2021,0,3,25,0.12,3,0.36886,0.268925,0.099934,12,0
90,AMERICAN EXPRESS CO,AXP,2022,0,15,66,0.2273,2,-0.085301,-0.194429,0.109128,12,0
90,AMERICAN EXPRESS CO,AXP,2023,0,41,167,0.2455,3,0.286905,0.242305,0.0446,12,0
90,AMERICAN EXPRESS CO,AXP,2024,0,23,94,0.2447,9,0.603169,0.233091,0.370079,12,1
90,AMERICAN EXPRESS CO,AXP,2025,0,7,44,0.1591,11,0.26016,0.163879,0.096281,12,1
29908,ASTRAZENECA PLC,AZN,2010,0,0,91,0.0,0,,,,,0
29908,ASTRAZENECA PLC,AZN,2011,0,0,51,0.0,0,,,,,0
29908,ASTRAZENECA PLC,AZN,2012,0,0,64,0.0,0,,,,,0
29908,ASTRAZENECA PLC,AZN,2013,0,0,51,0.0,0,,,,,0
29908,ASTRAZENECA PLC,AZN,2014,0,0,49,0.0,0,,,,,0
29908,ASTRAZENECA PLC,AZN,2015,0,0,52,0.0,0,,,,,0
29908,ASTRAZENECA PLC,AZN,2016,0,0,41,0.0,0,,,,,0
29908,ASTRAZENECA PLC,AZN,2017,0,0,47,0.0,0,0.332007,0.194199,0.137807,12,0
29908,ASTRAZENECA PLC,AZN,2018,0,0,51,0.0,0,0.13787,-0.062372,0.200242,12,0
29908,ASTRAZENECA PLC,AZN,2019,0,0,56,0.0,0,0.356479,0.288778,0.0677,12,0
29908,ASTRAZENECA PLC,AZN,2020,0,0,63,0.0,0,0.031995,0.16259,-0.130595,12,0
29908,ASTRAZENECA PLC,AZN,2021,2,3,82,0.0366,0,0.197169,0.268925,-0.071757,12,0
29908,ASTRAZENECA PLC,AZN,2022,3,3,77,0.039,0,0.192185,-0.194429,0.386614,12,0
29908,ASTRAZENECA PLC,AZN,2023,3,3,91,0.033,0,0.014543,0.242305,-0.227762,12,0
29908,ASTRAZENECA PLC,AZN,2024,0,0,65,0.0,0,-0.006146,0.233091,-0.239237,12,1
29908,ASTRAZENECA PLC,AZN,2025,0,0,20,0.0,0,0.432897,0.163879,0.269019,12,1
20315,BOEING CO,BA,2010,16,16,341,0.0469,0,,,,,0
20315,BOEING CO,BA,2011,24,24,408,0.0588,0,,,,,0
20315,BOEING CO,BA,2012,28,28,536,0.0522,0,,,,,0
20315,BOEING CO,BA,2013,48,48,846,0.0567,0,,,,,0
20315,BOEING CO,BA,2014,71,71,1225,0.058,0,,,,,0
20315,BOEING CO,BA,2015,77,77,1145,0.0672,0,,,,,0
20315,BOEING CO,BA,2016,91,91,1217,0.0748,0,,,,,0
20315,BOEING CO,BA,2017,101,102,1262,0.0808,8,0.947708,0.194199,0.753508,12,0
20315,BOEING CO,BA,2018,119,119,1283,0.0928,4,0.115305,-0.062372,0.177677,12,0
20315,BOEING CO,BA,2019,138,138,1375,0.1004,9,0.033271,0.288778,-0.255507,12,0
20315,BOEING CO,BA,2020,80,80,780,0.1026,12,-0.338951,0.16259,-0.501541,12,0
20315,BOEING CO,BA,2021,118,118,867,0.1361,5,-0.059514,0.268925,-0.328439,12,0
20315,BOEING CO,BA,2022,115,115,794,0.1448,3,-0.053797,-0.194429,0.140631,12,0
20315,BOEING CO,BA,2023,103,103,836,0.1232,11,0.368368,0.242305,0.126063,12,0
20315,BOEING CO,BA,2024,105,105,662,0.1586,10,-0.320955,0.233091,-0.554046,12,1
20315,BOEING CO,BA,2025,17,17,151,0.1126,6,0.226667,0.163879,0.062788,12,1
16396,BLACKBERRY LTD,BB,2010,21,21,1046,0.0201,0,,,,,0
16396,BLACKBERRY LTD,BB,2011,45,46,1141,0.0403,0,,,,,0
16396,BLACKBERRY LTD,BB,2012,55,55,1517,0.0363,0,,,,,0
16396,BLACKBERRY LTD,BB,2013,59,59,932,0.0633,0,,,,,0
16396,BLACKBERRY LTD,BB,2014,19,19,415,0.0458,0,,,,,0
16396,BLACKBERRY LTD,BB,2015,11,11,317,0.0347,0,,,,,0
16396,BLACKBERRY LTD,BB,2016,20,20,338,0.0592,0,,,,,0
16396,BLACKBERRY LTD,BB,2017,20,20,240,0.0833,0,0.621191,0.194199,0.426992,12,0
16396,BLACKBERRY LTD,BB,2018,15,15,215,0.0698,0,-0.363472,-0.062372,-0.3011,12,0
16396,BLACKBERRY LTD,BB,2019,19,19,201,0.0945,0,-0.097047,0.288778,-0.385825,12,0
16396,BLACKBERRY LTD,BB,2020,14,14,132,0.1061,0,0.03271,0.16259,-0.129879,12,0
16396,BLACKBERRY LTD,BB,2021,13,13,98,0.1327,0,0.410255,0.268925,0.14133,12,0
16396,BLACKBERRY LTD,BB,2022,13,13,101,0.1287,0,-0.651337,-0.194429,-0.456908,12,0
16396,BLACKBERRY LTD,BB,2023,11,11,107,0.1028,0,0.085889,0.242305,-0.156416,12,0
16396,BLACKBERRY LTD,BB,2024,8,8,45,0.1778,0,0.067797,0.233091,-0.165294,12,1
16396,BLACKBERRY LTD,BB,2025,2,2,11,0.1818,0,0.002647,0.163879,-0.161232,12,1
21963,BANCO BILBAO VIZCAYA ARGENTARIA,BBVA,2010,0,0,0,,0,,,,,0
21963,BANCO BILBAO VIZCAYA ARGENTARIA,BBVA,2011,0,0,0,,0,,,,,0
21963,BANCO BILBAO VIZCAYA ARGENTARIA,BBVA,2012,0,0,1,0.0,0,,,,,0
21963,BANCO BILBAO VIZCAYA ARGENTARIA,BBVA,2013,0,0,0,,0,,,,,0
21963,BANCO BILBAO VIZCAYA ARGENTARIA,BBVA,2014,0,0,0,,0,,,,,0
21963,BANCO BILBAO VIZCAYA ARGENTARIA,BBVA,2015,0,0,0,,0,,,,,0
21963,BANCO BILBAO VIZCAYA ARGENTARIA,BBVA,2016,0,0,1,0.0,0,,,,,0
21963,BANCO BILBAO VIZCAYA ARGENTARIA,BBVA,2017,0,0,1,0.0,0,0.310719,0.194199,0.11652,12,0
21963,BANCO BILBAO VIZCAYA ARGENTARIA,BBVA,2018,0,0,1,0.0,0,-0.350452,-0.062372,-0.28808,12,0
21963,BANCO BILBAO VIZCAYA ARGENTARIA,BBVA,2019,0,0,4,0.0,0,0.10926,0.288778,-0.179518,12,0
21963,BANCO BILBAO VIZCAYA ARGENTARIA,BBVA,2020,1,1,1,1.0,0,-0.065173,0.16259,-0.227762,12,0
21963,BANCO BILBAO VIZCAYA ARGENTARIA,BBVA,2021,1,1,4,0.25,0,0.219803,0.268925,-0.049122,12,0
21963,BANCO BILBAO VIZCAYA ARGENTARIA,BBVA,2022,0,0,1,0.0,0,0.099959,-0.194429,0.294387,12,0
21963,BANCO BILBAO VIZCAYA ARGENTARIA,BBVA,2023,0,0,0,,0,0.624369,0.242305,0.382064,12,0
21963,BANCO BILBAO VIZCAYA ARGENTARIA,BBVA,2024,0,0,0,,0,0.141671,0.233091,-0.09142,12,1
21963,BANCO BILBAO VIZCAYA ARGENTARIA,BBVA,2025,0,0,0,,3,1.52973,0.163879,1.365851,12,1
20344,BRUNSWICK CORP,BC,2010,1,1,7,0.1429,0,,,,,0
20344,BRUNSWICK CORP,BC,2011,0,0,3,0.0,0,,,,,0
20344,BRUNSWICK CORP,BC,2012,0,0,7,0.0,0,,,,,0
20344,BRUNSWICK CORP,BC,2013,0,0,11,0.0,0,,,,,0
20344,BRUNSWICK CORP,BC,2014,0,0,7,0.0,0,,,,,0
20344,BRUNSWICK CORP,BC,2015,1,1,6,0.1667,0,,,,,0
20344,BRUNSWICK CORP,BC,2016,4,4,15,0.2667,0,,,,,0
20344,BRUNSWICK CORP,BC,2017,6,6,14,0.4286,0,0.025309,0.194199,-0.16889,12,0
20344,BRUNSWICK CORP,BC,2018,5,5,12,0.4167,0,-0.147645,-0.062372,-0.085273,12,0
20344,BRUNSWICK CORP,BC,2019,7,7,14,0.5,0,0.313568,0.288778,0.02479,12,0
20344,BRUNSWICK CORP,BC,2020,6,6,26,0.2308,0,0.291191,0.16259,0.128601,12,0
20344,BRUNSWICK CORP,BC,2021,3,3,33,0.0909,0,0.338204,0.268925,0.069278,12,0
20344,BRUNSWICK CORP,BC,2022,6,6,42,0.1429,0,-0.271435,-0.194429,-0.077006,12,0
20344,BRUNSWICK CORP,BC,2023,0,0,20,0.0,0,0.369097,0.242305,0.126792,12,0
20344,BRUNSWICK CORP,BC,2024,1,1,17,0.0588,0,-0.317579,0.233091,-0.55067,12,1
20344,BRUNSWICK CORP,BC,2025,2,2,6,0.3333,0,0.180699,0.163879,0.01682,12,1
20269,BARCLAYS PLC,BCS,2010,0,0,7,0.0,0,,,,,0
20269,BARCLAYS PLC,BCS,2011,0,0,5,0.0,0,,,,,0
20269,BARCLAYS PLC,BCS,2012,0,0,23,0.0,0,,,,,0
20269,BARCLAYS PLC,BCS,2013,0,2,20,0.1,0,,,,,0
20269,BARCLAYS PLC,BCS,2014,0,0,12,0.0,0,,,,,0
20269,BARCLAYS PLC,BCS,2015,0,0,3,0.0,0,,,,,0
20269,BARCLAYS PLC,BCS,2016,0,0,5,0.0,0,,,,,0
20269,BARCLAYS PLC,BCS,2017,0,0,2,0.0,0,0.004501,0.194199,-0.189698,12,0
20269,BARCLAYS PLC,BCS,2018,0,0,3,0.0,0,-0.292418,-0.062372,-0.230046,12,0
20269,BARCLAYS PLC,BCS,2019,0,1,8,0.125,0,0.31988,0.288778,0.031101,12,0
20269,BARCLAYS PLC,BCS,2020,0,0,7,0.0,0,-0.12727,0.16259,-0.28986,12,0
20269,BARCLAYS PLC,BCS,2021,0,0,2,0.0,0,0.317305,0.268925,0.048379,12,0
20269,BARCLAYS PLC,BCS,2022,0,0,6,0.0,0,-0.218543,-0.194429,-0.024114,12,0
20269,BARCLAYS PLC,BCS,2023,0,0,1,0.0,0,0.059208,0.242305,-0.183097,12,0
20269,BARCLAYS PLC,BCS,2024,0,1,11,0.0909,0,0.761393,0.233091,0.528302,12,1
20269,BARCLAYS PLC,BCS,2025,0,3,6,0.5,0,0.963906,0.163879,0.800027,12,1
20253,BAKER HUGHES INC,BHI,2010,0,0,396,0.0,0,,,,,0
20253,BAKER HUGHES INC,BHI,2011,2,2,596,0.0034,0,,,,,0
20253,BAKER HUGHES INC,BHI,2012,0,0,433,0.0,0,,,,,0
20253,BAKER HUGHES INC,BHI,2013,5,5,484,0.0103,0,,,,,0
20253,BAKER HUGHES INC,BHI,2014,0,0,586,0.0,0,,,,,0
20253,BAKER HUGHES INC,BHI,2015,1,1,425,0.0024,0,,,,,0
20253,BAKER HUGHES INC,BHI,2016,4,4,472,0.0085,0,,,,,0
20253,BAKER HUGHES INC,BHI,2017,0,1,461,0.0022,0,-0.272472,0.194199,-0.466671,12,0
20253,BAKER HUGHES INC,BHI,2018,0,8,317,0.0252,0,-0.304189,-0.062372,-0.241817,12,0
20253,BAKER HUGHES INC,BHI,2019,1,12,305,0.0393,0,0.229428,0.288778,-0.05935,12,0
20253,BAKER HUGHES INC,BHI,2020,2,15,335,0.0448,0,-0.151259,0.16259,-0.313849,12,0
20253,BAKER HUGHES INC,BHI,2021,4,18,298,0.0604,0,0.189728,0.268925,-0.079197,12,0
20253,BAKER HUGHES INC,BHI,2022,7,11,225,0.0489,0,0.259009,-0.194429,0.453438,12,0
20253,BAKER HUGHES INC,BHI,2023,4,12,259,0.0463,0,0.185699,0.242305,-0.056606,12,0
20253,BAKER HUGHES INC,BHI,2024,4,4,109,0.0367,0,0.230816,0.233091,-0.002275,12,1
20253,BAKER HUGHES INC,BHI,2025,0,0,37,0.0,0,0.134199,0.163879,-0.02968,12,1
47204,BAIDU INC,BIDU,2010,0,0,0,,0,,,,,0
47204,BAIDU INC,BIDU,2011,0,0,0,,0,,,,,0
47204,BAIDU INC,BIDU,2012,0,1,7,0.1429,0,,,,,0
47204,BAIDU INC,BIDU,2013,0,2,8,0.25,0,,,,,0
47204,BAIDU INC,BIDU,2014,0,31,81,0.3827,0,,,,,0
47204,BAIDU INC,BIDU,2015,0,56,104,0.5385,0,,,,,0
47204,BAIDU INC,BIDU,2016,0,121,157,0.7707,0,,,,,0
47204,BAIDU INC,BIDU,2017,0,136,180,0.7556,55,0.424545,0.194199,0.230345,12,0
47204,BAIDU INC,BIDU,2018,0,334,398,0.8392,114,-0.32283,-0.062372,-0.260458,12,0
47204,BAIDU INC,BIDU,2019,0,441,607,0.7265,168,-0.203027,0.288778,-0.491805,12,0
47204,BAIDU INC,BIDU,2020,0,250,390,0.641,189,0.71076,0.16259,0.548171,12,0
47204,BAIDU INC,BIDU,2021,0,90,246,0.3659,250,-0.311921,0.268925,-0.580846,12,0
47204,BAIDU INC,BIDU,2022,0,39,91,0.4286,302,-0.231265,-0.194429,-0.036836,12,0
47204,BAIDU INC,BIDU,2023,0,4,5,0.8,266,0.04118,0.242305,-0.201125,12,0
47204,BAIDU INC,BIDU,2024,0,9,12,0.75,305,-0.292048,0.233091,-0.525139,12,1
47204,BAIDU INC,BIDU,2025,0,4,9,0.4444,288,0.549757,0.163879,0.385878,12,1
11112,BIOGEN INC,BIIB,2010,0,0,31,0.0,0,,,,,0
11112,BIOGEN INC,BIIB,2011,0,0,40,0.0,0,,,,,0
11112,BIOGEN INC,BIIB,2012,0,1,46,0.0217,0,,,,,0
11112,BIOGEN INC,BIIB,2013,0,0,76,0.0,0,,,,,0
11112,BIOGEN INC,BIIB,2014,0,1,77,0.013,0,,,,,0
11112,BIOGEN INC,BIIB,2015,0,1,69,0.0145,0,,,,,0
11112,BIOGEN INC,BIIB,2016,0,0,55,0.0,0,,,,,0
11112,BIOGEN INC,BIIB,2017,0,0,53,0.0,0,0.219004,0.194199,0.024805,12,0
11112,BIOGEN INC,BIIB,2018,0,0,58,0.0,0,-0.055403,-0.062372,0.006969,12,0
11112,BIOGEN INC,BIIB,2019,0,0,55,0.0,2,-0.013924,0.288778,-0.302702,12,0
11112,BIOGEN INC,BIIB,2020,0,0,50,0.0,0,-0.174804,0.16259,-0.337394,12,0
11112,BIOGEN INC,BIIB,2021,0,0,54,0.0,0,-0.020176,0.268925,-0.289102,12,0
11112,BIOGEN INC,BIIB,2022,0,0,43,0.0,3,0.15422,-0.194429,0.348648,12,0
11112,BIOGEN INC,BIIB,2023,0,1,25,0.04,1,-0.065542,0.242305,-0.307847,12,0
11112,BIOGEN INC,BIIB,2024,0,0,11,0.0,0,-0.40905,0.233091,-0.642141,12,1
11112,BIOGEN INC,BIIB,2025,0,0,10,0.0,1,0.150862,0.163879,-0.013017,12,1
20265,BANK OF NEW YORK MELLON CORP,BK,2010,0,0,4,0.0,0,,,,,0
20265,BANK OF NEW YORK MELLON CORP,BK,2011,0,0,6,0.0,0,,,,,0
20265,BANK OF NEW YORK MELLON CORP,BK,2012,0,0,10,0.0,0,,,,,0
20265,BANK OF NEW YORK MELLON CORP,BK,2013,0,0,12,0.0,0,,,,,0
20265,BANK OF NEW YORK MELLON CORP,BK,2014,0,0,2,0.0,0,,,,,0
20265,BANK OF NEW YORK MELLON CORP,BK,2015,0,0,3,0.0,0,,,,,0
20265,BANK OF NEW YORK MELLON CORP,BK,2016,0,0,3,0.0,0,,,,,0
20265,BANK OF NEW YORK MELLON CORP,BK,2017,2,2,6,0.3333,0,0.156773,0.194199,-0.037426,12,0
20265,BANK OF NEW YORK MELLON CORP,BK,2018,2,2,10,0.2,0,-0.10852,-0.062372,-0.046148,12,0
20265,BANK OF NEW YORK MELLON CORP,BK,2019,0,0,7,0.0,0,0.095393,0.288778,-0.193385,12,0
20265,BANK OF NEW YORK MELLON CORP,BK,2020,2,2,5,0.4,0,-0.129101,0.16259,-0.291691,12,0
20265,BANK OF NEW YORK MELLON CORP,BK,2021,12,12,22,0.5455,0,0.405393,0.268925,0.136468,12,0
20265,BANK OF NEW YORK MELLON CORP,BK,2022,12,12,19,0.6316,0,-0.191299,-0.194429,0.00313,12,0
20265,BANK OF NEW YORK MELLON CORP,BK,2023,6,6,15,0.4,0,0.184704,0.242305,-0.057601,12,0
20265,BANK OF NEW YORK MELLON CORP,BK,2024,10,10,19,0.5263,0,0.51875,0.233091,0.285659,12,1
20265,BANK OF NEW YORK MELLON CORP,BK,2025,4,4,5,0.8,0,0.544511,0.163879,0.380632,12,1
36336,BLACKROCK INC,BLK,2010,0,0,1,0.0,0,,,,,0
36336,BLACKROCK INC,BLK,2011,0,0,1,0.0,0,,,,,0
36336,BLACKROCK INC,BLK,2012,0,0,3,0.0,0,,,,,0
36336,BLACKROCK INC,BLK,2013,0,0,5,0.0,0,,,,,0
36336,BLACKROCK INC,BLK,2014,0,0,3,0.0,0,,,,,0
36336,BLACKROCK INC,BLK,2015,0,0,0,,0,,,,,0
36336,BLACKROCK INC,BLK,2016,0,0,3,0.0,0,,,,,0
36336,BLACKROCK INC,BLK,2017,0,0,1,0.0,0,0.381787,0.194199,0.187587,12,0
36336,BLACKROCK INC,BLK,2018,0,0,0,,0,-0.216096,-0.062372,-0.153723,12,0
36336,BLACKROCK INC,BLK,2019,0,0,1,0.0,2,0.318327,0.288778,0.029549,12,0
36336,BLACKROCK INC,BLK,2020,0,0,1,0.0,0,0.472012,0.16259,0.309422,12,0
36336,BLACKROCK INC,BLK,2021,0,0,1,0.0,0,0.294135,0.268925,0.025209,12,0
36336,BLACKROCK INC,BLK,2022,3,3,4,0.75,2,-0.203706,-0.194429,-0.009277,12,0
36336,BLACKROCK INC,BLK,2023,0,0,4,0.0,7,0.178706,0.242305,-0.063599,12,0
36336,BLACKROCK INC,BLK,2024,0,1,4,0.25,19,0.292655,0.233091,0.059565,12,1
36336,BLACKROCK INC,BLK,2025,0,0,1,0.0,13,0.065575,0.163879,-0.098304,12,1
7113,BRADY CORP,BRC,2010,0,0,0,,0,,,,,0
7113,BRADY CORP,BRC,2011,0,0,2,0.0,0,,,,,0
7113,BRADY CORP,BRC,2012,0,0,3,0.0,0,,,,,0
7113,BRADY CORP,BRC,2013,0,0,9,0.0,0,,,,,0
7113,BRADY CORP,BRC,2014,0,0,4,0.0,0,,,,,0
7113,BRADY CORP,BRC,2015,0,0,3,0.0,0,,,,,0
7113,BRADY CORP,BRC,2016,0,0,3,0.0,0,,,,,0
7113,BRADY CORP,BRC,2017,0,0,2,0.0,0,0.032433,0.194199,-0.161766,12,0
7113,BRADY CORP,BRC,2018,0,0,6,0.0,0,0.171431,-0.062372,0.233803,12,0
7113,BRADY CORP,BRC,2019,0,0,10,0.0,0,0.340915,0.288778,0.052137,12,0
7113,BRADY CORP,BRC,2020,0,0,12,0.0,0,-0.060018,0.16259,-0.222608,12,0
7113,BRADY CORP,BRC,2021,0,0,6,0.0,0,0.037491,0.268925,-0.231435,12,0
7113,BRADY CORP,BRC,2022,0,0,7,0.0,0,-0.109149,-0.194429,0.085279,12,0
7113,BRADY CORP,BRC,2023,0,0,5,0.0,0,0.269117,0.242305,0.026812,12,0
7113,BRADY CORP,BRC,2024,1,1,12,0.0833,0,0.276961,0.233091,0.04387,12,1
7113,BRADY CORP,BRC,2025,0,0,2,0.0,0,0.075872,0.163879,-0.088007,12,1
16056,BROADCOM CORP,BRCM,2010,5,5,549,0.0091,0,,,,,0
16056,BROADCOM CORP,BRCM,2011,2,2,772,0.0026,0,,,,,0
16056,BROADCOM CORP,BRCM,2012,5,5,1063,0.0047,0,,,,,0
16056,BROADCOM CORP,BRCM,2013,11,11,1123,0.0098,0,,,,,0
16056,BROADCOM CORP,BRCM,2014,4,4,473,0.0085,0,,,,,0
16056,BROADCOM CORP,BRCM,2015,5,5,557,0.009,0,,,,,0
16056,BROADCOM CORP,BRCM,2016,1,1,22,0.0455,0,,,,,0
16056,BROADCOM CORP,BRCM,2017,0,0,0,,0,,,,,0
16056,BROADCOM CORP,BRCM,2018,0,0,0,,0,,,,,0
16056,BROADCOM CORP,BRCM,2019,0,0,0,,0,,,,,0
16056,BROADCOM CORP,BRCM,2020,0,0,0,,0,,,,,0
16056,BROADCOM CORP,BRCM,2021,0,0,0,,0,,,,,0
16056,BROADCOM CORP,BRCM,2022,0,0,0,,0,,,,,0
16056,BROADCOM CORP,BRCM,2023,0,0,0,,0,,,,,0
16056,BROADCOM CORP,BRCM,2024,0,0,0,,0,,,,,1
16056,BROADCOM CORP,BRCM,2025,0,0,0,,0,,,,,1
38406,BRUKER CORP,BRKR,2010,0,0,41,0.0,0,,,,,0
38406,BRUKER CORP,BRKR,2011,0,1,51,0.0196,0,,,,,0
38406,BRUKER CORP,BRKR,2012,0,0,39,0.0,0,,,,,0
38406,BRUKER CORP,BRKR,2013,0,1,55,0.0182,0,,,,,0
38406,BRUKER CORP,BRKR,2014,0,0,69,0.0,0,,,,,0
38406,BRUKER CORP,BRKR,2015,0,0,40,0.0,0,,,,,0
38406,BRUKER CORP,BRKR,2016,0,0,48,0.0,0,,,,,0
38406,BRUKER CORP,BRKR,2017,0,0,61,0.0,0,0.629603,0.194199,0.435404,12,0
38406,BRUKER CORP,BRKR,2018,0,0,50,0.0,0,-0.128238,-0.062372,-0.065866,12,0
38406,BRUKER CORP,BRKR,2019,0,2,53,0.0377,0,0.718471,0.288778,0.429692,12,0
38406,BRUKER CORP,BRKR,2020,0,3,48,0.0625,0,0.065784,0.16259,-0.096806,12,0
38406,BRUKER CORP,BRKR,2021,0,1,48,0.0208,0,0.553578,0.268925,0.284653,12,0
38406,BRUKER CORP,BRKR,2022,0,1,43,0.0233,0,-0.182872,-0.194429,0.011557,12,0
38406,BRUKER CORP,BRKR,2023,0,3,42,0.0714,0,0.078261,0.242305,-0.164044,12,0
38406,BRUKER CORP,BRKR,2024,0,3,49,0.0612,0,-0.199871,0.233091,-0.432962,12,1
38406,BRUKER CORP,BRKR,2025,0,3,35,0.0857,2,-0.192378,0.163879,-0.356256,12,1
56450,BERRY CORP,BRY,2010,0,0,0,,0,,,,,0
56450,BERRY CORP,BRY,2011,0,0,0,,0,,,,,0
56450,BERRY CORP,BRY,2012,0,0,0,,0,,,,,0
56450,BERRY CORP,BRY,2013,0,0,0,,0,,,,,0
56450,BERRY CORP,BRY,2014,0,0,0,,0,,,,,0
56450,BERRY CORP,BRY,2015,0,0,0,,0,,,,,0
56450,BERRY CORP,BRY,2016,0,0,0,,0,,,,,0
56450,BERRY CORP,BRY,2017,0,0,0,,0,,,,,0
56450,BERRY CORP,BRY,2018,0,0,0,,0,-0.328269,-0.077811,-0.250458,6,0
56450,BERRY CORP,BRY,2019,0,0,0,,0,0.129906,0.288778,-0.158873,12,0
56450,BERRY CORP,BRY,2020,0,0,0,,0,-0.591883,0.16259,-0.754472,12,0
56450,BERRY CORP,BRY,2021,0,0,0,,0,1.356144,0.268925,1.087219,12,0
56450,BERRY CORP,BRY,2022,0,0,0,,0,0.093997,-0.194429,0.288426,12,0
56450,BERRY CORP,BRY,2023,0,0,0,,0,-0.00396,0.242305,-0.246265,12,0
56450,BERRY CORP,BRY,2024,0,0,0,,0,-0.311741,0.233091,-0.544831,12,1
56450,BERRY CORP,BRY,2025,0,0,0,,0,-0.202098,0.163879,-0.365976,12,1
29489,BOSTON SCIENTIFIC CORP,BSX,2010,0,0,379,0.0,0,,,,,0
29489,BOSTON SCIENTIFIC CORP,BSX,2011,0,0,388,0.0,0,,,,,0
29489,BOSTON SCIENTIFIC CORP,BSX,2012,0,8,454,0.0176,0,,,,,0
29489,BOSTON SCIENTIFIC CORP,BSX,2013,0,1,504,0.002,0,,,,,0
29489,BOSTON SCIENTIFIC CORP,BSX,2014,0,1,585,0.0017,0,,,,,0
29489,BOSTON SCIENTIFIC CORP,BSX,2015,0,5,442,0.0113,0,,,,,0
29489,BOSTON SCIENTIFIC CORP,BSX,2016,0,7,527,0.0133,0,,,,,0
29489,BOSTON SCIENTIFIC CORP,BSX,2017,0,6,514,0.0117,0,0.146094,0.194199,-0.048105,12,0
29489,BOSTON SCIENTIFIC CORP,BSX,2018,0,8,442,0.0181,0,0.425574,-0.062372,0.487946,12,0
29489,BOSTON SCIENTIFIC CORP,BSX,2019,0,6,495,0.0121,0,0.279567,0.288778,-0.009212,12,0
29489,BOSTON SCIENTIFIC CORP,BSX,2020,0,12,499,0.024,0,-0.204998,0.16259,-0.367587,12,0
29489,BOSTON SCIENTIFIC CORP,BSX,2021,0,5,433,0.0115,0,0.181641,0.268925,-0.087285,12,0
29489,BOSTON SCIENTIFIC CORP,BSX,2022,0,16,539,0.0297,0,0.08922,-0.194429,0.283648,12,0
29489,BOSTON SCIENTIFIC CORP,BSX,2023,0,20,687,0.0291,0,0.249408,0.242305,0.007103,12,0
29489,BOSTON SCIENTIFIC CORP,BSX,2024,0,24,980,0.0245,0,0.545062,0.233091,0.311971,12,1
29489,BOSTON SCIENTIFIC CORP,BSX,2025,0,13,723,0.018,0,0.067511,0.163879,-0.096368,12,1
57336,BENTLEY SYSTEMS INC,BSY,2010,0,0,0,,0,,,,,0
57336,BENTLEY SYSTEMS INC,BSY,2011,0,0,0,,0,,,,,0
57336,BENTLEY SYSTEMS INC,BSY,2012,0,0,1,0.0,0,,,,,0
57336,BENTLEY SYSTEMS INC,BSY,2013,0,0,1,0.0,0,,,,,0
57336,BENTLEY SYSTEMS INC,BSY,2014,0,0,2,0.0,0,,,,,0
57336,BENTLEY SYSTEMS INC,BSY,2015,0,0,1,0.0,0,,,,,0
57336,BENTLEY SYSTEMS INC,BSY,2016,0,0,2,0.0,0,,,,,0
57336,BENTLEY SYSTEMS INC,BSY,2017,0,0,4,0.0,0,,,,,0
57336,BENTLEY SYSTEMS INC,BSY,2018,0,0,3,0.0,0,,,,,0
57336,BENTLEY SYSTEMS INC,BSY,2019,3,3,11,0.2727,0,,,,,0
57336,BENTLEY SYSTEMS INC,BSY,2020,6,6,8,0.75,0,0.210678,0.073067,0.13761,4,0
57336,BENTLEY SYSTEMS INC,BSY,2021,2,2,5,0.4,0,0.19572,0.268925,-0.073205,12,0
57336,BENTLEY SYSTEMS INC,BSY,2022,6,6,15,0.4,0,-0.232748,-0.194429,-0.038319,12,0
57336,BENTLEY SYSTEMS INC,BSY,2023,2,2,7,0.2857,0,0.417796,0.242305,0.175491,12,0
57336,BENTLEY SYSTEMS INC,BSY,2024,1,1,2,0.5,0,-0.100703,0.233091,-0.333794,12,1
57336,BENTLEY SYSTEMS INC,BSY,2025,1,1,1,1.0,0,-0.177751,0.163879,-0.34163,12,1
52388,BLACKSTONE GROUP LP,BX,2010,0,0,1,0.0,0,,,,,0
52388,BLACKSTONE GROUP LP,BX,2011,0,0,10,0.0,0,,,,,0
52388,BLACKSTONE GROUP LP,BX,2012,0,0,10,0.0,0,,,,,0
52388,BLACKSTONE GROUP LP,BX,2013,0,0,21,0.0,0,,,,,0
52388,BLACKSTONE GROUP LP,BX,2014,0,0,4,0.0,0,,,,,0
52388,BLACKSTONE GROUP LP,BX,2015,0,0,9,0.0,0,,,,,0
52388,BLACKSTONE GROUP LP,BX,2016,0,0,3,0.0,0,,,,,0
52388,BLACKSTONE GROUP LP,BX,2017,0,0,1,0.0,0,0.272748,0.194199,0.078549,12,0
52388,BLACKSTONE GROUP LP,BX,2018,0,0,0,,0,0.001512,-0.062372,0.063884,12,0
52388,BLACKSTONE GROUP LP,BX,2019,0,0,0,,0,0.962896,0.288778,0.674117,12,0
52388,BLACKSTONE GROUP LP,BX,2020,0,0,0,,0,0.198568,0.16259,0.035978,12,0
52388,BLACKSTONE GROUP LP,BX,2021,0,0,0,,0,1.070838,0.268925,0.801913,12,0
52388,BLACKSTONE GROUP LP,BX,2022,0,0,0,,0,-0.399749,-0.194429,-0.20532,12,0
52388,BLACKSTONE GROUP LP,BX,2023,0,0,0,,0,0.827229,0.242305,0.584924,12,0
52388,BLACKSTONE GROUP LP,BX,2024,0,0,0,,0,0.350501,0.233091,0.117411,12,1
52388,BLACKSTONE GROUP LP,BX,2025,0,0,0,,0,-0.078465,0.163879,-0.242343,12,1
727,CACI INTERNATIONAL INC,CACI,2010,0,0,0,,0,,,,,0
727,CACI INTERNATIONAL INC,CACI,2011,0,0,0,,0,,,,,0
727,CACI INTERNATIONAL INC,CACI,2012,0,0,0,,0,,,,,0
727,CACI INTERNATIONAL INC,CACI,2013,0,0,0,,0,,,,,0
727,CACI INTERNATIONAL INC,CACI,2014,0,0,0,,0,,,,,0
727,CACI INTERNATIONAL INC,CACI,2015,0,0,0,,0,,,,,0
727,CACI INTERNATIONAL INC,CACI,2016,0,0,0,,0,,,,,0
727,CACI INTERNATIONAL INC,CACI,2017,0,0,0,,0,0.064763,0.194199,-0.129436,12,0
727,CACI INTERNATIONAL INC,CACI,2018,0,0,0,,0,0.088251,-0.062372,0.150623,12,0
727,CACI INTERNATIONAL INC,CACI,2019,6,6,16,0.375,2,0.73568,0.288778,0.446901,12,0
727,CACI INTERNATIONAL INC,CACI,2020,16,16,22,0.7273,0,-0.002639,0.16259,-0.165229,12,0
727,CACI INTERNATIONAL INC,CACI,2021,10,10,21,0.4762,0,0.079735,0.268925,-0.18919,12,0
727,CACI INTERNATIONAL INC,CACI,2022,7,7,15,0.4667,0,0.116563,-0.194429,0.310991,12,0
727,CACI INTERNATIONAL INC,CACI,2023,1,1,8,0.125,2,0.077415,0.242305,-0.16489,12,0
727,CACI INTERNATIONAL INC,CACI,2024,0,0,0,,0,0.247639,0.233091,0.014548,12,1
727,CACI INTERNATIONAL INC,CACI,2025,0,0,0,,2,0.318638,0.163879,0.154759,12,1
6262,CARDINAL HEALTH INC,CAH,2010,0,0,0,,0,,,,,0
6262,CARDINAL HEALTH INC,CAH,2011,0,0,1,0.0,0,,,,,0
6262,CARDINAL HEALTH INC,CAH,2012,0,0,9,0.0,0,,,,,0
6262,CARDINAL HEALTH INC,CAH,2013,0,0,0,,0,,,,,0
6262,CARDINAL HEALTH INC,CAH,2014,0,0,0,,0,,,,,0
6262,CARDINAL HEALTH INC,CAH,2015,0,0,4,0.0,0,,,,,0
6262,CARDINAL HEALTH INC,CAH,2016,0,1,9,0.1111,0,,,,,0
6262,CARDINAL HEALTH INC,CAH,2017,0,0,3,0.0,0,-0.126441,0.194199,-0.320641,12,0
6262,CARDINAL HEALTH INC,CAH,2018,0,1,8,0.125,0,-0.245042,-0.062372,-0.18267,12,0
6262,CARDINAL HEALTH INC,CAH,2019,0,0,2,0.0,0,0.179912,0.288778,-0.108867,12,0
6262,CARDINAL HEALTH INC,CAH,2020,0,0,8,0.0,0,0.100568,0.16259,-0.062022,12,0
6262,CARDINAL HEALTH INC,CAH,2021,0,1,5,0.2,0,-0.003521,0.268925,-0.272446,12,0
6262,CARDINAL HEALTH INC,CAH,2022,0,0,3,0.0,0,0.541291,-0.194429,0.73572,12,0
6262,CARDINAL HEALTH INC,CAH,2023,0,0,0,,3,0.341217,0.242305,0.098912,12,0
6262,CARDINAL HEALTH INC,CAH,2024,0,0,1,0.0,0,0.190086,0.233091,-0.043005,12,1
6262,CARDINAL HEALTH INC,CAH,2025,0,0,1,0.0,0,0.762551,0.163879,0.598672,12,1
748,CANON INC,CAJ,2010,115,116,3710,0.0313,0,,,,,0
748,CANON INC,CAJ,2011,91,92,3704,0.0248,0,,,,,0
748,CANON INC,CAJ,2012,102,103,3890,0.0265,0,,,,,0
748,CANON INC,CAJ,2013,143,146,4079,0.0358,0,,,,,0
748,CANON INC,CAJ,2014,141,141,3787,0.0372,0,,,,,0
748,CANON INC,CAJ,2015,209,212,3946,0.0537,0,,,,,0
748,CANON INC,CAJ,2016,239,245,3617,0.0677,0,,,,,0
748,CANON INC,CAJ,2017,227,233,3338,0.0698,1,0.329068,0.194199,0.134868,12,0
748,CANON INC,CAJ,2018,232,258,3705,0.0696,3,-0.262032,-0.062372,-0.19966,12,0
748,CANON INC,CAJ,2019,219,279,3665,0.0761,6,-0.009059,0.288778,-0.297837,12,0
748,CANON INC,CAJ,2020,308,382,3445,0.1109,11,-0.290311,0.16259,-0.452901,12,0
748,CANON INC,CAJ,2021,294,365,3288,0.111,8,0.258631,0.268925,-0.010295,12,0
748,CANON INC,CAJ,2022,340,426,3649,0.1167,8,-0.112566,-0.194429,0.081862,12,0
748,CANON INC,CAJ,2023,384,439,3788,0.1159,1,-0.018451,0.070273,-0.088724,3,0
748,CANON INC,CAJ,2024,309,350,3968,0.0882,0,,,,,1
748,CANON INC,CAJ,2025,235,259,3070,0.0844,0,,,,,1
20374,CABOT CORP,CBT,2010,0,0,27,0.0,0,,,,,0
20374,CABOT CORP,CBT,2011,0,0,30,0.0,0,,,,,0
20374,CABOT CORP,CBT,2012,0,0,17,0.0,0,,,,,0
20374,CABOT CORP,CBT,2013,0,0,38,0.0,0,,,,,0
20374,CABOT CORP,CBT,2014,0,0,51,0.0,0,,,,,0
20374,CABOT CORP,CBT,2015,0,0,45,0.0,0,,,,,0
20374,CABOT CORP,CBT,2016,0,0,28,0.0,0,,,,,0
20374,CABOT CORP,CBT,2017,0,0,32,0.0,0,0.246115,0.194199,0.051915,12,0
20374,CABOT CORP,CBT,2018,0,0,34,0.0,0,-0.287031,-0.062372,-0.224659,12,0
20374,CABOT CORP,CBT,2019,0,0,21,0.0,0,0.142328,0.288778,-0.14645,12,0
20374,CABOT CORP,CBT,2020,0,0,17,0.0,0,-0.020808,0.16259,-0.183398,12,0
20374,CABOT CORP,CBT,2021,0,0,9,0.0,0,0.284488,0.268925,0.015562,12,0
20374,CABOT CORP,CBT,2022,0,0,6,0.0,0,0.213328,-0.194429,0.407757,12,0
20374,CABOT CORP,CBT,2023,0,0,6,0.0,0,0.276231,0.242305,0.033926,12,0
20374,CABOT CORP,CBT,2024,0,0,2,0.0,0,0.112305,0.233091,-0.120786,12,1
20374,CABOT CORP,CBT,2025,0,0,1,0.0,0,-0.256741,0.163879,-0.42062,12,1
57431,C4 THERAPEUTICS INC,CCCC,2010,0,0,0,,0,,,,,0
57431,C4 THERAPEUTICS INC,CCCC,2011,0,0,0,,0,,,,,0
57431,C4 THERAPEUTICS INC,CCCC,2012,0,0,0,,0,,,,,0
57431,C4 THERAPEUTICS INC,CCCC,2013,0,0,0,,0,,,,,0
57431,C4 THERAPEUTICS INC,CCCC,2014,0,0,0,,0,,,,,0
57431,C4 THERAPEUTICS INC,CCCC,2015,0,0,0,,0,,,,,0
57431,C4 THERAPEUTICS INC,CCCC,2016,0,0,0,,0,,,,,0
57431,C4 THERAPEUTICS INC,CCCC,2017,0,0,0,,0,,,,,0
57431,C4 THERAPEUTICS INC,CCCC,2018,0,0,3,0.0,0,,,,,0
57431,C4 THERAPEUTICS INC,CCCC,2019,0,0,1,0.0,0,,,,,0
57431,C4 THERAPEUTICS INC,CCCC,2020,0,0,14,0.0,0,0.299725,0.11688,0.182844,3,0
57431,C4 THERAPEUTICS INC,CCCC,2021,0,0,6,0.0,0,-0.028071,0.268925,-0.296996,12,0
57431,C4 THERAPEUTICS INC,CCCC,2022,0,0,11,0.0,0,-0.816771,-0.194429,-0.622342,12,0
57431,C4 THERAPEUTICS INC,CCCC,2023,0,0,11,0.0,0,-0.042376,0.242305,-0.284681,12,0
57431,C4 THERAPEUTICS INC,CCCC,2024,0,0,12,0.0,0,-0.362831,0.233091,-0.595922,12,1
57431,C4 THERAPEUTICS INC,CCCC,2025,0,0,8,0.0,0,-0.469444,0.163879,-0.633323,12,1
53994,CHEMOCENTRYX INC,CCXI,2010,0,0,14,0.0,0,,,,,0
53994,CHEMOCENTRYX INC,CCXI,2011,0,0,2,0.0,0,,,,,0
53994,CHEMOCENTRYX INC,CCXI,2012,0,0,9,0.0,0,,,,,0
53994,CHEMOCENTRYX INC,CCXI,2013,0,0,12,0.0,0,,,,,0
53994,CHEMOCENTRYX INC,CCXI,2014,0,0,6,0.0,0,,,,,0
53994,CHEMOCENTRYX INC,CCXI,2015,0,0,9,0.0,0,,,,,0
53994,CHEMOCENTRYX INC,CCXI,2016,0,0,11,0.0,0,,,,,0
53994,CHEMOCENTRYX INC,CCXI,2017,0,0,26,0.0,0,-0.195946,0.194199,-0.390146,12,0
53994,CHEMOCENTRYX INC,CCXI,2018,0,0,18,0.0,0,0.833611,-0.062372,0.895983,12,0
53994,CHEMOCENTRYX INC,CCXI,2019,0,0,29,0.0,0,2.625119,0.288778,2.33634,12,0
53994,CHEMOCENTRYX INC,CCXI,2020,0,0,29,0.0,0,0.565611,0.16259,0.403021,12,0
53994,CHEMOCENTRYX INC,CCXI,2021,0,0,20,0.0,0,-0.411984,0.268925,-0.68091,12,0
53994,CHEMOCENTRYX INC,CCXI,2022,0,0,18,0.0,0,0.428177,-0.187614,0.615792,10,0
53994,CHEMOCENTRYX INC,CCXI,2023,0,0,9,0.0,0,,,,,0
53994,CHEMOCENTRYX INC,CCXI,2024,0,0,4,0.0,0,,,,,1
53994,CHEMOCENTRYX INC,CCXI,2025,0,0,2,0.0,0,,,,,1
9245,CADENCE DESIGN SYSTEMS INC,CDNS,2010,0,0,30,0.0,0,,,,,0
9245,CADENCE DESIGN SYSTEMS INC,CDNS,2011,0,0,16,0.0,0,,,,,0
9245,CADENCE DESIGN SYSTEMS INC,CDNS,2012,0,0,28,0.0,0,,,,,0
9245,CADENCE DESIGN SYSTEMS INC,CDNS,2013,0,0,7,0.0,0,,,,,0
9245,CADENCE DESIGN SYSTEMS INC,CDNS,2014,0,0,5,0.0,0,,,,,0
9245,CADENCE DESIGN SYSTEMS INC,CDNS,2015,0,0,3,0.0,0,,,,,0
9245,CADENCE DESIGN SYSTEMS INC,CDNS,2016,0,0,2,0.0,0,,,,,0
9245,CADENCE DESIGN SYSTEMS INC,CDNS,2017,0,0,1,0.0,0,0.658207,0.194199,0.464008,12,0
9245,CADENCE DESIGN SYSTEMS INC,CDNS,2018,0,0,0,,0,0.039694,-0.062372,0.102066,12,0
9245,CADENCE DESIGN SYSTEMS INC,CDNS,2019,0,0,0,,3,0.595214,0.288778,0.306436,12,0
9245,CADENCE DESIGN SYSTEMS INC,CDNS,2020,0,0,0,,6,0.966984,0.16259,0.804395,12,0
9245,CADENCE DESIGN SYSTEMS INC,CDNS,2021,0,0,3,0.0,2,0.365905,0.268925,0.096979,12,0
9245,CADENCE DESIGN SYSTEMS INC,CDNS,2022,0,0,7,0.0,2,-0.137967,-0.194429,0.056462,12,0
9245,CADENCE DESIGN SYSTEMS INC,CDNS,2023,0,0,4,0.0,2,0.695531,0.242305,0.453226,12,0
9245,CADENCE DESIGN SYSTEMS INC,CDNS,2024,1,1,1,1.0,2,0.103133,0.233091,-0.129958,12,1
9245,CADENCE DESIGN SYSTEMS INC,CDNS,2025,0,0,0,,4,0.04034,0.163879,-0.123539,12,1
53389,CODEXIS INC,CDXS,2010,0,0,28,0.0,0,,,,,0
53389,CODEXIS INC,CDXS,2011,0,2,35,0.0571,0,,,,,0
53389,CODEXIS INC,CDXS,2012,0,1,40,0.025,0,,,,,0
53389,CODEXIS INC,CDXS,2013,0,0,32,0.0,0,,,,,0
53389,CODEXIS INC,CDXS,2014,4,6,33,0.1818,0,,,,,0
53389,CODEXIS INC,CDXS,2015,0,0,35,0.0,0,,,,,0
53389,CODEXIS INC,CDXS,2016,0,0,35,0.0,0,,,,,0
53389,CODEXIS INC,CDXS,2017,2,2,32,0.0625,0,0.81522,0.194199,0.62102,12,0
53389,CODEXIS INC,CDXS,2018,0,0,41,0.0,0,0.999997,-0.062372,1.062369,12,0
53389,CODEXIS INC,CDXS,2019,1,1,44,0.0227,0,-0.042515,0.288778,-0.331294,12,0
53389,CODEXIS INC,CDXS,2020,0,0,51,0.0,0,0.365229,0.16259,0.20264,12,0
53389,CODEXIS INC,CDXS,2021,0,0,45,0.0,0,0.432431,0.268925,0.163505,12,0
53389,CODEXIS INC,CDXS,2022,1,1,33,0.0303,0,-0.850975,-0.194429,-0.656547,12,0
53389,CODEXIS INC,CDXS,2023,0,0,32,0.0,0,-0.345494,0.242305,-0.587799,12,0
53389,CODEXIS INC,CDXS,2024,0,0,34,0.0,0,0.563939,0.233091,0.330848,12,1
53389,CODEXIS INC,CDXS,2025,0,0,24,0.0,0,-0.65828,0.163879,-0.822159,12,1
54507,CANCER GENETICS INC,CGIX,2010,0,0,1,0.0,0,,,,,0
54507,CANCER GENETICS INC,CGIX,2011,0,0,1,0.0,0,,,,,0
54507,CANCER GENETICS INC,CGIX,2012,0,0,2,0.0,0,,,,,0
54507,CANCER GENETICS INC,CGIX,2013,0,0,1,0.0,0,,,,,0
54507,CANCER GENETICS INC,CGIX,2014,1,1,2,0.5,0,,,,,0
54507,CANCER GENETICS INC,CGIX,2015,1,1,1,1.0,0,,,,,0
54507,CANCER GENETICS INC,CGIX,2016,0,0,0,,0,,,,,0
54507,CANCER GENETICS INC,CGIX,2017,0,0,0,,0,0.370371,0.194199,0.176171,12,0
54507,CANCER GENETICS INC,CGIX,2018,0,0,0,,0,-0.869189,-0.062372,-0.806817,12,0
54507,CANCER GENETICS INC,CGIX,2019,0,0,0,,0,-0.179064,0.288778,-0.467842,12,0
54507,CANCER GENETICS INC,CGIX,2020,0,0,0,,0,-0.535234,0.16259,-0.697823,12,0
54507,CANCER GENETICS INC,CGIX,2021,0,0,0,,0,-0.512636,0.268925,-0.781561,12,0
54507,CANCER GENETICS INC,CGIX,2022,0,0,0,,0,-0.895926,-0.194429,-0.701497,12,0
54507,CANCER GENETICS INC,CGIX,2023,0,0,0,,0,-0.644128,0.08864,-0.732768,5,0
54507,CANCER GENETICS INC,CGIX,2024,0,0,0,,0,,,,,1
54507,CANCER GENETICS INC,CGIX,2025,0,0,0,,0,,,,,1
32104,CHINA MOBILE LTD,CHL,2010,0,0,18,0.0,0,,,,,0
32104,CHINA MOBILE LTD,CHL,2011,0,0,25,0.0,0,,,,,0
32104,CHINA MOBILE LTD,CHL,2012,0,1,11,0.0909,0,,,,,0
32104,CHINA MOBILE LTD,CHL,2013,0,0,6,0.0,0,,,,,0
32104,CHINA MOBILE LTD,CHL,2014,0,0,13,0.0,0,,,,,0
32104,CHINA MOBILE LTD,CHL,2015,0,0,9,0.0,0,,,,,0
32104,CHINA MOBILE LTD,CHL,2016,0,0,16,0.0,0,,,,,0
32104,CHINA MOBILE LTD,CHL,2017,0,0,33,0.0,1,0.034379,0.194199,-0.159821,12,0
32104,CHINA MOBILE LTD,CHL,2018,0,0,40,0.0,3,-0.005953,-0.062372,0.056419,12,0
32104,CHINA MOBILE LTD,CHL,2019,0,0,38,0.0,2,-0.080799,0.288778,-0.369578,12,0
32104,CHINA MOBILE LTD,CHL,2020,0,1,35,0.0286,0,-0.285174,0.16259,-0.447763,12,0
32104,CHINA MOBILE LTD,CHL,2021,0,0,56,0.0,0,-0.03609,-0.011137,-0.024953,1,0
32104,CHINA MOBILE LTD,CHL,2022,0,9,70,0.1286,0,,,,,0
32104,CHINA MOBILE LTD,CHL,2023,0,3,53,0.0566,0,,,,,0
32104,CHINA MOBILE LTD,CHL,2024,0,0,1,0.0,0,,,,,1
32104,CHINA MOBILE LTD,CHL,2025,0,0,2,0.0,0,,,,,1
55105,COHERUS BIOSCIENCES INC,CHRS,2010,0,0,0,,0,,,,,0
55105,COHERUS BIOSCIENCES INC,CHRS,2011,0,0,0,,0,,,,,0
55105,COHERUS BIOSCIENCES INC,CHRS,2012,0,0,6,0.0,0,,,,,0
55105,COHERUS BIOSCIENCES INC,CHRS,2013,0,0,2,0.0,0,,,,,0
55105,COHERUS BIOSCIENCES INC,CHRS,2014,0,0,1,0.0,0,,,,,0
55105,COHERUS BIOSCIENCES INC,CHRS,2015,0,0,11,0.0,0,,,,,0
55105,COHERUS BIOSCIENCES INC,CHRS,2016,0,0,14,0.0,0,,,,,0
55105,COHERUS BIOSCIENCES INC,CHRS,2017,0,0,17,0.0,0,-0.687389,0.194199,-0.881589,12,0
55105,COHERUS BIOSCIENCES INC,CHRS,2018,0,0,13,0.0,0,0.02841,-0.062372,0.090783,12,0
55105,COHERUS BIOSCIENCES INC,CHRS,2019,0,0,28,0.0,0,0.989502,0.288778,0.700724,12,0
55105,COHERUS BIOSCIENCES INC,CHRS,2020,0,0,9,0.0,0,-0.034711,0.16259,-0.197301,12,0
55105,COHERUS BIOSCIENCES INC,CHRS,2021,0,0,2,0.0,0,-0.081702,0.268925,-0.350628,12,0
55105,COHERUS BIOSCIENCES INC,CHRS,2022,0,0,1,0.0,0,-0.503759,-0.194429,-0.30933,12,0
55105,COHERUS BIOSCIENCES INC,CHRS,2023,0,0,2,0.0,0,-0.579545,0.242305,-0.82185,12,0
55105,COHERUS BIOSCIENCES INC,CHRS,2024,0,0,0,,0,-0.585586,0.233091,-0.818677,12,1
55105,COHERUS BIOSCIENCES INC,CHRS,2025,0,0,0,,0,0.028986,0.163879,-0.134893,12,1
15321,CIENA CORP,CIEN,2010,0,0,12,0.0,0,,,,,0
15321,CIENA CORP,CIEN,2011,0,0,24,0.0,0,,,,,0
15321,CIENA CORP,CIEN,2012,0,0,42,0.0,0,,,,,0
15321,CIENA CORP,CIEN,2013,0,0,42,0.0,0,,,,,0
15321,CIENA CORP,CIEN,2014,3,3,76,0.0395,0,,,,,0
15321,CIENA CORP,CIEN,2015,2,2,99,0.0202,0,,,,,0
15321,CIENA CORP,CIEN,2016,0,0,103,0.0,0,,,,,0
15321,CIENA CORP,CIEN,2017,2,2,77,0.026,0,-0.142565,0.194199,-0.336764,12,0
15321,CIENA CORP,CIEN,2018,3,3,83,0.0361,0,0.620161,-0.062372,0.682533,12,0
15321,CIENA CORP,CIEN,2019,16,16,109,0.1468,0,0.258922,0.288778,-0.029857,12,0
15321,CIENA CORP,CIEN,2020,8,8,98,0.0816,0,0.237994,0.16259,0.075405,12,0
15321,CIENA CORP,CIEN,2021,15,15,122,0.123,1,0.456386,0.268925,0.187461,12,0
15321,CIENA CORP,CIEN,2022,19,19,100,0.19,2,-0.337665,-0.194429,-0.143236,12,0
15321,CIENA CORP,CIEN,2023,6,6,159,0.0377,1,-0.117106,0.242305,-0.359411,12,0
15321,CIENA CORP,CIEN,2024,11,11,130,0.0846,2,0.884246,0.233091,0.651156,12,1
15321,CIENA CORP,CIEN,2025,2,2,28,0.0714,4,1.757576,0.163879,1.593697,12,1
34775,CELESTICA INC,CLS,2010,0,0,0,,0,,,,,0
34775,CELESTICA INC,CLS,2011,0,0,0,,0,,,,,0
34775,CELESTICA INC,CLS,2012,0,0,0,,0,,,,,0
34775,CELESTICA INC,CLS,2013,0,0,10,0.0,0,,,,,0
34775,CELESTICA INC,CLS,2014,0,0,9,0.0,0,,,,,0
34775,CELESTICA INC,CLS,2015,0,0,1,0.0,0,,,,,0
34775,CELESTICA INC,CLS,2016,0,0,5,0.0,0,,,,,0
34775,CELESTICA INC,CLS,2017,0,0,2,0.0,0,-0.115611,0.194199,-0.30981,12,0
34775,CELESTICA INC,CLS,2018,0,0,6,0.0,0,-0.163168,-0.062372,-0.100796,12,0
34775,CELESTICA INC,CLS,2019,0,0,1,0.0,0,-0.057013,0.288778,-0.345791,12,0
34775,CELESTICA INC,CLS,2020,0,0,5,0.0,0,-0.024182,0.16259,-0.186772,12,0
34775,CELESTICA INC,CLS,2021,0,0,3,0.0,0,0.379184,0.268925,0.110259,12,0
34775,CELESTICA INC,CLS,2022,0,0,6,0.0,0,0.012577,-0.194429,0.207006,12,0
34775,CELESTICA INC,CLS,2023,0,0,1,0.0,0,1.598049,0.242305,1.355744,12,0
34775,CELESTICA INC,CLS,2024,0,0,0,,0,2.152319,0.233091,1.919228,12,1
34775,CELESTICA INC,CLS,2025,0,0,0,,0,2.202701,0.163879,2.038823,12,1
53931,CLOVIS ONCOLOGY INC,CLVS,2010,0,0,0,,0,,,,,0
53931,CLOVIS ONCOLOGY INC,CLVS,2011,0,0,0,,0,,,,,0
53931,CLOVIS ONCOLOGY INC,CLVS,2012,0,0,2,0.0,0,,,,,0
53931,CLOVIS ONCOLOGY INC,CLVS,2013,0,0,0,,0,,,,,0
53931,CLOVIS ONCOLOGY INC,CLVS,2014,0,0,1,0.0,0,,,,,0
53931,CLOVIS ONCOLOGY INC,CLVS,2015,0,0,2,0.0,0,,,,,0
53931,CLOVIS ONCOLOGY INC,CLVS,2016,0,0,0,,0,,,,,0
53931,CLOVIS ONCOLOGY INC,CLVS,2017,0,0,0,,0,0.530841,0.194199,0.336642,12,0
53931,CLOVIS ONCOLOGY INC,CLVS,2018,0,0,2,0.0,0,-0.735883,-0.062372,-0.67351,12,0
53931,CLOVIS ONCOLOGY INC,CLVS,2019,0,0,0,,0,-0.419543,0.288778,-0.708321,12,0
53931,CLOVIS ONCOLOGY INC,CLVS,2020,0,0,0,,0,-0.539568,0.16259,-0.702157,12,0
53931,CLOVIS ONCOLOGY INC,CLVS,2021,0,0,1,0.0,0,-0.435417,0.268925,-0.704342,12,0
53931,CLOVIS ONCOLOGY INC,CLVS,2022,0,0,0,,0,-0.969742,-0.194429,-0.775313,12,0
53931,CLOVIS ONCOLOGY INC,CLVS,2023,0,0,0,,0,,,,,0
53931,CLOVIS ONCOLOGY INC,CLVS,2024,0,0,0,,0,,,,,1
53931,CLOVIS ONCOLOGY INC,CLVS,2025,0,0,0,,0,,,,,1
56766,CLARIVATE PLC,CLVT,2010,0,0,0,,0,,,,,0
56766,CLARIVATE PLC,CLVT,2011,0,0,0,,0,,,,,0
56766,CLARIVATE PLC,CLVT,2012,0,0,0,,0,,,,,0
56766,CLARIVATE PLC,CLVT,2013,0,0,0,,0,,,,,0
56766,CLARIVATE PLC,CLVT,2014,0,0,0,,0,,,,,0
56766,CLARIVATE PLC,CLVT,2015,0,0,0,,0,,,,,0
56766,CLARIVATE PLC,CLVT,2016,0,0,0,,0,,,,,0
56766,CLARIVATE PLC,CLVT,2017,0,0,0,,0,,,,,0
56766,CLARIVATE PLC,CLVT,2018,0,0,0,,0,,,,,0
56766,CLARIVATE PLC,CLVT,2019,0,0,0,,0,0.246292,0.096729,0.149563,8,0
56766,CLARIVATE PLC,CLVT,2020,0,0,0,,0,0.768454,0.16259,0.605864,12,0
56766,CLARIVATE PLC,CLVT,2021,0,0,0,,0,-0.208348,0.268925,-0.477273,12,0
56766,CLARIVATE PLC,CLVT,2022,0,0,0,,0,-0.645408,-0.194429,-0.450979,12,0
56766,CLARIVATE PLC,CLVT,2023,0,0,0,,0,0.110312,0.242305,-0.131993,12,0
56766,CLARIVATE PLC,CLVT,2024,0,0,0,,0,-0.451404,0.233091,-0.684495,12,1
56766,CLARIVATE PLC,CLVT,2025,0,0,0,,0,-0.34252,0.163879,-0.506399,12,1
20543,CUMMINS INC,CMI,2010,0,1,57,0.0175,0,,,,,0
20543,CUMMINS INC,CMI,2011,0,1,86,0.0116,0,,,,,0
20543,CUMMINS INC,CMI,2012,0,2,124,0.0161,0,,,,,0
20543,CUMMINS INC,CMI,2013,0,1,169,0.0059,0,,,,,0
20543,CUMMINS INC,CMI,2014,2,2,216,0.0093,0,,,,,0
20543,CUMMINS INC,CMI,2015,4,6,251,0.0239,0,,,,,0
20543,CUMMINS INC,CMI,2016,1,2,207,0.0097,0,,,,,0
20543,CUMMINS INC,CMI,2017,7,7,195,0.0359,0,0.327541,0.194199,0.133342,12,0
20543,CUMMINS INC,CMI,2018,9,10,231,0.0433,0,-0.220859,-0.062372,-0.158487,12,0
20543,CUMMINS INC,CMI,2019,9,9,196,0.0459,0,0.380813,0.288778,0.092034,12,0
20543,CUMMINS INC,CMI,2020,8,10,230,0.0435,0,0.305198,0.16259,0.142608,12,0
20543,CUMMINS INC,CMI,2021,8,9,253,0.0356,0,-0.016685,0.268925,-0.285611,12,0
20543,CUMMINS INC,CMI,2022,13,13,244,0.0533,0,0.140951,-0.194429,0.33538,12,0
20543,CUMMINS INC,CMI,2023,10,10,219,0.0457,1,0.017174,0.242305,-0.225131,12,0
20543,CUMMINS INC,CMI,2024,4,4,157,0.0255,1,0.488979,0.233091,0.255888,12,1
20543,CUMMINS INC,CMI,2025,4,4,99,0.0404,0,0.493646,0.163879,0.329767,12,1
45557,COGENT INC,COGT,2010,0,0,0,,0,,,,,0
45557,COGENT INC,COGT,2011,0,0,0,,0,,,,,0
45557,COGENT INC,COGT,2012,0,0,0,,0,,,,,0
45557,COGENT INC,COGT,2013,0,0,1,0.0,0,,,,,0
45557,COGENT INC,COGT,2014,0,0,0,,0,,,,,0
45557,COGENT INC,COGT,2015,0,0,0,,0,,,,,0
45557,COGENT INC,COGT,2016,0,0,2,0.0,0,,,,,0
45557,COGENT INC,COGT,2017,0,0,0,,0,,,,,0
45557,COGENT INC,COGT,2018,0,0,4,0.0,0,,,,,0
45557,COGENT INC,COGT,2019,0,0,1,0.0,0,,,,,0
45557,COGENT INC,COGT,2020,0,0,0,,0,,,,,0
45557,COGENT INC,COGT,2021,0,0,1,0.0,0,,,,,0
45557,COGENT INC,COGT,2022,0,0,1,0.0,0,,,,,0
45557,COGENT INC,COGT,2023,0,0,2,0.0,0,,,,,0
45557,COGENT INC,COGT,2024,0,0,3,0.0,0,,,,,1
45557,COGENT INC,COGT,2025,0,0,4,0.0,0,,,,,1
45288,SALESFORCE COM INC,CRM,2010,18,18,153,0.1176,0,,,,,0
45288,SALESFORCE COM INC,CRM,2011,34,34,239,0.1423,0,,,,,0
45288,SALESFORCE COM INC,CRM,2012,32,32,203,0.1576,0,,,,,0
45288,SALESFORCE COM INC,CRM,2013,54,54,295,0.1831,0,,,,,0
45288,SALESFORCE COM INC,CRM,2014,43,43,243,0.177,0,,,,,0
45288,SALESFORCE COM INC,CRM,2015,44,44,263,0.1673,0,,,,,0
45288,SALESFORCE COM INC,CRM,2016,61,61,304,0.2007,0,,,,,0
45288,SALESFORCE COM INC,CRM,2017,105,105,425,0.2471,32,0.49328,0.194199,0.299081,12,0
45288,SALESFORCE COM INC,CRM,2018,134,134,470,0.2851,37,0.339823,-0.062372,0.402195,12,0
45288,SALESFORCE COM INC,CRM,2019,139,139,480,0.2896,94,0.187413,0.288778,-0.101366,12,0
45288,SALESFORCE COM INC,CRM,2020,193,193,484,0.3988,169,0.368237,0.16259,0.205647,12,0
45288,SALESFORCE COM INC,CRM,2021,179,179,492,0.3638,151,0.142001,0.268925,-0.126925,12,0
45288,SALESFORCE COM INC,CRM,2022,138,138,398,0.3467,188,-0.478259,-0.194429,-0.283831,12,0
45288,SALESFORCE COM INC,CRM,2023,119,119,299,0.398,197,0.98462,0.242305,0.742315,12,0
45288,SALESFORCE COM INC,CRM,2024,140,140,306,0.4575,245,0.277757,0.233091,0.044666,12,1
45288,SALESFORCE COM INC,CRM,2025,72,72,141,0.5106,238,-0.202426,0.163879,-0.366305,12,1
10210,CIRRUS LOGIC INC,CRUS,2010,0,0,0,,0,,,,,0
10210,CIRRUS LOGIC INC,CRUS,2011,0,0,2,0.0,0,,,,,0
10210,CIRRUS LOGIC INC,CRUS,2012,0,0,11,0.0,0,,,,,0
10210,CIRRUS LOGIC INC,CRUS,2013,0,0,67,0.0,0,,,,,0
10210,CIRRUS LOGIC INC,CRUS,2014,0,2,54,0.037,0,,,,,0
10210,CIRRUS LOGIC INC,CRUS,2015,0,2,90,0.0222,0,,,,,0
10210,CIRRUS LOGIC INC,CRUS,2016,0,3,103,0.0291,0,,,,,0
10210,CIRRUS LOGIC INC,CRUS,2017,0,17,136,0.125,0,-0.082773,0.194199,-0.276973,12,0
10210,CIRRUS LOGIC INC,CRUS,2018,1,41,204,0.201,0,-0.3602,-0.062372,-0.297828,12,0
10210,CIRRUS LOGIC INC,CRUS,2019,0,26,135,0.1926,0,1.483721,0.288778,1.194943,12,0
10210,CIRRUS LOGIC INC,CRUS,2020,0,34,192,0.1771,0,-0.002548,0.16259,-0.165138,12,0
10210,CIRRUS LOGIC INC,CRUS,2021,0,16,141,0.1135,0,0.119466,0.268925,-0.149459,12,0
10210,CIRRUS LOGIC INC,CRUS,2022,0,11,141,0.078,0,-0.190611,-0.194429,0.003818,12,0
10210,CIRRUS LOGIC INC,CRUS,2023,0,6,135,0.0444,0,0.116945,0.242305,-0.12536,12,0
10210,CIRRUS LOGIC INC,CRUS,2024,0,7,93,0.0753,0,0.19702,0.233091,-0.036071,12,1
10210,CIRRUS LOGIC INC,CRUS,2025,0,9,65,0.1385,0,0.189998,0.163879,0.026119,12,1
42125,CREDIT SUISSE GROUP,CS,2010,0,0,0,,0,,,,,0
42125,CREDIT SUISSE GROUP,CS,2011,0,0,3,0.0,0,,,,,0
42125,CREDIT SUISSE GROUP,CS,2012,0,0,1,0.0,0,,,,,0
42125,CREDIT SUISSE GROUP,CS,2013,0,0,1,0.0,0,,,,,0
42125,CREDIT SUISSE GROUP,CS,2014,0,0,2,0.0,0,,,,,0
42125,CREDIT SUISSE GROUP,CS,2015,0,0,0,,0,,,,,0
42125,CREDIT SUISSE GROUP,CS,2016,0,0,1,0.0,0,,,,,0
42125,CREDIT SUISSE GROUP,CS,2017,0,0,0,,0,0.354916,0.194199,0.160717,12,0
42125,CREDIT SUISSE GROUP,CS,2018,0,0,1,0.0,0,-0.382324,-0.062372,-0.319952,12,0
42125,CREDIT SUISSE GROUP,CS,2019,0,0,1,0.0,0,0.263042,0.288778,-0.025737,12,0
42125,CREDIT SUISSE GROUP,CS,2020,0,0,0,,0,-0.020546,0.16259,-0.183136,12,0
42125,CREDIT SUISSE GROUP,CS,2021,0,0,0,,0,-0.238869,0.268925,-0.507795,12,0
42125,CREDIT SUISSE GROUP,CS,2022,0,0,0,,0,-0.669401,-0.194429,-0.474972,12,0
42125,CREDIT SUISSE GROUP,CS,2023,0,0,0,,0,-0.703099,0.159104,-0.862202,6,0
42125,CREDIT SUISSE GROUP,CS,2024,0,0,0,,0,,,,,1
42125,CREDIT SUISSE GROUP,CS,2025,0,0,0,,0,,,,,1
10486,CISCO SYSTEMS INC,CSCO,2010,9,9,395,0.0228,0,,,,,0
10486,CISCO SYSTEMS INC,CSCO,2011,13,13,569,0.0228,0,,,,,0
10486,CISCO SYSTEMS INC,CSCO,2012,11,11,639,0.0172,0,,,,,0
10486,CISCO SYSTEMS INC,CSCO,2013,41,41,838,0.0489,0,,,,,0
10486,CISCO SYSTEMS INC,CSCO,2014,69,69,914,0.0755,0,,,,,0
10486,CISCO SYSTEMS INC,CSCO,2015,33,33,754,0.0438,0,,,,,0
10486,CISCO SYSTEMS INC,CSCO,2016,123,123,870,0.1414,0,,,,,0
10486,CISCO SYSTEMS INC,CSCO,2017,115,115,905,0.1271,3,0.312723,0.194199,0.118523,12,0
10486,CISCO SYSTEMS INC,CSCO,2018,126,126,772,0.1632,8,0.165681,-0.062372,0.228053,12,0
10486,CISCO SYSTEMS INC,CSCO,2019,160,160,905,0.1768,9,0.138192,0.288778,-0.150586,12,0
10486,CISCO SYSTEMS INC,CSCO,2020,114,114,842,0.1354,19,-0.035335,0.16259,-0.197924,12,0
10486,CISCO SYSTEMS INC,CSCO,2021,120,120,934,0.1285,27,0.457579,0.268925,0.188653,12,0
10486,CISCO SYSTEMS INC,CSCO,2022,110,110,948,0.116,17,-0.224572,-0.194429,-0.030144,12,0
10486,CISCO SYSTEMS INC,CSCO,2023,189,189,1248,0.1514,50,0.093014,0.242305,-0.149291,12,0
10486,CISCO SYSTEMS INC,CSCO,2024,183,183,1002,0.1826,131,0.209885,0.233091,-0.023206,12,1
10486,CISCO SYSTEMS INC,CSCO,2025,60,60,425,0.1412,182,0.335207,0.163879,0.171328,12,1
56723,CORTEVA INC,CTVA,2010,0,0,0,,0,,,,,0
56723,CORTEVA INC,CTVA,2011,0,0,0,,0,,,,,0
56723,CORTEVA INC,CTVA,2012,0,0,0,,0,,,,,0
56723,CORTEVA INC,CTVA,2013,0,0,0,,0,,,,,0
56723,CORTEVA INC,CTVA,2014,0,0,0,,0,,,,,0
56723,CORTEVA INC,CTVA,2015,0,0,0,,0,,,,,0
56723,CORTEVA INC,CTVA,2016,0,0,0,,0,,,,,0
56723,CORTEVA INC,CTVA,2017,0,0,0,,0,,,,,0
56723,CORTEVA INC,CTVA,2018,0,0,0,,0,,,,,0
56723,CORTEVA INC,CTVA,2019,0,0,22,0.0,0,0.202745,0.173949,0.028796,7,0
56723,CORTEVA INC,CTVA,2020,0,0,6,0.0,0,0.334562,0.16259,0.171973,12,0
56723,CORTEVA INC,CTVA,2021,0,0,22,0.0,0,0.235408,0.268925,-0.033518,12,0
56723,CORTEVA INC,CTVA,2022,0,0,23,0.0,0,0.25571,-0.194429,0.450139,12,0
56723,CORTEVA INC,CTVA,2023,0,0,24,0.0,0,-0.174995,0.242305,-0.4173,12,0
56723,CORTEVA INC,CTVA,2024,0,0,19,0.0,2,0.202686,0.233091,-0.030404,12,1
56723,CORTEVA INC,CTVA,2025,0,0,13,0.0,0,0.18902,0.163879,0.025141,12,1
9632,CYBEROPTICS CORP,CYBE,2010,0,0,0,,0,,,,,0
9632,CYBEROPTICS CORP,CYBE,2011,0,0,0,,0,,,,,0
9632,CYBEROPTICS CORP,CYBE,2012,0,0,0,,0,,,,,0
9632,CYBEROPTICS CORP,CYBE,2013,0,0,0,,0,,,,,0
9632,CYBEROPTICS CORP,CYBE,2014,1,1,4,0.25,0,,,,,0
9632,CYBEROPTICS CORP,CYBE,2015,0,0,2,0.0,0,,,,,0
9632,CYBEROPTICS CORP,CYBE,2016,0,0,0,,0,,,,,0
9632,CYBEROPTICS CORP,CYBE,2017,0,0,1,0.0,0,-0.425288,0.194199,-0.619487,12,0
9632,CYBEROPTICS CORP,CYBE,2018,0,0,0,,0,0.175334,-0.062372,0.237706,12,0
9632,CYBEROPTICS CORP,CYBE,2019,3,3,6,0.5,0,0.04254,0.288778,-0.246238,12,0
9632,CYBEROPTICS CORP,CYBE,2020,0,0,1,0.0,0,0.234492,0.16259,0.071902,12,0
9632,CYBEROPTICS CORP,CYBE,2021,0,0,0,,0,1.04936,0.268925,0.780435,12,0
9632,CYBEROPTICS CORP,CYBE,2022,0,0,0,,0,0.161291,-0.143946,0.305237,11,0
9632,CYBEROPTICS CORP,CYBE,2023,0,0,0,,0,,,,,0
9632,CYBEROPTICS CORP,CYBE,2024,0,0,1,0.0,0,,,,,1
9632,CYBEROPTICS CORP,CYBE,2025,0,0,0,,0,,,,,1
20569,DELTA AIR LINES INC,DAL,2010,0,0,0,,0,,,,,0
20569,DELTA AIR LINES INC,DAL,2011,0,0,0,,0,,,,,0
20569,DELTA AIR LINES INC,DAL,2012,0,0,0,,0,,,,,0
20569,DELTA AIR LINES INC,DAL,2013,0,0,0,,0,,,,,0
20569,DELTA AIR LINES INC,DAL,2014,0,0,1,0.0,0,,,,,0
20569,DELTA AIR LINES INC,DAL,2015,0,0,2,0.0,0,,,,,0
20569,DELTA AIR LINES INC,DAL,2016,0,0,1,0.0,0,,,,,0
20569,DELTA AIR LINES INC,DAL,2017,0,0,1,0.0,0,0.162124,0.194199,-0.032076,12,0
20569,DELTA AIR LINES INC,DAL,2018,0,0,0,,0,-0.086671,-0.062372,-0.024299,12,0
20569,DELTA AIR LINES INC,DAL,2019,0,0,1,0.0,0,0.203947,0.288778,-0.084832,12,0
20569,DELTA AIR LINES INC,DAL,2020,0,0,3,0.0,0,-0.307684,0.16259,-0.470274,12,0
20569,DELTA AIR LINES INC,DAL,2021,0,0,0,,0,-0.028102,0.268925,-0.297028,12,0
20569,DELTA AIR LINES INC,DAL,2022,0,0,0,,0,-0.159161,-0.194429,0.035268,12,0
20569,DELTA AIR LINES INC,DAL,2023,0,0,2,0.0,0,0.230329,0.242305,-0.011976,12,0
20569,DELTA AIR LINES INC,DAL,2024,1,1,3,0.3333,0,0.520062,0.233091,0.286972,12,1
20569,DELTA AIR LINES INC,DAL,2025,0,0,0,,0,0.160899,0.163879,-0.00298,12,1
52956,DANA INC,DAN,2010,0,0,2,0.0,0,,,,,0
52956,DANA INC,DAN,2011,0,0,21,0.0,0,,,,,0
52956,DANA INC,DAN,2012,0,0,20,0.0,0,,,,,0
52956,DANA INC,DAN,2013,0,0,51,0.0,0,,,,,0
52956,DANA INC,DAN,2014,1,1,74,0.0135,0,,,,,0
52956,DANA INC,DAN,2015,0,0,49,0.0,0,,,,,0
52956,DANA INC,DAN,2016,0,0,93,0.0,0,,,,,0
52956,DANA INC,DAN,2017,2,2,115,0.0174,0,0.704047,0.194199,0.509848,12,0
52956,DANA INC,DAN,2018,0,0,83,0.0,0,-0.565807,-0.062372,-0.503435,12,0
52956,DANA INC,DAN,2019,1,1,69,0.0145,0,0.368884,0.288778,0.080106,12,0
52956,DANA INC,DAN,2020,0,0,100,0.0,0,0.080165,0.16259,-0.082424,12,0
52956,DANA INC,DAN,2021,0,0,119,0.0,0,0.18849,0.268925,-0.080436,12,0
52956,DANA INC,DAN,2022,1,1,129,0.0078,0,-0.320771,-0.194429,-0.126343,12,0
52956,DANA INC,DAN,2023,0,0,152,0.0,0,-0.007131,0.242305,-0.249436,12,0
52956,DANA INC,DAN,2024,1,1,118,0.0085,0,-0.179273,0.233091,-0.412364,12,1
52956,DANA INC,DAN,2025,0,0,15,0.0,0,1.103954,0.163879,0.940075,12,1
54402,TABLEAU SOFTWARE INC,DATA,2010,0,0,0,,0,,,,,0
54402,TABLEAU SOFTWARE INC,DATA,2011,0,0,0,,0,,,,,0
54402,TABLEAU SOFTWARE INC,DATA,2012,0,0,0,,0,,,,,0
54402,TABLEAU SOFTWARE INC,DATA,2013,0,0,0,,0,,,,,0
54402,TABLEAU SOFTWARE INC,DATA,2014,5,5,6,0.8333,0,,,,,0
54402,TABLEAU SOFTWARE INC,DATA,2015,1,1,8,0.125,0,,,,,0
54402,TABLEAU SOFTWARE INC,DATA,2016,0,0,5,0.0,0,,,,,0
54402,TABLEAU SOFTWARE INC,DATA,2017,2,2,10,0.2,0,0.641757,0.194199,0.447557,12,0
54402,TABLEAU SOFTWARE INC,DATA,2018,8,8,17,0.4706,0,0.734105,-0.062372,0.796477,12,0
54402,TABLEAU SOFTWARE INC,DATA,2019,8,8,20,0.4,0,0.386193,0.188892,0.197301,7,0
54402,TABLEAU SOFTWARE INC,DATA,2020,10,10,29,0.3448,0,,,,,0
54402,TABLEAU SOFTWARE INC,DATA,2021,10,10,36,0.2778,0,,,,,0
54402,TABLEAU SOFTWARE INC,DATA,2022,16,16,36,0.4444,0,,,,,0
54402,TABLEAU SOFTWARE INC,DATA,2023,10,10,21,0.4762,0,,,,,0
54402,TABLEAU SOFTWARE INC,DATA,2024,11,11,14,0.7857,0,,,,,1
54402,TABLEAU SOFTWARE INC,DATA,2025,2,2,6,0.3333,0,,,,,1
9833,DELL INC,DELL,2010,2,2,114,0.0175,0,,,,,0
9833,DELL INC,DELL,2011,0,0,157,0.0,0,,,,,0
9833,DELL INC,DELL,2012,4,4,274,0.0146,0,,,,,0
9833,DELL INC,DELL,2013,11,11,403,0.0273,0,,,,,0
9833,DELL INC,DELL,2014,13,13,438,0.0297,0,,,,,0
9833,DELL INC,DELL,2015,31,31,750,0.0413,0,,,,,0
9833,DELL INC,DELL,2016,42,42,675,0.0622,0,,,,,0
9833,DELL INC,DELL,2017,32,32,610,0.0525,0,,,,,0
9833,DELL INC,DELL,2018,72,72,634,0.1136,0,,,,,0
9833,DELL INC,DELL,2019,112,112,856,0.1308,0,,,,,0
9833,DELL INC,DELL,2020,155,155,976,0.1588,0,,,,,0
9833,DELL INC,DELL,2021,204,204,1256,0.1624,0,,,,,0
9833,DELL INC,DELL,2022,474,474,2421,0.1958,0,,,,,0
9833,DELL INC,DELL,2023,476,476,2579,0.1846,0,,,,,0
9833,DELL INC,DELL,2024,401,401,2005,0.2,0,,,,,1
9833,DELL INC,DELL,2025,2,2,31,0.0645,0,,,,,1
52396,DISCOVER FINANCIAL SERVICES,DFS,2010,0,0,0,,0,,,,,0
52396,DISCOVER FINANCIAL SERVICES,DFS,2011,0,0,1,0.0,0,,,,,0
52396,DISCOVER FINANCIAL SERVICES,DFS,2012,1,1,2,0.5,0,,,,,0
52396,DISCOVER FINANCIAL SERVICES,DFS,2013,0,0,1,0.0,0,,,,,0
52396,DISCOVER FINANCIAL SERVICES,DFS,2014,0,0,1,0.0,0,,,,,0
52396,DISCOVER FINANCIAL SERVICES,DFS,2015,0,0,1,0.0,0,,,,,0
52396,DISCOVER FINANCIAL SERVICES,DFS,2016,0,0,0,,0,,,,,0
52396,DISCOVER FINANCIAL SERVICES,DFS,2017,0,0,0,,0,0.089079,0.194199,-0.10512,12,0
52396,DISCOVER FINANCIAL SERVICES,DFS,2018,0,0,1,0.0,0,-0.217837,-0.062372,-0.155465,12,0
52396,DISCOVER FINANCIAL SERVICES,DFS,2019,1,1,3,0.3333,0,0.469482,0.288778,0.180703,12,0
52396,DISCOVER FINANCIAL SERVICES,DFS,2020,2,2,2,1.0,1,0.10078,0.16259,-0.06181,12,0
52396,DISCOVER FINANCIAL SERVICES,DFS,2021,2,2,2,1.0,1,0.297927,0.268925,0.029002,12,0
52396,DISCOVER FINANCIAL SERVICES,DFS,2022,3,3,15,0.2,0,-0.135675,-0.194429,0.058754,12,0
52396,DISCOVER FINANCIAL SERVICES,DFS,2023,6,6,21,0.2857,2,0.182099,0.242305,-0.060206,12,0
52396,DISCOVER FINANCIAL SERVICES,DFS,2024,6,6,15,0.4,0,0.573446,0.233091,0.340355,12,1
52396,DISCOVER FINANCIAL SERVICES,DFS,2025,0,0,2,0.0,0,0.165531,0.00511,0.160421,5,1
20557,DANAHER CORP,DHR,2010,0,0,0,,0,,,,,0
20557,DANAHER CORP,DHR,2011,0,0,0,,0,,,,,0
20557,DANAHER CORP,DHR,2012,0,0,0,,0,,,,,0
20557,DANAHER CORP,DHR,2013,0,0,2,0.0,0,,,,,0
20557,DANAHER CORP,DHR,2014,0,0,3,0.0,0,,,,,0
20557,DANAHER CORP,DHR,2015,0,0,2,0.0,0,,,,,0
20557,DANAHER CORP,DHR,2016,0,0,0,,0,,,,,0
20557,DANAHER CORP,DHR,2017,0,0,0,,0,0.200133,0.194199,0.005933,12,0
20557,DANAHER CORP,DHR,2018,0,0,0,,0,0.118022,-0.062372,0.180394,12,0
20557,DANAHER CORP,DHR,2019,0,0,0,,0,0.495535,0.288778,0.206757,12,0
20557,DANAHER CORP,DHR,2020,0,0,0,,0,0.45319,0.16259,0.2906,12,0
20557,DANAHER CORP,DHR,2021,0,0,0,,0,0.48565,0.268925,0.216724,12,0
20557,DANAHER CORP,DHR,2022,0,0,0,,0,-0.190252,-0.194429,0.004176,12,0
20557,DANAHER CORP,DHR,2023,0,0,0,,0,-0.008254,0.242305,-0.250559,12,0
20557,DANAHER CORP,DHR,2024,0,0,0,,0,-0.00345,0.233091,-0.236541,12,1
20557,DANAHER CORP,DHR,2025,0,0,0,,0,0.003538,0.163879,-0.160341,12,1
20597,DOW CHEMICAL CO,DOW,2010,1,1,270,0.0037,0,,,,,0
20597,DOW CHEMICAL CO,DOW,2011,0,0,434,0.0,0,,,,,0
20597,DOW CHEMICAL CO,DOW,2012,1,1,649,0.0015,0,,,,,0
20597,DOW CHEMICAL CO,DOW,2013,3,3,859,0.0035,0,,,,,0
20597,DOW CHEMICAL CO,DOW,2014,2,2,775,0.0026,0,,,,,0
20597,DOW CHEMICAL CO,DOW,2015,0,0,718,0.0,0,,,,,0
20597,DOW CHEMICAL CO,DOW,2016,0,0,722,0.0,0,,,,,0
20597,DOW CHEMICAL CO,DOW,2017,0,0,666,0.0,0,0.199336,0.103991,0.095345,8,0
20597,DOW CHEMICAL CO,DOW,2018,0,0,585,0.0,0,,,,,0
20597,DOW CHEMICAL CO,DOW,2019,4,4,532,0.0075,0,,,,,0
20597,DOW CHEMICAL CO,DOW,2020,1,1,447,0.0022,0,,,,,0
20597,DOW CHEMICAL CO,DOW,2021,0,0,431,0.0,0,,,,,0
20597,DOW CHEMICAL CO,DOW,2022,3,3,324,0.0093,0,,,,,0
20597,DOW CHEMICAL CO,DOW,2023,1,1,161,0.0062,0,,,,,0
20597,DOW CHEMICAL CO,DOW,2024,0,0,16,0.0,0,,,,,1
20597,DOW CHEMICAL CO,DOW,2025,0,0,12,0.0,0,,,,,1
10303,ELECTRONIC ARTS INC,EA,2010,1,1,1,1.0,0,,,,,0
10303,ELECTRONIC ARTS INC,EA,2011,1,1,3,0.3333,0,,,,,0
10303,ELECTRONIC ARTS INC,EA,2012,2,2,6,0.3333,0,,,,,0
10303,ELECTRONIC ARTS INC,EA,2013,1,1,7,0.1429,0,,,,,0
10303,ELECTRONIC ARTS INC,EA,2014,1,1,10,0.1,0,,,,,0
10303,ELECTRONIC ARTS INC,EA,2015,2,2,11,0.1818,0,,,,,0
10303,ELECTRONIC ARTS INC,EA,2016,3,3,18,0.1667,0,,,,,0
10303,ELECTRONIC ARTS INC,EA,2017,6,6,16,0.375,1,0.333924,0.194199,0.139725,12,0
10303,ELECTRONIC ARTS INC,EA,2018,15,15,40,0.375,5,-0.248906,-0.062372,-0.186534,12,0
10303,ELECTRONIC ARTS INC,EA,2019,31,31,61,0.5082,12,0.362439,0.288778,0.07366,12,0
10303,ELECTRONIC ARTS INC,EA,2020,38,38,66,0.5758,2,0.337477,0.16259,0.174887,12,0
10303,ELECTRONIC ARTS INC,EA,2021,27,27,61,0.4426,4,-0.076925,0.268925,-0.34585,12,0
10303,ELECTRONIC ARTS INC,EA,2022,27,27,47,0.5745,13,-0.068377,-0.194429,0.126052,12,0
10303,ELECTRONIC ARTS INC,EA,2023,22,22,52,0.4231,19,0.126676,0.242305,-0.115629,12,0
10303,ELECTRONIC ARTS INC,EA,2024,32,32,70,0.4571,12,0.07498,0.233091,-0.158111,12,1
10303,ELECTRONIC ARTS INC,EA,2025,0,0,1,0.0,15,0.403334,0.163879,0.239456,12,1
16285,EBAY INC,EBAY,2010,12,12,127,0.0945,0,,,,,0
16285,EBAY INC,EBAY,2011,25,25,228,0.1096,0,,,,,0
16285,EBAY INC,EBAY,2012,39,39,408,0.0956,0,,,,,0
16285,EBAY INC,EBAY,2013,35,35,306,0.1144,0,,,,,0
16285,EBAY INC,EBAY,2014,74,74,545,0.1358,0,,,,,0
16285,EBAY INC,EBAY,2015,75,75,317,0.2366,0,,,,,0
16285,EBAY INC,EBAY,2016,92,92,227,0.4053,0,,,,,0
16285,EBAY INC,EBAY,2017,77,77,238,0.3235,16,0.271135,0.194199,0.076935,12,0
16285,EBAY INC,EBAY,2018,74,74,282,0.2624,17,-0.256225,-0.062372,-0.193853,12,0
16285,EBAY INC,EBAY,2019,70,70,300,0.2333,25,0.305875,0.288778,0.017096,12,0
16285,EBAY INC,EBAY,2020,69,69,226,0.3053,26,0.411482,0.16259,0.248892,12,0
16285,EBAY INC,EBAY,2021,91,91,250,0.364,22,0.338215,0.268925,0.06929,12,0
16285,EBAY INC,EBAY,2022,54,54,158,0.3418,28,-0.364779,-0.194429,-0.170351,12,0
16285,EBAY INC,EBAY,2023,92,92,198,0.4646,18,0.076649,0.242305,-0.165656,12,0
16285,EBAY INC,EBAY,2024,72,72,134,0.5373,40,0.447647,0.233091,0.214556,12,1
16285,EBAY INC,EBAY,2025,14,14,36,0.3889,44,0.427335,0.163879,0.263457,12,1
51421,EMERGENT BIOSOLUTIONS INC,EBS,2010,0,0,0,,0,,,,,0
51421,EMERGENT BIOSOLUTIONS INC,EBS,2011,0,0,1,0.0,0,,,,,0
51421,EMERGENT BIOSOLUTIONS INC,EBS,2012,0,0,0,,0,,,,,0
51421,EMERGENT BIOSOLUTIONS INC,EBS,2013,0,0,0,,0,,,,,0
51421,EMERGENT BIOSOLUTIONS INC,EBS,2014,0,0,1,0.0,0,,,,,0
51421,EMERGENT BIOSOLUTIONS INC,EBS,2015,0,0,0,,0,,,,,0
51421,EMERGENT BIOSOLUTIONS INC,EBS,2016,0,0,1,0.0,0,,,,,0
51421,EMERGENT BIOSOLUTIONS INC,EBS,2017,0,0,0,,0,0.415043,0.194199,0.220844,12,0
51421,EMERGENT BIOSOLUTIONS INC,EBS,2018,0,0,0,,0,0.27566,-0.062372,0.338033,12,0
51421,EMERGENT BIOSOLUTIONS INC,EBS,2019,0,0,2,0.0,0,-0.089913,0.288778,-0.378692,12,0
51421,EMERGENT BIOSOLUTIONS INC,EBS,2020,0,0,0,,0,0.660799,0.16259,0.49821,12,0
51421,EMERGENT BIOSOLUTIONS INC,EBS,2021,0,0,1,0.0,0,-0.514844,0.268925,-0.78377,12,0
51421,EMERGENT BIOSOLUTIONS INC,EBS,2022,0,0,1,0.0,0,-0.728318,-0.194429,-0.53389,12,0
51421,EMERGENT BIOSOLUTIONS INC,EBS,2023,0,0,0,,0,-0.796782,0.242305,-1.039087,12,0
51421,EMERGENT BIOSOLUTIONS INC,EBS,2024,0,0,0,,0,2.983331,0.233091,2.750241,12,1
51421,EMERGENT BIOSOLUTIONS INC,EBS,2025,0,0,0,,0,0.292888,0.163879,0.129009,12,1
1467,ECOLAB INC,ECL,2010,0,0,113,0.0,0,,,,,0
1467,ECOLAB INC,ECL,2011,0,0,125,0.0,0,,,,,0
1467,ECOLAB INC,ECL,2012,0,0,127,0.0,0,,,,,0
1467,ECOLAB INC,ECL,2013,0,2,161,0.0124,0,,,,,0
1467,ECOLAB INC,ECL,2014,0,0,177,0.0,0,,,,,0
1467,ECOLAB INC,ECL,2015,0,1,114,0.0088,0,,,,,0
1467,ECOLAB INC,ECL,2016,0,0,196,0.0,0,,,,,0
1467,ECOLAB INC,ECL,2017,0,2,202,0.0099,0,0.157973,0.194199,-0.036226,12,0
1467,ECOLAB INC,ECL,2018,0,0,170,0.0,0,0.110871,-0.062372,0.173243,12,0
1467,ECOLAB INC,ECL,2019,0,2,159,0.0126,0,0.322838,0.288778,0.03406,12,0
1467,ECOLAB INC,ECL,2020,0,1,160,0.0063,0,0.131995,0.16259,-0.030595,12,0
1467,ECOLAB INC,ECL,2021,0,1,142,0.007,0,0.093852,0.268925,-0.175073,12,0
1467,ECOLAB INC,ECL,2022,0,1,118,0.0085,0,-0.371109,-0.194429,-0.17668,12,0
1467,ECOLAB INC,ECL,2023,0,0,148,0.0,0,0.379389,0.242305,0.137084,12,0
1467,ECOLAB INC,ECL,2024,0,1,147,0.0068,0,0.192916,0.233091,-0.040175,12,1
1467,ECOLAB INC,ECL,2025,0,2,102,0.0196,0,0.131959,0.163879,-0.03192,12,1
30070,EASTMAN CHEMICAL CO,EMN,2010,0,0,95,0.0,0,,,,,0
30070,EASTMAN CHEMICAL CO,EMN,2011,0,0,94,0.0,0,,,,,0
30070,EASTMAN CHEMICAL CO,EMN,2012,0,0,99,0.0,0,,,,,0
30070,EASTMAN CHEMICAL CO,EMN,2013,0,0,63,0.0,0,,,,,0
30070,EASTMAN CHEMICAL CO,EMN,2014,0,0,60,0.0,0,,,,,0
30070,EASTMAN CHEMICAL CO,EMN,2015,7,7,60,0.1167,0,,,,,0
30070,EASTMAN CHEMICAL CO,EMN,2016,1,1,45,0.0222,0,,,,,0
30070,EASTMAN CHEMICAL CO,EMN,2017,3,3,73,0.0411,0,0.262654,0.194199,0.068454,12,0
30070,EASTMAN CHEMICAL CO,EMN,2018,2,2,66,0.0303,0,-0.191025,-0.062372,-0.128653,12,0
30070,EASTMAN CHEMICAL CO,EMN,2019,0,0,115,0.0,0,0.120343,0.288778,-0.168435,12,0
30070,EASTMAN CHEMICAL CO,EMN,2020,0,0,135,0.0,0,0.314946,0.16259,0.152356,12,0
30070,EASTMAN CHEMICAL CO,EMN,2021,0,0,90,0.0,0,0.235774,0.268925,-0.033151,12,0
30070,EASTMAN CHEMICAL CO,EMN,2022,1,1,114,0.0088,0,-0.303616,-0.194429,-0.109187,12,0
30070,EASTMAN CHEMICAL CO,EMN,2023,0,0,52,0.0,0,0.14569,0.242305,-0.096615,12,0
30070,EASTMAN CHEMICAL CO,EMN,2024,0,0,18,0.0,0,0.051015,0.233091,-0.182076,12,1
30070,EASTMAN CHEMICAL CO,EMN,2025,0,0,11,0.0,0,-0.268406,0.163879,-0.432284,12,1
1577,ERICSSON,ERIC,2010,0,12,800,0.015,0,,,,,0
1577,ERICSSON,ERIC,2011,0,17,1053,0.0161,0,,,,,0
1577,ERICSSON,ERIC,2012,0,16,1361,0.0118,0,,,,,0
1577,ERICSSON,ERIC,2013,0,25,1638,0.0153,0,,,,,0
1577,ERICSSON,ERIC,2014,0,19,1655,0.0115,0,,,,,0
1577,ERICSSON,ERIC,2015,0,24,1680,0.0143,0,,,,,0
1577,ERICSSON,ERIC,2016,0,37,1577,0.0235,0,,,,,0
1577,ERICSSON,ERIC,2017,0,44,1650,0.0267,2,0.165279,0.194199,-0.02892,12,0
1577,ERICSSON,ERIC,2018,0,69,1748,0.0395,4,0.353441,-0.062372,0.415813,12,0
1577,ERICSSON,ERIC,2019,0,146,1985,0.0736,22,0.001669,0.288778,-0.28711,12,0
1577,ERICSSON,ERIC,2020,0,171,2140,0.0799,25,0.384961,0.16259,0.222371,12,0
1577,ERICSSON,ERIC,2021,0,195,2144,0.091,37,-0.072978,0.268925,-0.341904,12,0
1577,ERICSSON,ERIC,2022,0,137,1555,0.0881,40,-0.444038,-0.194429,-0.249609,12,0
1577,ERICSSON,ERIC,2023,0,55,797,0.069,58,0.131806,0.242305,-0.110499,12,0
1577,ERICSSON,ERIC,2024,0,7,356,0.0197,71,0.333648,0.233091,0.100558,12,1
1577,ERICSSON,ERIC,2025,0,9,247,0.0364,58,0.241717,0.163879,0.077838,12,1
15192,ELBIT SYSTEMS LTD,ESLT,2010,1,1,12,0.0833,0,,,,,0
15192,ELBIT SYSTEMS LTD,ESLT,2011,1,1,8,0.125,0,,,,,0
15192,ELBIT SYSTEMS LTD,ESLT,2012,1,1,9,0.1111,0,,,,,0
15192,ELBIT SYSTEMS LTD,ESLT,2013,2,2,10,0.2,0,,,,,0
15192,ELBIT SYSTEMS LTD,ESLT,2014,2,4,16,0.25,0,,,,,0
15192,ELBIT SYSTEMS LTD,ESLT,2015,2,3,22,0.1364,0,,,,,0
15192,ELBIT SYSTEMS LTD,ESLT,2016,1,4,15,0.2667,0,,,,,0
15192,ELBIT SYSTEMS LTD,ESLT,2017,0,2,18,0.1111,0,0.326442,0.194199,0.132243,12,0
15192,ELBIT SYSTEMS LTD,ESLT,2018,3,5,34,0.1471,0,-0.132123,-0.062372,-0.069751,12,0
15192,ELBIT SYSTEMS LTD,ESLT,2019,1,3,23,0.1304,0,0.376279,0.288778,0.087501,12,0
15192,ELBIT SYSTEMS LTD,ESLT,2020,0,2,12,0.1667,0,-0.14566,0.16259,-0.308249,12,0
15192,ELBIT SYSTEMS LTD,ESLT,2021,4,5,16,0.3125,0,0.347658,0.268925,0.078732,12,0
15192,ELBIT SYSTEMS LTD,ESLT,2022,1,2,21,0.0952,0,-0.04824,-0.194429,0.146188,12,0
15192,ELBIT SYSTEMS LTD,ESLT,2023,2,5,19,0.2632,0,0.312929,0.242305,0.070625,12,0
15192,ELBIT SYSTEMS LTD,ESLT,2024,0,3,23,0.1304,0,0.221733,0.233091,-0.011358,12,1
15192,ELBIT SYSTEMS LTD,ESLT,2025,0,1,11,0.0909,0,1.251533,0.163879,1.087654,12,1
20627,EATON CORP PLC,ETN,2010,0,0,71,0.0,0,,,,,0
20627,EATON CORP PLC,ETN,2011,0,0,76,0.0,0,,,,,0
20627,EATON CORP PLC,ETN,2012,1,1,130,0.0077,0,,,,,0
20627,EATON CORP PLC,ETN,2013,2,2,260,0.0077,0,,,,,0
20627,EATON CORP PLC,ETN,2014,2,2,274,0.0073,0,,,,,0
20627,EATON CORP PLC,ETN,2015,0,0,238,0.0,0,,,,,0
20627,EATON CORP PLC,ETN,2016,2,2,261,0.0077,0,,,,,0
20627,EATON CORP PLC,ETN,2017,2,2,326,0.0061,0,0.215615,0.194199,0.021415,12,0
20627,EATON CORP PLC,ETN,2018,7,7,342,0.0205,0,-0.101026,-0.062372,-0.038654,12,0
20627,EATON CORP PLC,ETN,2019,8,8,438,0.0183,1,0.427954,0.288778,0.139175,12,0
20627,EATON CORP PLC,ETN,2020,8,8,297,0.0269,1,0.311188,0.16259,0.148598,12,0
20627,EATON CORP PLC,ETN,2021,15,15,277,0.0542,0,0.466927,0.268925,0.198002,12,0
20627,EATON CORP PLC,ETN,2022,8,8,256,0.0312,0,-0.071886,-0.194429,0.122543,12,0
20627,EATON CORP PLC,ETN,2023,3,3,198,0.0152,0,0.561961,0.242305,0.319656,12,0
20627,EATON CORP PLC,ETN,2024,4,4,169,0.0237,0,0.395225,0.233091,0.162134,12,1
20627,EATON CORP PLC,ETN,2025,1,1,96,0.0104,0,-0.027843,0.163879,-0.191722,12,1
55229,ETSY INC,ETSY,2010,0,0,1,0.0,0,,,,,0
55229,ETSY INC,ETSY,2011,0,0,5,0.0,0,,,,,0
55229,ETSY INC,ETSY,2012,0,0,0,,0,,,,,0
55229,ETSY INC,ETSY,2013,0,0,1,0.0,0,,,,,0
55229,ETSY INC,ETSY,2014,0,0,1,0.0,0,,,,,0
55229,ETSY INC,ETSY,2015,0,0,0,,0,,,,,0
55229,ETSY INC,ETSY,2016,0,0,0,,0,,,,,0
55229,ETSY INC,ETSY,2017,0,0,1,0.0,4,0.735995,0.194199,0.541796,12,0
55229,ETSY INC,ETSY,2018,0,0,1,0.0,0,1.326157,-0.062372,1.388529,12,0
55229,ETSY INC,ETSY,2019,2,2,3,0.6667,0,-0.068742,0.288778,-0.35752,12,0
55229,ETSY INC,ETSY,2020,3,3,6,0.5,0,3.016028,0.16259,2.853438,12,0
55229,ETSY INC,ETSY,2021,4,4,5,0.8,0,0.23062,0.268925,-0.038305,12,0
55229,ETSY INC,ETSY,2022,3,3,8,0.375,0,-0.452909,-0.194429,-0.258481,12,0
55229,ETSY INC,ETSY,2023,4,4,6,0.6667,6,-0.323343,0.242305,-0.565648,12,0
55229,ETSY INC,ETSY,2024,2,2,3,0.6667,1,-0.347441,0.233091,-0.580531,12,1
55229,ETSY INC,ETSY,2025,1,1,3,0.3333,0,0.048214,0.163879,-0.115665,12,1
36952,EDWARDS LIFESCIENCES CORP,EW,2010,1,1,52,0.0192,0,,,,,0
36952,EDWARDS LIFESCIENCES CORP,EW,2011,0,0,45,0.0,0,,,,,0
36952,EDWARDS LIFESCIENCES CORP,EW,2012,0,0,61,0.0,0,,,,,0
36952,EDWARDS LIFESCIENCES CORP,EW,2013,0,0,65,0.0,0,,,,,0
36952,EDWARDS LIFESCIENCES CORP,EW,2014,1,1,70,0.0143,0,,,,,0
36952,EDWARDS LIFESCIENCES CORP,EW,2015,1,1,79,0.0127,0,,,,,0
36952,EDWARDS LIFESCIENCES CORP,EW,2016,1,1,116,0.0086,0,,,,,0
36952,EDWARDS LIFESCIENCES CORP,EW,2017,2,2,119,0.0168,0,0.20288,0.194199,0.008681,12,0
36952,EDWARDS LIFESCIENCES CORP,EW,2018,1,1,250,0.004,0,0.358974,-0.062372,0.421346,12,0
36952,EDWARDS LIFESCIENCES CORP,EW,2019,0,0,181,0.0,0,0.52308,0.288778,0.234301,12,0
36952,EDWARDS LIFESCIENCES CORP,EW,2020,2,2,166,0.012,0,0.173175,0.16259,0.010586,12,0
36952,EDWARDS LIFESCIENCES CORP,EW,2021,3,3,161,0.0186,0,0.420035,0.268925,0.15111,12,0
36952,EDWARDS LIFESCIENCES CORP,EW,2022,1,1,231,0.0043,0,-0.424083,-0.194429,-0.229655,12,0
36952,EDWARDS LIFESCIENCES CORP,EW,2023,4,4,319,0.0125,0,0.021981,0.242305,-0.220324,12,0
36952,EDWARDS LIFESCIENCES CORP,EW,2024,8,8,314,0.0255,0,-0.029116,0.233091,-0.262207,12,1
36952,EDWARDS LIFESCIENCES CORP,EW,2025,0,0,333,0.0,0,0.151561,0.163879,-0.012318,12,1
41157,EXACT SCIENCES CORP,EXAS,2010,0,0,0,,0,,,,,0
41157,EXACT SCIENCES CORP,EXAS,2011,0,0,1,0.0,0,,,,,0
41157,EXACT SCIENCES CORP,EXAS,2012,0,0,9,0.0,0,,,,,0
41157,EXACT SCIENCES CORP,EXAS,2013,0,0,8,0.0,0,,,,,0
41157,EXACT SCIENCES CORP,EXAS,2014,0,0,10,0.0,0,,,,,0
41157,EXACT SCIENCES CORP,EXAS,2015,0,0,12,0.0,0,,,,,0
41157,EXACT SCIENCES CORP,EXAS,2016,0,0,10,0.0,0,,,,,0
41157,EXACT SCIENCES CORP,EXAS,2017,0,0,10,0.0,0,2.932632,0.194199,2.738433,12,0
41157,EXACT SCIENCES CORP,EXAS,2018,0,0,18,0.0,0,0.200989,-0.062372,0.263362,12,0
41157,EXACT SCIENCES CORP,EXAS,2019,0,0,12,0.0,0,0.465607,0.288778,0.176829,12,0
41157,EXACT SCIENCES CORP,EXAS,2020,0,0,23,0.0,0,0.432634,0.16259,0.270045,12,0
41157,EXACT SCIENCES CORP,EXAS,2021,0,0,20,0.0,0,-0.412559,0.268925,-0.681485,12,0
41157,EXACT SCIENCES CORP,EXAS,2022,0,0,9,0.0,0,-0.363871,-0.194429,-0.169442,12,0
41157,EXACT SCIENCES CORP,EXAS,2023,0,0,18,0.0,0,0.494245,0.242305,0.25194,12,0
41157,EXACT SCIENCES CORP,EXAS,2024,0,0,13,0.0,0,-0.24047,0.233091,-0.47356,12,1
41157,EXACT SCIENCES CORP,EXAS,2025,0,0,7,0.0,0,0.807441,0.163879,0.643562,12,1
37154,EXELIXIS INC,EXEL,2010,0,0,18,0.0,0,,,,,0
37154,EXELIXIS INC,EXEL,2011,0,0,22,0.0,0,,,,,0
37154,EXELIXIS INC,EXEL,2012,0,0,14,0.0,0,,,,,0
37154,EXELIXIS INC,EXEL,2013,0,0,12,0.0,0,,,,,0
37154,EXELIXIS INC,EXEL,2014,0,0,7,0.0,0,,,,,0
37154,EXELIXIS INC,EXEL,2015,0,0,14,0.0,0,,,,,0
37154,EXELIXIS INC,EXEL,2016,0,0,4,0.0,0,,,,,0
37154,EXELIXIS INC,EXEL,2017,0,0,12,0.0,0,1.038901,0.194199,0.844702,12,0
37154,EXELIXIS INC,EXEL,2018,0,0,10,0.0,0,-0.352962,-0.062372,-0.29059,12,0
37154,EXELIXIS INC,EXEL,2019,0,0,12,0.0,0,-0.10422,0.288778,-0.392999,12,0
37154,EXELIXIS INC,EXEL,2020,0,0,16,0.0,0,0.139045,0.16259,-0.023544,12,0
37154,EXELIXIS INC,EXEL,2021,0,0,23,0.0,0,-0.089189,0.268925,-0.358115,12,0
37154,EXELIXIS INC,EXEL,2022,0,0,11,0.0,0,-0.122539,-0.194429,0.071889,12,0
37154,EXELIXIS INC,EXEL,2023,0,0,15,0.0,0,0.495637,0.242305,0.253332,12,0
37154,EXELIXIS INC,EXEL,2024,0,0,11,0.0,0,0.388079,0.233091,0.154989,12,1
37154,EXELIXIS INC,EXEL,2025,0,0,5,0.0,0,0.316215,0.163879,0.152336,12,1
10724,EXPONENT INC,EXPO,2010,0,0,0,,0,,,,,0
10724,EXPONENT INC,EXPO,2011,0,0,0,,0,,,,,0
10724,EXPONENT INC,EXPO,2012,0,0,0,,0,,,,,0
10724,EXPONENT INC,EXPO,2013,0,0,0,,0,,,,,0
10724,EXPONENT INC,EXPO,2014,0,0,0,,0,,,,,0
10724,EXPONENT INC,EXPO,2015,0,0,0,,0,,,,,0
10724,EXPONENT INC,EXPO,2016,0,0,0,,0,,,,,0
10724,EXPONENT INC,EXPO,2017,0,0,0,,0,0.194521,0.194199,0.000321,12,0
10724,EXPONENT INC,EXPO,2018,0,0,0,,0,0.442283,-0.062372,0.504655,12,0
10724,EXPONENT INC,EXPO,2019,0,0,0,,0,0.374988,0.288778,0.08621,12,0
10724,EXPONENT INC,EXPO,2020,0,0,0,,0,0.318015,0.16259,0.155426,12,0
10724,EXPONENT INC,EXPO,2021,0,0,2,0.0,0,0.306555,0.268925,0.037629,12,0
10724,EXPONENT INC,EXPO,2022,0,0,0,,0,-0.142507,-0.194429,0.051922,12,0
10724,EXPONENT INC,EXPO,2023,0,0,1,0.0,0,-0.101431,0.242305,-0.343736,12,0
10724,EXPONENT INC,EXPO,2024,0,0,0,,0,0.024359,0.233091,-0.208732,12,1
10724,EXPONENT INC,EXPO,2025,0,0,1,0.0,0,-0.20813,0.163879,-0.372009,12,1
54084,FACEBOOK INC,FB,2010,6,6,8,0.75,0,,,,,0
54084,FACEBOOK INC,FB,2011,0,0,5,0.0,0,,,,,0
54084,FACEBOOK INC,FB,2012,24,24,208,0.1154,0,,,,,0
54084,FACEBOOK INC,FB,2013,77,77,369,0.2087,0,,,,,0
54084,FACEBOOK INC,FB,2014,172,172,647,0.2658,0,,,,,0
54084,FACEBOOK INC,FB,2015,235,236,813,0.2903,0,,,,,0
54084,FACEBOOK INC,FB,2016,326,339,1041,0.3256,0,,,,,0
54084,FACEBOOK INC,FB,2017,399,407,1210,0.3364,250,0.533767,0.194199,0.339568,12,0
54084,FACEBOOK INC,FB,2018,150,155,521,0.2975,465,-0.257111,-0.062372,-0.194739,12,0
54084,FACEBOOK INC,FB,2019,153,157,620,0.2532,884,0.565719,0.288778,0.276941,12,0
54084,FACEBOOK INC,FB,2020,148,148,622,0.2379,1073,0.330863,0.16259,0.168273,12,0
54084,FACEBOOK INC,FB,2021,162,162,661,0.2451,1047,0.23133,0.268925,-0.037595,12,0
54084,FACEBOOK INC,FB,2022,201,201,957,0.21,1130,-0.642218,-0.194429,-0.447789,12,0
54084,FACEBOOK INC,FB,2023,165,165,728,0.2266,1073,1.94133,0.242305,1.699025,12,0
54084,FACEBOOK INC,FB,2024,112,113,480,0.2354,946,0.660463,0.233091,0.427372,12,1
54084,FACEBOOK INC,FB,2025,80,81,331,0.2447,931,0.130885,0.163879,-0.032994,12,1
54556,FIREEYE INC,FEYE,2010,0,0,0,,0,,,,,0
54556,FIREEYE INC,FEYE,2011,0,0,0,,0,,,,,0
54556,FIREEYE INC,FEYE,2012,0,0,1,0.0,0,,,,,0
54556,FIREEYE INC,FEYE,2013,0,0,7,0.0,0,,,,,0
54556,FIREEYE INC,FEYE,2014,0,0,7,0.0,0,,,,,0
54556,FIREEYE INC,FEYE,2015,0,0,9,0.0,0,,,,,0
54556,FIREEYE INC,FEYE,2016,0,0,3,0.0,0,,,,,0
54556,FIREEYE INC,FEYE,2017,3,3,5,0.6,0,0.193275,0.194199,-0.000925,12,0
54556,FIREEYE INC,FEYE,2018,0,0,6,0.0,0,0.14155,-0.062372,0.203923,12,0
54556,FIREEYE INC,FEYE,2019,1,1,4,0.25,0,0.019742,0.288778,-0.269037,12,0
54556,FIREEYE INC,FEYE,2020,1,1,4,0.25,0,0.395041,0.16259,0.232452,12,0
54556,FIREEYE INC,FEYE,2021,0,0,0,,0,-0.239375,0.268925,-0.508301,12,0
54556,FIREEYE INC,FEYE,2022,0,0,0,,0,0.311287,-0.247696,0.558983,9,0
54556,FIREEYE INC,FEYE,2023,0,0,0,,0,,,,,0
54556,FIREEYE INC,FEYE,2024,0,0,0,,0,,,,,1
54556,FIREEYE INC,FEYE,2025,0,0,0,,0,,,,,1
12930,FLEX LTD,FLEX,2010,0,0,21,0.0,0,,,,,0
12930,FLEX LTD,FLEX,2011,0,0,21,0.0,0,,,,,0
12930,FLEX LTD,FLEX,2012,33,33,85,0.3882,0,,,,,0
12930,FLEX LTD,FLEX,2013,6,7,151,0.0464,0,,,,,0
12930,FLEX LTD,FLEX,2014,75,75,114,0.6579,0,,,,,0
12930,FLEX LTD,FLEX,2015,2,2,26,0.0769,0,,,,,0
12930,FLEX LTD,FLEX,2016,0,0,19,0.0,0,,,,,0
12930,FLEX LTD,FLEX,2017,3,3,31,0.0968,0,0.251913,0.194199,0.057714,12,0
12930,FLEX LTD,FLEX,2018,4,4,42,0.0952,0,-0.576987,-0.062372,-0.514615,12,0
12930,FLEX LTD,FLEX,2019,2,2,53,0.0377,0,0.658344,0.288778,0.369566,12,0
12930,FLEX LTD,FLEX,2020,0,0,19,0.0,0,0.424723,0.16259,0.262133,12,0
12930,FLEX LTD,FLEX,2021,0,0,25,0.0,1,0.019464,0.268925,-0.249461,12,0
12930,FLEX LTD,FLEX,2022,0,0,14,0.0,0,0.170759,-0.194429,0.365187,12,0
12930,FLEX LTD,FLEX,2023,0,0,9,0.0,0,0.419386,0.242305,0.177081,12,0
12930,FLEX LTD,FLEX,2024,0,0,12,0.0,0,0.689512,0.233091,0.456421,12,1
12930,FLEX LTD,FLEX,2025,0,0,0,,0,0.573847,0.163879,0.409968,12,1
55833,TECHNIPFMC PLC,FTI,2010,0,0,0,,0,,,,,0
55833,TECHNIPFMC PLC,FTI,2011,0,0,0,,0,,,,,0
55833,TECHNIPFMC PLC,FTI,2012,0,0,0,,0,,,,,0
55833,TECHNIPFMC PLC,FTI,2013,0,0,0,,0,,,,,0
55833,TECHNIPFMC PLC,FTI,2014,0,0,0,,0,,,,,0
55833,TECHNIPFMC PLC,FTI,2015,0,0,0,,0,,,,,0
55833,TECHNIPFMC PLC,FTI,2016,0,0,0,,0,,,,,0
55833,TECHNIPFMC PLC,FTI,2017,0,0,0,,0,-0.10994,0.194199,-0.304139,12,0
55833,TECHNIPFMC PLC,FTI,2018,0,0,0,,0,-0.363182,-0.062372,-0.30081,12,0
55833,TECHNIPFMC PLC,FTI,2019,0,0,0,,0,0.120677,0.288778,-0.168101,12,0
55833,TECHNIPFMC PLC,FTI,2020,0,0,0,,0,-0.55252,0.16259,-0.71511,12,0
55833,TECHNIPFMC PLC,FTI,2021,0,0,2,0.0,1,-0.129662,0.268925,-0.398588,12,0
55833,TECHNIPFMC PLC,FTI,2022,0,0,3,0.0,0,1.059123,-0.194429,1.253552,12,0
55833,TECHNIPFMC PLC,FTI,2023,0,0,3,0.0,0,0.660635,0.242305,0.41833,12,0
55833,TECHNIPFMC PLC,FTI,2024,0,0,0,,1,0.447835,0.233091,0.214745,12,1
55833,TECHNIPFMC PLC,FTI,2025,0,0,0,,0,0.548975,0.163879,0.385096,12,1
53286,FORTINET INC,FTNT,2010,0,0,17,0.0,0,,,,,0
53286,FORTINET INC,FTNT,2011,0,0,28,0.0,0,,,,,0
53286,FORTINET INC,FTNT,2012,0,0,32,0.0,0,,,,,0
53286,FORTINET INC,FTNT,2013,0,0,59,0.0,0,,,,,0
53286,FORTINET INC,FTNT,2014,0,0,67,0.0,0,,,,,0
53286,FORTINET INC,FTNT,2015,7,7,101,0.0693,0,,,,,0
53286,FORTINET INC,FTNT,2016,5,5,117,0.0427,0,,,,,0
53286,FORTINET INC,FTNT,2017,3,3,110,0.0273,0,0.450532,0.194199,0.256333,12,0
53286,FORTINET INC,FTNT,2018,6,6,48,0.125,0,0.61204,-0.062372,0.674413,12,0
53286,FORTINET INC,FTNT,2019,11,11,37,0.2973,0,0.515835,0.288778,0.227056,12,0
53286,FORTINET INC,FTNT,2020,17,17,62,0.2742,0,0.39125,0.16259,0.228661,12,0
53286,FORTINET INC,FTNT,2021,21,21,76,0.2763,0,1.419716,0.268925,1.15079,12,0
53286,FORTINET INC,FTNT,2022,16,16,71,0.2254,0,-0.319839,-0.194429,-0.125411,12,0
53286,FORTINET INC,FTNT,2023,9,9,75,0.12,0,0.197176,0.242305,-0.045129,12,0
53286,FORTINET INC,FTNT,2024,17,17,69,0.2464,0,0.614214,0.233091,0.381123,12,1
53286,FORTINET INC,FTNT,2025,3,3,19,0.1579,1,-0.159505,0.163879,-0.323384,12,1
52708,GENPACT LTD,G,2010,0,0,0,,0,,,,,0
52708,GENPACT LTD,G,2011,0,0,0,,0,,,,,0
52708,GENPACT LTD,G,2012,0,0,0,,0,,,,,0
52708,GENPACT LTD,G,2013,0,0,0,,0,,,,,0
52708,GENPACT LTD,G,2014,0,0,1,0.0,0,,,,,0
52708,GENPACT LTD,G,2015,0,0,0,,0,,,,,0
52708,GENPACT LTD,G,2016,0,0,0,,0,,,,,0
52708,GENPACT LTD,G,2017,0,0,1,0.0,0,0.31538,0.194199,0.12118,12,0
52708,GENPACT LTD,G,2018,0,0,0,,0,-0.141174,-0.062372,-0.078802,12,0
52708,GENPACT LTD,G,2019,0,2,5,0.4,0,0.576712,0.288778,0.287934,12,0
52708,GENPACT LTD,G,2020,0,8,8,1.0,0,-0.009205,0.16259,-0.171794,12,0
52708,GENPACT LTD,G,2021,0,10,11,0.9091,0,0.295192,0.268925,0.026266,12,0
52708,GENPACT LTD,G,2022,0,10,14,0.7143,0,-0.117443,-0.194429,0.076986,12,0
52708,GENPACT LTD,G,2023,0,4,7,0.5714,0,-0.239795,0.242305,-0.4821,12,0
52708,GENPACT LTD,G,2024,0,4,4,1.0,0,0.257841,0.233091,0.024751,12,1
52708,GENPACT LTD,G,2025,0,0,0,,0,0.105716,0.163879,-0.058163,12,1
20791,GENERAL DYNAMICS CORP,GD,2010,0,0,17,0.0,0,,,,,0
20791,GENERAL DYNAMICS CORP,GD,2011,0,0,10,0.0,0,,,,,0
20791,GENERAL DYNAMICS CORP,GD,2012,0,0,15,0.0,0,,,,,0
20791,GENERAL DYNAMICS CORP,GD,2013,0,0,25,0.0,0,,,,,0
20791,GENERAL DYNAMICS CORP,GD,2014,0,0,9,0.0,0,,,,,0
20791,GENERAL DYNAMICS CORP,GD,2015,0,0,0,,0,,,,,0
20791,GENERAL DYNAMICS CORP,GD,2016,0,0,4,0.0,0,,,,,0
20791,GENERAL DYNAMICS CORP,GD,2017,0,1,4,0.25,0,0.198435,0.194199,0.004236,12,0
20791,GENERAL DYNAMICS CORP,GD,2018,0,0,3,0.0,0,-0.213472,-0.062372,-0.1511,12,0
20791,GENERAL DYNAMICS CORP,GD,2019,0,5,12,0.4167,0,0.147679,0.288778,-0.1411,12,0
20791,GENERAL DYNAMICS CORP,GD,2020,0,2,11,0.1818,0,-0.131665,0.16259,-0.294255,12,0
20791,GENERAL DYNAMICS CORP,GD,2021,0,0,3,0.0,0,0.437355,0.268925,0.16843,12,0
20791,GENERAL DYNAMICS CORP,GD,2022,0,1,7,0.1429,0,0.216712,-0.194429,0.41114,12,0
20791,GENERAL DYNAMICS CORP,GD,2023,0,2,9,0.2222,0,0.071362,0.242305,-0.170943,12,0
20791,GENERAL DYNAMICS CORP,GD,2024,0,6,18,0.3333,0,0.035139,0.233091,-0.197952,12,1
20791,GENERAL DYNAMICS CORP,GD,2025,0,0,1,0.0,0,0.303885,0.163879,0.140006,12,1
20792,GENERAL ELECTRIC CO,GE,2010,14,14,1599,0.0088,0,,,,,0
20792,GENERAL ELECTRIC CO,GE,2011,27,27,2096,0.0129,0,,,,,0
20792,GENERAL ELECTRIC CO,GE,2012,44,44,2372,0.0185,0,,,,,0
20792,GENERAL ELECTRIC CO,GE,2013,34,34,2162,0.0157,0,,,,,0
20792,GENERAL ELECTRIC CO,GE,2014,56,56,2001,0.028,0,,,,,0
20792,GENERAL ELECTRIC CO,GE,2015,62,62,2374,0.0261,0,,,,,0
20792,GENERAL ELECTRIC CO,GE,2016,108,114,2530,0.0451,0,,,,,0
20792,GENERAL ELECTRIC CO,GE,2017,175,177,2374,0.0746,11,-0.429222,0.194199,-0.623421,12,0
20792,GENERAL ELECTRIC CO,GE,2018,181,181,1636,0.1106,12,-0.553891,-0.062372,-0.491519,12,0
20792,GENERAL ELECTRIC CO,GE,2019,109,110,930,0.1183,22,0.535262,0.288778,0.246484,12,0
20792,GENERAL ELECTRIC CO,GE,2020,59,60,771,0.0778,27,-0.027247,0.16259,-0.189837,12,0
20792,GENERAL ELECTRIC CO,GE,2021,46,58,800,0.0725,18,0.096855,0.268925,-0.17207,12,0
20792,GENERAL ELECTRIC CO,GE,2022,25,28,874,0.032,34,-0.109177,-0.194429,0.085252,12,0
20792,GENERAL ELECTRIC CO,GE,2023,18,22,598,0.0368,27,0.966572,0.242305,0.724267,12,0
20792,GENERAL ELECTRIC CO,GE,2024,17,19,595,0.0319,20,0.653014,0.233091,0.419924,12,1
20792,GENERAL ELECTRIC CO,GE,2025,2,2,347,0.0058,13,0.85737,0.163879,0.693492,12,1
58856,GLOBALFOUNDRIES INC,GFS,2010,0,0,123,0.0,0,,,,,0
58856,GLOBALFOUNDRIES INC,GFS,2011,0,0,301,0.0,0,,,,,0
58856,GLOBALFOUNDRIES INC,GFS,2012,0,1,432,0.0023,0,,,,,0
58856,GLOBALFOUNDRIES INC,GFS,2013,1,2,497,0.004,0,,,,,0
58856,GLOBALFOUNDRIES INC,GFS,2014,1,2,576,0.0035,0,,,,,0
58856,GLOBALFOUNDRIES INC,GFS,2015,1,1,619,0.0016,0,,,,,0
58856,GLOBALFOUNDRIES INC,GFS,2016,4,4,656,0.0061,0,,,,,0
58856,GLOBALFOUNDRIES INC,GFS,2017,4,4,616,0.0065,0,,,,,0
58856,GLOBALFOUNDRIES INC,GFS,2018,0,2,515,0.0039,0,,,,,0
58856,GLOBALFOUNDRIES INC,GFS,2019,5,6,336,0.0179,0,,,,,0
58856,GLOBALFOUNDRIES INC,GFS,2020,0,1,312,0.0032,0,,,,,0
58856,GLOBALFOUNDRIES INC,GFS,2021,0,0,255,0.0,0,0.400215,0.106474,0.293741,3,0
58856,GLOBALFOUNDRIES INC,GFS,2022,0,4,329,0.0122,0,-0.170541,-0.194429,0.023888,12,0
58856,GLOBALFOUNDRIES INC,GFS,2023,0,2,255,0.0078,0,0.124514,0.242305,-0.117791,12,0
58856,GLOBALFOUNDRIES INC,GFS,2024,0,3,153,0.0196,0,-0.291912,0.233091,-0.525003,12,1
58856,GLOBALFOUNDRIES INC,GFS,2025,0,0,15,0.0,0,-0.186202,0.163879,-0.350081,12,1
11300,GILEAD SCIENCES INC,GILD,2010,0,0,29,0.0,0,,,,,0
11300,GILEAD SCIENCES INC,GILD,2011,0,0,47,0.0,0,,,,,0
11300,GILEAD SCIENCES INC,GILD,2012,0,0,51,0.0,0,,,,,0
11300,GILEAD SCIENCES INC,GILD,2013,0,0,80,0.0,0,,,,,0
11300,GILEAD SCIENCES INC,GILD,2014,0,0,72,0.0,0,,,,,0
11300,GILEAD SCIENCES INC,GILD,2015,0,0,76,0.0,0,,,,,0
11300,GILEAD SCIENCES INC,GILD,2016,0,0,78,0.0,0,,,,,0
11300,GILEAD SCIENCES INC,GILD,2017,0,0,81,0.0,0,0.029735,0.194199,-0.164464,12,0
11300,GILEAD SCIENCES INC,GILD,2018,0,0,65,0.0,0,-0.099204,-0.062372,-0.036831,12,0
11300,GILEAD SCIENCES INC,GILD,2019,0,0,60,0.0,0,0.078823,0.288778,-0.209955,12,0
11300,GILEAD SCIENCES INC,GILD,2020,1,1,64,0.0156,0,-0.066213,0.16259,-0.228803,12,0
11300,GILEAD SCIENCES INC,GILD,2021,0,0,67,0.0,0,0.29961,0.268925,0.030685,12,0
11300,GILEAD SCIENCES INC,GILD,2022,0,0,68,0.0,0,0.23601,-0.194429,0.430439,12,0
11300,GILEAD SCIENCES INC,GILD,2023,1,1,92,0.0109,2,-0.020114,0.242305,-0.262419,12,0
11300,GILEAD SCIENCES INC,GILD,2024,0,0,91,0.0,0,0.186398,0.233091,-0.046693,12,1
11300,GILEAD SCIENCES INC,GILD,2025,0,0,55,0.0,0,0.366232,0.163879,0.202353,12,1
20798,GENERAL MILLS INC,GIS,2010,0,0,12,0.0,0,,,,,0
20798,GENERAL MILLS INC,GIS,2011,0,0,5,0.0,0,,,,,0
20798,GENERAL MILLS INC,GIS,2012,0,0,12,0.0,0,,,,,0
20798,GENERAL MILLS INC,GIS,2013,0,0,39,0.0,0,,,,,0
20798,GENERAL MILLS INC,GIS,2014,0,0,32,0.0,0,,,,,0
20798,GENERAL MILLS INC,GIS,2015,0,0,24,0.0,0,,,,,0
20798,GENERAL MILLS INC,GIS,2016,0,0,26,0.0,0,,,,,0
20798,GENERAL MILLS INC,GIS,2017,0,0,31,0.0,0,-0.006343,0.194199,-0.200542,12,0
20798,GENERAL MILLS INC,GIS,2018,0,0,22,0.0,0,-0.315521,-0.062372,-0.253149,12,0
20798,GENERAL MILLS INC,GIS,2019,0,0,21,0.0,0,0.431244,0.288778,0.142466,12,0
20798,GENERAL MILLS INC,GIS,2020,0,0,33,0.0,0,0.135964,0.16259,-0.026625,12,0
20798,GENERAL MILLS INC,GIS,2021,0,0,23,0.0,0,0.185419,0.268925,-0.083506,12,0
20798,GENERAL MILLS INC,GIS,2022,0,0,25,0.0,0,0.281049,-0.194429,0.475478,12,0
20798,GENERAL MILLS INC,GIS,2023,0,0,21,0.0,0,-0.199664,0.242305,-0.441969,12,0
20798,GENERAL MILLS INC,GIS,2024,0,0,19,0.0,0,0.014249,0.233091,-0.218842,12,1
20798,GENERAL MILLS INC,GIS,2025,0,0,11,0.0,0,-0.237453,0.163879,-0.401332,12,1
20523,CORNING INC,GLW,2010,0,0,18,0.0,0,,,,,0
20523,CORNING INC,GLW,2011,0,0,22,0.0,0,,,,,0
20523,CORNING INC,GLW,2012,0,0,50,0.0,0,,,,,0
20523,CORNING INC,GLW,2013,0,0,438,0.0,0,,,,,0
20523,CORNING INC,GLW,2014,2,2,571,0.0035,0,,,,,0
20523,CORNING INC,GLW,2015,1,1,592,0.0017,0,,,,,0
20523,CORNING INC,GLW,2016,2,2,598,0.0033,0,,,,,0
20523,CORNING INC,GLW,2017,6,6,652,0.0092,0,0.346327,0.194199,0.152128,12,0
20523,CORNING INC,GLW,2018,2,2,618,0.0032,0,-0.03281,-0.062372,0.029563,12,0
20523,CORNING INC,GLW,2019,0,0,696,0.0,0,-0.010383,0.288778,-0.299161,12,0
20523,CORNING INC,GLW,2020,5,5,626,0.008,0,0.276543,0.16259,0.113953,12,0
20523,CORNING INC,GLW,2021,1,4,579,0.0069,1,0.05946,0.268925,-0.209466,12,0
20523,CORNING INC,GLW,2022,1,2,591,0.0034,0,-0.115995,-0.194429,0.078433,12,0
20523,CORNING INC,GLW,2023,2,2,494,0.004,2,-0.012295,0.242305,-0.2546,12,0
20523,CORNING INC,GLW,2024,2,2,317,0.0063,1,0.606266,0.233091,0.373175,12,1
20523,CORNING INC,GLW,2025,1,1,257,0.0039,2,0.877509,0.163879,0.71363,12,1
53554,GENERAL MOTORS CO,GM,2010,7,7,88,0.0795,0,,,,,0
53554,GENERAL MOTORS CO,GM,2011,8,8,73,0.1096,0,,,,,0
53554,GENERAL MOTORS CO,GM,2012,3,3,39,0.0769,0,,,,,0
53554,GENERAL MOTORS CO,GM,2013,2,2,55,0.0364,0,,,,,0
53554,GENERAL MOTORS CO,GM,2014,7,7,49,0.1429,0,,,,,0
53554,GENERAL MOTORS CO,GM,2015,4,4,30,0.1333,0,,,,,0
53554,GENERAL MOTORS CO,GM,2016,4,4,32,0.125,0,,,,,0
53554,GENERAL MOTORS CO,GM,2017,4,4,16,0.25,2,0.225018,0.194199,0.030818,12,0
53554,GENERAL MOTORS CO,GM,2018,9,9,15,0.6,7,-0.150499,-0.062372,-0.088127,12,0
53554,GENERAL MOTORS CO,GM,2019,1,1,5,0.2,11,0.140133,0.288778,-0.148645,12,0
53554,GENERAL MOTORS CO,GM,2020,3,3,4,0.75,4,0.152069,0.16259,-0.010521,12,0
53554,GENERAL MOTORS CO,GM,2021,1,1,1,1.0,8,0.408022,0.268925,0.139096,12,0
53554,GENERAL MOTORS CO,GM,2022,0,0,2,0.0,6,-0.423632,-0.194429,-0.229204,12,0
53554,GENERAL MOTORS CO,GM,2023,0,0,0,,21,0.079071,0.242305,-0.163234,12,0
53554,GENERAL MOTORS CO,GM,2024,0,0,0,,35,0.498417,0.233091,0.265327,12,1
53554,GENERAL MOTORS CO,GM,2025,0,0,0,,17,0.542249,0.163879,0.37837,12,1
45483,ALPHABET INC,GOOGL,2010,72,72,339,0.2124,0,,,,,0
45483,ALPHABET INC,GOOGL,2011,185,185,949,0.1949,0,,,,,0
45483,ALPHABET INC,GOOGL,2012,276,279,1598,0.1746,0,,,,,0
45483,ALPHABET INC,GOOGL,2013,454,490,2243,0.2185,0,,,,,0
45483,ALPHABET INC,GOOGL,2014,417,446,1954,0.2282,0,,,,,0
45483,ALPHABET INC,GOOGL,2015,464,473,1686,0.2805,0,,,,,0
45483,ALPHABET INC,GOOGL,2016,640,669,2024,0.3305,0,,,,,0
45483,ALPHABET INC,GOOGL,2017,643,756,2150,0.3516,767,0.355759,0.194199,0.16156,12,0
45483,ALPHABET INC,GOOGL,2018,545,673,1710,0.3936,1462,-0.010311,-0.062372,0.052061,12,0
45483,ALPHABET INC,GOOGL,2019,833,1046,2297,0.4554,2338,0.291044,0.288778,0.002266,12,0
45483,ALPHABET INC,GOOGL,2020,886,1154,2446,0.4718,2644,0.310287,0.16259,0.147697,12,0
45483,ALPHABET INC,GOOGL,2021,830,1096,2232,0.491,2274,0.651706,0.268925,0.38278,12,0
45483,ALPHABET INC,GOOGL,2022,889,1126,2398,0.4696,2482,-0.386714,-0.194429,-0.192286,12,0
45483,ALPHABET INC,GOOGL,2023,1044,1315,2535,0.5187,2742,0.578522,0.242305,0.336217,12,0
45483,ALPHABET INC,GOOGL,2024,944,1177,2110,0.5578,2711,0.360065,0.233091,0.126974,12,1
45483,ALPHABET INC,GOOGL,2025,471,543,940,0.5777,2048,0.660024,0.163879,0.496145,12,1
54888,GOPRO INC,GPRO,2010,0,0,0,,0,,,,,0
54888,GOPRO INC,GPRO,2011,0,0,0,,0,,,,,0
54888,GOPRO INC,GPRO,2012,0,0,0,,0,,,,,0
54888,GOPRO INC,GPRO,2013,0,0,0,,0,,,,,0
54888,GOPRO INC,GPRO,2014,8,8,34,0.2353,0,,,,,0
54888,GOPRO INC,GPRO,2015,12,12,65,0.1846,0,,,,,0
54888,GOPRO INC,GPRO,2016,26,26,151,0.1722,0,,,,,0
54888,GOPRO INC,GPRO,2017,27,27,116,0.2328,0,-0.130883,0.194199,-0.325082,12,0
54888,GOPRO INC,GPRO,2018,32,32,119,0.2689,0,-0.439893,-0.062372,-0.377521,12,0
54888,GOPRO INC,GPRO,2019,37,37,157,0.2357,2,0.023585,0.288778,-0.265194,12,0
54888,GOPRO INC,GPRO,2020,34,34,163,0.2086,0,0.907834,0.16259,0.745244,12,0
54888,GOPRO INC,GPRO,2021,33,33,145,0.2276,1,0.245169,0.268925,-0.023757,12,0
54888,GOPRO INC,GPRO,2022,25,25,137,0.1825,2,-0.516974,-0.194429,-0.322545,12,0
54888,GOPRO INC,GPRO,2023,24,24,158,0.1519,1,-0.303213,0.242305,-0.545518,12,0
54888,GOPRO INC,GPRO,2024,11,11,99,0.1111,0,-0.685879,0.233091,-0.918969,12,1
54888,GOPRO INC,GPRO,2025,6,6,58,0.1034,0,0.293577,0.163879,0.129698,12,1
1973,GLAXOSMITHKLINE PLC,GSK,2010,0,0,39,0.0,0,,,,,0
1973,GLAXOSMITHKLINE PLC,GSK,2011,0,0,54,0.0,0,,,,,0
1973,GLAXOSMITHKLINE PLC,GSK,2012,0,1,71,0.0141,0,,,,,0
1973,GLAXOSMITHKLINE PLC,GSK,2013,0,0,112,0.0,0,,,,,0
1973,GLAXOSMITHKLINE PLC,GSK,2014,0,0,138,0.0,0,,,,,0
1973,GLAXOSMITHKLINE PLC,GSK,2015,0,1,142,0.007,0,,,,,0
1973,GLAXOSMITHKLINE PLC,GSK,2016,0,0,161,0.0,0,,,,,0
1973,GLAXOSMITHKLINE PLC,GSK,2017,0,0,164,0.0,0,-0.029894,0.194199,-0.224094,12,0
1973,GLAXOSMITHKLINE PLC,GSK,2018,0,0,151,0.0,4,0.137724,-0.062372,0.200096,12,0
1973,GLAXOSMITHKLINE PLC,GSK,2019,0,0,117,0.0,1,0.292341,0.288778,0.003563,12,0
1973,GLAXOSMITHKLINE PLC,GSK,2020,0,0,93,0.0,4,-0.17644,0.16259,-0.339029,12,0
1973,GLAXOSMITHKLINE PLC,GSK,2021,0,1,109,0.0092,17,0.268004,0.268925,-0.000921,12,0
1973,GLAXOSMITHKLINE PLC,GSK,2022,0,1,117,0.0085,21,-0.210219,-0.194429,-0.01579,12,0
1973,GLAXOSMITHKLINE PLC,GSK,2023,0,1,64,0.0156,15,0.097192,0.242305,-0.145113,12,0
1973,GLAXOSMITHKLINE PLC,GSK,2024,0,0,53,0.0,20,-0.051466,0.233091,-0.284557,12,1
1973,GLAXOSMITHKLINE PLC,GSK,2025,0,0,27,0.0,18,0.512042,0.163879,0.348163,12,1
5085,HOME DEPOT INC,HD,2010,0,0,0,,0,,,,,0
5085,HOME DEPOT INC,HD,2011,0,0,0,,0,,,,,0
5085,HOME DEPOT INC,HD,2012,0,0,0,,0,,,,,0
5085,HOME DEPOT INC,HD,2013,0,0,0,,0,,,,,0
5085,HOME DEPOT INC,HD,2014,0,0,0,,0,,,,,0
5085,HOME DEPOT INC,HD,2015,0,0,2,0.0,0,,,,,0
5085,HOME DEPOT INC,HD,2016,0,0,4,0.0,0,,,,,0
5085,HOME DEPOT INC,HD,2017,0,1,12,0.0833,0,0.446119,0.194199,0.25192,12,0
5085,HOME DEPOT INC,HD,2018,0,2,7,0.2857,0,-0.073161,-0.062372,-0.010789,12,0
5085,HOME DEPOT INC,HD,2019,0,1,10,0.1,0,0.305441,0.288778,0.016663,12,0
5085,HOME DEPOT INC,HD,2020,0,4,20,0.2,4,0.2455,0.16259,0.08291,12,0
5085,HOME DEPOT INC,HD,2021,0,9,21,0.4286,10,0.594989,0.268925,0.326064,12,0
5085,HOME DEPOT INC,HD,2022,0,9,18,0.5,4,-0.21983,-0.194429,-0.025402,12,0
5085,HOME DEPOT INC,HD,2023,0,11,21,0.5238,4,0.127742,0.242305,-0.114563,12,0
5085,HOME DEPOT INC,HD,2024,0,10,15,0.6667,6,0.149866,0.233091,-0.083225,12,1
5085,HOME DEPOT INC,HD,2025,0,2,8,0.25,4,-0.093089,0.163879,-0.256968,12,1
20064,HESS CORP,HES,2010,0,0,0,,0,,,,,0
20064,HESS CORP,HES,2011,0,0,0,,0,,,,,0
20064,HESS CORP,HES,2012,0,0,0,,0,,,,,0
20064,HESS CORP,HES,2013,0,0,0,,0,,,,,0
20064,HESS CORP,HES,2014,0,0,0,,0,,,,,0
20064,HESS CORP,HES,2015,0,0,1,0.0,0,,,,,0
20064,HESS CORP,HES,2016,0,0,1,0.0,0,,,,,0
20064,HESS CORP,HES,2017,0,0,0,,0,-0.220674,0.194199,-0.414873,12,0
20064,HESS CORP,HES,2018,0,0,0,,0,-0.131398,-0.062372,-0.069026,12,0
20064,HESS CORP,HES,2019,0,0,0,,0,0.677224,0.288778,0.388446,12,0
20064,HESS CORP,HES,2020,0,0,0,,0,-0.19189,0.16259,-0.354479,12,0
20064,HESS CORP,HES,2021,0,0,1,0.0,0,0.421167,0.268925,0.152241,12,0
20064,HESS CORP,HES,2022,1,1,1,1.0,0,0.940714,-0.194429,1.135142,12,0
20064,HESS CORP,HES,2023,0,0,0,,0,0.029156,0.242305,-0.213149,12,0
20064,HESS CORP,HES,2024,0,0,0,,3,-0.064817,0.233091,-0.297908,12,1
20064,HESS CORP,HES,2025,0,0,0,,0,0.164172,0.077829,0.086343,7,1
2153,HITACHI LTD,HIT,2010,11,40,2241,0.0178,0,,,,,0
2153,HITACHI LTD,HIT,2011,29,62,2424,0.0256,0,,,,,0
2153,HITACHI LTD,HIT,2012,38,64,2496,0.0256,0,,,,,0
2153,HITACHI LTD,HIT,2013,43,105,2616,0.0401,0,,,,,0
2153,HITACHI LTD,HIT,2014,52,102,2232,0.0457,0,,,,,0
2153,HITACHI LTD,HIT,2015,76,143,2107,0.0679,0,,,,,0
2153,HITACHI LTD,HIT,2016,49,111,1855,0.0598,0,,,,,0
2153,HITACHI LTD,HIT,2017,71,133,1613,0.0825,0,,,,,0
2153,HITACHI LTD,HIT,2018,104,200,1677,0.1193,0,,,,,0
2153,HITACHI LTD,HIT,2019,139,264,1649,0.1601,0,,,,,0
2153,HITACHI LTD,HIT,2020,165,278,1804,0.1541,0,,,,,0
2153,HITACHI LTD,HIT,2021,139,238,1729,0.1377,0,,,,,0
2153,HITACHI LTD,HIT,2022,131,267,1607,0.1661,0,,,,,0
2153,HITACHI LTD,HIT,2023,90,137,911,0.1504,0,,,,,0
2153,HITACHI LTD,HIT,2024,63,75,418,0.1794,0,,,,,1
2153,HITACHI LTD,HIT,2025,35,44,243,0.1811,0,,,,,1
13739,HARMONIC INC,HLIT,2010,0,0,13,0.0,0,,,,,0
13739,HARMONIC INC,HLIT,2011,0,0,21,0.0,0,,,,,0
13739,HARMONIC INC,HLIT,2012,0,0,15,0.0,0,,,,,0
13739,HARMONIC INC,HLIT,2013,0,0,24,0.0,0,,,,,0
13739,HARMONIC INC,HLIT,2014,0,0,25,0.0,0,,,,,0
13739,HARMONIC INC,HLIT,2015,0,0,34,0.0,0,,,,,0
13739,HARMONIC INC,HLIT,2016,0,0,29,0.0,0,,,,,0
13739,HARMONIC INC,HLIT,2017,0,0,24,0.0,0,-0.159999,0.194199,-0.354199,12,0
13739,HARMONIC INC,HLIT,2018,0,0,17,0.0,0,0.12381,-0.062372,0.186182,12,0
13739,HARMONIC INC,HLIT,2019,0,0,12,0.0,0,0.652541,0.288778,0.363763,12,0
13739,HARMONIC INC,HLIT,2020,0,0,21,0.0,0,-0.052563,0.16259,-0.215153,12,0
13739,HARMONIC INC,HLIT,2021,0,0,29,0.0,0,0.591339,0.268925,0.322413,12,0
13739,HARMONIC INC,HLIT,2022,0,0,13,0.0,0,0.113948,-0.194429,0.308377,12,0
13739,HARMONIC INC,HLIT,2023,0,0,12,0.0,0,-0.004579,0.242305,-0.246884,12,0
13739,HARMONIC INC,HLIT,2024,0,0,3,0.0,0,0.014569,0.233091,-0.218521,12,1
13739,HARMONIC INC,HLIT,2025,0,0,9,0.0,1,-0.252456,0.163879,-0.416335,12,1
10504,HOLOGIC INC,HOLX,2010,0,0,16,0.0,0,,,,,0
10504,HOLOGIC INC,HOLX,2011,0,0,27,0.0,0,,,,,0
10504,HOLOGIC INC,HOLX,2012,2,2,22,0.0909,0,,,,,0
10504,HOLOGIC INC,HOLX,2013,1,1,38,0.0263,0,,,,,0
10504,HOLOGIC INC,HOLX,2014,3,3,30,0.1,0,,,,,0
10504,HOLOGIC INC,HOLX,2015,3,3,32,0.0938,0,,,,,0
10504,HOLOGIC INC,HOLX,2016,1,1,22,0.0455,0,,,,,0
10504,HOLOGIC INC,HOLX,2017,4,4,31,0.129,0,0.065554,0.194199,-0.128645,12,0
10504,HOLOGIC INC,HOLX,2018,4,4,39,0.1026,0,-0.038596,-0.062372,0.023776,12,0
10504,HOLOGIC INC,HOLX,2019,6,6,48,0.125,0,0.270316,0.288778,-0.018463,12,0
10504,HOLOGIC INC,HOLX,2020,6,6,42,0.1429,0,0.394945,0.16259,0.232355,12,0
10504,HOLOGIC INC,HOLX,2021,13,13,48,0.2708,0,0.051216,0.268925,-0.21771,12,0
10504,HOLOGIC INC,HOLX,2022,6,6,50,0.12,4,-0.022858,-0.194429,0.171571,12,0
10504,HOLOGIC INC,HOLX,2023,5,5,45,0.1111,0,-0.044913,0.242305,-0.287218,12,0
10504,HOLOGIC INC,HOLX,2024,9,9,54,0.1667,0,0.008956,0.233091,-0.224135,12,1
10504,HOLOGIC INC,HOLX,2025,6,6,26,0.2308,0,0.033293,0.163879,-0.130586,12,1
55421,HEWLETT PACKARD ENTERPRISE CO,HPE,2010,0,0,0,,0,,,,,0
55421,HEWLETT PACKARD ENTERPRISE CO,HPE,2011,0,0,0,,0,,,,,0
55421,HEWLETT PACKARD ENTERPRISE CO,HPE,2012,0,0,0,,0,,,,,0
55421,HEWLETT PACKARD ENTERPRISE CO,HPE,2013,0,19,195,0.0974,0,,,,,0
55421,HEWLETT PACKARD ENTERPRISE CO,HPE,2014,0,61,678,0.09,0,,,,,0
55421,HEWLETT PACKARD ENTERPRISE CO,HPE,2015,0,43,511,0.0841,0,,,,,0
55421,HEWLETT PACKARD ENTERPRISE CO,HPE,2016,1,53,490,0.1082,0,,,,,0
55421,HEWLETT PACKARD ENTERPRISE CO,HPE,2017,0,26,411,0.0633,5,0.075989,0.194199,-0.11821,12,0
55421,HEWLETT PACKARD ENTERPRISE CO,HPE,2018,0,66,609,0.1084,1,-0.056339,-0.062372,0.006033,12,0
55421,HEWLETT PACKARD ENTERPRISE CO,HPE,2019,0,65,562,0.1157,0,0.237361,0.288778,-0.051418,12,0
55421,HEWLETT PACKARD ENTERPRISE CO,HPE,2020,0,63,458,0.1376,4,-0.219457,0.16259,-0.382047,12,0
55421,HEWLETT PACKARD ENTERPRISE CO,HPE,2021,0,73,471,0.155,13,0.373821,0.268925,0.104896,12,0
55421,HEWLETT PACKARD ENTERPRISE CO,HPE,2022,0,52,345,0.1507,9,0.044913,-0.194429,0.239341,12,0
55421,HEWLETT PACKARD ENTERPRISE CO,HPE,2023,0,60,413,0.1453,6,0.096864,0.242305,-0.145441,12,0
55421,HEWLETT PACKARD ENTERPRISE CO,HPE,2024,0,66,376,0.1755,11,0.290731,0.233091,0.05764,12,1
55421,HEWLETT PACKARD ENTERPRISE CO,HPE,2025,0,5,40,0.125,15,0.155046,0.163879,-0.008833,12,1
51655,HARBIN ELECTRIC INC,HRBN,2010,0,0,0,,0,,,,,0
51655,HARBIN ELECTRIC INC,HRBN,2011,0,0,0,,0,,,,,0
51655,HARBIN ELECTRIC INC,HRBN,2012,0,0,0,,0,,,,,0
51655,HARBIN ELECTRIC INC,HRBN,2013,0,0,0,,0,,,,,0
51655,HARBIN ELECTRIC INC,HRBN,2014,0,0,0,,0,,,,,0
51655,HARBIN ELECTRIC INC,HRBN,2015,0,0,0,,0,,,,,0
51655,HARBIN ELECTRIC INC,HRBN,2016,0,0,0,,0,,,,,0
51655,HARBIN ELECTRIC INC,HRBN,2017,0,0,0,,0,,,,,0
51655,HARBIN ELECTRIC INC,HRBN,2018,0,0,0,,0,,,,,0
51655,HARBIN ELECTRIC INC,HRBN,2019,0,0,0,,0,,,,,0
51655,HARBIN ELECTRIC INC,HRBN,2020,0,0,0,,0,,,,,0
51655,HARBIN ELECTRIC INC,HRBN,2021,0,0,0,,0,,,,,0
51655,HARBIN ELECTRIC INC,HRBN,2022,0,0,0,,0,,,,,0
51655,HARBIN ELECTRIC INC,HRBN,2023,0,0,0,,0,,,,,0
51655,HARBIN ELECTRIC INC,HRBN,2024,0,0,0,,0,,,,,1
51655,HARBIN ELECTRIC INC,HRBN,2025,0,0,0,,0,,,,,1
15560,HESKA CORP,HSKA,2010,0,0,0,,0,,,,,0
15560,HESKA CORP,HSKA,2011,0,0,0,,0,,,,,0
15560,HESKA CORP,HSKA,2012,0,0,0,,0,,,,,0
15560,HESKA CORP,HSKA,2013,0,0,0,,0,,,,,0
15560,HESKA CORP,HSKA,2014,0,0,0,,0,,,,,0
15560,HESKA CORP,HSKA,2015,0,0,0,,0,,,,,0
15560,HESKA CORP,HSKA,2016,0,0,0,,0,,,,,0
15560,HESKA CORP,HSKA,2017,0,0,0,,0,0.120254,0.194199,-0.073945,12,0
15560,HESKA CORP,HSKA,2018,0,0,0,,0,0.073431,-0.062372,0.135804,12,0
15560,HESKA CORP,HSKA,2019,0,0,0,,0,0.114286,0.288778,-0.174493,12,0
15560,HESKA CORP,HSKA,2020,0,0,0,,0,0.518138,0.16259,0.355548,12,0
15560,HESKA CORP,HSKA,2021,0,0,0,,0,0.252935,0.268925,-0.01599,12,0
15560,HESKA CORP,HSKA,2022,0,0,0,,0,-0.659379,-0.194429,-0.46495,12,0
15560,HESKA CORP,HSKA,2023,0,0,0,,0,0.930502,0.159104,0.771398,6,0
15560,HESKA CORP,HSKA,2024,0,0,0,,0,,,,,1
15560,HESKA CORP,HSKA,2025,0,0,0,,0,,,,,1
60422,HEARTFLOW INC,HTFL,2010,0,0,0,,0,,,,,0
60422,HEARTFLOW INC,HTFL,2011,13,13,14,0.9286,0,,,,,0
60422,HEARTFLOW INC,HTFL,2012,4,4,4,1.0,0,,,,,0
60422,HEARTFLOW INC,HTFL,2013,6,6,8,0.75,0,,,,,0
60422,HEARTFLOW INC,HTFL,2014,27,27,63,0.4286,0,,,,,0
60422,HEARTFLOW INC,HTFL,2015,31,31,44,0.7045,0,,,,,0
60422,HEARTFLOW INC,HTFL,2016,32,32,58,0.5517,0,,,,,0
60422,HEARTFLOW INC,HTFL,2017,16,16,29,0.5517,0,,,,,0
60422,HEARTFLOW INC,HTFL,2018,9,9,17,0.5294,0,,,,,0
60422,HEARTFLOW INC,HTFL,2019,7,7,23,0.3043,0,,,,,0
60422,HEARTFLOW INC,HTFL,2020,8,8,25,0.32,0,,,,,0
60422,HEARTFLOW INC,HTFL,2021,10,10,28,0.3571,0,,,,,0
60422,HEARTFLOW INC,HTFL,2022,9,9,22,0.4091,0,,,,,0
60422,HEARTFLOW INC,HTFL,2023,11,11,25,0.44,0,,,,,0
60422,HEARTFLOW INC,HTFL,2024,5,5,12,0.4167,0,,,,,1
60422,HEARTFLOW INC,HTFL,2025,5,5,14,0.3571,0,0.013913,0.079836,-0.065923,5,1
55274,HTG MOLECULAR DIAGNOSTICS INC,HTGM,2010,0,0,0,,0,,,,,0
55274,HTG MOLECULAR DIAGNOSTICS INC,HTGM,2011,0,0,1,0.0,0,,,,,0
55274,HTG MOLECULAR DIAGNOSTICS INC,HTGM,2012,0,0,2,0.0,0,,,,,0
55274,HTG MOLECULAR DIAGNOSTICS INC,HTGM,2013,0,0,3,0.0,0,,,,,0
55274,HTG MOLECULAR DIAGNOSTICS INC,HTGM,2014,0,0,3,0.0,0,,,,,0
55274,HTG MOLECULAR DIAGNOSTICS INC,HTGM,2015,0,0,0,,0,,,,,0
55274,HTG MOLECULAR DIAGNOSTICS INC,HTGM,2016,0,0,1,0.0,0,,,,,0
55274,HTG MOLECULAR DIAGNOSTICS INC,HTGM,2017,0,0,1,0.0,0,-0.09375,0.194199,-0.287949,12,0
55274,HTG MOLECULAR DIAGNOSTICS INC,HTGM,2018,0,0,0,,0,0.251232,-0.062372,0.313604,12,0
55274,HTG MOLECULAR DIAGNOSTICS INC,HTGM,2019,0,0,2,0.0,0,-0.723662,0.288778,-1.01244,12,0
55274,HTG MOLECULAR DIAGNOSTICS INC,HTGM,2020,0,0,0,,0,-0.545045,0.16259,-0.707634,12,0
55274,HTG MOLECULAR DIAGNOSTICS INC,HTGM,2021,0,0,0,,0,0.131524,0.268925,-0.137401,12,0
55274,HTG MOLECULAR DIAGNOSTICS INC,HTGM,2022,0,0,1,0.0,0,-0.938653,-0.194429,-0.744224,12,0
55274,HTG MOLECULAR DIAGNOSTICS INC,HTGM,2023,0,0,0,,0,-0.881203,0.159104,-1.040307,6,0
55274,HTG MOLECULAR DIAGNOSTICS INC,HTGM,2024,0,0,0,,0,,,,,1
55274,HTG MOLECULAR DIAGNOSTICS INC,HTGM,2025,0,0,0,,0,,,,,1
11901,IAC INTERACTIVECORP,IAC,2010,1,1,2,0.5,0,,,,,0
11901,IAC INTERACTIVECORP,IAC,2011,0,0,5,0.0,0,,,,,0
11901,IAC INTERACTIVECORP,IAC,2012,0,0,4,0.0,0,,,,,0
11901,IAC INTERACTIVECORP,IAC,2013,2,2,6,0.3333,0,,,,,0
11901,IAC INTERACTIVECORP,IAC,2014,1,1,4,0.25,0,,,,,0
11901,IAC INTERACTIVECORP,IAC,2015,0,0,0,,0,,,,,0
11901,IAC INTERACTIVECORP,IAC,2016,0,0,0,,0,,,,,0
11901,IAC INTERACTIVECORP,IAC,2017,0,0,0,,0,0.887328,0.194199,0.693129,12,0
11901,IAC INTERACTIVECORP,IAC,2018,0,0,0,,0,0.496892,-0.062372,0.559265,12,0
11901,IAC INTERACTIVECORP,IAC,2019,0,0,0,,0,0.360959,0.288778,0.072181,12,0
11901,IAC INTERACTIVECORP,IAC,2020,0,0,0,,0,1.384726,0.16259,1.222137,12,0
11901,IAC INTERACTIVECORP,IAC,2021,0,0,0,,0,0.010762,0.268925,-0.258163,12,0
11901,IAC INTERACTIVECORP,IAC,2022,0,0,0,,0,-0.660317,-0.194429,-0.465888,12,0
11901,IAC INTERACTIVECORP,IAC,2023,0,0,0,,0,0.179732,0.242305,-0.062573,12,0
11901,IAC INTERACTIVECORP,IAC,2024,0,0,0,,0,-0.176402,0.233091,-0.409492,12,1
11901,IAC INTERACTIVECORP,IAC,2025,0,0,0,,0,0.084552,0.163879,-0.079327,12,1
5184,INTERDIGITAL INC,IDCC,2010,0,0,149,0.0,0,,,,,0
5184,INTERDIGITAL INC,IDCC,2011,0,0,226,0.0,0,,,,,0
5184,INTERDIGITAL INC,IDCC,2012,0,1,256,0.0039,0,,,,,0
5184,INTERDIGITAL INC,IDCC,2013,0,0,263,0.0,0,,,,,0
5184,INTERDIGITAL INC,IDCC,2014,0,2,255,0.0078,0,,,,,0
5184,INTERDIGITAL INC,IDCC,2015,0,4,250,0.016,0,,,,,0
5184,INTERDIGITAL INC,IDCC,2016,0,0,234,0.0,0,,,,,0
5184,INTERDIGITAL INC,IDCC,2017,0,4,307,0.013,0,-0.153495,0.194199,-0.347694,12,0
5184,INTERDIGITAL INC,IDCC,2018,0,20,259,0.0772,1,-0.11219,-0.062372,-0.049817,12,0
5184,INTERDIGITAL INC,IDCC,2019,0,12,268,0.0448,1,-0.161094,0.288778,-0.449873,12,0
5184,INTERDIGITAL INC,IDCC,2020,0,18,241,0.0747,13,0.143007,0.16259,-0.019583,12,0
5184,INTERDIGITAL INC,IDCC,2021,0,31,300,0.1033,23,0.204903,0.268925,-0.064023,12,0
5184,INTERDIGITAL INC,IDCC,2022,0,39,433,0.0901,19,-0.292581,-0.194429,-0.098153,12,0
5184,INTERDIGITAL INC,IDCC,2023,0,53,597,0.0888,7,1.236425,0.242305,0.99412,12,0
5184,INTERDIGITAL INC,IDCC,2024,0,34,659,0.0516,5,0.810331,0.233091,0.577241,12,1
5184,INTERDIGITAL INC,IDCC,2025,0,10,332,0.0301,13,0.65984,0.163879,0.495961,12,1
22075,IDEX CORP,IEX,2010,3,3,3,1.0,0,,,,,0
22075,IDEX CORP,IEX,2011,0,0,0,,0,,,,,0
22075,IDEX CORP,IEX,2012,0,0,0,,0,,,,,0
22075,IDEX CORP,IEX,2013,0,0,0,,0,,,,,0
22075,IDEX CORP,IEX,2014,8,8,8,1.0,0,,,,,0
22075,IDEX CORP,IEX,2015,7,7,7,1.0,0,,,,,0
22075,IDEX CORP,IEX,2016,11,11,11,1.0,0,,,,,0
22075,IDEX CORP,IEX,2017,8,8,9,0.8889,0,0.485209,0.194199,0.291009,12,0
22075,IDEX CORP,IEX,2018,13,13,14,0.9286,0,-0.031627,-0.062372,0.030745,12,0
22075,IDEX CORP,IEX,2019,2,2,4,0.5,0,0.379454,0.288778,0.090676,12,0
22075,IDEX CORP,IEX,2020,1,1,1,1.0,0,0.171967,0.16259,0.009378,12,0
22075,IDEX CORP,IEX,2021,0,0,0,,0,0.198089,0.268925,-0.070836,12,0
22075,IDEX CORP,IEX,2022,0,0,0,,0,-0.022288,-0.194429,0.172141,12,0
22075,IDEX CORP,IEX,2023,0,0,0,,0,-0.037921,0.242305,-0.280226,12,0
22075,IDEX CORP,IEX,2024,0,0,0,,0,-0.02361,0.233091,-0.256701,12,1
22075,IDEX CORP,IEX,2025,0,0,0,,0,-0.136747,0.163879,-0.300626,12,1
16697,INTERNET INITIATIVE JAPAN INC,IIJI,2010,0,0,0,,0,,,,,0
16697,INTERNET INITIATIVE JAPAN INC,IIJI,2011,0,0,0,,0,,,,,0
16697,INTERNET INITIATIVE JAPAN INC,IIJI,2012,0,0,0,,0,,,,,0
16697,INTERNET INITIATIVE JAPAN INC,IIJI,2013,0,0,0,,0,,,,,0
16697,INTERNET INITIATIVE JAPAN INC,IIJI,2014,0,0,0,,0,,,,,0
16697,INTERNET INITIATIVE JAPAN INC,IIJI,2015,0,0,0,,0,,,,,0
16697,INTERNET INITIATIVE JAPAN INC,IIJI,2016,0,0,0,,0,,,,,0
16697,INTERNET INITIATIVE JAPAN INC,IIJI,2017,0,0,0,,0,0.222819,0.194199,0.02862,12,0
16697,INTERNET INITIATIVE JAPAN INC,IIJI,2018,0,0,0,,0,0.250275,-0.062372,0.312648,12,0
16697,INTERNET INITIATIVE JAPAN INC,IIJI,2019,0,0,0,,1,-0.125549,0.175111,-0.30066,4,0
16697,INTERNET INITIATIVE JAPAN INC,IIJI,2020,0,0,1,0.0,0,,,,,0
16697,INTERNET INITIATIVE JAPAN INC,IIJI,2021,0,0,0,,0,,,,,0
16697,INTERNET INITIATIVE JAPAN INC,IIJI,2022,0,0,1,0.0,0,,,,,0
16697,INTERNET INITIATIVE JAPAN INC,IIJI,2023,0,0,1,0.0,0,,,,,0
16697,INTERNET INITIATIVE JAPAN INC,IIJI,2024,0,0,0,,0,,,,,1
16697,INTERNET INITIATIVE JAPAN INC,IIJI,2025,0,0,0,,0,,,,,1
9558,II VI INC,IIVI,2010,0,0,24,0.0,0,,,,,0
9558,II VI INC,IIVI,2011,0,0,30,0.0,0,,,,,0
9558,II VI INC,IIVI,2012,0,0,23,0.0,0,,,,,0
9558,II VI INC,IIVI,2013,0,1,42,0.0238,0,,,,,0
9558,II VI INC,IIVI,2014,0,0,34,0.0,0,,,,,0
9558,II VI INC,IIVI,2015,0,0,32,0.0,0,,,,,0
9558,II VI INC,IIVI,2016,0,1,43,0.0233,0,,,,,0
9558,II VI INC,IIVI,2017,0,1,35,0.0286,0,0.583471,0.194199,0.389271,12,0
9558,II VI INC,IIVI,2018,0,1,44,0.0227,0,-0.308627,-0.062372,-0.246255,12,0
9558,II VI INC,IIVI,2019,0,4,51,0.0784,0,0.037276,0.288778,-0.251502,12,0
9558,II VI INC,IIVI,2020,0,1,78,0.0128,0,1.256013,0.16259,1.093424,12,0
9558,II VI INC,IIVI,2021,0,1,72,0.0139,0,-0.100447,0.268925,-0.369372,12,0
9558,II VI INC,IIVI,2022,0,2,94,0.0213,0,-0.486317,-0.194429,-0.291888,12,0
9558,II VI INC,IIVI,2023,0,3,154,0.0195,0,0.240171,0.242305,-0.002134,12,0
9558,II VI INC,IIVI,2024,0,4,106,0.0377,0,1.1762,0.233091,0.943109,12,1
9558,II VI INC,IIVI,2025,0,0,35,0.0,0,0.948381,0.163879,0.784502,12,1
37938,ILLUMINA INC,ILMN,2010,0,0,26,0.0,0,,,,,0
37938,ILLUMINA INC,ILMN,2011,0,0,30,0.0,0,,,,,0
37938,ILLUMINA INC,ILMN,2012,0,0,41,0.0,0,,,,,0
37938,ILLUMINA INC,ILMN,2013,1,1,60,0.0167,0,,,,,0
37938,ILLUMINA INC,ILMN,2014,0,0,64,0.0,0,,,,,0
37938,ILLUMINA INC,ILMN,2015,1,1,85,0.0118,0,,,,,0
37938,ILLUMINA INC,ILMN,2016,2,2,72,0.0278,0,,,,,0
37938,ILLUMINA INC,ILMN,2017,6,6,84,0.0714,0,0.706423,0.194199,0.512223,12,0
37938,ILLUMINA INC,ILMN,2018,16,16,102,0.1569,0,0.37274,-0.062372,0.435112,12,0
37938,ILLUMINA INC,ILMN,2019,13,13,137,0.0949,0,0.106057,0.288778,-0.182722,12,0
37938,ILLUMINA INC,ILMN,2020,13,15,168,0.0893,0,0.115331,0.16259,-0.047259,12,0
37938,ILLUMINA INC,ILMN,2021,23,26,177,0.1469,0,0.028217,0.268925,-0.240709,12,0
37938,ILLUMINA INC,ILMN,2022,47,51,247,0.2065,0,-0.468509,-0.194429,-0.274081,12,0
37938,ILLUMINA INC,ILMN,2023,38,43,286,0.1503,0,-0.311374,0.242305,-0.553679,12,0
37938,ILLUMINA INC,ILMN,2024,20,20,192,0.1042,0,-0.015534,0.233091,-0.248625,12,1
37938,ILLUMINA INC,ILMN,2025,13,13,84,0.1548,0,-0.018482,0.163879,-0.182361,12,1
58576,IMMUNEERING CORP,IMRX,2010,0,0,1,0.0,0,,,,,0
58576,IMMUNEERING CORP,IMRX,2011,0,0,1,0.0,0,,,,,0
58576,IMMUNEERING CORP,IMRX,2012,0,0,0,,0,,,,,0
58576,IMMUNEERING CORP,IMRX,2013,0,0,0,,0,,,,,0
58576,IMMUNEERING CORP,IMRX,2014,0,0,1,0.0,0,,,,,0
58576,IMMUNEERING CORP,IMRX,2015,0,0,0,,0,,,,,0
58576,IMMUNEERING CORP,IMRX,2016,0,0,0,,0,,,,,0
58576,IMMUNEERING CORP,IMRX,2017,0,0,0,,0,,,,,0
58576,IMMUNEERING CORP,IMRX,2018,0,0,0,,0,,,,,0
58576,IMMUNEERING CORP,IMRX,2019,0,0,0,,0,,,,,0
58576,IMMUNEERING CORP,IMRX,2020,0,0,0,,0,,,,,0
58576,IMMUNEERING CORP,IMRX,2021,0,0,1,0.0,0,-0.080728,0.084391,-0.165119,5,0
58576,IMMUNEERING CORP,IMRX,2022,0,0,0,,0,-0.700062,-0.194429,-0.505633,12,0
58576,IMMUNEERING CORP,IMRX,2023,0,0,1,0.0,0,0.515465,0.242305,0.27316,12,0
58576,IMMUNEERING CORP,IMRX,2024,0,0,0,,0,-0.700681,0.233091,-0.933772,12,1
58576,IMMUNEERING CORP,IMRX,2025,0,0,2,0.0,0,1.990912,0.163879,1.827033,12,1
30033,INCYTE CORP,INCY,2010,0,0,11,0.0,0,,,,,0
30033,INCYTE CORP,INCY,2011,0,0,13,0.0,0,,,,,0
30033,INCYTE CORP,INCY,2012,0,0,18,0.0,0,,,,,0
30033,INCYTE CORP,INCY,2013,0,0,31,0.0,0,,,,,0
30033,INCYTE CORP,INCY,2014,0,0,42,0.0,0,,,,,0
30033,INCYTE CORP,INCY,2015,0,0,39,0.0,0,,,,,0
30033,INCYTE CORP,INCY,2016,0,0,64,0.0,0,,,,,0
30033,INCYTE CORP,INCY,2017,0,0,51,0.0,0,-0.055452,0.194199,-0.249651,12,0
30033,INCYTE CORP,INCY,2018,0,0,55,0.0,0,-0.328583,-0.062372,-0.266211,12,0
30033,INCYTE CORP,INCY,2019,0,0,81,0.0,0,0.373172,0.288778,0.084393,12,0
30033,INCYTE CORP,INCY,2020,0,0,96,0.0,0,-0.003895,0.16259,-0.166485,12,0
30033,INCYTE CORP,INCY,2021,1,1,78,0.0128,0,-0.156127,0.268925,-0.425052,12,0
30033,INCYTE CORP,INCY,2022,0,0,69,0.0,0,0.094278,-0.194429,0.288707,12,0
30033,INCYTE CORP,INCY,2023,0,0,53,0.0,0,-0.218252,0.242305,-0.460557,12,0
30033,INCYTE CORP,INCY,2024,0,0,87,0.0,0,0.100015,0.233091,-0.133076,12,1
30033,INCYTE CORP,INCY,2025,1,1,46,0.0217,0,0.429997,0.163879,0.266118,12,1
52376,INFINERA CORP,INFN,2010,0,0,28,0.0,0,,,,,0
52376,INFINERA CORP,INFN,2011,0,0,26,0.0,0,,,,,0
52376,INFINERA CORP,INFN,2012,0,0,34,0.0,0,,,,,0
52376,INFINERA CORP,INFN,2013,0,0,33,0.0,0,,,,,0
52376,INFINERA CORP,INFN,2014,0,0,34,0.0,0,,,,,0
52376,INFINERA CORP,INFN,2015,1,1,33,0.0303,0,,,,,0
52376,INFINERA CORP,INFN,2016,0,0,25,0.0,0,,,,,0
52376,INFINERA CORP,INFN,2017,0,0,30,0.0,0,-0.254416,0.194199,-0.448616,12,0
52376,INFINERA CORP,INFN,2018,0,0,40,0.0,0,-0.369669,-0.062372,-0.307297,12,0
52376,INFINERA CORP,INFN,2019,0,0,40,0.0,0,0.989974,0.288778,0.701196,12,0
52376,INFINERA CORP,INFN,2020,0,0,50,0.0,0,0.3199,0.16259,0.157311,12,0
52376,INFINERA CORP,INFN,2021,0,0,38,0.0,0,-0.084923,0.268925,-0.353849,12,0
52376,INFINERA CORP,INFN,2022,4,4,37,0.1081,3,-0.297183,-0.194429,-0.102754,12,0
52376,INFINERA CORP,INFN,2023,0,0,35,0.0,0,-0.295252,0.242305,-0.537557,12,0
52376,INFINERA CORP,INFN,2024,0,0,24,0.0,0,0.383159,0.233091,0.150068,12,1
52376,INFINERA CORP,INFN,2025,0,0,8,0.0,0,0.100765,0.012389,0.088375,2,1
16435,INFOSYS LTD,INFY,2010,0,9,70,0.1286,0,,,,,0
16435,INFOSYS LTD,INFY,2011,4,14,147,0.0952,0,,,,,0
16435,INFOSYS LTD,INFY,2012,6,7,102,0.0686,0,,,,,0
16435,INFOSYS LTD,INFY,2013,8,8,76,0.1053,0,,,,,0
16435,INFOSYS LTD,INFY,2014,16,16,88,0.1818,0,,,,,0
16435,INFOSYS LTD,INFY,2015,5,5,37,0.1351,0,,,,,0
16435,INFOSYS LTD,INFY,2016,2,2,9,0.2222,0,,,,,0
16435,INFOSYS LTD,INFY,2017,3,3,9,0.3333,0,0.125394,0.194199,-0.068806,12,0
16435,INFOSYS LTD,INFY,2018,1,1,5,0.2,1,0.216602,-0.062372,0.278974,12,0
16435,INFOSYS LTD,INFY,2019,4,4,7,0.5714,0,0.119085,0.288778,-0.169693,12,0
16435,INFOSYS LTD,INFY,2020,1,1,4,0.25,0,0.683211,0.16259,0.520622,12,0
16435,INFOSYS LTD,INFY,2021,11,11,23,0.4783,0,0.522167,0.268925,0.253241,12,0
16435,INFOSYS LTD,INFY,2022,11,11,19,0.5789,0,-0.272693,-0.194429,-0.078265,12,0
16435,INFOSYS LTD,INFY,2023,19,19,27,0.7037,0,0.047631,0.242305,-0.194674,12,0
16435,INFOSYS LTD,INFY,2024,24,24,30,0.8,6,0.23034,0.233091,-0.00275,12,1
16435,INFOSYS LTD,INFY,2025,8,8,8,1.0,5,-0.162854,0.163879,-0.326733,12,1
32174,INGREDION INC,INGR,2010,0,0,0,,0,,,,,0
32174,INGREDION INC,INGR,2011,0,0,0,,0,,,,,0
32174,INGREDION INC,INGR,2012,0,0,6,0.0,0,,,,,0
32174,INGREDION INC,INGR,2013,0,0,10,0.0,0,,,,,0
32174,INGREDION INC,INGR,2014,0,0,6,0.0,0,,,,,0
32174,INGREDION INC,INGR,2015,0,0,8,0.0,0,,,,,0
32174,INGREDION INC,INGR,2016,0,0,6,0.0,0,,,,,0
32174,INGREDION INC,INGR,2017,0,0,16,0.0,0,0.138649,0.194199,-0.055551,12,0
32174,INGREDION INC,INGR,2018,0,0,15,0.0,0,-0.331131,-0.062372,-0.268759,12,0
32174,INGREDION INC,INGR,2019,0,0,9,0.0,0,0.04642,0.288778,-0.242358,12,0
32174,INGREDION INC,INGR,2020,0,0,17,0.0,0,-0.125763,0.16259,-0.288352,12,0
32174,INGREDION INC,INGR,2021,0,0,19,0.0,0,0.263305,0.268925,-0.005621,12,0
32174,INGREDION INC,INGR,2022,0,0,21,0.0,0,0.044842,-0.194429,0.23927,12,0
32174,INGREDION INC,INGR,2023,0,0,13,0.0,0,0.140498,0.242305,-0.101807,12,0
32174,INGREDION INC,INGR,2024,0,0,5,0.0,0,0.292248,0.233091,0.059157,12,1
32174,INGREDION INC,INGR,2025,0,0,4,0.0,0,-0.178778,0.163879,-0.342657,12,1
2367,INTEL CORP,INTC,2010,1,1,65,0.0154,0,,,,,0
2367,INTEL CORP,INTC,2011,13,16,244,0.0656,0,,,,,0
2367,INTEL CORP,INTC,2012,12,14,331,0.0423,0,,,,,0
2367,INTEL CORP,INTC,2013,43,43,559,0.0769,0,,,,,0
2367,INTEL CORP,INTC,2014,81,81,1665,0.0486,0,,,,,0
2367,INTEL CORP,INTC,2015,206,210,3048,0.0689,0,,,,,0
2367,INTEL CORP,INTC,2016,262,273,3661,0.0746,0,,,,,0
2367,INTEL CORP,INTC,2017,447,477,3793,0.1258,94,0.308414,0.194199,0.114214,12,0
2367,INTEL CORP,INTC,2018,393,404,3136,0.1288,184,0.042127,-0.062372,0.1045,12,0
2367,INTEL CORP,INTC,2019,367,370,2755,0.1343,276,0.307017,0.288778,0.018239,12,0
2367,INTEL CORP,INTC,2020,447,447,2720,0.1643,221,-0.146995,0.16259,-0.309584,12,0
2367,INTEL CORP,INTC,2021,459,459,3144,0.146,191,0.060168,0.268925,-0.208758,12,0
2367,INTEL CORP,INTC,2022,369,370,3065,0.1207,223,-0.466509,-0.194429,-0.272081,12,0
2367,INTEL CORP,INTC,2023,304,304,2320,0.131,284,0.946408,0.242305,0.704103,12,0
2367,INTEL CORP,INTC,2024,259,259,1564,0.1656,314,-0.595568,0.233091,-0.828659,12,1
2367,INTEL CORP,INTC,2025,173,173,644,0.2686,265,0.840398,0.163879,0.676519,12,1
12011,INTUIT INC,INTU,2010,4,4,31,0.129,0,,,,,0
12011,INTUIT INC,INTU,2011,1,1,28,0.0357,0,,,,,0
12011,INTUIT INC,INTU,2012,2,2,29,0.069,0,,,,,0
12011,INTUIT INC,INTU,2013,10,10,46,0.2174,0,,,,,0
12011,INTUIT INC,INTU,2014,10,10,53,0.1887,0,,,,,0
12011,INTUIT INC,INTU,2015,5,5,32,0.1562,0,,,,,0
12011,INTUIT INC,INTU,2016,36,36,83,0.4337,0,,,,,0
12011,INTUIT INC,INTU,2017,29,29,65,0.4462,2,0.392004,0.194199,0.197805,12,0
12011,INTUIT INC,INTU,2018,24,24,48,0.5,8,0.258483,-0.062372,0.320856,12,0
12011,INTUIT INC,INTU,2019,70,70,113,0.6195,4,0.34112,0.288778,0.052342,12,0
12011,INTUIT INC,INTU,2020,114,114,177,0.6441,5,0.461121,0.16259,0.298531,12,0
12011,INTUIT INC,INTU,2021,127,127,184,0.6902,5,0.702557,0.268925,0.433632,12,0
12011,INTUIT INC,INTU,2022,82,82,115,0.713,6,-0.391144,-0.194429,-0.196715,12,0
12011,INTUIT INC,INTU,2023,98,98,151,0.649,15,0.617448,0.242305,0.375143,12,0
12011,INTUIT INC,INTU,2024,172,172,207,0.8309,31,0.011585,0.233091,-0.221505,12,1
12011,INTUIT INC,INTU,2025,14,14,20,0.7,34,0.061069,0.163879,-0.10281,12,1
57538,IONQ INC,IONQ,2010,0,0,0,,0,,,,,0
57538,IONQ INC,IONQ,2011,0,0,0,,0,,,,,0
57538,IONQ INC,IONQ,2012,0,0,0,,0,,,,,0
57538,IONQ INC,IONQ,2013,0,0,0,,0,,,,,0
57538,IONQ INC,IONQ,2014,0,0,0,,0,,,,,0
57538,IONQ INC,IONQ,2015,0,0,0,,0,,,,,0
57538,IONQ INC,IONQ,2016,0,0,0,,0,,,,,0
57538,IONQ INC,IONQ,2017,0,0,0,,0,,,,,0
57538,IONQ INC,IONQ,2018,1,1,5,0.2,0,,,,,0
57538,IONQ INC,IONQ,2019,2,2,24,0.0833,0,,,,,0
57538,IONQ INC,IONQ,2020,3,3,16,0.1875,0,,,,,0
57538,IONQ INC,IONQ,2021,5,5,23,0.2174,0,0.546298,0.268925,0.277372,12,0
57538,IONQ INC,IONQ,2022,3,3,60,0.05,0,-0.793413,-0.194429,-0.598984,12,0
57538,IONQ INC,IONQ,2023,5,5,44,0.1136,0,2.591307,0.242305,2.349002,12,0
57538,IONQ INC,IONQ,2024,4,4,29,0.1379,0,2.371267,0.233091,2.138176,12,1
57538,IONQ INC,IONQ,2025,2,2,5,0.4,0,0.074216,0.163879,-0.089663,12,1
56299,IQIYI INC,IQ,2010,0,0,0,,0,,,,,0
56299,IQIYI INC,IQ,2011,0,0,0,,0,,,,,0
56299,IQIYI INC,IQ,2012,0,0,0,,0,,,,,0
56299,IQIYI INC,IQ,2013,0,0,0,,0,,,,,0
56299,IQIYI INC,IQ,2014,0,0,0,,0,,,,,0
56299,IQIYI INC,IQ,2015,0,0,0,,0,,,,,0
56299,IQIYI INC,IQ,2016,0,0,0,,0,,,,,0
56299,IQIYI INC,IQ,2017,1,1,8,0.125,0,,,,,0
56299,IQIYI INC,IQ,2018,0,0,0,,1,-0.04373,-0.050749,0.007019,9,0
56299,IQIYI INC,IQ,2019,0,0,0,,2,0.419637,0.288778,0.130858,12,0
56299,IQIYI INC,IQ,2020,0,0,0,,3,-0.171957,0.16259,-0.334547,12,0
56299,IQIYI INC,IQ,2021,0,0,0,,1,-0.739131,0.268925,-1.008056,12,0
56299,IQIYI INC,IQ,2022,0,0,0,,1,0.162279,-0.194429,0.356708,12,0
56299,IQIYI INC,IQ,2023,0,0,0,,0,-0.079246,0.242305,-0.321551,12,0
56299,IQIYI INC,IQ,2024,0,0,0,,2,-0.588115,0.233091,-0.821205,12,1
56299,IQIYI INC,IQ,2025,0,0,0,,0,-0.044778,0.163879,-0.208656,12,1
20996,INTERNATIONAL RECTIFIER CORP,IRF,2010,0,0,18,0.0,0,,,,,0
20996,INTERNATIONAL RECTIFIER CORP,IRF,2011,0,0,62,0.0,0,,,,,0
20996,INTERNATIONAL RECTIFIER CORP,IRF,2012,0,0,36,0.0,0,,,,,0
20996,INTERNATIONAL RECTIFIER CORP,IRF,2013,0,0,82,0.0,0,,,,,0
20996,INTERNATIONAL RECTIFIER CORP,IRF,2014,0,0,71,0.0,0,,,,,0
20996,INTERNATIONAL RECTIFIER CORP,IRF,2015,0,0,57,0.0,0,,,,,0
20996,INTERNATIONAL RECTIFIER CORP,IRF,2016,0,0,0,,0,,,,,0
20996,INTERNATIONAL RECTIFIER CORP,IRF,2017,0,0,0,,0,,,,,0
20996,INTERNATIONAL RECTIFIER CORP,IRF,2018,0,0,0,,0,,,,,0
20996,INTERNATIONAL RECTIFIER CORP,IRF,2019,0,0,0,,0,,,,,0
20996,INTERNATIONAL RECTIFIER CORP,IRF,2020,0,0,0,,0,,,,,0
20996,INTERNATIONAL RECTIFIER CORP,IRF,2021,0,0,0,,0,,,,,0
20996,INTERNATIONAL RECTIFIER CORP,IRF,2022,0,0,0,,0,,,,,0
20996,INTERNATIONAL RECTIFIER CORP,IRF,2023,0,0,0,,0,,,,,0
20996,INTERNATIONAL RECTIFIER CORP,IRF,2024,0,0,0,,0,,,,,1
20996,INTERNATIONAL RECTIFIER CORP,IRF,2025,0,0,0,,0,,,,,1
14377,IRIDEX CORP,IRIX,2010,0,0,0,,0,,,,,0
14377,IRIDEX CORP,IRIX,2011,0,0,0,,0,,,,,0
14377,IRIDEX CORP,IRIX,2012,0,0,5,0.0,0,,,,,0
14377,IRIDEX CORP,IRIX,2013,0,0,4,0.0,0,,,,,0
14377,IRIDEX CORP,IRIX,2014,0,0,2,0.0,0,,,,,0
14377,IRIDEX CORP,IRIX,2015,0,0,4,0.0,0,,,,,0
14377,IRIDEX CORP,IRIX,2016,0,0,3,0.0,0,,,,,0
14377,IRIDEX CORP,IRIX,2017,0,0,4,0.0,0,-0.458038,0.194199,-0.652237,12,0
14377,IRIDEX CORP,IRIX,2018,0,0,2,0.0,0,-0.383202,-0.062372,-0.32083,12,0
14377,IRIDEX CORP,IRIX,2019,0,0,4,0.0,0,-0.525532,0.288778,-0.814311,12,0
14377,IRIDEX CORP,IRIX,2020,0,0,2,0.0,0,0.125559,0.16259,-0.03703,12,0
14377,IRIDEX CORP,IRIX,2021,0,0,5,0.0,0,1.43426,0.268925,1.165335,12,0
14377,IRIDEX CORP,IRIX,2022,0,0,2,0.0,0,-0.671031,-0.194429,-0.476602,12,0
14377,IRIDEX CORP,IRIX,2023,0,0,4,0.0,0,0.398009,0.242305,0.155704,12,0
14377,IRIDEX CORP,IRIX,2024,0,0,2,0.0,0,-0.402134,0.233091,-0.635225,12,1
14377,IRIDEX CORP,IRIX,2025,0,0,1,0.0,0,-0.32143,0.163879,-0.485309,12,1
37727,INTUITIVE SURGICAL INC,ISRG,2010,0,2,71,0.0282,0,,,,,0
37727,INTUITIVE SURGICAL INC,ISRG,2011,0,0,70,0.0,0,,,,,0
37727,INTUITIVE SURGICAL INC,ISRG,2012,0,2,73,0.0274,0,,,,,0
37727,INTUITIVE SURGICAL INC,ISRG,2013,0,0,137,0.0,0,,,,,0
37727,INTUITIVE SURGICAL INC,ISRG,2014,0,5,148,0.0338,0,,,,,0
37727,INTUITIVE SURGICAL INC,ISRG,2015,0,4,186,0.0215,0,,,,,0
37727,INTUITIVE SURGICAL INC,ISRG,2016,0,2,129,0.0155,0,,,,,0
37727,INTUITIVE SURGICAL INC,ISRG,2017,0,3,213,0.0141,2,0.726383,0.194199,0.532183,12,0
37727,INTUITIVE SURGICAL INC,ISRG,2018,0,7,212,0.033,3,0.312324,-0.062372,0.374696,12,0
37727,INTUITIVE SURGICAL INC,ISRG,2019,0,8,282,0.0284,0,0.23434,0.288778,-0.054438,12,0
37727,INTUITIVE SURGICAL INC,ISRG,2020,0,14,251,0.0558,10,0.383913,0.16259,0.221323,12,0
37727,INTUITIVE SURGICAL INC,ISRG,2021,0,18,266,0.0677,7,0.317564,0.268925,0.048639,12,0
37727,INTUITIVE SURGICAL INC,ISRG,2022,0,7,221,0.0317,13,-0.261481,-0.194429,-0.067052,12,0
37727,INTUITIVE SURGICAL INC,ISRG,2023,0,6,253,0.0237,17,0.271378,0.242305,0.029073,12,0
37727,INTUITIVE SURGICAL INC,ISRG,2024,0,20,247,0.081,12,0.547189,0.233091,0.314098,12,1
37727,INTUITIVE SURGICAL INC,ISRG,2025,0,20,219,0.0913,8,0.085065,0.163879,-0.078814,12,1
56652,ITAMAR MEDICAL LTD,ITMR,2010,0,0,1,0.0,0,,,,,0
56652,ITAMAR MEDICAL LTD,ITMR,2011,0,0,0,,0,,,,,0
56652,ITAMAR MEDICAL LTD,ITMR,2012,0,0,1,0.0,0,,,,,0
56652,ITAMAR MEDICAL LTD,ITMR,2013,0,0,0,,0,,,,,0
56652,ITAMAR MEDICAL LTD,ITMR,2014,0,0,0,,0,,,,,0
56652,ITAMAR MEDICAL LTD,ITMR,2015,0,0,0,,0,,,,,0
56652,ITAMAR MEDICAL LTD,ITMR,2016,0,0,0,,0,,,,,0
56652,ITAMAR MEDICAL LTD,ITMR,2017,0,0,0,,0,,,,,0
56652,ITAMAR MEDICAL LTD,ITMR,2018,0,0,1,0.0,0,,,,,0
56652,ITAMAR MEDICAL LTD,ITMR,2019,0,0,0,,0,0.0725,0.160275,-0.087775,10,0
56652,ITAMAR MEDICAL LTD,ITMR,2020,0,0,0,,0,0.543123,0.16259,0.380534,12,0
56652,ITAMAR MEDICAL LTD,ITMR,2021,0,0,4,0.0,0,0.560924,0.268925,0.291999,12,0
56652,ITAMAR MEDICAL LTD,ITMR,2022,0,2,3,0.6667,0,,,,,0
56652,ITAMAR MEDICAL LTD,ITMR,2023,0,1,2,0.5,0,,,,,0
56652,ITAMAR MEDICAL LTD,ITMR,2024,0,2,4,0.5,0,,,,,1
56652,ITAMAR MEDICAL LTD,ITMR,2025,0,0,1,0.0,0,,,,,1
21019,JOHNSON CONTROLS INC,JCI,2010,0,2,111,0.018,0,,,,,0
21019,JOHNSON CONTROLS INC,JCI,2011,0,0,146,0.0,0,,,,,0
21019,JOHNSON CONTROLS INC,JCI,2012,0,2,126,0.0159,0,,,,,0
21019,JOHNSON CONTROLS INC,JCI,2013,0,6,195,0.0308,0,,,,,0
21019,JOHNSON CONTROLS INC,JCI,2014,0,4,216,0.0185,0,,,,,0
21019,JOHNSON CONTROLS INC,JCI,2015,0,8,151,0.053,0,,,,,0
21019,JOHNSON CONTROLS INC,JCI,2016,0,26,175,0.1486,0,,,,,0
21019,JOHNSON CONTROLS INC,JCI,2017,0,11,206,0.0534,0,,,,,0
21019,JOHNSON CONTROLS INC,JCI,2018,0,56,408,0.1373,0,,,,,0
21019,JOHNSON CONTROLS INC,JCI,2019,0,73,457,0.1597,0,,,,,0
21019,JOHNSON CONTROLS INC,JCI,2020,0,58,217,0.2673,0,,,,,0
21019,JOHNSON CONTROLS INC,JCI,2021,0,70,291,0.2405,0,,,,,0
21019,JOHNSON CONTROLS INC,JCI,2022,0,66,262,0.2519,0,,,,,0
21019,JOHNSON CONTROLS INC,JCI,2023,0,65,272,0.239,0,,,,,0
21019,JOHNSON CONTROLS INC,JCI,2024,0,17,46,0.3696,0,,,,,1
21019,JOHNSON CONTROLS INC,JCI,2025,0,1,3,0.3333,0,,,,,1
21018,JOHNSON & JOHNSON,JNJ,2010,0,1,2,0.5,0,,,,,0
21018,JOHNSON & JOHNSON,JNJ,2011,0,0,1,0.0,0,,,,,0
21018,JOHNSON & JOHNSON,JNJ,2012,1,1,46,0.0217,0,,,,,0
21018,JOHNSON & JOHNSON,JNJ,2013,0,2,170,0.0118,0,,,,,0
21018,JOHNSON & JOHNSON,JNJ,2014,0,2,110,0.0182,0,,,,,0
21018,JOHNSON & JOHNSON,JNJ,2015,0,0,118,0.0,0,,,,,0
21018,JOHNSON & JOHNSON,JNJ,2016,0,2,123,0.0163,0,,,,,0
21018,JOHNSON & JOHNSON,JNJ,2017,0,0,114,0.0,2,0.244046,0.194199,0.049846,12,0
21018,JOHNSON & JOHNSON,JNJ,2018,0,3,173,0.0173,0,-0.051358,-0.062372,0.011014,12,0
21018,JOHNSON & JOHNSON,JNJ,2019,0,1,113,0.0088,2,0.162099,0.288778,-0.126679,12,0
21018,JOHNSON & JOHNSON,JNJ,2020,0,2,131,0.0153,1,0.108514,0.16259,-0.054076,12,0
21018,JOHNSON & JOHNSON,JNJ,2021,0,6,131,0.0458,4,0.114484,0.268925,-0.154442,12,0
21018,JOHNSON & JOHNSON,JNJ,2022,0,5,108,0.0463,7,0.059677,-0.194429,0.254106,12,0
21018,JOHNSON & JOHNSON,JNJ,2023,0,4,103,0.0388,8,-0.086036,0.242305,-0.328341,12,0
21018,JOHNSON & JOHNSON,JNJ,2024,0,8,68,0.1176,13,-0.04798,0.233091,-0.281071,12,1
21018,JOHNSON & JOHNSON,JNJ,2025,0,3,22,0.1364,22,0.474608,0.163879,0.310729,12,1
16614,JUNIPER NETWORKS INC,JNPR,2010,0,0,197,0.0,0,,,,,0
16614,JUNIPER NETWORKS INC,JNPR,2011,2,2,128,0.0156,0,,,,,0
16614,JUNIPER NETWORKS INC,JNPR,2012,1,1,132,0.0076,0,,,,,0
16614,JUNIPER NETWORKS INC,JNPR,2013,3,3,87,0.0345,0,,,,,0
16614,JUNIPER NETWORKS INC,JNPR,2014,6,6,114,0.0526,0,,,,,0
16614,JUNIPER NETWORKS INC,JNPR,2015,2,2,126,0.0159,0,,,,,0
16614,JUNIPER NETWORKS INC,JNPR,2016,6,6,131,0.0458,0,,,,,0
16614,JUNIPER NETWORKS INC,JNPR,2017,7,7,140,0.05,0,0.022853,0.194199,-0.171346,12,0
16614,JUNIPER NETWORKS INC,JNPR,2018,13,13,171,0.076,0,-0.030572,-0.062372,0.0318,12,0
16614,JUNIPER NETWORKS INC,JNPR,2019,12,12,162,0.0741,0,-0.056294,0.288778,-0.345073,12,0
16614,JUNIPER NETWORKS INC,JNPR,2020,16,16,202,0.0792,0,-0.053801,0.16259,-0.216391,12,0
16614,JUNIPER NETWORKS INC,JNPR,2021,22,22,202,0.1089,2,0.633743,0.268925,0.364817,12,0
16614,JUNIPER NETWORKS INC,JNPR,2022,31,31,229,0.1354,9,-0.080815,-0.194429,0.113613,12,0
16614,JUNIPER NETWORKS INC,JNPR,2023,34,34,206,0.165,4,-0.049915,0.242305,-0.29222,12,0
16614,JUNIPER NETWORKS INC,JNPR,2024,31,31,120,0.2583,3,0.301091,0.233091,0.068,12,1
16614,JUNIPER NETWORKS INC,JNPR,2025,17,17,85,0.2,3,0.081203,0.077829,0.003374,7,1
20436,JPMORGAN CHASE & CO,JPM,2010,0,0,18,0.0,0,,,,,0
20436,JPMORGAN CHASE & CO,JPM,2011,0,0,16,0.0,0,,,,,0
20436,JPMORGAN CHASE & CO,JPM,2012,0,1,30,0.0333,0,,,,,0
20436,JPMORGAN CHASE & CO,JPM,2013,0,2,82,0.0244,0,,,,,0
20436,JPMORGAN CHASE & CO,JPM,2014,0,3,52,0.0577,0,,,,,0
20436,JPMORGAN CHASE & CO,JPM,2015,0,2,30,0.0667,0,,,,,0
20436,JPMORGAN CHASE & CO,JPM,2016,0,4,41,0.0976,0,,,,,0
20436,JPMORGAN CHASE & CO,JPM,2017,0,13,52,0.25,0,0.267313,0.194199,0.073114,12,0
20436,JPMORGAN CHASE & CO,JPM,2018,0,33,138,0.2391,2,-0.066457,-0.062372,-0.004085,12,0
20436,JPMORGAN CHASE & CO,JPM,2019,0,44,190,0.2316,20,0.472668,0.288778,0.18389,12,0
20436,JPMORGAN CHASE & CO,JPM,2020,0,64,210,0.3048,37,-0.055181,0.16259,-0.217771,12,0
20436,JPMORGAN CHASE & CO,JPM,2021,0,109,308,0.3539,64,0.277252,0.268925,0.008327,12,0
20436,JPMORGAN CHASE & CO,JPM,2022,0,121,314,0.3854,82,-0.126115,-0.194429,0.068314,12,0
20436,JPMORGAN CHASE & CO,JPM,2023,0,186,413,0.4504,112,0.306273,0.242305,0.063968,12,0
20436,JPMORGAN CHASE & CO,JPM,2024,0,101,271,0.3727,134,0.442691,0.233091,0.209601,12,1
20436,JPMORGAN CHASE & CO,JPM,2025,0,22,79,0.2785,95,0.373244,0.163879,0.209365,12,1
30497,KOREA ELECTRIC POWER CO,KEP,2010,0,0,12,0.0,0,,,,,0
30497,KOREA ELECTRIC POWER CO,KEP,2011,2,2,17,0.1176,0,,,,,0
30497,KOREA ELECTRIC POWER CO,KEP,2012,0,0,12,0.0,0,,,,,0
30497,KOREA ELECTRIC POWER CO,KEP,2013,0,0,14,0.0,0,,,,,0
30497,KOREA ELECTRIC POWER CO,KEP,2014,0,0,7,0.0,0,,,,,0
30497,KOREA ELECTRIC POWER CO,KEP,2015,0,0,10,0.0,0,,,,,0
30497,KOREA ELECTRIC POWER CO,KEP,2016,2,2,29,0.069,0,,,,,0
30497,KOREA ELECTRIC POWER CO,KEP,2017,0,0,17,0.0,0,-0.041667,0.194199,-0.235867,12,0
30497,KOREA ELECTRIC POWER CO,KEP,2018,1,1,7,0.1429,0,-0.167136,-0.062372,-0.104764,12,0
30497,KOREA ELECTRIC POWER CO,KEP,2019,0,0,3,0.0,0,-0.197967,0.288778,-0.486746,12,0
30497,KOREA ELECTRIC POWER CO,KEP,2020,0,0,2,0.0,0,0.037194,0.16259,-0.125395,12,0
30497,KOREA ELECTRIC POWER CO,KEP,2021,0,0,0,,0,-0.255093,0.268925,-0.524019,12,0
30497,KOREA ELECTRIC POWER CO,KEP,2022,1,1,3,0.3333,0,-0.054704,-0.194429,0.139725,12,0
30497,KOREA ELECTRIC POWER CO,KEP,2023,0,0,0,,0,-0.160881,0.242305,-0.403186,12,0
30497,KOREA ELECTRIC POWER CO,KEP,2024,0,0,0,,1,-0.051037,0.233091,-0.284127,12,1
30497,KOREA ELECTRIC POWER CO,KEP,2025,0,0,4,0.0,1,1.408726,0.163879,1.244847,12,1
55033,KEYSIGHT TECHNOLOGIES INC,KEYS,2010,0,0,0,,0,,,,,0
55033,KEYSIGHT TECHNOLOGIES INC,KEYS,2011,0,0,0,,0,,,,,0
55033,KEYSIGHT TECHNOLOGIES INC,KEYS,2012,0,0,0,,0,,,,,0
55033,KEYSIGHT TECHNOLOGIES INC,KEYS,2013,0,0,13,0.0,0,,,,,0
55033,KEYSIGHT TECHNOLOGIES INC,KEYS,2014,0,0,21,0.0,0,,,,,0
55033,KEYSIGHT TECHNOLOGIES INC,KEYS,2015,1,1,39,0.0256,0,,,,,0
55033,KEYSIGHT TECHNOLOGIES INC,KEYS,2016,1,1,28,0.0357,0,,,,,0
55033,KEYSIGHT TECHNOLOGIES INC,KEYS,2017,2,2,36,0.0556,0,0.137545,0.194199,-0.056654,12,0
55033,KEYSIGHT TECHNOLOGIES INC,KEYS,2018,0,0,46,0.0,2,0.492308,-0.062372,0.55468,12,0
55033,KEYSIGHT TECHNOLOGIES INC,KEYS,2019,1,1,46,0.0217,0,0.653188,0.288778,0.36441,12,0
55033,KEYSIGHT TECHNOLOGIES INC,KEYS,2020,1,1,44,0.0227,0,0.287049,0.16259,0.124459,12,0
55033,KEYSIGHT TECHNOLOGIES INC,KEYS,2021,4,4,43,0.093,0,0.563404,0.268925,0.294478,12,0
55033,KEYSIGHT TECHNOLOGIES INC,KEYS,2022,0,0,36,0.0,1,-0.171614,-0.194429,0.022815,12,0
55033,KEYSIGHT TECHNOLOGIES INC,KEYS,2023,8,8,51,0.1569,0,-0.070031,0.242305,-0.312336,12,0
55033,KEYSIGHT TECHNOLOGIES INC,KEYS,2024,5,6,33,0.1818,0,0.00968,0.233091,-0.223411,12,1
55033,KEYSIGHT TECHNOLOGIES INC,KEYS,2025,3,3,8,0.375,1,0.264955,0.163879,0.101076,12,1
56339,NLIGHT INC,LASR,2010,0,0,2,0.0,0,,,,,0
56339,NLIGHT INC,LASR,2011,0,0,2,0.0,0,,,,,0
56339,NLIGHT INC,LASR,2012,0,0,3,0.0,0,,,,,0
56339,NLIGHT INC,LASR,2013,0,0,12,0.0,0,,,,,0
56339,NLIGHT INC,LASR,2014,0,0,8,0.0,0,,,,,0
56339,NLIGHT INC,LASR,2015,0,0,15,0.0,0,,,,,0
56339,NLIGHT INC,LASR,2016,0,0,24,0.0,0,,,,,0
56339,NLIGHT INC,LASR,2017,0,0,32,0.0,0,,,,,0
56339,NLIGHT INC,LASR,2018,0,0,48,0.0,0,-0.34026,-0.050749,-0.289511,9,0
56339,NLIGHT INC,LASR,2019,0,0,29,0.0,0,0.140606,0.288778,-0.148172,12,0
56339,NLIGHT INC,LASR,2020,0,0,28,0.0,0,0.609963,0.16259,0.447373,12,0
56339,NLIGHT INC,LASR,2021,0,0,16,0.0,0,-0.266461,0.268925,-0.535387,12,0
56339,NLIGHT INC,LASR,2022,0,0,15,0.0,0,-0.576618,-0.194429,-0.382189,12,0
56339,NLIGHT INC,LASR,2023,0,0,8,0.0,0,0.331361,0.242305,0.089056,12,0
56339,NLIGHT INC,LASR,2024,0,0,11,0.0,0,-0.222964,0.233091,-0.456055,12,1
56339,NLIGHT INC,LASR,2025,0,0,3,0.0,0,2.575787,0.163879,2.411908,12,1
30388,LEAR CORP,LEA,2010,0,0,72,0.0,0,,,,,0
30388,LEAR CORP,LEA,2011,0,0,89,0.0,0,,,,,0
30388,LEAR CORP,LEA,2012,0,0,75,0.0,0,,,,,0
30388,LEAR CORP,LEA,2013,1,1,68,0.0147,0,,,,,0
30388,LEAR CORP,LEA,2014,0,0,69,0.0,0,,,,,0
30388,LEAR CORP,LEA,2015,1,1,79,0.0127,0,,,,,0
30388,LEAR CORP,LEA,2016,1,1,71,0.0141,0,,,,,0
30388,LEAR CORP,LEA,2017,5,5,91,0.0549,0,0.352105,0.194199,0.157905,12,0
30388,LEAR CORP,LEA,2018,3,3,107,0.028,0,-0.292892,-0.062372,-0.23052,12,0
30388,LEAR CORP,LEA,2019,6,6,95,0.0632,0,0.143645,0.288778,-0.145134,12,0
30388,LEAR CORP,LEA,2020,6,6,98,0.0612,0,0.169033,0.16259,0.006443,12,0
30388,LEAR CORP,LEA,2021,1,1,106,0.0094,0,0.162098,0.268925,-0.106828,12,0
30388,LEAR CORP,LEA,2022,1,1,78,0.0128,0,-0.306868,-0.194429,-0.11244,12,0
30388,LEAR CORP,LEA,2023,0,0,97,0.0,0,0.164192,0.242305,-0.078113,12,0
30388,LEAR CORP,LEA,2024,2,2,80,0.025,0,-0.311734,0.233091,-0.544825,12,1
30388,LEAR CORP,LEA,2025,0,0,22,0.0,0,0.248011,0.163879,0.084132,12,1
56540,LINDE PLC,LIN,2010,0,0,30,0.0,0,,,,,0
56540,LINDE PLC,LIN,2011,0,0,36,0.0,0,,,,,0
56540,LINDE PLC,LIN,2012,0,0,50,0.0,0,,,,,0
56540,LINDE PLC,LIN,2013,0,0,76,0.0,0,,,,,0
56540,LINDE PLC,LIN,2014,0,0,82,0.0,0,,,,,0
56540,LINDE PLC,LIN,2015,0,0,60,0.0,0,,,,,0
56540,LINDE PLC,LIN,2016,0,0,63,0.0,0,,,,,0
56540,LINDE PLC,LIN,2017,0,0,80,0.0,0,,,,,0
56540,LINDE PLC,LIN,2018,0,1,52,0.0192,0,-0.052044,-0.075557,0.023513,2,0
56540,LINDE PLC,LIN,2019,0,0,53,0.0,0,0.390591,0.288778,0.101812,12,0
56540,LINDE PLC,LIN,2020,0,0,54,0.0,0,0.259026,0.16259,0.096436,12,0
56540,LINDE PLC,LIN,2021,1,1,54,0.0185,0,0.33382,0.268925,0.064894,12,0
56540,LINDE PLC,LIN,2022,1,1,51,0.0196,0,-0.043966,-0.194429,0.150463,12,0
56540,LINDE PLC,LIN,2023,0,0,20,0.0,0,0.276579,0.242305,0.034274,12,0
56540,LINDE PLC,LIN,2024,0,0,0,,0,0.031802,0.233091,-0.201288,12,1
56540,LINDE PLC,LIN,2025,0,0,1,0.0,0,0.032072,0.163879,-0.131807,12,1
13125,LA JOLLA PHARMACEUTICAL CO,LJPC,2010,0,0,0,,0,,,,,0
13125,LA JOLLA PHARMACEUTICAL CO,LJPC,2011,0,0,0,,0,,,,,0
13125,LA JOLLA PHARMACEUTICAL CO,LJPC,2012,0,0,0,,0,,,,,0
13125,LA JOLLA PHARMACEUTICAL CO,LJPC,2013,0,0,0,,0,,,,,0
13125,LA JOLLA PHARMACEUTICAL CO,LJPC,2014,0,0,0,,0,,,,,0
13125,LA JOLLA PHARMACEUTICAL CO,LJPC,2015,0,0,1,0.0,0,,,,,0
13125,LA JOLLA PHARMACEUTICAL CO,LJPC,2016,0,0,2,0.0,0,,,,,0
13125,LA JOLLA PHARMACEUTICAL CO,LJPC,2017,0,0,5,0.0,0,0.83571,0.194199,0.64151,12,0
13125,LA JOLLA PHARMACEUTICAL CO,LJPC,2018,0,0,4,0.0,0,-0.706961,-0.062372,-0.644588,12,0
13125,LA JOLLA PHARMACEUTICAL CO,LJPC,2019,0,0,2,0.0,0,-0.583244,0.288778,-0.872023,12,0
13125,LA JOLLA PHARMACEUTICAL CO,LJPC,2020,0,0,3,0.0,0,-0.012723,0.16259,-0.175313,12,0
13125,LA JOLLA PHARMACEUTICAL CO,LJPC,2021,0,0,2,0.0,0,0.198453,0.268925,-0.070473,12,0
13125,LA JOLLA PHARMACEUTICAL CO,LJPC,2022,0,0,1,0.0,0,0.339785,-0.170195,0.50998,8,0
13125,LA JOLLA PHARMACEUTICAL CO,LJPC,2023,0,0,0,,0,,,,,0
13125,LA JOLLA PHARMACEUTICAL CO,LJPC,2024,0,0,1,0.0,0,,,,,1
13125,LA JOLLA PHARMACEUTICAL CO,LJPC,2025,0,0,0,,0,,,,,1
21110,LOCKHEED MARTIN CORP,LMT,2010,11,11,170,0.0647,0,,,,,0
21110,LOCKHEED MARTIN CORP,LMT,2011,10,10,157,0.0637,0,,,,,0
21110,LOCKHEED MARTIN CORP,LMT,2012,15,15,125,0.12,0,,,,,0
21110,LOCKHEED MARTIN CORP,LMT,2013,15,15,126,0.119,0,,,,,0
21110,LOCKHEED MARTIN CORP,LMT,2014,9,9,112,0.0804,0,,,,,0
21110,LOCKHEED MARTIN CORP,LMT,2015,16,16,117,0.1368,0,,,,,0
21110,LOCKHEED MARTIN CORP,LMT,2016,17,17,189,0.0899,0,,,,,0
21110,LOCKHEED MARTIN CORP,LMT,2017,8,8,119,0.0672,0,0.317528,0.194199,0.123329,12,0
21110,LOCKHEED MARTIN CORP,LMT,2018,6,6,87,0.069,0,-0.163347,-0.062372,-0.100975,12,0
21110,LOCKHEED MARTIN CORP,LMT,2019,6,6,81,0.0741,8,0.525337,0.288778,0.236558,12,0
21110,LOCKHEED MARTIN CORP,LMT,2020,4,4,76,0.0526,7,-0.064466,0.16259,-0.227056,12,0
21110,LOCKHEED MARTIN CORP,LMT,2021,10,10,60,0.1667,9,0.031895,0.268925,-0.23703,12,0
21110,LOCKHEED MARTIN CORP,LMT,2022,12,13,56,0.2321,10,0.404283,-0.194429,0.598711,12,0
21110,LOCKHEED MARTIN CORP,LMT,2023,5,5,64,0.0781,4,-0.043116,0.242305,-0.285421,12,0
21110,LOCKHEED MARTIN CORP,LMT,2024,7,7,46,0.1522,4,0.100281,0.233091,-0.13281,12,1
21110,LOCKHEED MARTIN CORP,LMT,2025,0,0,17,0.0,8,0.024856,0.163879,-0.139023,12,1
55609,LINE CORP,LN,2010,0,0,0,,0,,,,,0
55609,LINE CORP,LN,2011,0,0,0,,0,,,,,0
55609,LINE CORP,LN,2012,0,0,2,0.0,0,,,,,0
55609,LINE CORP,LN,2013,0,0,1,0.0,0,,,,,0
55609,LINE CORP,LN,2014,0,0,0,,0,,,,,0
55609,LINE CORP,LN,2015,4,4,43,0.093,0,,,,,0
55609,LINE CORP,LN,2016,4,4,40,0.1,0,,,,,0
55609,LINE CORP,LN,2017,3,3,27,0.1111,1,0.205231,0.194199,0.011032,12,0
55609,LINE CORP,LN,2018,4,4,30,0.1333,3,-0.167846,-0.062372,-0.105473,12,0
55609,LINE CORP,LN,2019,11,11,42,0.2619,5,0.436819,0.288778,0.148041,12,0
55609,LINE CORP,LN,2020,13,13,72,0.1806,8,0.058337,0.16259,-0.104253,12,0
55609,LINE CORP,LN,2021,20,20,53,0.3774,0,,,,,0
55609,LINE CORP,LN,2022,12,12,73,0.1644,0,,,,,0
55609,LINE CORP,LN,2023,3,3,12,0.25,0,,,,,0
55609,LINE CORP,LN,2024,2,2,8,0.25,0,,,,,1
55609,LINE CORP,LN,2025,8,8,16,0.5,0,,,,,1
53751,LINKEDIN CORP,LNKD,2010,0,0,0,,0,,,,,0
53751,LINKEDIN CORP,LNKD,2011,1,1,4,0.25,0,,,,,0
53751,LINKEDIN CORP,LNKD,2012,2,2,19,0.1053,0,,,,,0
53751,LINKEDIN CORP,LNKD,2013,15,15,64,0.2344,0,,,,,0
53751,LINKEDIN CORP,LNKD,2014,33,33,113,0.292,0,,,,,0
53751,LINKEDIN CORP,LNKD,2015,95,95,225,0.4222,0,,,,,0
53751,LINKEDIN CORP,LNKD,2016,130,130,272,0.4779,0,,,,,0
53751,LINKEDIN CORP,LNKD,2017,56,56,104,0.5385,0,,,,,0
53751,LINKEDIN CORP,LNKD,2018,1,1,1,1.0,0,,,,,0
53751,LINKEDIN CORP,LNKD,2019,0,0,0,,0,,,,,0
53751,LINKEDIN CORP,LNKD,2020,0,0,0,,0,,,,,0
53751,LINKEDIN CORP,LNKD,2021,0,0,0,,0,,,,,0
53751,LINKEDIN CORP,LNKD,2022,0,0,0,,0,,,,,0
53751,LINKEDIN CORP,LNKD,2023,0,0,0,,0,,,,,0
53751,LINKEDIN CORP,LNKD,2024,0,0,0,,0,,,,,1
53751,LINKEDIN CORP,LNKD,2025,0,0,0,,0,,,,,1
10359,LATTICE SEMICONDUCTOR CORP,LSCC,2010,0,0,0,,0,,,,,0
10359,LATTICE SEMICONDUCTOR CORP,LSCC,2011,0,0,0,,0,,,,,0
10359,LATTICE SEMICONDUCTOR CORP,LSCC,2012,0,0,0,,0,,,,,0
10359,LATTICE SEMICONDUCTOR CORP,LSCC,2013,0,0,15,0.0,0,,,,,0
10359,LATTICE SEMICONDUCTOR CORP,LSCC,2014,0,0,31,0.0,0,,,,,0
10359,LATTICE SEMICONDUCTOR CORP,LSCC,2015,0,0,21,0.0,0,,,,,0
10359,LATTICE SEMICONDUCTOR CORP,LSCC,2016,1,1,21,0.0476,0,,,,,0
10359,LATTICE SEMICONDUCTOR CORP,LSCC,2017,0,0,19,0.0,0,-0.214673,0.194199,-0.408873,12,0
10359,LATTICE SEMICONDUCTOR CORP,LSCC,2018,0,0,12,0.0,0,0.197234,-0.062372,0.259606,12,0
10359,LATTICE SEMICONDUCTOR CORP,LSCC,2019,1,1,8,0.125,1,1.765898,0.288778,1.477119,12,0
10359,LATTICE SEMICONDUCTOR CORP,LSCC,2020,0,0,7,0.0,0,1.393938,0.16259,1.231349,12,0
10359,LATTICE SEMICONDUCTOR CORP,LSCC,2021,0,0,3,0.0,0,0.6818,0.268925,0.412875,12,0
10359,LATTICE SEMICONDUCTOR CORP,LSCC,2022,0,0,4,0.0,0,-0.158059,-0.194429,0.03637,12,0
10359,LATTICE SEMICONDUCTOR CORP,LSCC,2023,1,1,10,0.1,0,0.063347,0.242305,-0.178958,12,0
10359,LATTICE SEMICONDUCTOR CORP,LSCC,2024,1,1,13,0.0769,0,-0.178867,0.233091,-0.411957,12,1
10359,LATTICE SEMICONDUCTOR CORP,LSCC,2025,1,1,5,0.2,0,0.298852,0.163879,0.134973,12,1
50864,LUNA INNOVATIONS INC,LUNA,2010,0,0,3,0.0,0,,,,,0
50864,LUNA INNOVATIONS INC,LUNA,2011,0,0,5,0.0,0,,,,,0
50864,LUNA INNOVATIONS INC,LUNA,2012,0,0,6,0.0,0,,,,,0
50864,LUNA INNOVATIONS INC,LUNA,2013,0,0,2,0.0,0,,,,,0
50864,LUNA INNOVATIONS INC,LUNA,2014,0,0,4,0.0,0,,,,,0
50864,LUNA INNOVATIONS INC,LUNA,2015,0,0,4,0.0,0,,,,,0
50864,LUNA INNOVATIONS INC,LUNA,2016,0,0,2,0.0,0,,,,,0
50864,LUNA INNOVATIONS INC,LUNA,2017,0,0,2,0.0,0,0.653059,0.194199,0.45886,12,0
50864,LUNA INNOVATIONS INC,LUNA,2018,0,0,4,0.0,0,0.378599,-0.062372,0.440971,12,0
50864,LUNA INNOVATIONS INC,LUNA,2019,0,0,3,0.0,0,1.176119,0.288778,0.887341,12,0
50864,LUNA INNOVATIONS INC,LUNA,2020,0,0,4,0.0,0,0.355281,0.16259,0.192691,12,0
50864,LUNA INNOVATIONS INC,LUNA,2021,0,0,2,0.0,0,-0.145749,0.268925,-0.414675,12,0
50864,LUNA INNOVATIONS INC,LUNA,2022,0,0,2,0.0,0,0.041469,-0.194429,0.235898,12,0
50864,LUNA INNOVATIONS INC,LUNA,2023,0,0,1,0.0,0,-0.243459,0.242305,-0.485764,12,0
50864,LUNA INNOVATIONS INC,LUNA,2024,0,0,0,,0,-0.675188,0.233091,-0.908279,12,1
50864,LUNA INNOVATIONS INC,LUNA,2025,0,0,0,,0,-0.49537,0.027016,-0.522386,1,1
37167,LEXICON PHARMACEUTICALS INC,LXRX,2010,0,0,1,0.0,0,,,,,0
37167,LEXICON PHARMACEUTICALS INC,LXRX,2011,0,0,4,0.0,0,,,,,0
37167,LEXICON PHARMACEUTICALS INC,LXRX,2012,0,0,1,0.0,0,,,,,0
37167,LEXICON PHARMACEUTICALS INC,LXRX,2013,0,0,2,0.0,0,,,,,0
37167,LEXICON PHARMACEUTICALS INC,LXRX,2014,0,0,3,0.0,0,,,,,0
37167,LEXICON PHARMACEUTICALS INC,LXRX,2015,0,0,5,0.0,0,,,,,0
37167,LEXICON PHARMACEUTICALS INC,LXRX,2016,0,0,3,0.0,0,,,,,0
37167,LEXICON PHARMACEUTICALS INC,LXRX,2017,0,0,2,0.0,0,-0.285612,0.194199,-0.479811,12,0
37167,LEXICON PHARMACEUTICALS INC,LXRX,2018,0,0,1,0.0,0,-0.327936,-0.062372,-0.265563,12,0
37167,LEXICON PHARMACEUTICALS INC,LXRX,2019,0,0,3,0.0,0,-0.375002,0.288778,-0.66378,12,0
37167,LEXICON PHARMACEUTICALS INC,LXRX,2020,0,0,5,0.0,0,-0.175904,0.16259,-0.338494,12,0
37167,LEXICON PHARMACEUTICALS INC,LXRX,2021,0,0,3,0.0,0,0.152047,0.268925,-0.116879,12,0
37167,LEXICON PHARMACEUTICALS INC,LXRX,2022,0,0,2,0.0,0,-0.515228,-0.194429,-0.3208,12,0
37167,LEXICON PHARMACEUTICALS INC,LXRX,2023,0,0,4,0.0,0,-0.198954,0.242305,-0.441259,12,0
37167,LEXICON PHARMACEUTICALS INC,LXRX,2024,0,0,4,0.0,0,-0.517321,0.233091,-0.750411,12,1
37167,LEXICON PHARMACEUTICALS INC,LXRX,2025,0,0,4,0.0,0,0.557212,0.163879,0.393333,12,1
56673,LYFT INC,LYFT,2010,0,0,0,,0,,,,,0
56673,LYFT INC,LYFT,2011,0,0,0,,0,,,,,0
56673,LYFT INC,LYFT,2012,0,0,0,,0,,,,,0
56673,LYFT INC,LYFT,2013,0,0,2,0.0,0,,,,,0
56673,LYFT INC,LYFT,2014,0,0,1,0.0,0,,,,,0
56673,LYFT INC,LYFT,2015,0,0,2,0.0,0,,,,,0
56673,LYFT INC,LYFT,2016,1,1,7,0.1429,0,,,,,0
56673,LYFT INC,LYFT,2017,20,20,34,0.5882,0,,,,,0
56673,LYFT INC,LYFT,2018,27,27,54,0.5,0,,,,,0
56673,LYFT INC,LYFT,2019,69,69,159,0.434,0,-0.450505,0.139845,-0.590349,9,0
56673,LYFT INC,LYFT,2020,52,52,142,0.3662,7,0.142026,0.16259,-0.020563,12,0
56673,LYFT INC,LYFT,2021,14,14,33,0.4242,11,-0.130266,0.268925,-0.399191,12,0
56673,LYFT INC,LYFT,2022,14,14,38,0.3684,2,-0.742102,-0.194429,-0.547673,12,0
56673,LYFT INC,LYFT,2023,13,13,50,0.26,1,0.360255,0.242305,0.11795,12,0
56673,LYFT INC,LYFT,2024,25,25,77,0.3247,0,-0.139425,0.233091,-0.372516,12,1
56673,LYFT INC,LYFT,2025,20,20,59,0.339,0,0.501548,0.163879,0.337669,12,1
50700,MASTERCARD INC,MA,2010,0,0,15,0.0,0,,,,,0
50700,MASTERCARD INC,MA,2011,0,0,21,0.0,0,,,,,0
50700,MASTERCARD INC,MA,2012,0,1,80,0.0125,0,,,,,0
50700,MASTERCARD INC,MA,2013,0,9,261,0.0345,0,,,,,0
50700,MASTERCARD INC,MA,2014,0,15,378,0.0397,0,,,,,0
50700,MASTERCARD INC,MA,2015,0,24,405,0.0593,0,,,,,0
50700,MASTERCARD INC,MA,2016,0,27,497,0.0543,0,,,,,0
50700,MASTERCARD INC,MA,2017,0,37,523,0.0707,0,0.476767,0.194199,0.282567,12,0
50700,MASTERCARD INC,MA,2018,0,33,392,0.0842,0,0.253194,-0.062372,0.315566,12,0
50700,MASTERCARD INC,MA,2019,0,36,383,0.094,0,0.5916,0.288778,0.302821,12,0
50700,MASTERCARD INC,MA,2020,0,38,288,0.1319,2,0.201741,0.16259,0.039152,12,0
50700,MASTERCARD INC,MA,2021,0,59,289,0.2042,11,0.011563,0.268925,-0.257362,12,0
50700,MASTERCARD INC,MA,2022,0,42,209,0.201,8,-0.026556,-0.194429,0.167872,12,0
50700,MASTERCARD INC,MA,2023,0,48,232,0.2069,2,0.233947,0.242305,-0.008357,12,0
50700,MASTERCARD INC,MA,2024,0,54,217,0.2488,3,0.241712,0.233091,0.008622,12,1
50700,MASTERCARD INC,MA,2025,0,20,89,0.2247,4,0.090308,0.163879,-0.073571,12,1
55315,SERES THERAPEUTICS INC,MCRB,2010,0,0,0,,0,,,,,0
55315,SERES THERAPEUTICS INC,MCRB,2011,0,0,0,,0,,,,,0
55315,SERES THERAPEUTICS INC,MCRB,2012,0,0,0,,0,,,,,0
55315,SERES THERAPEUTICS INC,MCRB,2013,0,0,0,,0,,,,,0
55315,SERES THERAPEUTICS INC,MCRB,2014,0,0,6,0.0,0,,,,,0
55315,SERES THERAPEUTICS INC,MCRB,2015,0,0,1,0.0,0,,,,,0
55315,SERES THERAPEUTICS INC,MCRB,2016,0,0,4,0.0,0,,,,,0
55315,SERES THERAPEUTICS INC,MCRB,2017,0,0,2,0.0,0,0.024241,0.194199,-0.169959,12,0
55315,SERES THERAPEUTICS INC,MCRB,2018,0,0,8,0.0,0,-0.554241,-0.062372,-0.491869,12,0
55315,SERES THERAPEUTICS INC,MCRB,2019,0,0,4,0.0,0,-0.236725,0.288778,-0.525504,12,0
55315,SERES THERAPEUTICS INC,MCRB,2020,0,0,5,0.0,0,6.101453,0.16259,5.938863,12,0
55315,SERES THERAPEUTICS INC,MCRB,2021,0,0,5,0.0,0,-0.66,0.268925,-0.928925,12,0
55315,SERES THERAPEUTICS INC,MCRB,2022,0,0,3,0.0,0,-0.327732,-0.194429,-0.133303,12,0
55315,SERES THERAPEUTICS INC,MCRB,2023,0,0,4,0.0,0,-0.75,0.242305,-0.992305,12,0
55315,SERES THERAPEUTICS INC,MCRB,2024,0,0,5,0.0,0,-0.406427,0.233091,-0.639518,12,1
55315,SERES THERAPEUTICS INC,MCRB,2025,0,0,1,0.0,0,-0.104695,0.163879,-0.268574,12,1
41680,MONDELEZ INTERNATIONAL INC,MDLZ,2010,0,0,45,0.0,0,,,,,0
41680,MONDELEZ INTERNATIONAL INC,MDLZ,2011,0,0,31,0.0,0,,,,,0
41680,MONDELEZ INTERNATIONAL INC,MDLZ,2012,0,0,29,0.0,0,,,,,0
41680,MONDELEZ INTERNATIONAL INC,MDLZ,2013,0,0,43,0.0,0,,,,,0
41680,MONDELEZ INTERNATIONAL INC,MDLZ,2014,0,0,37,0.0,0,,,,,0
41680,MONDELEZ INTERNATIONAL INC,MDLZ,2015,0,0,51,0.0,0,,,,,0
41680,MONDELEZ INTERNATIONAL INC,MDLZ,2016,0,0,16,0.0,0,,,,,0
41680,MONDELEZ INTERNATIONAL INC,MDLZ,2017,0,0,13,0.0,0,-0.015848,0.194199,-0.210047,12,0
41680,MONDELEZ INTERNATIONAL INC,MDLZ,2018,0,0,18,0.0,0,-0.042684,-0.062372,0.019688,12,0
41680,MONDELEZ INTERNATIONAL INC,MDLZ,2019,0,2,16,0.125,0,0.404252,0.288778,0.115473,12,0
41680,MONDELEZ INTERNATIONAL INC,MDLZ,2020,0,2,18,0.1111,0,0.085329,0.16259,-0.077261,12,0
41680,MONDELEZ INTERNATIONAL INC,MDLZ,2021,0,0,9,0.0,0,0.158852,0.268925,-0.110074,12,0
41680,MONDELEZ INTERNATIONAL INC,MDLZ,2022,0,0,9,0.0,0,0.029223,-0.194429,0.223652,12,0
41680,MONDELEZ INTERNATIONAL INC,MDLZ,2023,0,0,8,0.0,0,0.111784,0.242305,-0.130521,12,0
41680,MONDELEZ INTERNATIONAL INC,MDLZ,2024,0,1,7,0.1429,0,-0.153013,0.233091,-0.386104,12,1
41680,MONDELEZ INTERNATIONAL INC,MDLZ,2025,0,0,3,0.0,0,-0.070342,0.163879,-0.234221,12,1
2850,MEDTRONIC PLC,MDT,2010,10,10,611,0.0164,0,,,,,0
2850,MEDTRONIC PLC,MDT,2011,7,8,631,0.0127,0,,,,,0
2850,MEDTRONIC PLC,MDT,2012,4,4,490,0.0082,0,,,,,0
2850,MEDTRONIC PLC,MDT,2013,5,6,600,0.01,0,,,,,0
2850,MEDTRONIC PLC,MDT,2014,5,7,565,0.0124,0,,,,,0
2850,MEDTRONIC PLC,MDT,2015,6,13,545,0.0239,0,,,,,0
2850,MEDTRONIC PLC,MDT,2016,3,8,521,0.0154,0,,,,,0
2850,MEDTRONIC PLC,MDT,2017,9,10,523,0.0191,0,0.158866,0.194199,-0.035334,12,0
2850,MEDTRONIC PLC,MDT,2018,10,27,547,0.0494,1,0.151887,-0.062372,0.214259,12,0
2850,MEDTRONIC PLC,MDT,2019,7,25,551,0.0454,0,0.273345,0.288778,-0.015434,12,0
2850,MEDTRONIC PLC,MDT,2020,27,61,710,0.0859,0,0.056687,0.16259,-0.105903,12,0
2850,MEDTRONIC PLC,MDT,2021,35,57,711,0.0802,0,-0.098147,0.268925,-0.367072,12,0
2850,MEDTRONIC PLC,MDT,2022,27,52,597,0.0871,1,-0.225469,-0.194429,-0.031041,12,0
2850,MEDTRONIC PLC,MDT,2023,40,61,577,0.1057,2,0.096072,0.242305,-0.146233,12,0
2850,MEDTRONIC PLC,MDT,2024,10,36,451,0.0798,0,0.002718,0.233091,-0.230373,12,1
2850,MEDTRONIC PLC,MDT,2025,13,32,271,0.1181,10,0.240433,0.163879,0.076554,12,1
52670,MERCADOLIBRE INC,MELI,2010,0,0,0,,0,,,,,0
52670,MERCADOLIBRE INC,MELI,2011,0,0,0,,0,,,,,0
52670,MERCADOLIBRE INC,MELI,2012,0,0,0,,0,,,,,0
52670,MERCADOLIBRE INC,MELI,2013,0,0,0,,0,,,,,0
52670,MERCADOLIBRE INC,MELI,2014,0,0,0,,0,,,,,0
52670,MERCADOLIBRE INC,MELI,2015,0,0,0,,0,,,,,0
52670,MERCADOLIBRE INC,MELI,2016,0,0,0,,0,,,,,0
52670,MERCADOLIBRE INC,MELI,2017,0,0,0,,0,1.019909,0.194199,0.82571,12,0
52670,MERCADOLIBRE INC,MELI,2018,0,0,0,,0,-0.069313,-0.062372,-0.006941,12,0
52670,MERCADOLIBRE INC,MELI,2019,0,0,0,,0,0.95301,0.288778,0.664232,12,0
52670,MERCADOLIBRE INC,MELI,2020,0,0,0,,0,1.929014,0.16259,1.766425,12,0
52670,MERCADOLIBRE INC,MELI,2021,0,0,0,,0,-0.195091,0.268925,-0.464016,12,0
52670,MERCADOLIBRE INC,MELI,2022,0,0,0,,2,-0.372413,-0.194429,-0.177984,12,0
52670,MERCADOLIBRE INC,MELI,2023,0,0,0,,2,0.857087,0.242305,0.614782,12,0
52670,MERCADOLIBRE INC,MELI,2024,0,0,0,,3,0.082021,0.233091,-0.15107,12,1
52670,MERCADOLIBRE INC,MELI,2025,0,0,0,,4,0.184552,0.163879,0.020673,12,1
51810,MELLANOX TECHNOLOGIES LTD,MLNX,2010,0,0,9,0.0,0,,,,,0
51810,MELLANOX TECHNOLOGIES LTD,MLNX,2011,0,0,20,0.0,0,,,,,0
51810,MELLANOX TECHNOLOGIES LTD,MLNX,2012,0,0,31,0.0,0,,,,,0
51810,MELLANOX TECHNOLOGIES LTD,MLNX,2013,0,0,26,0.0,0,,,,,0
51810,MELLANOX TECHNOLOGIES LTD,MLNX,2014,0,0,22,0.0,0,,,,,0
51810,MELLANOX TECHNOLOGIES LTD,MLNX,2015,1,2,52,0.0385,0,,,,,0
51810,MELLANOX TECHNOLOGIES LTD,MLNX,2016,0,0,67,0.0,0,,,,,0
51810,MELLANOX TECHNOLOGIES LTD,MLNX,2017,2,2,74,0.027,0,0.581907,0.194199,0.387708,12,0
51810,MELLANOX TECHNOLOGIES LTD,MLNX,2018,0,0,54,0.0,0,0.427817,-0.062372,0.490189,12,0
51810,MELLANOX TECHNOLOGIES LTD,MLNX,2019,1,2,70,0.0286,0,0.268458,0.288778,-0.020321,12,0
51810,MELLANOX TECHNOLOGIES LTD,MLNX,2020,2,2,91,0.022,0,0.066734,-0.098536,0.16527,4,0
51810,MELLANOX TECHNOLOGIES LTD,MLNX,2021,7,8,140,0.0571,0,,,,,0
51810,MELLANOX TECHNOLOGIES LTD,MLNX,2022,23,23,205,0.1122,0,,,,,0
51810,MELLANOX TECHNOLOGIES LTD,MLNX,2023,14,14,185,0.0757,0,,,,,0
51810,MELLANOX TECHNOLOGIES LTD,MLNX,2024,18,18,205,0.0878,0,,,,,1
51810,MELLANOX TECHNOLOGIES LTD,MLNX,2025,6,6,102,0.0588,0,,,,,1
54459,MALLINCKRODT PLC,MNK,2010,0,0,35,0.0,0,,,,,0
54459,MALLINCKRODT PLC,MNK,2011,0,0,27,0.0,0,,,,,0
54459,MALLINCKRODT PLC,MNK,2012,0,0,27,0.0,0,,,,,0
54459,MALLINCKRODT PLC,MNK,2013,0,0,27,0.0,0,,,,,0
54459,MALLINCKRODT PLC,MNK,2014,0,0,33,0.0,0,,,,,0
54459,MALLINCKRODT PLC,MNK,2015,0,0,15,0.0,0,,,,,0
54459,MALLINCKRODT PLC,MNK,2016,0,0,35,0.0,0,,,,,0
54459,MALLINCKRODT PLC,MNK,2017,0,0,43,0.0,0,-0.547171,0.194199,-0.74137,12,0
54459,MALLINCKRODT PLC,MNK,2018,0,0,22,0.0,0,-0.299645,-0.062372,-0.237273,12,0
54459,MALLINCKRODT PLC,MNK,2019,0,0,20,0.0,0,-0.779114,0.288778,-1.067892,12,0
54459,MALLINCKRODT PLC,MNK,2020,0,0,19,0.0,0,-0.928367,0.012128,-0.940494,10,0
54459,MALLINCKRODT PLC,MNK,2021,0,0,11,0.0,0,,,,,0
54459,MALLINCKRODT PLC,MNK,2022,0,0,14,0.0,0,,,,,0
54459,MALLINCKRODT PLC,MNK,2023,0,0,10,0.0,0,,,,,0
54459,MALLINCKRODT PLC,MNK,2024,0,0,17,0.0,0,,,,,1
54459,MALLINCKRODT PLC,MNK,2025,0,0,7,0.0,0,,,,,1
21219,MOOG INC,MOGB,2010,0,0,1,0.0,0,,,,,0
21219,MOOG INC,MOGB,2011,0,0,5,0.0,0,,,,,0
21219,MOOG INC,MOGB,2012,0,0,8,0.0,0,,,,,0
21219,MOOG INC,MOGB,2013,0,0,19,0.0,0,,,,,0
21219,MOOG INC,MOGB,2014,0,0,12,0.0,0,,,,,0
21219,MOOG INC,MOGB,2015,0,0,29,0.0,0,,,,,0
21219,MOOG INC,MOGB,2016,0,0,16,0.0,0,,,,,0
21219,MOOG INC,MOGB,2017,0,0,15,0.0,0,0.32232,0.194199,0.12812,12,0
21219,MOOG INC,MOGB,2018,3,3,15,0.2,0,-0.099557,-0.062372,-0.037185,12,0
21219,MOOG INC,MOGB,2019,1,1,15,0.0667,0,0.114254,0.288778,-0.174525,12,0
21219,MOOG INC,MOGB,2020,0,0,18,0.0,0,-0.061417,0.16259,-0.224007,12,0
21219,MOOG INC,MOGB,2021,0,0,15,0.0,0,0.033802,0.268925,-0.235124,12,0
21219,MOOG INC,MOGB,2022,0,0,7,0.0,0,0.097952,-0.194429,0.29238,12,0
21219,MOOG INC,MOGB,2023,0,0,4,0.0,0,0.666283,0.242305,0.423978,12,0
21219,MOOG INC,MOGB,2024,0,0,0,,0,0.368196,0.233091,0.135105,12,1
21219,MOOG INC,MOGB,2025,0,0,1,0.0,0,0.244628,0.163879,0.080749,12,1
3047,MICROSEMI CORP,MSCC,2010,0,0,16,0.0,0,,,,,0
3047,MICROSEMI CORP,MSCC,2011,0,0,23,0.0,0,,,,,0
3047,MICROSEMI CORP,MSCC,2012,0,0,22,0.0,0,,,,,0
3047,MICROSEMI CORP,MSCC,2013,0,0,27,0.0,0,,,,,0
3047,MICROSEMI CORP,MSCC,2014,0,0,37,0.0,0,,,,,0
3047,MICROSEMI CORP,MSCC,2015,0,0,34,0.0,0,,,,,0
3047,MICROSEMI CORP,MSCC,2016,0,1,46,0.0217,0,,,,,0
3047,MICROSEMI CORP,MSCC,2017,0,0,32,0.0,0,-0.042987,0.194199,-0.237186,12,0
3047,MICROSEMI CORP,MSCC,2018,0,0,33,0.0,0,0.331656,0.011843,0.319813,5,0
3047,MICROSEMI CORP,MSCC,2019,0,1,17,0.0588,0,,,,,0
3047,MICROSEMI CORP,MSCC,2020,0,0,2,0.0,0,,,,,0
3047,MICROSEMI CORP,MSCC,2021,0,1,2,0.5,0,,,,,0
3047,MICROSEMI CORP,MSCC,2022,0,0,2,0.0,0,,,,,0
3047,MICROSEMI CORP,MSCC,2023,0,0,2,0.0,0,,,,,0
3047,MICROSEMI CORP,MSCC,2024,0,0,16,0.0,0,,,,,1
3047,MICROSEMI CORP,MSCC,2025,0,0,3,0.0,0,,,,,1
8048,MICROSOFT CORP,MSFT,2010,388,388,3045,0.1274,0,,,,,0
8048,MICROSOFT CORP,MSFT,2011,395,395,3100,0.1274,0,,,,,0
8048,MICROSOFT CORP,MSFT,2012,312,313,2372,0.132,0,,,,,0
8048,MICROSOFT CORP,MSFT,2013,358,358,2336,0.1533,0,,,,,0
8048,MICROSOFT CORP,MSFT,2014,460,460,2457,0.1872,0,,,,,0
8048,MICROSOFT CORP,MSFT,2015,491,492,2499,0.1969,0,,,,,0
8048,MICROSOFT CORP,MSFT,2016,629,637,2984,0.2135,0,,,,,0
8048,MICROSOFT CORP,MSFT,2017,750,806,3279,0.2458,479,0.40717,0.194199,0.212971,12,0
8048,MICROSOFT CORP,MSFT,2018,856,859,2548,0.3371,788,0.20799,-0.062372,0.270362,12,0
8048,MICROSOFT CORP,MSFT,2019,797,797,2521,0.3161,1196,0.575709,0.288778,0.286931,12,0
8048,MICROSOFT CORP,MSFT,2020,576,576,1491,0.3863,1551,0.425343,0.16259,0.262754,12,0
8048,MICROSOFT CORP,MSFT,2021,686,686,1870,0.3668,1450,0.524764,0.268925,0.255839,12,0
8048,MICROSOFT CORP,MSFT,2022,773,803,2246,0.3575,1711,-0.280166,-0.194429,-0.085737,12,0
8048,MICROSOFT CORP,MSFT,2023,841,854,1993,0.4285,2089,0.58192,0.242305,0.339615,12,0
8048,MICROSOFT CORP,MSFT,2024,673,677,1561,0.4337,2126,0.129205,0.233091,-0.103886,12,1
8048,MICROSOFT CORP,MSFT,2025,190,191,524,0.3645,2084,0.155864,0.163879,-0.008015,12,1
21230,MOTOROLA SOLUTIONS INC,MSI,2010,6,6,261,0.023,0,,,,,0
21230,MOTOROLA SOLUTIONS INC,MSI,2011,6,6,133,0.0451,0,,,,,0
21230,MOTOROLA SOLUTIONS INC,MSI,2012,7,7,148,0.0473,0,,,,,0
21230,MOTOROLA SOLUTIONS INC,MSI,2013,7,7,179,0.0391,0,,,,,0
21230,MOTOROLA SOLUTIONS INC,MSI,2014,9,9,168,0.0536,0,,,,,0
21230,MOTOROLA SOLUTIONS INC,MSI,2015,12,12,156,0.0769,0,,,,,0
21230,MOTOROLA SOLUTIONS INC,MSI,2016,32,32,132,0.2424,0,,,,,0
21230,MOTOROLA SOLUTIONS INC,MSI,2017,31,31,134,0.2313,0,0.114512,0.194199,-0.079687,12,0
21230,MOTOROLA SOLUTIONS INC,MSI,2018,32,32,130,0.2462,0,0.296332,-0.062372,0.358704,12,0
21230,MOTOROLA SOLUTIONS INC,MSI,2019,41,41,132,0.3106,0,0.421881,0.288778,0.133103,12,0
21230,MOTOROLA SOLUTIONS INC,MSI,2020,58,58,122,0.4754,0,0.073903,0.16259,-0.088687,12,0
21230,MOTOROLA SOLUTIONS INC,MSI,2021,44,44,98,0.449,0,0.619049,0.268925,0.350124,12,0
21230,MOTOROLA SOLUTIONS INC,MSI,2022,58,58,124,0.4677,0,-0.038078,-0.194429,0.156351,12,0
21230,MOTOROLA SOLUTIONS INC,MSI,2023,36,36,101,0.3564,0,0.230343,0.242305,-0.011962,12,0
21230,MOTOROLA SOLUTIONS INC,MSI,2024,19,19,52,0.3654,0,0.491182,0.233091,0.258092,12,1
21230,MOTOROLA SOLUTIONS INC,MSI,2025,0,0,0,,0,-0.161679,0.163879,-0.325558,12,1
21236,MURPHY OIL CORP,MUR,2010,0,0,0,,0,,,,,0
21236,MURPHY OIL CORP,MUR,2011,0,0,0,,0,,,,,0
21236,MURPHY OIL CORP,MUR,2012,0,0,0,,0,,,,,0
21236,MURPHY OIL CORP,MUR,2013,0,0,0,,0,,,,,0
21236,MURPHY OIL CORP,MUR,2014,0,0,0,,0,,,,,0
21236,MURPHY OIL CORP,MUR,2015,0,0,0,,0,,,,,0
21236,MURPHY OIL CORP,MUR,2016,0,0,0,,0,,,,,0
21236,MURPHY OIL CORP,MUR,2017,0,0,0,,0,0.03429,0.194199,-0.159909,12,0
21236,MURPHY OIL CORP,MUR,2018,0,0,0,,0,-0.220829,-0.062372,-0.158457,12,0
21236,MURPHY OIL CORP,MUR,2019,0,0,0,,0,0.193941,0.288778,-0.094837,12,0
21236,MURPHY OIL CORP,MUR,2020,0,0,0,,0,-0.527883,0.16259,-0.690472,12,0
21236,MURPHY OIL CORP,MUR,2021,0,0,0,,0,1.212548,0.268925,0.943622,12,0
21236,MURPHY OIL CORP,MUR,2022,0,0,0,,0,0.683337,-0.194429,0.877765,12,0
21236,MURPHY OIL CORP,MUR,2023,0,0,0,,0,0.019216,0.242305,-0.223089,12,0
21236,MURPHY OIL CORP,MUR,2024,0,0,0,,0,-0.267972,0.233091,-0.501062,12,1
21236,MURPHY OIL CORP,MUR,2025,0,0,0,,0,0.087244,0.163879,-0.076635,12,1
14031,MYRIAD GENETICS INC,MYGN,2010,0,0,5,0.0,0,,,,,0
14031,MYRIAD GENETICS INC,MYGN,2011,2,2,9,0.2222,0,,,,,0
14031,MYRIAD GENETICS INC,MYGN,2012,0,0,2,0.0,0,,,,,0
14031,MYRIAD GENETICS INC,MYGN,2013,0,0,6,0.0,0,,,,,0
14031,MYRIAD GENETICS INC,MYGN,2014,0,0,14,0.0,0,,,,,0
14031,MYRIAD GENETICS INC,MYGN,2015,1,1,7,0.1429,0,,,,,0
14031,MYRIAD GENETICS INC,MYGN,2016,1,1,8,0.125,0,,,,,0
14031,MYRIAD GENETICS INC,MYGN,2017,1,1,6,0.1667,0,1.060287,0.194199,0.866088,12,0
14031,MYRIAD GENETICS INC,MYGN,2018,1,1,6,0.1667,0,-0.15359,-0.062372,-0.091218,12,0
14031,MYRIAD GENETICS INC,MYGN,2019,2,2,4,0.5,0,-0.063295,0.288778,-0.352073,12,0
14031,MYRIAD GENETICS INC,MYGN,2020,0,0,6,0.0,0,-0.27378,0.16259,-0.436369,12,0
14031,MYRIAD GENETICS INC,MYGN,2021,2,2,9,0.2222,0,0.395702,0.268925,0.126777,12,0
14031,MYRIAD GENETICS INC,MYGN,2022,1,1,9,0.1111,0,-0.474275,-0.194429,-0.279846,12,0
14031,MYRIAD GENETICS INC,MYGN,2023,0,0,0,,0,0.31909,0.242305,0.076785,12,0
14031,MYRIAD GENETICS INC,MYGN,2024,1,1,2,0.5,0,-0.283698,0.233091,-0.516789,12,1
14031,MYRIAD GENETICS INC,MYGN,2025,0,0,5,0.0,0,-0.551423,0.163879,-0.715302,12,1
3104,MYLAN N V,MYL,2010,0,0,4,0.0,0,,,,,0
3104,MYLAN N V,MYL,2011,0,0,3,0.0,0,,,,,0
3104,MYLAN N V,MYL,2012,0,0,14,0.0,0,,,,,0
3104,MYLAN N V,MYL,2013,0,0,6,0.0,0,,,,,0
3104,MYLAN N V,MYL,2014,0,0,30,0.0,0,,,,,0
3104,MYLAN N V,MYL,2015,0,0,17,0.0,0,,,,,0
3104,MYLAN N V,MYL,2016,0,0,20,0.0,0,,,,,0
3104,MYLAN N V,MYL,2017,0,0,12,0.0,0,0.109045,0.194199,-0.085154,12,0
3104,MYLAN N V,MYL,2018,0,0,8,0.0,0,-0.3524,-0.062372,-0.290027,12,0
3104,MYLAN N V,MYL,2019,0,0,9,0.0,0,-0.266422,0.288778,-0.555201,12,0
3104,MYLAN N V,MYL,2020,0,0,4,0.0,0,-0.187064,0.120978,-0.308042,11,0
3104,MYLAN N V,MYL,2021,0,0,1,0.0,0,,,,,0
3104,MYLAN N V,MYL,2022,0,0,0,,0,,,,,0
3104,MYLAN N V,MYL,2023,0,0,0,,0,,,,,0
3104,MYLAN N V,MYL,2024,0,0,0,,0,,,,,1
3104,MYLAN N V,MYL,2025,0,0,3,0.0,0,,,,,1
46282,NASDAQ INC,NDAQ,2010,0,0,2,0.0,0,,,,,0
46282,NASDAQ INC,NDAQ,2011,0,0,6,0.0,0,,,,,0
46282,NASDAQ INC,NDAQ,2012,0,2,6,0.3333,0,,,,,0
46282,NASDAQ INC,NDAQ,2013,0,0,6,0.0,0,,,,,0
46282,NASDAQ INC,NDAQ,2014,0,0,4,0.0,0,,,,,0
46282,NASDAQ INC,NDAQ,2015,0,0,8,0.0,0,,,,,0
46282,NASDAQ INC,NDAQ,2016,3,3,22,0.1364,0,,,,,0
46282,NASDAQ INC,NDAQ,2017,0,0,16,0.0,0,0.16757,0.194199,-0.02663,12,0
46282,NASDAQ INC,NDAQ,2018,2,3,32,0.0938,0,0.08202,-0.062372,0.144392,12,0
46282,NASDAQ INC,NDAQ,2019,3,5,31,0.1613,0,0.338671,0.288778,0.049893,12,0
46282,NASDAQ INC,NDAQ,2020,6,7,33,0.2121,0,0.261204,0.16259,0.098614,12,0
46282,NASDAQ INC,NDAQ,2021,3,4,37,0.1081,0,0.601218,0.268925,0.332293,12,0
46282,NASDAQ INC,NDAQ,2022,10,11,37,0.2973,0,-0.111842,-0.194429,0.082587,12,0
46282,NASDAQ INC,NDAQ,2023,14,17,58,0.2931,0,-0.036767,0.242305,-0.279072,12,0
46282,NASDAQ INC,NDAQ,2024,10,10,44,0.2273,1,0.348481,0.233091,0.11539,12,1
46282,NASDAQ INC,NDAQ,2025,11,12,25,0.48,0,0.271894,0.163879,0.108015,12,1
20684,NEXTERA ENERGY INC,NEE,2010,0,0,0,,0,,,,,0
20684,NEXTERA ENERGY INC,NEE,2011,0,0,3,0.0,0,,,,,0
20684,NEXTERA ENERGY INC,NEE,2012,0,0,9,0.0,0,,,,,0
20684,NEXTERA ENERGY INC,NEE,2013,0,0,4,0.0,0,,,,,0
20684,NEXTERA ENERGY INC,NEE,2014,0,0,5,0.0,0,,,,,0
20684,NEXTERA ENERGY INC,NEE,2015,0,0,3,0.0,0,,,,,0
20684,NEXTERA ENERGY INC,NEE,2016,0,0,5,0.0,0,,,,,0
20684,NEXTERA ENERGY INC,NEE,2017,3,3,9,0.3333,0,0.343636,0.194199,0.149437,12,0
20684,NEXTERA ENERGY INC,NEE,2018,3,3,8,0.375,0,0.143047,-0.062372,0.205419,12,0
20684,NEXTERA ENERGY INC,NEE,2019,3,3,4,0.75,0,0.42692,0.288778,0.138141,12,0
20684,NEXTERA ENERGY INC,NEE,2020,5,5,13,0.3846,0,0.300787,0.16259,0.138198,12,0
20684,NEXTERA ENERGY INC,NEE,2021,0,0,2,0.0,0,0.233933,0.268925,-0.034992,12,0
20684,NEXTERA ENERGY INC,NEE,2022,3,3,8,0.375,0,-0.085764,-0.194429,0.108665,12,0
20684,NEXTERA ENERGY INC,NEE,2023,3,3,6,0.5,0,-0.252969,0.242305,-0.495274,12,0
20684,NEXTERA ENERGY INC,NEE,2024,6,6,17,0.3529,0,0.215041,0.233091,-0.018049,12,1
20684,NEXTERA ENERGY INC,NEE,2025,0,0,1,0.0,0,0.154703,0.163879,-0.009175,12,1
21286,NEWMONT MINING CORP,NEM,2010,0,0,0,,0,,,,,0
21286,NEWMONT MINING CORP,NEM,2011,0,0,0,,0,,,,,0
21286,NEWMONT MINING CORP,NEM,2012,0,0,0,,0,,,,,0
21286,NEWMONT MINING CORP,NEM,2013,0,0,0,,0,,,,,0
21286,NEWMONT MINING CORP,NEM,2014,0,0,2,0.0,0,,,,,0
21286,NEWMONT MINING CORP,NEM,2015,0,0,0,,0,,,,,0
21286,NEWMONT MINING CORP,NEM,2016,0,0,0,,0,,,,,0
21286,NEWMONT MINING CORP,NEM,2017,0,0,1,0.0,0,0.108987,0.194199,-0.085212,12,0
21286,NEWMONT MINING CORP,NEM,2018,0,0,0,,0,-0.061383,-0.062372,0.00099,12,0
21286,NEWMONT MINING CORP,NEM,2019,0,0,0,,0,0.3057,0.288778,0.016922,12,0
21286,NEWMONT MINING CORP,NEM,2020,0,0,0,,0,0.402825,0.16259,0.240235,12,0
21286,NEWMONT MINING CORP,NEM,2021,0,0,0,,0,0.074222,0.268925,-0.194703,12,0
21286,NEWMONT MINING CORP,NEM,2022,0,0,0,,0,-0.208016,-0.194429,-0.013587,12,0
21286,NEWMONT MINING CORP,NEM,2023,0,0,0,,0,-0.087807,0.242305,-0.330111,12,0
21286,NEWMONT MINING CORP,NEM,2024,0,0,0,,0,-0.078612,0.233091,-0.311702,12,1
21286,NEWMONT MINING CORP,NEM,2025,0,0,0,,0,1.727835,0.163879,1.563956,12,1
43145,NETFLIX INC,NFLX,2010,0,0,0,,0,,,,,0
43145,NETFLIX INC,NFLX,2011,0,0,3,0.0,0,,,,,0
43145,NETFLIX INC,NFLX,2012,2,2,12,0.1667,0,,,,,0
43145,NETFLIX INC,NFLX,2013,1,1,22,0.0455,0,,,,,0
43145,NETFLIX INC,NFLX,2014,3,3,18,0.1667,0,,,,,0
43145,NETFLIX INC,NFLX,2015,5,5,35,0.1429,0,,,,,0
43145,NETFLIX INC,NFLX,2016,13,13,46,0.2826,0,,,,,0
43145,NETFLIX INC,NFLX,2017,6,6,37,0.1622,6,0.550565,0.194199,0.356365,12,0
43145,NETFLIX INC,NFLX,2018,6,6,36,0.1667,17,0.394352,-0.062372,0.456724,12,0
43145,NETFLIX INC,NFLX,2019,18,18,52,0.3462,24,0.208884,0.288778,-0.079895,12,0
43145,NETFLIX INC,NFLX,2020,13,13,51,0.2549,13,0.671138,0.16259,0.508548,12,0
43145,NETFLIX INC,NFLX,2021,13,13,59,0.2203,22,0.114122,0.268925,-0.154804,12,0
43145,NETFLIX INC,NFLX,2022,19,19,36,0.5278,29,-0.510523,-0.194429,-0.316095,12,0
43145,NETFLIX INC,NFLX,2023,20,20,67,0.2985,23,0.651113,0.242305,0.408808,12,0
43145,NETFLIX INC,NFLX,2024,18,18,59,0.3051,54,0.830678,0.233091,0.597588,12,1
43145,NETFLIX INC,NFLX,2025,15,15,44,0.3409,72,0.051921,0.163879,-0.111958,12,1
36350,NATIONAL GRID PLC,NGG,2010,0,0,0,,0,,,,,0
36350,NATIONAL GRID PLC,NGG,2011,0,0,0,,0,,,,,0
36350,NATIONAL GRID PLC,NGG,2012,0,0,0,,0,,,,,0
36350,NATIONAL GRID PLC,NGG,2013,0,0,0,,0,,,,,0
36350,NATIONAL GRID PLC,NGG,2014,0,0,0,,0,,,,,0
36350,NATIONAL GRID PLC,NGG,2015,0,0,0,,0,,,,,0
36350,NATIONAL GRID PLC,NGG,2016,0,0,0,,0,,,,,0
36350,NATIONAL GRID PLC,NGG,2017,0,0,0,,0,0.042014,0.194199,-0.152185,12,0
36350,NATIONAL GRID PLC,NGG,2018,0,0,0,,0,-0.137192,-0.062372,-0.07482,12,0
36350,NATIONAL GRID PLC,NGG,2019,0,0,0,,0,0.385124,0.288778,0.096346,12,0
36350,NATIONAL GRID PLC,NGG,2020,0,0,0,,0,-0.008178,0.16259,-0.170768,12,0
36350,NATIONAL GRID PLC,NGG,2021,0,0,0,,0,0.29036,0.268925,0.021435,12,0
36350,NATIONAL GRID PLC,NGG,2022,0,0,0,,0,-0.126904,-0.194429,0.067525,12,0
36350,NATIONAL GRID PLC,NGG,2023,0,0,0,,0,0.188063,0.242305,-0.054242,12,0
36350,NATIONAL GRID PLC,NGG,2024,0,0,0,,0,-0.072381,0.233091,-0.305471,12,1
36350,NATIONAL GRID PLC,NGG,2025,0,0,0,,1,0.358194,0.163879,0.194315,12,1
3194,NIKE INC,NKE,2010,2,2,253,0.0079,0,,,,,0
3194,NIKE INC,NKE,2011,6,6,320,0.0187,0,,,,,0
3194,NIKE INC,NKE,2012,3,3,419,0.0072,0,,,,,0
3194,NIKE INC,NKE,2013,9,9,463,0.0194,0,,,,,0
3194,NIKE INC,NKE,2014,14,14,378,0.037,0,,,,,0
3194,NIKE INC,NKE,2015,14,14,475,0.0295,0,,,,,0
3194,NIKE INC,NKE,2016,13,13,479,0.0271,0,,,,,0
3194,NIKE INC,NKE,2017,20,20,450,0.0444,0,0.247026,0.194199,0.052827,12,0
3194,NIKE INC,NKE,2018,10,10,392,0.0255,0,0.198557,-0.062372,0.26093,12,0
3194,NIKE INC,NKE,2019,8,8,436,0.0183,0,0.381011,0.288778,0.092232,12,0
3194,NIKE INC,NKE,2020,18,18,415,0.0434,0,0.409596,0.16259,0.247007,12,0
3194,NIKE INC,NKE,2021,11,11,381,0.0289,0,0.186976,0.268925,-0.081949,12,0
3194,NIKE INC,NKE,2022,18,18,389,0.0463,0,-0.290369,-0.194429,-0.09594,12,0
3194,NIKE INC,NKE,2023,20,20,410,0.0488,0,-0.060432,0.242305,-0.302737,12,0
3194,NIKE INC,NKE,2024,11,11,341,0.0323,0,-0.290995,0.233091,-0.524086,12,1
3194,NIKE INC,NKE,2025,9,9,234,0.0385,1,-0.138306,0.163879,-0.302185,12,1
21303,NORTHROP GRUMMAN CORP,NOC,2010,0,0,25,0.0,0,,,,,0
21303,NORTHROP GRUMMAN CORP,NOC,2011,0,0,21,0.0,0,,,,,0
21303,NORTHROP GRUMMAN CORP,NOC,2012,0,0,26,0.0,0,,,,,0
21303,NORTHROP GRUMMAN CORP,NOC,2013,0,5,61,0.082,0,,,,,0
21303,NORTHROP GRUMMAN CORP,NOC,2014,0,7,99,0.0707,0,,,,,0
21303,NORTHROP GRUMMAN CORP,NOC,2015,0,15,116,0.1293,0,,,,,0
21303,NORTHROP GRUMMAN CORP,NOC,2016,0,9,96,0.0938,0,,,,,0
21303,NORTHROP GRUMMAN CORP,NOC,2017,0,5,64,0.0781,0,0.33902,0.194199,0.144821,12,0
21303,NORTHROP GRUMMAN CORP,NOC,2018,0,8,90,0.0889,0,-0.189616,-0.062372,-0.127244,12,0
21303,NORTHROP GRUMMAN CORP,NOC,2019,0,10,94,0.1064,0,0.426927,0.288778,0.138149,12,0
21303,NORTHROP GRUMMAN CORP,NOC,2020,0,11,84,0.131,0,-0.099055,0.16259,-0.261645,12,0
21303,NORTHROP GRUMMAN CORP,NOC,2021,0,7,79,0.0886,0,0.29327,0.268925,0.024344,12,0
21303,NORTHROP GRUMMAN CORP,NOC,2022,0,5,68,0.0735,0,0.429929,-0.194429,0.624358,12,0
21303,NORTHROP GRUMMAN CORP,NOC,2023,0,5,92,0.0543,0,-0.127953,0.242305,-0.370258,12,0
21303,NORTHROP GRUMMAN CORP,NOC,2024,0,3,46,0.0652,0,0.019265,0.233091,-0.213826,12,1
21303,NORTHROP GRUMMAN CORP,NOC,2025,0,0,10,0.0,0,0.236187,0.163879,0.072308,12,1
30453,NOKIA CORP,NOK,2010,45,45,1037,0.0434,0,,,,,0
30453,NOKIA CORP,NOK,2011,46,46,1109,0.0415,0,,,,,0
30453,NOKIA CORP,NOK,2012,53,57,1199,0.0475,0,,,,,0
30453,NOKIA CORP,NOK,2013,31,48,987,0.0486,0,,,,,0
30453,NOKIA CORP,NOK,2014,34,59,845,0.0698,0,,,,,0
30453,NOKIA CORP,NOK,2015,5,63,704,0.0895,0,,,,,0
30453,NOKIA CORP,NOK,2016,0,49,625,0.0784,0,,,,,0
30453,NOKIA CORP,NOK,2017,0,54,721,0.0749,12,-0.003648,0.194199,-0.197848,12,0
30453,NOKIA CORP,NOK,2018,1,83,828,0.1002,26,0.299926,-0.062372,0.362298,12,0
30453,NOKIA CORP,NOK,2019,0,66,787,0.0839,43,-0.349247,0.288778,-0.638026,12,0
30453,NOKIA CORP,NOK,2020,0,97,925,0.1049,48,0.05391,0.16259,-0.108679,12,0
30453,NOKIA CORP,NOK,2021,0,125,1237,0.1011,45,0.590791,0.268925,0.321866,12,0
30453,NOKIA CORP,NOK,2022,0,127,1023,0.1241,37,-0.244544,-0.194429,-0.050116,12,0
30453,NOKIA CORP,NOK,2023,0,128,884,0.1448,56,-0.239801,0.242305,-0.482105,12,0
30453,NOKIA CORP,NOK,2024,0,138,979,0.141,79,0.34217,0.233091,0.10908,12,1
30453,NOKIA CORP,NOK,2025,0,46,362,0.1271,74,0.506438,0.163879,0.342559,12,1
54109,SERVICENOW INC,NOW,2010,0,0,0,,0,,,,,0
54109,SERVICENOW INC,NOW,2011,0,0,0,,0,,,,,0
54109,SERVICENOW INC,NOW,2012,0,0,0,,0,,,,,0
54109,SERVICENOW INC,NOW,2013,0,0,0,,0,,,,,0
54109,SERVICENOW INC,NOW,2014,0,0,1,0.0,0,,,,,0
54109,SERVICENOW INC,NOW,2015,0,0,7,0.0,0,,,,,0
54109,SERVICENOW INC,NOW,2016,1,1,30,0.0333,0,,,,,0
54109,SERVICENOW INC,NOW,2017,40,40,154,0.2597,0,0.753968,0.194199,0.559769,12,0
54109,SERVICENOW INC,NOW,2018,39,39,184,0.212,0,0.365517,-0.062372,0.427889,12,0
54109,SERVICENOW INC,NOW,2019,59,59,240,0.2458,3,0.585623,0.288778,0.296845,12,0
54109,SERVICENOW INC,NOW,2020,54,58,205,0.2829,6,0.949665,0.16259,0.787075,12,0
54109,SERVICENOW INC,NOW,2021,52,58,130,0.4462,43,0.179278,0.268925,-0.089647,12,0
54109,SERVICENOW INC,NOW,2022,46,49,107,0.4579,59,-0.401842,-0.194429,-0.207414,12,0
54109,SERVICENOW INC,NOW,2023,44,47,93,0.5054,67,0.819583,0.242305,0.577278,12,0
54109,SERVICENOW INC,NOW,2024,42,43,105,0.4095,96,0.500547,0.233091,0.267456,12,1
54109,SERVICENOW INC,NOW,2025,17,20,36,0.5556,107,-0.277488,0.163879,-0.441367,12,1
14152,NETAPP INC,NTAP,2010,0,0,9,0.0,0,,,,,0
14152,NETAPP INC,NTAP,2011,0,0,26,0.0,0,,,,,0
14152,NETAPP INC,NTAP,2012,0,0,40,0.0,0,,,,,0
14152,NETAPP INC,NTAP,2013,3,3,186,0.0161,0,,,,,0
14152,NETAPP INC,NTAP,2014,7,7,331,0.0211,0,,,,,0
14152,NETAPP INC,NTAP,2015,6,6,263,0.0228,0,,,,,0
14152,NETAPP INC,NTAP,2016,5,5,204,0.0245,0,,,,,0
14152,NETAPP INC,NTAP,2017,4,4,117,0.0342,0,0.599291,0.194199,0.405092,12,0
14152,NETAPP INC,NTAP,2018,3,3,51,0.0588,0,0.096593,-0.062372,0.158966,12,0
14152,NETAPP INC,NTAP,2019,10,10,162,0.0617,0,0.074428,0.288778,-0.214351,12,0
14152,NETAPP INC,NTAP,2020,10,10,124,0.0806,0,0.108956,0.16259,-0.053634,12,0
14152,NETAPP INC,NTAP,2021,11,11,122,0.0902,7,0.424469,0.268925,0.155543,12,0
14152,NETAPP INC,NTAP,2022,6,6,167,0.0359,4,-0.329372,-0.194429,-0.134943,12,0
14152,NETAPP INC,NTAP,2023,10,10,164,0.061,11,0.511402,0.242305,0.269097,12,0
14152,NETAPP INC,NTAP,2024,16,16,186,0.086,3,0.341654,0.233091,0.108563,12,1
14152,NETAPP INC,NTAP,2025,6,6,99,0.0606,2,-0.058382,0.163879,-0.222261,12,1
37733,NETEASE INC,NTES,2010,0,0,0,,0,,,,,0
37733,NETEASE INC,NTES,2011,0,0,0,,0,,,,,0
37733,NETEASE INC,NTES,2012,0,0,0,,0,,,,,0
37733,NETEASE INC,NTES,2013,0,0,0,,0,,,,,0
37733,NETEASE INC,NTES,2014,0,0,0,,0,,,,,0
37733,NETEASE INC,NTES,2015,0,0,3,0.0,0,,,,,0
37733,NETEASE INC,NTES,2016,0,0,2,0.0,0,,,,,0
37733,NETEASE INC,NTES,2017,0,1,5,0.2,0,0.622208,0.194199,0.428009,12,0
37733,NETEASE INC,NTES,2018,0,0,40,0.0,3,-0.312971,-0.062372,-0.250599,12,0
37733,NETEASE INC,NTES,2019,0,2,42,0.0476,22,0.346468,0.288778,0.05769,12,0
37733,NETEASE INC,NTES,2020,0,4,29,0.1379,36,0.57941,0.16259,0.416821,12,0
37733,NETEASE INC,NTES,2021,0,2,36,0.0556,38,0.071242,0.268925,-0.197684,12,0
37733,NETEASE INC,NTES,2022,0,13,87,0.1494,56,-0.273132,-0.194429,-0.078703,12,0
37733,NETEASE INC,NTES,2023,0,1,23,0.0435,77,0.30593,0.242305,0.063625,12,0
37733,NETEASE INC,NTES,2024,0,0,2,0.0,55,-0.017584,0.233091,-0.250675,12,1
37733,NETEASE INC,NTES,2025,0,0,1,0.0,30,0.582688,0.163879,0.418809,12,1
55697,NUTANIX INC,NTNX,2010,0,0,0,,0,,,,,0
55697,NUTANIX INC,NTNX,2011,0,0,0,,0,,,,,0
55697,NUTANIX INC,NTNX,2012,0,0,1,0.0,0,,,,,0
55697,NUTANIX INC,NTNX,2013,0,0,1,0.0,0,,,,,0
55697,NUTANIX INC,NTNX,2014,0,0,8,0.0,0,,,,,0
55697,NUTANIX INC,NTNX,2015,0,0,7,0.0,0,,,,,0
55697,NUTANIX INC,NTNX,2016,7,7,37,0.1892,0,,,,,0
55697,NUTANIX INC,NTNX,2017,15,15,97,0.1546,0,0.328312,0.194199,0.134113,12,0
55697,NUTANIX INC,NTNX,2018,11,11,143,0.0769,2,0.178856,-0.062372,0.241228,12,0
55697,NUTANIX INC,NTNX,2019,3,3,45,0.0667,0,-0.248378,0.288778,-0.537156,12,0
55697,NUTANIX INC,NTNX,2020,4,4,57,0.0702,2,0.019512,0.16259,-0.143077,12,0
55697,NUTANIX INC,NTNX,2021,3,3,82,0.0366,0,-0.000314,0.268925,-0.269239,12,0
55697,NUTANIX INC,NTNX,2022,6,6,77,0.0779,0,-0.182362,-0.194429,0.012067,12,0
55697,NUTANIX INC,NTNX,2023,2,2,58,0.0345,0,0.830709,0.242305,0.588404,12,0
55697,NUTANIX INC,NTNX,2024,3,3,56,0.0536,0,0.282867,0.233091,0.049777,12,1
55697,NUTANIX INC,NTNX,2025,2,2,27,0.0741,9,-0.155116,0.163879,-0.318995,12,1
14205,NUANCE COMMUNICATIONS INC,NUAN,2010,17,17,30,0.5667,0,,,,,0
14205,NUANCE COMMUNICATIONS INC,NUAN,2011,36,36,68,0.5294,0,,,,,0
14205,NUANCE COMMUNICATIONS INC,NUAN,2012,91,91,143,0.6364,0,,,,,0
14205,NUANCE COMMUNICATIONS INC,NUAN,2013,107,107,167,0.6407,0,,,,,0
14205,NUANCE COMMUNICATIONS INC,NUAN,2014,96,96,146,0.6575,0,,,,,0
14205,NUANCE COMMUNICATIONS INC,NUAN,2015,57,57,70,0.8143,0,,,,,0
14205,NUANCE COMMUNICATIONS INC,NUAN,2016,28,28,33,0.8485,0,,,,,0
14205,NUANCE COMMUNICATIONS INC,NUAN,2017,57,57,70,0.8143,0,0.097317,0.194199,-0.096882,12,0
14205,NUANCE COMMUNICATIONS INC,NUAN,2018,66,66,75,0.88,2,-0.190825,-0.062372,-0.128453,12,0
14205,NUANCE COMMUNICATIONS INC,NUAN,2019,42,42,51,0.8235,2,0.522123,0.288778,0.233344,12,0
14205,NUANCE COMMUNICATIONS INC,NUAN,2020,23,23,25,0.92,3,1.472797,0.16259,1.310207,12,0
14205,NUANCE COMMUNICATIONS INC,NUAN,2021,48,48,59,0.8136,7,0.254707,0.268925,-0.014219,12,0
14205,NUANCE COMMUNICATIONS INC,NUAN,2022,56,56,66,0.8485,0,0.012293,-0.049467,0.06176,3,0
14205,NUANCE COMMUNICATIONS INC,NUAN,2023,10,10,12,0.8333,0,,,,,0
14205,NUANCE COMMUNICATIONS INC,NUAN,2024,0,0,0,,0,,,,,1
14205,NUANCE COMMUNICATIONS INC,NUAN,2025,0,0,0,,0,,,,,1
45197,NUVASIVE INC,NUVA,2010,0,0,8,0.0,0,,,,,0
45197,NUVASIVE INC,NUVA,2011,0,0,15,0.0,0,,,,,0
45197,NUVASIVE INC,NUVA,2012,0,0,14,0.0,0,,,,,0
45197,NUVASIVE INC,NUVA,2013,0,0,34,0.0,0,,,,,0
45197,NUVASIVE INC,NUVA,2014,0,0,22,0.0,0,,,,,0
45197,NUVASIVE INC,NUVA,2015,0,0,24,0.0,0,,,,,0
45197,NUVASIVE INC,NUVA,2016,0,0,29,0.0,0,,,,,0
45197,NUVASIVE INC,NUVA,2017,0,0,54,0.0,0,-0.131681,0.194199,-0.32588,12,0
45197,NUVASIVE INC,NUVA,2018,0,0,44,0.0,0,-0.152677,-0.062372,-0.090305,12,0
45197,NUVASIVE INC,NUVA,2019,0,0,64,0.0,0,0.560535,0.288778,0.271756,12,0
45197,NUVASIVE INC,NUVA,2020,6,6,72,0.0833,0,-0.271658,0.16259,-0.434248,12,0
45197,NUVASIVE INC,NUVA,2021,3,3,79,0.038,0,-0.068346,0.268925,-0.337272,12,0
45197,NUVASIVE INC,NUVA,2022,0,0,74,0.0,0,-0.214177,-0.194429,-0.019748,12,0
45197,NUVASIVE INC,NUVA,2023,1,1,58,0.0172,0,-0.013762,0.174023,-0.187785,8,0
45197,NUVASIVE INC,NUVA,2024,3,3,64,0.0469,0,,,,,1
45197,NUVASIVE INC,NUVA,2025,2,2,60,0.0333,0,,,,,1
16382,NVIDIA CORP,NVDA,2010,1,1,37,0.027,0,,,,,0
16382,NVIDIA CORP,NVDA,2011,0,0,64,0.0,0,,,,,0
16382,NVIDIA CORP,NVDA,2012,11,11,420,0.0262,0,,,,,0
16382,NVIDIA CORP,NVDA,2013,25,25,596,0.0419,0,,,,,0
16382,NVIDIA CORP,NVDA,2014,6,6,158,0.038,0,,,,,0
16382,NVIDIA CORP,NVDA,2015,7,7,143,0.049,0,,,,,0
16382,NVIDIA CORP,NVDA,2016,4,4,80,0.05,0,,,,,0
16382,NVIDIA CORP,NVDA,2017,23,23,76,0.3026,60,0.819813,0.194199,0.625614,12,0
16382,NVIDIA CORP,NVDA,2018,63,63,166,0.3795,166,-0.308159,-0.062372,-0.245787,12,0
16382,NVIDIA CORP,NVDA,2019,170,170,287,0.5923,280,0.769458,0.288778,0.480679,12,0
16382,NVIDIA CORP,NVDA,2020,239,241,470,0.5128,388,1.223022,0.16259,1.060432,12,0
16382,NVIDIA CORP,NVDA,2021,308,316,691,0.4573,438,1.254785,0.268925,0.985859,12,0
16382,NVIDIA CORP,NVDA,2022,327,350,909,0.385,521,-0.50266,-0.194429,-0.308232,12,0
16382,NVIDIA CORP,NVDA,2023,426,440,949,0.4636,635,2.39019,0.242305,2.147885,12,0
16382,NVIDIA CORP,NVDA,2024,474,492,1112,0.4424,956,1.712492,0.233091,1.479401,12,1
16382,NVIDIA CORP,NVDA,2025,255,261,530,0.4925,1132,0.389156,0.163879,0.225278,12,1
55095,NEVRO CORP,NVRO,2010,0,0,3,0.0,0,,,,,0
55095,NEVRO CORP,NVRO,2011,0,0,5,0.0,0,,,,,0
55095,NEVRO CORP,NVRO,2012,0,0,20,0.0,0,,,,,0
55095,NEVRO CORP,NVRO,2013,0,0,17,0.0,0,,,,,0
55095,NEVRO CORP,NVRO,2014,0,0,29,0.0,0,,,,,0
55095,NEVRO CORP,NVRO,2015,0,0,12,0.0,0,,,,,0
55095,NEVRO CORP,NVRO,2016,0,0,18,0.0,0,,,,,0
55095,NEVRO CORP,NVRO,2017,0,0,11,0.0,0,-0.049821,0.194199,-0.244021,12,0
55095,NEVRO CORP,NVRO,2018,0,0,14,0.0,0,-0.436704,-0.062372,-0.374332,12,0
55095,NEVRO CORP,NVRO,2019,0,0,18,0.0,0,2.02237,0.288778,1.733592,12,0
55095,NEVRO CORP,NVRO,2020,0,0,11,0.0,0,0.472688,0.16259,0.310098,12,0
55095,NEVRO CORP,NVRO,2021,0,0,12,0.0,0,-0.531658,0.268925,-0.800583,12,0
55095,NEVRO CORP,NVRO,2022,0,0,12,0.0,0,-0.511533,-0.194429,-0.317104,12,0
55095,NEVRO CORP,NVRO,2023,0,0,15,0.0,0,-0.456566,0.242305,-0.698871,12,0
55095,NEVRO CORP,NVRO,2024,0,0,9,0.0,0,-0.827137,0.233091,-1.060228,12,1
55095,NEVRO CORP,NVRO,2025,0,0,13,0.0,0,0.57258,-0.053144,0.625724,4,1
55184,INVITAE CORP,NVTA,2010,0,0,0,,0,,,,,0
55184,INVITAE CORP,NVTA,2011,0,0,0,,0,,,,,0
55184,INVITAE CORP,NVTA,2012,0,0,0,,0,,,,,0
55184,INVITAE CORP,NVTA,2013,1,1,2,0.5,0,,,,,0
55184,INVITAE CORP,NVTA,2014,0,0,0,,0,,,,,0
55184,INVITAE CORP,NVTA,2015,0,0,2,0.0,0,,,,,0
55184,INVITAE CORP,NVTA,2016,0,0,1,0.0,0,,,,,0
55184,INVITAE CORP,NVTA,2017,0,0,2,0.0,0,0.143578,0.194199,-0.050622,12,0
55184,INVITAE CORP,NVTA,2018,0,0,0,,0,0.218061,-0.062372,0.280434,12,0
55184,INVITAE CORP,NVTA,2019,0,0,1,0.0,0,0.458411,0.288778,0.169633,12,0
55184,INVITAE CORP,NVTA,2020,0,0,0,,0,1.592067,0.16259,1.429477,12,0
55184,INVITAE CORP,NVTA,2021,1,1,5,0.2,0,-0.634777,0.268925,-0.903702,12,0
55184,INVITAE CORP,NVTA,2022,5,5,9,0.5556,0,-0.878192,-0.194429,-0.683764,12,0
55184,INVITAE CORP,NVTA,2023,2,2,4,0.5,0,-0.663011,0.242305,-0.905316,12,0
55184,INVITAE CORP,NVTA,2024,0,0,0,,0,-0.960115,0.068439,-1.028554,2,1
55184,INVITAE CORP,NVTA,2025,0,0,0,,0,,,,,1
37145,OCLARO INC,OCLR,2010,0,0,2,0.0,0,,,,,0
37145,OCLARO INC,OCLR,2011,0,0,10,0.0,0,,,,,0
37145,OCLARO INC,OCLR,2012,0,0,12,0.0,0,,,,,0
37145,OCLARO INC,OCLR,2013,0,0,20,0.0,0,,,,,0
37145,OCLARO INC,OCLR,2014,0,0,10,0.0,0,,,,,0
37145,OCLARO INC,OCLR,2015,0,0,12,0.0,0,,,,,0
37145,OCLARO INC,OCLR,2016,0,0,23,0.0,0,,,,,0
37145,OCLARO INC,OCLR,2017,0,0,35,0.0,0,-0.246929,0.194199,-0.441128,12,0
37145,OCLARO INC,OCLR,2018,0,0,20,0.0,0,0.247658,-0.062372,0.31003,12,0
37145,OCLARO INC,OCLR,2019,0,0,4,0.0,0,,,,,0
37145,OCLARO INC,OCLR,2020,0,0,0,,0,,,,,0
37145,OCLARO INC,OCLR,2021,0,0,0,,0,,,,,0
37145,OCLARO INC,OCLR,2022,0,0,0,,0,,,,,0
37145,OCLARO INC,OCLR,2023,0,0,0,,0,,,,,0
37145,OCLARO INC,OCLR,2024,0,0,0,,0,,,,,1
37145,OCLARO INC,OCLR,2025,0,0,0,,0,,,,,1
37176,ON SEMICONDUCTOR CORP,ON,2010,0,0,1,0.0,0,,,,,0
37176,ON SEMICONDUCTOR CORP,ON,2011,0,0,81,0.0,0,,,,,0
37176,ON SEMICONDUCTOR CORP,ON,2012,0,0,3,0.0,0,,,,,0
37176,ON SEMICONDUCTOR CORP,ON,2013,0,0,0,,0,,,,,0
37176,ON SEMICONDUCTOR CORP,ON,2014,0,0,0,,0,,,,,0
37176,ON SEMICONDUCTOR CORP,ON,2015,0,0,0,,0,,,,,0
37176,ON SEMICONDUCTOR CORP,ON,2016,0,0,0,,0,,,,,0
37176,ON SEMICONDUCTOR CORP,ON,2017,0,0,0,,0,0.641067,0.194199,0.446867,12,0
37176,ON SEMICONDUCTOR CORP,ON,2018,0,0,0,,0,-0.211559,-0.062372,-0.149187,12,0
37176,ON SEMICONDUCTOR CORP,ON,2019,0,0,0,,0,0.47668,0.288778,0.187902,12,0
37176,ON SEMICONDUCTOR CORP,ON,2020,0,0,0,,0,0.342495,0.16259,0.179906,12,0
37176,ON SEMICONDUCTOR CORP,ON,2021,0,0,0,,0,1.07516,0.268925,0.806235,12,0
37176,ON SEMICONDUCTOR CORP,ON,2022,0,0,0,,0,-0.081715,-0.194429,0.112714,12,0
37176,ON SEMICONDUCTOR CORP,ON,2023,0,0,0,,0,0.339267,0.242305,0.096962,12,0
37176,ON SEMICONDUCTOR CORP,ON,2024,0,0,0,,0,-0.245181,0.233091,-0.478272,12,1
37176,ON SEMICONDUCTOR CORP,ON,2025,0,0,0,,3,-0.141158,0.163879,-0.305037,12,1
55173,SPARK THERAPEUTICS INC,ONCE,2010,0,0,0,,0,,,,,0
55173,SPARK THERAPEUTICS INC,ONCE,2011,0,0,0,,0,,,,,0
55173,SPARK THERAPEUTICS INC,ONCE,2012,0,0,0,,0,,,,,0
55173,SPARK THERAPEUTICS INC,ONCE,2013,0,0,0,,0,,,,,0
55173,SPARK THERAPEUTICS INC,ONCE,2014,0,0,0,,0,,,,,0
55173,SPARK THERAPEUTICS INC,ONCE,2015,0,0,0,,0,,,,,0
55173,SPARK THERAPEUTICS INC,ONCE,2016,0,0,3,0.0,0,,,,,0
55173,SPARK THERAPEUTICS INC,ONCE,2017,0,0,8,0.0,0,0.030461,0.194199,-0.163738,12,0
55173,SPARK THERAPEUTICS INC,ONCE,2018,0,0,6,0.0,0,-0.238818,-0.062372,-0.176446,12,0
55173,SPARK THERAPEUTICS INC,ONCE,2019,0,0,5,0.0,0,1.925396,0.288778,1.636618,12,0
55173,SPARK THERAPEUTICS INC,ONCE,2020,0,0,2,0.0,0,,,,,0
55173,SPARK THERAPEUTICS INC,ONCE,2021,0,0,3,0.0,0,,,,,0
55173,SPARK THERAPEUTICS INC,ONCE,2022,0,0,6,0.0,0,,,,,0
55173,SPARK THERAPEUTICS INC,ONCE,2023,0,0,5,0.0,0,,,,,0
55173,SPARK THERAPEUTICS INC,ONCE,2024,0,0,3,0.0,0,,,,,1
55173,SPARK THERAPEUTICS INC,ONCE,2025,0,0,2,0.0,0,,,,,1
32109,ORANGE,ORAN,2010,2,2,110,0.0182,0,,,,,0
32109,ORANGE,ORAN,2011,8,8,116,0.069,0,,,,,0
32109,ORANGE,ORAN,2012,1,1,108,0.0093,0,,,,,0
32109,ORANGE,ORAN,2013,2,2,112,0.0179,0,,,,,0
32109,ORANGE,ORAN,2014,3,3,144,0.0208,0,,,,,0
32109,ORANGE,ORAN,2015,1,1,160,0.0063,0,,,,,0
32109,ORANGE,ORAN,2016,3,3,114,0.0263,0,,,,,0
32109,ORANGE,ORAN,2017,7,7,107,0.0654,13,0.198627,0.194199,0.004427,12,0
32109,ORANGE,ORAN,2018,4,4,119,0.0336,16,-0.02412,-0.062372,0.038252,12,0
32109,ORANGE,ORAN,2019,12,12,138,0.087,13,-0.053209,0.288778,-0.341987,12,0
32109,ORANGE,ORAN,2020,9,9,144,0.0625,28,-0.140492,0.16259,-0.303082,12,0
32109,ORANGE,ORAN,2021,15,15,138,0.1087,25,-0.034321,0.268925,-0.303247,12,0
32109,ORANGE,ORAN,2022,20,20,148,0.1351,29,0.000651,-0.194429,0.195079,12,0
32109,ORANGE,ORAN,2023,29,29,107,0.271,35,0.231545,0.242305,-0.01076,12,0
32109,ORANGE,ORAN,2024,1,1,44,0.0227,28,-0.00022,0.196155,-0.196375,10,1
32109,ORANGE,ORAN,2025,7,7,29,0.2414,0,,,,,1
8045,ORACLE CORP,ORCL,2010,0,18,368,0.0489,0,,,,,0
8045,ORACLE CORP,ORCL,2011,0,19,482,0.0394,0,,,,,0
8045,ORACLE CORP,ORCL,2012,0,24,623,0.0385,0,,,,,0
8045,ORACLE CORP,ORCL,2013,0,60,773,0.0776,0,,,,,0
8045,ORACLE CORP,ORCL,2014,0,53,651,0.0814,0,,,,,0
8045,ORACLE CORP,ORCL,2015,0,69,746,0.0925,0,,,,,0
8045,ORACLE CORP,ORCL,2016,0,62,618,0.1003,0,,,,,0
8045,ORACLE CORP,ORCL,2017,0,99,641,0.1544,5,0.24934,0.194199,0.05514,12,0
8045,ORACLE CORP,ORCL,2018,0,134,571,0.2347,1,-0.029727,-0.062372,0.032646,12,0
8045,ORACLE CORP,ORCL,2019,0,168,598,0.2809,10,0.193343,0.288778,-0.095435,12,0
8045,ORACLE CORP,ORCL,2020,0,244,659,0.3703,22,0.242157,0.16259,0.079567,12,0
8045,ORACLE CORP,ORCL,2021,0,212,607,0.3493,27,0.36869,0.268925,0.099764,12,0
8045,ORACLE CORP,ORCL,2022,0,244,662,0.3686,15,-0.046471,-0.194429,0.147958,12,0
8045,ORACLE CORP,ORCL,2023,0,240,721,0.3329,11,0.309406,0.242305,0.067101,12,0
8045,ORACLE CORP,ORCL,2024,0,248,753,0.3293,16,0.599908,0.233091,0.366818,12,1
8045,ORACLE CORP,ORCL,2025,0,115,338,0.3402,71,0.181563,0.163879,0.017685,12,1
14305,OPEN TEXT CORP,OTEX,2010,0,0,1,0.0,0,,,,,0
14305,OPEN TEXT CORP,OTEX,2011,2,2,12,0.1667,0,,,,,0
14305,OPEN TEXT CORP,OTEX,2012,3,3,14,0.2143,0,,,,,0
14305,OPEN TEXT CORP,OTEX,2013,3,3,38,0.0789,0,,,,,0
14305,OPEN TEXT CORP,OTEX,2014,4,4,45,0.0889,0,,,,,0
14305,OPEN TEXT CORP,OTEX,2015,7,7,41,0.1707,0,,,,,0
14305,OPEN TEXT CORP,OTEX,2016,7,14,56,0.25,0,,,,,0
14305,OPEN TEXT CORP,OTEX,2017,8,15,80,0.1875,0,0.172484,0.194199,-0.021716,12,0
14305,OPEN TEXT CORP,OTEX,2018,12,22,121,0.1818,0,-0.071006,-0.062372,-0.008634,12,0
14305,OPEN TEXT CORP,OTEX,2019,17,31,123,0.252,0,0.374783,0.288778,0.086005,12,0
14305,OPEN TEXT CORP,OTEX,2020,17,26,118,0.2203,0,0.048987,0.16259,-0.113603,12,0
14305,OPEN TEXT CORP,OTEX,2021,27,46,141,0.3262,0,0.062759,0.268925,-0.206166,12,0
14305,OPEN TEXT CORP,OTEX,2022,30,40,134,0.2985,0,-0.35888,-0.194429,-0.164451,12,0
14305,OPEN TEXT CORP,OTEX,2023,39,57,195,0.2923,0,0.451571,0.242305,0.209266,12,0
14305,OPEN TEXT CORP,OTEX,2024,29,39,126,0.3095,0,-0.304214,0.233091,-0.537305,12,1
14305,OPEN TEXT CORP,OTEX,2025,20,27,68,0.3971,0,0.189539,0.163879,0.02566,12,1
37949,OMNIVISION TECHNOLOGIES INC,OVTI,2010,0,0,34,0.0,0,,,,,0
37949,OMNIVISION TECHNOLOGIES INC,OVTI,2011,4,4,48,0.0833,0,,,,,0
37949,OMNIVISION TECHNOLOGIES INC,OVTI,2012,1,1,89,0.0112,0,,,,,0
37949,OMNIVISION TECHNOLOGIES INC,OVTI,2013,3,3,87,0.0345,0,,,,,0
37949,OMNIVISION TECHNOLOGIES INC,OVTI,2014,4,4,109,0.0367,0,,,,,0
37949,OMNIVISION TECHNOLOGIES INC,OVTI,2015,2,2,79,0.0253,0,,,,,0
37949,OMNIVISION TECHNOLOGIES INC,OVTI,2016,2,2,92,0.0217,0,,,,,0
37949,OMNIVISION TECHNOLOGIES INC,OVTI,2017,3,3,57,0.0526,0,,,,,0
37949,OMNIVISION TECHNOLOGIES INC,OVTI,2018,1,1,64,0.0156,0,,,,,0
37949,OMNIVISION TECHNOLOGIES INC,OVTI,2019,1,1,74,0.0135,0,,,,,0
37949,OMNIVISION TECHNOLOGIES INC,OVTI,2020,1,1,67,0.0149,0,,,,,0
37949,OMNIVISION TECHNOLOGIES INC,OVTI,2021,8,8,65,0.1231,0,,,,,0
37949,OMNIVISION TECHNOLOGIES INC,OVTI,2022,9,9,70,0.1286,0,,,,,0
37949,OMNIVISION TECHNOLOGIES INC,OVTI,2023,4,4,78,0.0513,0,,,,,0
37949,OMNIVISION TECHNOLOGIES INC,OVTI,2024,5,5,47,0.1064,0,,,,,1
37949,OMNIVISION TECHNOLOGIES INC,OVTI,2025,1,1,14,0.0714,0,,,,,1
21322,OCCIDENTAL PETROLEUM CORP,OXY,2010,0,0,0,,0,,,,,0
21322,OCCIDENTAL PETROLEUM CORP,OXY,2011,0,0,1,0.0,0,,,,,0
21322,OCCIDENTAL PETROLEUM CORP,OXY,2012,0,0,0,,0,,,,,0
21322,OCCIDENTAL PETROLEUM CORP,OXY,2013,0,0,2,0.0,0,,,,,0
21322,OCCIDENTAL PETROLEUM CORP,OXY,2014,0,0,5,0.0,0,,,,,0
21322,OCCIDENTAL PETROLEUM CORP,OXY,2015,0,0,3,0.0,0,,,,,0
21322,OCCIDENTAL PETROLEUM CORP,OXY,2016,0,0,0,,0,,,,,0
21322,OCCIDENTAL PETROLEUM CORP,OXY,2017,0,0,6,0.0,0,0.085561,0.194199,-0.108638,12,0
21322,OCCIDENTAL PETROLEUM CORP,OXY,2018,0,0,2,0.0,0,-0.130182,-0.062372,-0.06781,12,0
21322,OCCIDENTAL PETROLEUM CORP,OXY,2019,0,0,1,0.0,0,-0.282166,0.288778,-0.570945,12,0
21322,OCCIDENTAL PETROLEUM CORP,OXY,2020,0,0,3,0.0,0,-0.55252,0.16259,-0.71511,12,0
21322,OCCIDENTAL PETROLEUM CORP,OXY,2021,0,0,2,0.0,0,0.677152,0.268925,0.408227,12,0
21322,OCCIDENTAL PETROLEUM CORP,OXY,2022,0,0,1,0.0,0,1.190941,-0.194429,1.38537,12,0
21322,OCCIDENTAL PETROLEUM CORP,OXY,2023,0,0,4,0.0,0,-0.040678,0.242305,-0.282983,12,0
21322,OCCIDENTAL PETROLEUM CORP,OXY,2024,0,0,4,0.0,5,-0.159098,0.233091,-0.392189,12,1
21322,OCCIDENTAL PETROLEUM CORP,OXY,2025,0,0,0,,0,-0.149772,0.163879,-0.313651,12,1
54139,PALO ALTO NETWORKS INC,PANW,2010,0,0,0,,0,,,,,0
54139,PALO ALTO NETWORKS INC,PANW,2011,0,0,4,0.0,0,,,,,0
54139,PALO ALTO NETWORKS INC,PANW,2012,0,0,1,0.0,0,,,,,0
54139,PALO ALTO NETWORKS INC,PANW,2013,0,0,12,0.0,0,,,,,0
54139,PALO ALTO NETWORKS INC,PANW,2014,0,0,11,0.0,0,,,,,0
54139,PALO ALTO NETWORKS INC,PANW,2015,0,0,19,0.0,0,,,,,0
54139,PALO ALTO NETWORKS INC,PANW,2016,1,1,25,0.04,0,,,,,0
54139,PALO ALTO NETWORKS INC,PANW,2017,2,2,22,0.0909,0,0.159056,0.194199,-0.035143,12,0
54139,PALO ALTO NETWORKS INC,PANW,2018,4,5,44,0.1136,2,0.299501,-0.062372,0.361874,12,0
54139,PALO ALTO NETWORKS INC,PANW,2019,12,12,52,0.2308,0,0.227767,0.288778,-0.061011,12,0
54139,PALO ALTO NETWORKS INC,PANW,2020,6,6,51,0.1176,3,0.536822,0.16259,0.374233,12,0
54139,PALO ALTO NETWORKS INC,PANW,2021,18,18,93,0.1935,5,0.566616,0.268925,0.297691,12,0
54139,PALO ALTO NETWORKS INC,PANW,2022,31,31,129,0.2403,2,-0.248114,-0.194429,-0.053685,12,0
54139,PALO ALTO NETWORKS INC,PANW,2023,48,48,164,0.2927,2,1.11323,0.242305,0.870925,12,0
54139,PALO ALTO NETWORKS INC,PANW,2024,65,70,194,0.3608,9,0.234128,0.233091,0.001037,12,1
54139,PALO ALTO NETWORKS INC,PANW,2025,28,28,85,0.3294,13,0.01231,0.163879,-0.151569,12,1
21167,PANASONIC CORP,PC,2010,27,27,1838,0.0147,0,,,,,0
21167,PANASONIC CORP,PC,2011,39,41,2331,0.0176,0,,,,,0
21167,PANASONIC CORP,PC,2012,44,46,2436,0.0189,0,,,,,0
21167,PANASONIC CORP,PC,2013,50,60,2451,0.0245,0,,,,,0
21167,PANASONIC CORP,PC,2014,37,92,2113,0.0435,0,,,,,0
21167,PANASONIC CORP,PC,2015,10,144,2231,0.0645,0,,,,,0
21167,PANASONIC CORP,PC,2016,4,164,2135,0.0768,0,,,,,0
21167,PANASONIC CORP,PC,2017,7,235,2332,0.1008,0,,,,,0
21167,PANASONIC CORP,PC,2018,12,245,2308,0.1062,0,,,,,0
21167,PANASONIC CORP,PC,2019,12,254,2296,0.1106,0,,,,,0
21167,PANASONIC CORP,PC,2020,15,233,2188,0.1065,0,,,,,0
21167,PANASONIC CORP,PC,2021,10,221,2135,0.1035,0,,,,,0
21167,PANASONIC CORP,PC,2022,12,188,2111,0.0891,0,,,,,0
21167,PANASONIC CORP,PC,2023,10,204,1994,0.1023,0,,,,,0
21167,PANASONIC CORP,PC,2024,5,208,1549,0.1343,0,,,,,1
21167,PANASONIC CORP,PC,2025,2,130,1065,0.1221,0,,,,,1
21394,PFIZER INC,PFE,2010,0,0,73,0.0,0,,,,,0
21394,PFIZER INC,PFE,2011,0,0,73,0.0,0,,,,,0
21394,PFIZER INC,PFE,2012,0,0,81,0.0,0,,,,,0
21394,PFIZER INC,PFE,2013,0,0,75,0.0,0,,,,,0
21394,PFIZER INC,PFE,2014,0,0,81,0.0,0,,,,,0
21394,PFIZER INC,PFE,2015,0,0,114,0.0,0,,,,,0
21394,PFIZER INC,PFE,2016,0,0,108,0.0,0,,,,,0
21394,PFIZER INC,PFE,2017,0,0,88,0.0,0,0.158824,0.194199,-0.035375,12,0
21394,PFIZER INC,PFE,2018,0,0,93,0.0,1,0.248195,-0.062372,0.310568,12,0
21394,PFIZER INC,PFE,2019,0,0,105,0.0,3,-0.069189,0.288778,-0.357967,12,0
21394,PFIZER INC,PFE,2020,0,0,106,0.0,0,0.022777,0.16259,-0.139813,12,0
21394,PFIZER INC,PFE,2021,2,2,124,0.0161,0,0.667392,0.268925,0.398466,12,0
21394,PFIZER INC,PFE,2022,3,3,77,0.039,0,-0.104242,-0.194429,0.090186,12,0
21394,PFIZER INC,PFE,2023,3,3,92,0.0326,6,-0.412241,0.242305,-0.654546,12,0
21394,PFIZER INC,PFE,2024,0,0,52,0.0,13,-0.022376,0.233091,-0.255467,12,1
21394,PFIZER INC,PFE,2025,2,2,35,0.0571,11,0.00672,0.163879,-0.157159,12,1
21446,PROCTER & GAMBLE CO,PG,2010,0,0,60,0.0,0,,,,,0
21446,PROCTER & GAMBLE CO,PG,2011,1,1,41,0.0244,0,,,,,0
21446,PROCTER & GAMBLE CO,PG,2012,3,3,164,0.0183,0,,,,,0
21446,PROCTER & GAMBLE CO,PG,2013,3,3,600,0.005,0,,,,,0
21446,PROCTER & GAMBLE CO,PG,2014,4,4,763,0.0052,0,,,,,0
21446,PROCTER & GAMBLE CO,PG,2015,1,1,845,0.0012,0,,,,,0
21446,PROCTER & GAMBLE CO,PG,2016,2,2,844,0.0024,0,,,,,0
21446,PROCTER & GAMBLE CO,PG,2017,10,10,786,0.0127,0,0.126945,0.194199,-0.067254,12,0
21446,PROCTER & GAMBLE CO,PG,2018,8,8,615,0.013,0,0.036184,-0.062372,0.098556,12,0
21446,PROCTER & GAMBLE CO,PG,2019,19,19,603,0.0315,0,0.39698,0.288778,0.108202,12,0
21446,PROCTER & GAMBLE CO,PG,2020,15,15,556,0.027,2,0.141496,0.16259,-0.021094,12,0
21446,PROCTER & GAMBLE CO,PG,2021,8,8,548,0.0146,0,0.205379,0.268925,-0.063547,12,0
21446,PROCTER & GAMBLE CO,PG,2022,13,13,442,0.0294,6,-0.050418,-0.194429,0.144011,12,0
21446,PROCTER & GAMBLE CO,PG,2023,10,10,558,0.0179,0,-0.008484,0.242305,-0.250789,12,0
21446,PROCTER & GAMBLE CO,PG,2024,7,7,451,0.0155,4,0.172481,0.233091,-0.06061,12,1
21446,PROCTER & GAMBLE CO,PG,2025,5,5,337,0.0148,5,-0.12252,0.163879,-0.286399,12,1
21425,POLARIS INDUSTRIES INC,PII,2010,0,0,12,0.0,0,,,,,0
21425,POLARIS INDUSTRIES INC,PII,2011,0,0,21,0.0,0,,,,,0
21425,POLARIS INDUSTRIES INC,PII,2012,0,0,33,0.0,0,,,,,0
21425,POLARIS INDUSTRIES INC,PII,2013,0,0,21,0.0,0,,,,,0
21425,POLARIS INDUSTRIES INC,PII,2014,0,0,37,0.0,0,,,,,0
21425,POLARIS INDUSTRIES INC,PII,2015,1,1,23,0.0435,0,,,,,0
21425,POLARIS INDUSTRIES INC,PII,2016,0,0,34,0.0,0,,,,,0
21425,POLARIS INDUSTRIES INC,PII,2017,1,1,39,0.0256,0,0.541905,0.194199,0.347705,12,0
21425,POLARIS INDUSTRIES INC,PII,2018,2,2,45,0.0444,0,-0.367621,-0.062372,-0.305249,12,0
21425,POLARIS INDUSTRIES INC,PII,2019,1,1,65,0.0154,0,0.364461,0.288778,0.075683,12,0
21425,POLARIS INDUSTRIES INC,PII,2020,3,3,55,0.0545,0,-0.037977,0.16259,-0.200567,12,0
21425,POLARIS INDUSTRIES INC,PII,2021,5,5,77,0.0649,0,0.178017,0.268925,-0.090908,12,0
21425,POLARIS INDUSTRIES INC,PII,2022,5,5,77,0.0649,0,-0.060183,-0.194429,0.134245,12,0
21425,POLARIS INDUSTRIES INC,PII,2023,4,4,79,0.0506,0,-0.037596,0.242305,-0.279901,12,0
21425,POLARIS INDUSTRIES INC,PII,2024,4,4,92,0.0435,0,-0.371759,0.233091,-0.60485,12,1
21425,POLARIS INDUSTRIES INC,PII,2025,3,3,63,0.0476,0,0.159843,0.163879,-0.004036,12,1
56691,PINTEREST INC,PINS,2010,0,0,0,,0,,,,,0
56691,PINTEREST INC,PINS,2011,0,0,0,,0,,,,,0
56691,PINTEREST INC,PINS,2012,0,0,0,,0,,,,,0
56691,PINTEREST INC,PINS,2013,0,0,1,0.0,0,,,,,0
56691,PINTEREST INC,PINS,2014,1,1,2,0.5,0,,,,,0
56691,PINTEREST INC,PINS,2015,1,1,4,0.25,0,,,,,0
56691,PINTEREST INC,PINS,2016,1,1,3,0.3333,0,,,,,0
56691,PINTEREST INC,PINS,2017,6,6,6,1.0,0,,,,,0
56691,PINTEREST INC,PINS,2018,3,3,3,1.0,0,,,,,0
56691,PINTEREST INC,PINS,2019,6,6,8,0.75,6,-0.236065,0.139845,-0.375909,9,0
56691,PINTEREST INC,PINS,2020,1,1,3,0.3333,15,2.535413,0.16259,2.372823,12,0
56691,PINTEREST INC,PINS,2021,9,9,12,0.75,16,-0.448408,0.268925,-0.717333,12,0
56691,PINTEREST INC,PINS,2022,15,15,23,0.6522,14,-0.33205,-0.194429,-0.137622,12,0
56691,PINTEREST INC,PINS,2023,18,18,21,0.8571,9,0.525537,0.242305,0.283232,12,0
56691,PINTEREST INC,PINS,2024,13,13,16,0.8125,6,-0.217062,0.233091,-0.450153,12,1
56691,PINTEREST INC,PINS,2025,14,14,15,0.9333,29,-0.107241,0.163879,-0.27112,12,1
56798,PERSONALIS INC,PSNL,2010,0,0,0,,0,,,,,0
56798,PERSONALIS INC,PSNL,2011,0,0,0,,0,,,,,0
56798,PERSONALIS INC,PSNL,2012,0,0,0,,0,,,,,0
56798,PERSONALIS INC,PSNL,2013,0,0,1,0.0,0,,,,,0
56798,PERSONALIS INC,PSNL,2014,1,1,1,1.0,0,,,,,0
56798,PERSONALIS INC,PSNL,2015,1,1,3,0.3333,0,,,,,0
56798,PERSONALIS INC,PSNL,2016,1,1,2,0.5,0,,,,,0
56798,PERSONALIS INC,PSNL,2017,1,1,1,1.0,0,,,,,0
56798,PERSONALIS INC,PSNL,2018,0,0,3,0.0,0,,,,,0
56798,PERSONALIS INC,PSNL,2019,0,0,0,,0,-0.617409,0.173949,-0.791358,7,0
56798,PERSONALIS INC,PSNL,2020,3,3,8,0.375,0,2.358719,0.16259,2.196129,12,0
56798,PERSONALIS INC,PSNL,2021,1,1,5,0.2,0,-0.610215,0.268925,-0.879141,12,0
56798,PERSONALIS INC,PSNL,2022,7,7,15,0.4667,0,-0.861247,-0.194429,-0.666819,12,0
56798,PERSONALIS INC,PSNL,2023,0,0,5,0.0,0,0.060606,0.242305,-0.181699,12,0
56798,PERSONALIS INC,PSNL,2024,2,2,6,0.3333,0,1.752382,0.233091,1.519291,12,1
56798,PERSONALIS INC,PSNL,2025,2,2,7,0.2857,0,0.377163,0.163879,0.213284,12,1
39138,PEARSON PLC,PSO,2010,0,0,0,,0,,,,,0
39138,PEARSON PLC,PSO,2011,0,0,0,,0,,,,,0
39138,PEARSON PLC,PSO,2012,1,1,3,0.3333,0,,,,,0
39138,PEARSON PLC,PSO,2013,1,1,4,0.25,0,,,,,0
39138,PEARSON PLC,PSO,2014,7,7,21,0.3333,0,,,,,0
39138,PEARSON PLC,PSO,2015,8,8,22,0.3636,0,,,,,0
39138,PEARSON PLC,PSO,2016,17,17,37,0.4595,0,,,,,0
39138,PEARSON PLC,PSO,2017,35,35,62,0.5645,0,0.043848,0.194199,-0.150351,12,0
39138,PEARSON PLC,PSO,2018,48,48,81,0.5926,0,0.243262,-0.062372,0.305634,12,0
39138,PEARSON PLC,PSO,2019,28,28,54,0.5185,1,-0.277583,0.288778,-0.566361,12,0
39138,PEARSON PLC,PSO,2020,12,12,35,0.3429,0,0.129136,0.16259,-0.033454,12,0
39138,PEARSON PLC,PSO,2021,6,6,11,0.5455,0,-0.06143,0.268925,-0.330355,12,0
39138,PEARSON PLC,PSO,2022,1,1,3,0.3333,0,0.376535,-0.194429,0.570964,12,0
39138,PEARSON PLC,PSO,2023,2,2,5,0.4,0,0.119745,0.242305,-0.12256,12,0
39138,PEARSON PLC,PSO,2024,3,3,5,0.6,0,0.341168,0.233091,0.108077,12,1
39138,PEARSON PLC,PSO,2025,3,3,5,0.6,4,-0.110167,0.163879,-0.274046,12,1
55526,PROTEOSTASIS THERAPEUTICS INC,PTI,2010,0,0,0,,0,,,,,0
55526,PROTEOSTASIS THERAPEUTICS INC,PTI,2011,0,0,7,0.0,0,,,,,0
55526,PROTEOSTASIS THERAPEUTICS INC,PTI,2012,0,0,11,0.0,0,,,,,0
55526,PROTEOSTASIS THERAPEUTICS INC,PTI,2013,0,0,5,0.0,0,,,,,0
55526,PROTEOSTASIS THERAPEUTICS INC,PTI,2014,0,0,7,0.0,0,,,,,0
55526,PROTEOSTASIS THERAPEUTICS INC,PTI,2015,0,0,11,0.0,0,,,,,0
55526,PROTEOSTASIS THERAPEUTICS INC,PTI,2016,0,0,8,0.0,0,,,,,0
55526,PROTEOSTASIS THERAPEUTICS INC,PTI,2017,0,0,11,0.0,0,-0.524469,0.194199,-0.718668,12,0
55526,PROTEOSTASIS THERAPEUTICS INC,PTI,2018,0,0,6,0.0,0,-0.444255,-0.062372,-0.381883,12,0
55526,PROTEOSTASIS THERAPEUTICS INC,PTI,2019,0,0,6,0.0,0,-0.296296,0.288778,-0.585075,12,0
55526,PROTEOSTASIS THERAPEUTICS INC,PTI,2020,0,0,12,0.0,0,-0.627193,0.16259,-0.789783,12,0
55526,PROTEOSTASIS THERAPEUTICS INC,PTI,2021,0,0,9,0.0,0,-0.825883,0.268925,-1.094808,12,0
55526,PROTEOSTASIS THERAPEUTICS INC,PTI,2022,0,0,7,0.0,0,-0.073789,-0.194429,0.120639,12,0
55526,PROTEOSTASIS THERAPEUTICS INC,PTI,2023,0,0,3,0.0,0,-0.428346,0.242305,-0.670651,12,0
55526,PROTEOSTASIS THERAPEUTICS INC,PTI,2024,0,0,1,0.0,0,-0.807163,0.208111,-1.015274,9,1
55526,PROTEOSTASIS THERAPEUTICS INC,PTI,2025,0,0,1,0.0,0,,,,,1
11253,QUALCOMM INC,QCOM,2010,27,27,1731,0.0156,0,,,,,0
11253,QUALCOMM INC,QCOM,2011,51,58,1905,0.0304,0,,,,,0
11253,QUALCOMM INC,QCOM,2012,79,81,2297,0.0353,0,,,,,0
11253,QUALCOMM INC,QCOM,2013,161,163,3334,0.0489,0,,,,,0
11253,QUALCOMM INC,QCOM,2014,200,204,3238,0.063,0,,,,,0
11253,QUALCOMM INC,QCOM,2015,171,174,3016,0.0577,0,,,,,0
11253,QUALCOMM INC,QCOM,2016,145,151,2577,0.0586,0,,,,,0
11253,QUALCOMM INC,QCOM,2017,196,197,2581,0.0763,8,0.020344,0.194199,-0.173855,12,0
11253,QUALCOMM INC,QCOM,2018,154,158,2553,0.0619,28,-0.075923,-0.062372,-0.013551,12,0
11253,QUALCOMM INC,QCOM,2019,158,160,2651,0.0604,48,0.606713,0.288778,0.317934,12,0
11253,QUALCOMM INC,QCOM,2020,203,215,4295,0.0501,65,0.770042,0.16259,0.607452,12,0
11253,QUALCOMM INC,QCOM,2021,418,430,6431,0.0669,90,0.222809,0.268925,-0.046116,12,0
11253,QUALCOMM INC,QCOM,2022,401,403,4851,0.0831,95,-0.3861,-0.194429,-0.191671,12,0
11253,QUALCOMM INC,QCOM,2023,519,529,4211,0.1256,118,0.350656,0.242305,0.108351,12,0
11253,QUALCOMM INC,QCOM,2024,410,417,3185,0.1309,161,0.083318,0.233091,-0.149773,12,1
11253,QUALCOMM INC,QCOM,2025,90,91,927,0.0982,170,0.138336,0.163879,-0.025543,12,1
5722,QUANTUM CORP,QTM,2010,0,2,31,0.0645,0,,,,,0
5722,QUANTUM CORP,QTM,2011,0,4,39,0.1026,0,,,,,0
5722,QUANTUM CORP,QTM,2012,0,2,46,0.0435,0,,,,,0
5722,QUANTUM CORP,QTM,2013,1,2,37,0.0541,0,,,,,0
5722,QUANTUM CORP,QTM,2014,0,1,62,0.0161,0,,,,,0
5722,QUANTUM CORP,QTM,2015,1,2,52,0.0385,0,,,,,0
5722,QUANTUM CORP,QTM,2016,0,4,66,0.0606,0,,,,,0
5722,QUANTUM CORP,QTM,2017,0,2,51,0.0392,0,-0.154248,0.194199,-0.348448,12,0
5722,QUANTUM CORP,QTM,2018,1,4,63,0.0635,0,-0.644761,-0.062372,-0.582389,12,0
5722,QUANTUM CORP,QTM,2019,1,21,87,0.2414,0,-0.19,0.078684,-0.268684,1,0
5722,QUANTUM CORP,QTM,2020,2,13,103,0.1262,0,-0.06422,0.164485,-0.228705,11,0
5722,QUANTUM CORP,QTM,2021,1,17,118,0.1441,0,-0.09804,0.268925,-0.366965,12,0
5722,QUANTUM CORP,QTM,2022,1,17,110,0.1545,0,-0.802536,-0.194429,-0.608108,12,0
5722,QUANTUM CORP,QTM,2023,5,14,119,0.1176,0,-0.679817,0.242305,-0.922122,12,0
5722,QUANTUM CORP,QTM,2024,2,20,84,0.2381,0,6.724933,0.233091,6.491842,12,1
5722,QUANTUM CORP,QTM,2025,0,4,52,0.0769,0,-0.880378,0.163879,-1.044257,12,1
47003,ROYAL DUTCH SHELL PLC,RDS,2010,0,0,15,0.0,0,,,,,0
47003,ROYAL DUTCH SHELL PLC,RDS,2011,0,0,96,0.0,0,,,,,0
47003,ROYAL DUTCH SHELL PLC,RDS,2012,0,0,215,0.0,0,,,,,0
47003,ROYAL DUTCH SHELL PLC,RDS,2013,0,0,225,0.0,0,,,,,0
47003,ROYAL DUTCH SHELL PLC,RDS,2014,0,0,248,0.0,0,,,,,0
47003,ROYAL DUTCH SHELL PLC,RDS,2015,1,1,201,0.005,0,,,,,0
47003,ROYAL DUTCH SHELL PLC,RDS,2016,0,0,223,0.0,0,,,,,0
47003,ROYAL DUTCH SHELL PLC,RDS,2017,0,0,143,0.0,0,0.310328,0.194199,0.116128,12,0
47003,ROYAL DUTCH SHELL PLC,RDS,2018,1,1,59,0.0169,2,-0.07538,-0.062372,-0.013008,12,0
47003,ROYAL DUTCH SHELL PLC,RDS,2019,9,9,88,0.1023,0,0.07718,0.288778,-0.211598,12,0
47003,ROYAL DUTCH SHELL PLC,RDS,2020,3,3,78,0.0385,2,-0.373855,0.16259,-0.536445,12,0
47003,ROYAL DUTCH SHELL PLC,RDS,2021,8,8,75,0.1067,6,0.285052,0.268925,0.016127,12,0
47003,ROYAL DUTCH SHELL PLC,RDS,2022,2,2,55,0.0364,6,0.36033,-0.194429,0.554759,12,0
47003,ROYAL DUTCH SHELL PLC,RDS,2023,6,6,36,0.1667,3,0.201995,0.242305,-0.04031,12,0
47003,ROYAL DUTCH SHELL PLC,RDS,2024,1,1,5,0.2,2,-0.008834,0.233091,-0.241925,12,1
47003,ROYAL DUTCH SHELL PLC,RDS,2025,1,1,3,0.3333,7,0.221492,0.163879,0.057613,12,1
30501,RELX PLC,RELX,2010,0,0,0,,0,,,,,0
30501,RELX PLC,RELX,2011,0,0,0,,0,,,,,0
30501,RELX PLC,RELX,2012,0,0,0,,0,,,,,0
30501,RELX PLC,RELX,2013,0,0,0,,0,,,,,0
30501,RELX PLC,RELX,2014,0,0,0,,0,,,,,0
30501,RELX PLC,RELX,2015,0,0,0,,0,,,,,0
30501,RELX PLC,RELX,2016,0,0,0,,0,,,,,0
30501,RELX PLC,RELX,2017,0,0,0,,1,0.348825,0.194199,0.154625,12,0
30501,RELX PLC,RELX,2018,1,1,1,1.0,2,-0.112155,-0.062372,-0.049783,12,0
30501,RELX PLC,RELX,2019,2,2,2,1.0,3,0.261795,0.288778,-0.026984,12,0
30501,RELX PLC,RELX,2020,8,8,8,1.0,17,0.002736,0.16259,-0.159853,12,0
30501,RELX PLC,RELX,2021,5,5,5,1.0,7,0.354803,0.268925,0.085878,12,0
30501,RELX PLC,RELX,2022,3,3,4,0.75,14,-0.130866,-0.194429,0.063562,12,0
30501,RELX PLC,RELX,2023,0,0,0,,17,0.460764,0.242305,0.218459,12,0
30501,RELX PLC,RELX,2024,6,6,6,1.0,4,0.165765,0.233091,-0.067325,12,1
30501,RELX PLC,RELX,2025,0,0,1,0.0,6,-0.095179,0.163879,-0.259058,12,1
58063,RIGETTI COMPUTING INC,RGTI,2010,0,0,0,,0,,,,,0
58063,RIGETTI COMPUTING INC,RGTI,2011,0,0,0,,0,,,,,0
58063,RIGETTI COMPUTING INC,RGTI,2012,0,0,0,,0,,,,,0
58063,RIGETTI COMPUTING INC,RGTI,2013,0,0,0,,0,,,,,0
58063,RIGETTI COMPUTING INC,RGTI,2014,0,0,0,,0,,,,,0
58063,RIGETTI COMPUTING INC,RGTI,2015,4,4,6,0.6667,0,,,,,0
58063,RIGETTI COMPUTING INC,RGTI,2016,1,1,4,0.25,0,,,,,0
58063,RIGETTI COMPUTING INC,RGTI,2017,1,1,1,1.0,0,,,,,0
58063,RIGETTI COMPUTING INC,RGTI,2018,2,2,10,0.2,0,,,,,0
58063,RIGETTI COMPUTING INC,RGTI,2019,4,4,7,0.5714,0,,,,,0
58063,RIGETTI COMPUTING INC,RGTI,2020,2,2,6,0.3333,0,,,,,0
58063,RIGETTI COMPUTING INC,RGTI,2021,3,3,11,0.2727,0,0.039393,0.199675,-0.160282,9,0
58063,RIGETTI COMPUTING INC,RGTI,2022,0,0,5,0.0,0,-0.929135,-0.194429,-0.734706,12,0
58063,RIGETTI COMPUTING INC,RGTI,2023,1,1,9,0.1111,1,0.350659,0.242305,0.108354,12,0
58063,RIGETTI COMPUTING INC,RGTI,2024,1,1,17,0.0588,0,14.493965,0.233091,14.260874,12,1
58063,RIGETTI COMPUTING INC,RGTI,2025,2,2,4,0.5,0,0.451507,0.163879,0.287628,12,1
16753,RED HAT INC,RHT,2010,1,1,64,0.0156,0,,,,,0
16753,RED HAT INC,RHT,2011,1,1,16,0.0625,0,,,,,0
16753,RED HAT INC,RHT,2012,2,2,143,0.014,0,,,,,0
16753,RED HAT INC,RHT,2013,7,7,219,0.032,0,,,,,0
16753,RED HAT INC,RHT,2014,6,6,241,0.0249,0,,,,,0
16753,RED HAT INC,RHT,2015,7,7,240,0.0292,0,,,,,0
16753,RED HAT INC,RHT,2016,8,10,227,0.0441,0,,,,,0
16753,RED HAT INC,RHT,2017,10,10,225,0.0444,0,0.723098,0.194199,0.528898,12,0
16753,RED HAT INC,RHT,2018,13,16,229,0.0699,0,0.462449,-0.062372,0.524821,12,0
16753,RED HAT INC,RHT,2019,15,17,292,0.0582,0,0.08176,0.188892,-0.107132,7,0
16753,RED HAT INC,RHT,2020,19,19,282,0.0674,0,,,,,0
16753,RED HAT INC,RHT,2021,30,30,315,0.0952,0,,,,,0
16753,RED HAT INC,RHT,2022,31,31,362,0.0856,0,,,,,0
16753,RED HAT INC,RHT,2023,19,19,221,0.086,0,,,,,0
16753,RED HAT INC,RHT,2024,18,18,136,0.1324,0,,,,,1
16753,RED HAT INC,RHT,2025,2,2,31,0.0645,0,,,,,1
26084,RIO TINTO PLC,RIO,2010,0,0,6,0.0,0,,,,,0
26084,RIO TINTO PLC,RIO,2011,0,0,5,0.0,0,,,,,0
26084,RIO TINTO PLC,RIO,2012,0,0,5,0.0,0,,,,,0
26084,RIO TINTO PLC,RIO,2013,0,0,8,0.0,0,,,,,0
26084,RIO TINTO PLC,RIO,2014,0,0,12,0.0,0,,,,,0
26084,RIO TINTO PLC,RIO,2015,0,0,9,0.0,0,,,,,0
26084,RIO TINTO PLC,RIO,2016,0,0,3,0.0,0,,,,,0
26084,RIO TINTO PLC,RIO,2017,0,0,2,0.0,0,0.449013,0.194199,0.254814,12,0
26084,RIO TINTO PLC,RIO,2018,0,0,0,,0,-0.028919,-0.062372,0.033453,12,0
26084,RIO TINTO PLC,RIO,2019,0,0,5,0.0,0,0.374249,0.288778,0.08547,12,0
26084,RIO TINTO PLC,RIO,2020,0,0,9,0.0,0,0.363615,0.16259,0.201026,12,0
26084,RIO TINTO PLC,RIO,2021,0,0,4,0.0,0,-0.036188,0.268925,-0.305113,12,0
26084,RIO TINTO PLC,RIO,2022,0,0,2,0.0,0,0.182085,-0.194429,0.376513,12,0
26084,RIO TINTO PLC,RIO,2023,0,0,3,0.0,0,0.111446,0.242305,-0.130859,12,0
26084,RIO TINTO PLC,RIO,2024,0,0,0,,0,-0.154437,0.233091,-0.387528,12,1
26084,RIO TINTO PLC,RIO,2025,0,0,0,,1,0.444036,0.163879,0.280158,12,1
57140,RELAY THERAPEUTICS INC,RLAY,2010,0,0,0,,0,,,,,0
57140,RELAY THERAPEUTICS INC,RLAY,2011,0,0,0,,0,,,,,0
57140,RELAY THERAPEUTICS INC,RLAY,2012,0,0,0,,0,,,,,0
57140,RELAY THERAPEUTICS INC,RLAY,2013,0,0,0,,0,,,,,0
57140,RELAY THERAPEUTICS INC,RLAY,2014,0,0,0,,0,,,,,0
57140,RELAY THERAPEUTICS INC,RLAY,2015,0,0,0,,0,,,,,0
57140,RELAY THERAPEUTICS INC,RLAY,2016,0,0,0,,0,,,,,0
57140,RELAY THERAPEUTICS INC,RLAY,2017,0,0,2,0.0,0,,,,,0
57140,RELAY THERAPEUTICS INC,RLAY,2018,0,0,2,0.0,0,,,,,0
57140,RELAY THERAPEUTICS INC,RLAY,2019,0,0,3,0.0,0,,,,,0
57140,RELAY THERAPEUTICS INC,RLAY,2020,0,0,3,0.0,0,0.185735,0.211522,-0.025786,6,0
57140,RELAY THERAPEUTICS INC,RLAY,2021,0,0,2,0.0,0,-0.261069,0.268925,-0.529994,12,0
57140,RELAY THERAPEUTICS INC,RLAY,2022,0,0,6,0.0,0,-0.513514,-0.194429,-0.319085,12,0
57140,RELAY THERAPEUTICS INC,RLAY,2023,0,0,6,0.0,0,-0.263053,0.242305,-0.505358,12,0
57140,RELAY THERAPEUTICS INC,RLAY,2024,0,0,1,0.0,1,-0.625795,0.233091,-0.858886,12,1
57140,RELAY THERAPEUTICS INC,RLAY,2025,0,0,1,0.0,0,1.053396,0.163879,0.889517,12,1
13753,RESMED INC,RMD,2010,4,4,49,0.0816,0,,,,,0
13753,RESMED INC,RMD,2011,0,0,40,0.0,0,,,,,0
13753,RESMED INC,RMD,2012,1,1,84,0.0119,0,,,,,0
13753,RESMED INC,RMD,2013,1,4,103,0.0388,0,,,,,0
13753,RESMED INC,RMD,2014,2,4,119,0.0336,0,,,,,0
13753,RESMED INC,RMD,2015,1,1,82,0.0122,0,,,,,0
13753,RESMED INC,RMD,2016,4,8,85,0.0941,0,,,,,0
13753,RESMED INC,RMD,2017,4,4,99,0.0404,0,0.390666,0.194199,0.196466,12,0
13753,RESMED INC,RMD,2018,1,3,100,0.03,0,0.363799,-0.062372,0.426171,12,0
13753,RESMED INC,RMD,2019,2,5,110,0.0455,0,0.378565,0.288778,0.089787,12,0
13753,RESMED INC,RMD,2020,9,18,216,0.0833,0,0.383446,0.16259,0.220857,12,0
13753,RESMED INC,RMD,2021,15,25,243,0.1029,0,0.234143,0.268925,-0.034783,12,0
13753,RESMED INC,RMD,2022,11,20,187,0.107,0,-0.194695,-0.194429,-0.000266,12,0
13753,RESMED INC,RMD,2023,3,13,157,0.0828,0,-0.165314,0.242305,-0.407619,12,0
13753,RESMED INC,RMD,2024,3,8,132,0.0606,0,0.341835,0.233091,0.108744,12,1
13753,RESMED INC,RMD,2025,11,13,90,0.1444,0,0.062647,0.163879,-0.101232,12,1
15843,REALNETWORKS INC,RNWK,2010,1,1,12,0.0833,0,,,,,0
15843,REALNETWORKS INC,RNWK,2011,0,0,15,0.0,0,,,,,0
15843,REALNETWORKS INC,RNWK,2012,2,2,15,0.1333,0,,,,,0
15843,REALNETWORKS INC,RNWK,2013,0,0,7,0.0,0,,,,,0
15843,REALNETWORKS INC,RNWK,2014,2,2,6,0.3333,0,,,,,0
15843,REALNETWORKS INC,RNWK,2015,1,1,8,0.125,0,,,,,0
15843,REALNETWORKS INC,RNWK,2016,2,2,4,0.5,0,,,,,0
15843,REALNETWORKS INC,RNWK,2017,0,0,5,0.0,0,-0.296297,0.194199,-0.490496,12,0
15843,REALNETWORKS INC,RNWK,2018,0,0,4,0.0,0,-0.324561,-0.062372,-0.262189,12,0
15843,REALNETWORKS INC,RNWK,2019,4,4,9,0.4444,0,-0.480519,0.288778,-0.769297,12,0
15843,REALNETWORKS INC,RNWK,2020,1,1,2,0.5,0,0.300003,0.16259,0.137413,12,0
15843,REALNETWORKS INC,RNWK,2021,5,5,8,0.625,0,-0.371794,0.268925,-0.64072,12,0
15843,REALNETWORKS INC,RNWK,2022,3,3,3,1.0,0,-0.255101,-0.194429,-0.060673,12,0
15843,REALNETWORKS INC,RNWK,2023,2,2,2,1.0,0,,,,,0
15843,REALNETWORKS INC,RNWK,2024,0,0,0,,0,,,,,1
15843,REALNETWORKS INC,RNWK,2025,0,0,0,,0,,,,,1
21526,ROGERS CORP,ROG,2010,0,0,3,0.0,0,,,,,0
21526,ROGERS CORP,ROG,2011,0,0,6,0.0,0,,,,,0
21526,ROGERS CORP,ROG,2012,0,0,1,0.0,0,,,,,0
21526,ROGERS CORP,ROG,2013,0,0,3,0.0,0,,,,,0
21526,ROGERS CORP,ROG,2014,0,0,4,0.0,0,,,,,0
21526,ROGERS CORP,ROG,2015,0,0,13,0.0,0,,,,,0
21526,ROGERS CORP,ROG,2016,0,0,15,0.0,0,,,,,0
21526,ROGERS CORP,ROG,2017,0,0,11,0.0,0,1.108058,0.194199,0.913859,12,0
21526,ROGERS CORP,ROG,2018,0,0,11,0.0,0,-0.388217,-0.062372,-0.325845,12,0
21526,ROGERS CORP,ROG,2019,1,1,30,0.0333,0,0.259139,0.288778,-0.02964,12,0
21526,ROGERS CORP,ROG,2020,0,0,23,0.0,0,0.24501,0.16259,0.08242,12,0
21526,ROGERS CORP,ROG,2021,0,0,22,0.0,0,0.758002,0.268925,0.489077,12,0
21526,ROGERS CORP,ROG,2022,0,0,17,0.0,0,-0.562857,-0.194429,-0.368429,12,0
21526,ROGERS CORP,ROG,2023,0,0,15,0.0,0,0.106669,0.242305,-0.135636,12,0
21526,ROGERS CORP,ROG,2024,0,0,12,0.0,0,-0.230635,0.233091,-0.463726,12,1
21526,ROGERS CORP,ROG,2025,0,0,7,0.0,0,-0.098809,0.163879,-0.262688,12,1
51816,ROSETTA GENOMICS LTD,ROSG,2010,0,0,1,0.0,0,,,,,0
51816,ROSETTA GENOMICS LTD,ROSG,2011,0,0,2,0.0,0,,,,,0
51816,ROSETTA GENOMICS LTD,ROSG,2012,1,1,4,0.25,0,,,,,0
51816,ROSETTA GENOMICS LTD,ROSG,2013,0,0,3,0.0,0,,,,,0
51816,ROSETTA GENOMICS LTD,ROSG,2014,0,0,9,0.0,0,,,,,0
51816,ROSETTA GENOMICS LTD,ROSG,2015,0,0,8,0.0,0,,,,,0
51816,ROSETTA GENOMICS LTD,ROSG,2016,0,0,6,0.0,0,,,,,0
51816,ROSETTA GENOMICS LTD,ROSG,2017,0,0,6,0.0,0,-0.889881,0.194199,-1.08408,12,0
51816,ROSETTA GENOMICS LTD,ROSG,2018,0,0,6,0.0,0,-0.207207,0.011843,-0.21905,5,0
51816,ROSETTA GENOMICS LTD,ROSG,2019,0,0,1,0.0,0,,,,,0
51816,ROSETTA GENOMICS LTD,ROSG,2020,0,0,0,,0,,,,,0
51816,ROSETTA GENOMICS LTD,ROSG,2021,0,0,0,,0,,,,,0
51816,ROSETTA GENOMICS LTD,ROSG,2022,0,0,1,0.0,0,,,,,0
51816,ROSETTA GENOMICS LTD,ROSG,2023,0,0,0,,0,,,,,0
51816,ROSETTA GENOMICS LTD,ROSG,2024,0,0,0,,0,,,,,1
51816,ROSETTA GENOMICS LTD,ROSG,2025,0,0,0,,0,,,,,1
55591,SELECTA BIOSCIENCES INC,SELB,2010,0,0,5,0.0,0,,,,,0
55591,SELECTA BIOSCIENCES INC,SELB,2011,0,0,14,0.0,0,,,,,0
55591,SELECTA BIOSCIENCES INC,SELB,2012,0,0,27,0.0,0,,,,,0
55591,SELECTA BIOSCIENCES INC,SELB,2013,0,0,2,0.0,0,,,,,0
55591,SELECTA BIOSCIENCES INC,SELB,2014,0,0,9,0.0,0,,,,,0
55591,SELECTA BIOSCIENCES INC,SELB,2015,0,0,21,0.0,0,,,,,0
55591,SELECTA BIOSCIENCES INC,SELB,2016,0,0,3,0.0,0,,,,,0
55591,SELECTA BIOSCIENCES INC,SELB,2017,0,0,5,0.0,0,-0.427988,0.194199,-0.622188,12,0
55591,SELECTA BIOSCIENCES INC,SELB,2018,0,0,6,0.0,0,-0.728848,-0.062372,-0.666476,12,0
55591,SELECTA BIOSCIENCES INC,SELB,2019,0,0,8,0.0,0,-0.105263,0.288778,-0.394041,12,0
55591,SELECTA BIOSCIENCES INC,SELB,2020,0,0,9,0.0,0,0.273108,0.16259,0.110519,12,0
55591,SELECTA BIOSCIENCES INC,SELB,2021,0,0,8,0.0,0,0.075908,0.268925,-0.193017,12,0
55591,SELECTA BIOSCIENCES INC,SELB,2022,0,0,10,0.0,0,-0.653375,-0.194429,-0.458946,12,0
55591,SELECTA BIOSCIENCES INC,SELB,2023,0,0,12,0.0,0,-0.389911,0.242305,-0.632216,12,0
55591,SELECTA BIOSCIENCES INC,SELB,2024,0,0,6,0.0,0,-0.13403,0.233091,-0.367121,12,1
55591,SELECTA BIOSCIENCES INC,SELB,2025,0,0,0,,0,-0.597432,0.163879,-0.761311,12,1
17206,SIFY TECHNOLOGIES LTD,SIFY,2010,0,0,0,,0,,,,,0
17206,SIFY TECHNOLOGIES LTD,SIFY,2011,0,0,0,,0,,,,,0
17206,SIFY TECHNOLOGIES LTD,SIFY,2012,0,0,0,,0,,,,,0
17206,SIFY TECHNOLOGIES LTD,SIFY,2013,0,0,0,,0,,,,,0
17206,SIFY TECHNOLOGIES LTD,SIFY,2014,0,0,0,,0,,,,,0
17206,SIFY TECHNOLOGIES LTD,SIFY,2015,0,0,0,,0,,,,,0
17206,SIFY TECHNOLOGIES LTD,SIFY,2016,0,0,0,,0,,,,,0
17206,SIFY TECHNOLOGIES LTD,SIFY,2017,0,0,0,,0,1.506719,0.194199,1.312519,12,0
17206,SIFY TECHNOLOGIES LTD,SIFY,2018,0,0,0,,0,-0.159486,-0.062372,-0.097114,12,0
17206,SIFY TECHNOLOGIES LTD,SIFY,2019,0,0,0,,0,-0.164064,0.288778,-0.452842,12,0
17206,SIFY TECHNOLOGIES LTD,SIFY,2020,0,0,0,,0,0.032521,0.16259,-0.130069,12,0
17206,SIFY TECHNOLOGIES LTD,SIFY,2021,0,0,0,,0,1.543307,0.268925,1.274381,12,0
17206,SIFY TECHNOLOGIES LTD,SIFY,2022,0,0,0,,0,-0.643498,-0.194429,-0.449069,12,0
17206,SIFY TECHNOLOGIES LTD,SIFY,2023,0,0,0,,0,0.619626,0.242305,0.377321,12,0
17206,SIFY TECHNOLOGIES LTD,SIFY,2024,0,0,0,,0,-0.744414,0.233091,-0.977505,12,1
17206,SIFY TECHNOLOGIES LTD,SIFY,2025,0,0,0,,0,3.262241,0.163879,3.098362,12,1
21576,SCHLUMBERGER LTD,SLB,2010,0,3,308,0.0097,0,,,,,0
21576,SCHLUMBERGER LTD,SLB,2011,0,0,238,0.0,0,,,,,0
21576,SCHLUMBERGER LTD,SLB,2012,0,2,365,0.0055,0,,,,,0
21576,SCHLUMBERGER LTD,SLB,2013,0,5,619,0.0081,0,,,,,0
21576,SCHLUMBERGER LTD,SLB,2014,0,13,662,0.0196,0,,,,,0
21576,SCHLUMBERGER LTD,SLB,2015,0,10,635,0.0157,0,,,,,0
21576,SCHLUMBERGER LTD,SLB,2016,0,25,646,0.0387,0,,,,,0
21576,SCHLUMBERGER LTD,SLB,2017,0,8,329,0.0243,0,-0.173598,0.194199,-0.367798,12,0
21576,SCHLUMBERGER LTD,SLB,2018,0,26,279,0.0932,12,-0.446314,-0.062372,-0.383942,12,0
21576,SCHLUMBERGER LTD,SLB,2019,0,34,324,0.1049,4,0.177201,0.288778,-0.111577,12,0
21576,SCHLUMBERGER LTD,SLB,2020,0,65,361,0.1801,4,-0.438362,0.16259,-0.600952,12,0
21576,SCHLUMBERGER LTD,SLB,2021,0,45,315,0.1429,5,0.395819,0.268925,0.126894,12,0
21576,SCHLUMBERGER LTD,SLB,2022,0,85,371,0.2291,5,0.812162,-0.194429,1.006591,12,0
21576,SCHLUMBERGER LTD,SLB,2023,0,85,462,0.184,9,-0.007879,0.242305,-0.250184,12,0
21576,SCHLUMBERGER LTD,SLB,2024,0,101,546,0.185,3,-0.244529,0.233091,-0.47762,12,1
21576,SCHLUMBERGER LTD,SLB,2025,0,68,307,0.2215,1,0.032736,0.163879,-0.131143,12,1
55867,SNAP INC,SNAP,2010,0,0,0,,0,,,,,0
55867,SNAP INC,SNAP,2011,0,0,0,,0,,,,,0
55867,SNAP INC,SNAP,2012,0,0,0,,0,,,,,0
55867,SNAP INC,SNAP,2013,0,0,0,,0,,,,,0
55867,SNAP INC,SNAP,2014,0,0,0,,0,,,,,0
55867,SNAP INC,SNAP,2015,0,0,0,,0,,,,,0
55867,SNAP INC,SNAP,2016,2,2,5,0.4,0,,,,,0
55867,SNAP INC,SNAP,2017,12,12,46,0.2609,16,-0.403187,0.131141,-0.534328,10,0
55867,SNAP INC,SNAP,2018,12,12,28,0.4286,30,-0.622861,-0.062372,-0.560489,12,0
55867,SNAP INC,SNAP,2019,54,54,133,0.406,18,1.963703,0.288778,1.674925,12,0
55867,SNAP INC,SNAP,2020,109,109,310,0.3516,47,2.066139,0.16259,1.903549,12,0
55867,SNAP INC,SNAP,2021,205,205,534,0.3839,49,-0.060715,0.268925,-0.32964,12,0
55867,SNAP INC,SNAP,2022,236,236,584,0.4041,84,-0.809696,-0.194429,-0.615267,12,0
55867,SNAP INC,SNAP,2023,260,260,632,0.4114,70,0.89162,0.242305,0.649315,12,0
55867,SNAP INC,SNAP,2024,227,227,549,0.4135,104,-0.36385,0.233091,-0.596941,12,1
55867,SNAP INC,SNAP,2025,208,208,502,0.4143,104,-0.250698,0.163879,-0.414577,12,1
21633,SONY CORP,SNE,2010,110,110,2562,0.0429,0,,,,,0
21633,SONY CORP,SNE,2011,121,121,2818,0.0429,0,,,,,0
21633,SONY CORP,SNE,2012,153,153,3205,0.0477,0,,,,,0
21633,SONY CORP,SNE,2013,234,234,3061,0.0764,0,,,,,0
21633,SONY CORP,SNE,2014,250,250,3190,0.0784,0,,,,,0
21633,SONY CORP,SNE,2015,243,243,2696,0.0901,0,,,,,0
21633,SONY CORP,SNE,2016,325,325,2859,0.1137,0,,,,,0
21633,SONY CORP,SNE,2017,401,401,3091,0.1297,18,0.613031,0.194199,0.418832,12,0
21633,SONY CORP,SNE,2018,500,500,3098,0.1614,24,0.074083,-0.062372,0.136456,12,0
21633,SONY CORP,SNE,2019,610,610,3609,0.169,40,0.40845,0.288778,0.119672,12,0
21633,SONY CORP,SNE,2020,673,673,3330,0.2021,43,0.486764,0.16259,0.324174,12,0
21633,SONY CORP,SNE,2021,604,604,3088,0.1956,96,0.250247,0.268925,-0.018679,12,0
21633,SONY CORP,SNE,2022,523,523,2811,0.1861,135,-0.396518,-0.194429,-0.202089,12,0
21633,SONY CORP,SNE,2023,445,445,2024,0.2199,176,0.245393,0.242305,0.003088,12,0
21633,SONY CORP,SNE,2024,231,231,873,0.2646,306,0.124882,0.233091,-0.108209,12,1
21633,SONY CORP,SNE,2025,121,121,460,0.263,282,0.25786,0.163879,0.093981,12,1
11361,SYNOPSYS INC,SNPS,2010,0,0,78,0.0,0,,,,,0
11361,SYNOPSYS INC,SNPS,2011,0,0,69,0.0,0,,,,,0
11361,SYNOPSYS INC,SNPS,2012,0,0,76,0.0,0,,,,,0
11361,SYNOPSYS INC,SNPS,2013,4,4,137,0.0292,0,,,,,0
11361,SYNOPSYS INC,SNPS,2014,3,3,137,0.0219,0,,,,,0
11361,SYNOPSYS INC,SNPS,2015,4,4,118,0.0339,0,,,,,0
11361,SYNOPSYS INC,SNPS,2016,1,1,84,0.0119,0,,,,,0
11361,SYNOPSYS INC,SNPS,2017,3,3,98,0.0306,1,0.448182,0.194199,0.253982,12,0
11361,SYNOPSYS INC,SNPS,2018,1,1,50,0.02,0,-0.011732,-0.062372,0.05064,12,0
11361,SYNOPSYS INC,SNPS,2019,5,5,50,0.1,0,0.652418,0.288778,0.36364,12,0
11361,SYNOPSYS INC,SNPS,2020,10,10,63,0.1587,2,0.862354,0.16259,0.699765,12,0
11361,SYNOPSYS INC,SNPS,2021,17,17,115,0.1478,0,0.421463,0.268925,0.152538,12,0
11361,SYNOPSYS INC,SNPS,2022,12,12,122,0.0984,4,-0.133541,-0.194429,0.060888,12,0
11361,SYNOPSYS INC,SNPS,2023,14,14,72,0.1944,0,0.612669,0.242305,0.370364,12,0
11361,SYNOPSYS INC,SNPS,2024,8,8,37,0.2162,4,-0.05739,0.233091,-0.290481,12,1
11361,SYNOPSYS INC,SNPS,2025,2,2,8,0.25,8,-0.032223,0.163879,-0.196101,12,1
43351,SANOFI,SNY,2010,0,0,414,0.0,0,,,,,0
43351,SANOFI,SNY,2011,0,1,342,0.0029,0,,,,,0
43351,SANOFI,SNY,2012,0,0,379,0.0,0,,,,,0
43351,SANOFI,SNY,2013,0,0,272,0.0,0,,,,,0
43351,SANOFI,SNY,2014,0,3,326,0.0092,0,,,,,0
43351,SANOFI,SNY,2015,0,8,219,0.0365,0,,,,,0
43351,SANOFI,SNY,2016,0,3,239,0.0126,0,,,,,0
43351,SANOFI,SNY,2017,0,2,197,0.0102,0,0.097994,0.194199,-0.096206,12,0
43351,SANOFI,SNY,2018,1,4,202,0.0198,3,0.059458,-0.062372,0.12183,12,0
43351,SANOFI,SNY,2019,1,2,197,0.0102,2,0.204851,0.288778,-0.083928,12,0
43351,SANOFI,SNY,2020,5,10,194,0.0515,1,0.003053,0.16259,-0.159536,12,0
43351,SANOFI,SNY,2021,9,9,254,0.0354,2,0.070156,0.268925,-0.198769,12,0
43351,SANOFI,SNY,2022,7,7,220,0.0318,3,0.004185,-0.194429,0.198614,12,0
43351,SANOFI,SNY,2023,6,11,171,0.0643,2,0.065576,0.242305,-0.176729,12,0
43351,SANOFI,SNY,2024,10,11,188,0.0585,5,0.010419,0.233091,-0.222672,12,1
43351,SANOFI,SNY,2025,4,7,118,0.0593,11,0.048973,0.163879,-0.114905,12,1
54064,SPLUNK INC,SPLK,2010,0,0,0,,0,,,,,0
54064,SPLUNK INC,SPLK,2011,3,3,8,0.375,0,,,,,0
54064,SPLUNK INC,SPLK,2012,11,11,21,0.5238,0,,,,,0
54064,SPLUNK INC,SPLK,2013,3,3,23,0.1304,0,,,,,0
54064,SPLUNK INC,SPLK,2014,21,21,84,0.25,0,,,,,0
54064,SPLUNK INC,SPLK,2015,67,67,154,0.4351,0,,,,,0
54064,SPLUNK INC,SPLK,2016,46,46,104,0.4423,0,,,,,0
54064,SPLUNK INC,SPLK,2017,67,67,183,0.3661,0,0.619549,0.194199,0.42535,12,0
54064,SPLUNK INC,SPLK,2018,44,44,138,0.3188,1,0.265695,-0.062372,0.328067,12,0
54064,SPLUNK INC,SPLK,2019,50,50,139,0.3597,0,0.428422,0.288778,0.139644,12,0
54064,SPLUNK INC,SPLK,2020,33,33,114,0.2895,0,0.13434,0.16259,-0.02825,12,0
54064,SPLUNK INC,SPLK,2021,22,22,83,0.2651,8,-0.318853,0.268925,-0.587779,12,0
54064,SPLUNK INC,SPLK,2022,11,11,47,0.234,5,-0.256049,-0.194429,-0.06162,12,0
54064,SPLUNK INC,SPLK,2023,10,10,33,0.303,0,0.769661,0.242305,0.527356,12,0
54064,SPLUNK INC,SPLK,2024,9,9,31,0.2903,0,0.030522,0.101581,-0.071059,3,1
54064,SPLUNK INC,SPLK,2025,5,5,29,0.1724,0,,,,,1
13384,STRATASYS LTD,SSYS,2010,0,0,13,0.0,0,,,,,0
13384,STRATASYS LTD,SSYS,2011,0,0,21,0.0,0,,,,,0
13384,STRATASYS LTD,SSYS,2012,0,0,24,0.0,0,,,,,0
13384,STRATASYS LTD,SSYS,2013,0,0,32,0.0,0,,,,,0
13384,STRATASYS LTD,SSYS,2014,0,0,36,0.0,0,,,,,0
13384,STRATASYS LTD,SSYS,2015,0,0,40,0.0,0,,,,,0
13384,STRATASYS LTD,SSYS,2016,0,0,64,0.0,0,,,,,0
13384,STRATASYS LTD,SSYS,2017,0,0,53,0.0,0,0.20677,0.194199,0.012571,12,0
13384,STRATASYS LTD,SSYS,2018,0,0,46,0.0,0,-0.097696,-0.062372,-0.035324,12,0
13384,STRATASYS LTD,SSYS,2019,0,0,45,0.0,0,0.122988,0.288778,-0.165791,12,0
13384,STRATASYS LTD,SSYS,2020,0,0,44,0.0,0,0.024477,0.16259,-0.138113,12,0
13384,STRATASYS LTD,SSYS,2021,0,0,53,0.0,0,0.181948,0.268925,-0.086977,12,0
13384,STRATASYS LTD,SSYS,2022,0,0,54,0.0,0,-0.515722,-0.194429,-0.321293,12,0
13384,STRATASYS LTD,SSYS,2023,0,0,47,0.0,0,0.204049,0.242305,-0.038256,12,0
13384,STRATASYS LTD,SSYS,2024,0,0,23,0.0,0,-0.377451,0.233091,-0.610542,12,1
13384,STRATASYS LTD,SSYS,2025,0,0,25,0.0,0,-0.023622,0.163879,-0.187501,12,1
47197,STANTEC INC,STN,2010,0,0,0,,0,,,,,0
47197,STANTEC INC,STN,2011,0,0,0,,0,,,,,0
47197,STANTEC INC,STN,2012,0,0,0,,0,,,,,0
47197,STANTEC INC,STN,2013,0,0,0,,0,,,,,0
47197,STANTEC INC,STN,2014,0,0,0,,0,,,,,0
47197,STANTEC INC,STN,2015,0,0,0,,0,,,,,0
47197,STANTEC INC,STN,2016,0,0,0,,0,,,,,0
47197,STANTEC INC,STN,2017,0,0,0,,0,0.122834,0.194199,-0.071365,12,0
47197,STANTEC INC,STN,2018,0,0,0,,0,-0.203879,-0.062372,-0.141507,12,0
47197,STANTEC INC,STN,2019,0,0,0,,0,0.318203,0.288778,0.029425,12,0
47197,STANTEC INC,STN,2020,0,0,0,,0,0.165623,0.16259,0.003033,12,0
47197,STANTEC INC,STN,2021,0,0,0,,0,0.752057,0.268925,0.483132,12,0
47197,STANTEC INC,STN,2022,0,0,0,,0,-0.137459,-0.194429,0.05697,12,0
47197,STANTEC INC,STN,2023,0,0,0,,0,0.687343,0.242305,0.445038,12,0
47197,STANTEC INC,STN,2024,0,0,0,,0,-0.014326,0.233091,-0.247417,12,1
47197,STANTEC INC,STN,2025,0,0,0,,0,0.210832,0.163879,0.046953,12,1
21664,STANLEY BLACK & DECKER INC,SWK,2010,0,0,13,0.0,0,,,,,0
21664,STANLEY BLACK & DECKER INC,SWK,2011,0,0,16,0.0,0,,,,,0
21664,STANLEY BLACK & DECKER INC,SWK,2012,0,0,19,0.0,0,,,,,0
21664,STANLEY BLACK & DECKER INC,SWK,2013,0,0,20,0.0,0,,,,,0
21664,STANLEY BLACK & DECKER INC,SWK,2014,0,0,4,0.0,0,,,,,0
21664,STANLEY BLACK & DECKER INC,SWK,2015,0,0,12,0.0,0,,,,,0
21664,STANLEY BLACK & DECKER INC,SWK,2016,0,0,13,0.0,0,,,,,0
21664,STANLEY BLACK & DECKER INC,SWK,2017,0,0,17,0.0,0,0.5048,0.194199,0.310601,12,0
21664,STANLEY BLACK & DECKER INC,SWK,2018,0,0,13,0.0,0,-0.281343,-0.062372,-0.218971,12,0
21664,STANLEY BLACK & DECKER INC,SWK,2019,0,0,24,0.0,0,0.411517,0.288778,0.122738,12,0
21664,STANLEY BLACK & DECKER INC,SWK,2020,0,0,18,0.0,0,0.09742,0.16259,-0.06517,12,0
21664,STANLEY BLACK & DECKER INC,SWK,2021,0,0,17,0.0,0,0.073077,0.268925,-0.195848,12,0
21664,STANLEY BLACK & DECKER INC,SWK,2022,0,0,20,0.0,0,-0.589308,-0.194429,-0.394879,12,0
21664,STANLEY BLACK & DECKER INC,SWK,2023,0,0,23,0.0,0,0.354636,0.242305,0.112331,12,0
21664,STANLEY BLACK & DECKER INC,SWK,2024,0,0,23,0.0,0,-0.15167,0.233091,-0.384761,12,1
21664,STANLEY BLACK & DECKER INC,SWK,2025,0,0,9,0.0,0,-0.031411,0.163879,-0.19529,12,1
20058,SKYWORKS SOLUTIONS INC,SWKS,2010,0,0,43,0.0,0,,,,,0
20058,SKYWORKS SOLUTIONS INC,SWKS,2011,0,0,47,0.0,0,,,,,0
20058,SKYWORKS SOLUTIONS INC,SWKS,2012,0,0,66,0.0,0,,,,,0
20058,SKYWORKS SOLUTIONS INC,SWKS,2013,0,0,70,0.0,0,,,,,0
20058,SKYWORKS SOLUTIONS INC,SWKS,2014,0,0,101,0.0,0,,,,,0
20058,SKYWORKS SOLUTIONS INC,SWKS,2015,0,0,203,0.0,0,,,,,0
20058,SKYWORKS SOLUTIONS INC,SWKS,2016,0,0,224,0.0,0,,,,,0
20058,SKYWORKS SOLUTIONS INC,SWKS,2017,1,1,288,0.0035,0,0.286862,0.194199,0.092662,12,0
20058,SKYWORKS SOLUTIONS INC,SWKS,2018,0,0,206,0.0,0,-0.283073,-0.062372,-0.220701,12,0
20058,SKYWORKS SOLUTIONS INC,SWKS,2019,1,1,305,0.0033,0,0.841153,0.288778,0.552375,12,0
20058,SKYWORKS SOLUTIONS INC,SWKS,2020,0,0,268,0.0,0,0.283355,0.16259,0.120765,12,0
20058,SKYWORKS SOLUTIONS INC,SWKS,2021,1,1,193,0.0052,0,0.027367,0.268925,-0.241559,12,0
20058,SKYWORKS SOLUTIONS INC,SWKS,2022,0,0,454,0.0,0,-0.399421,-0.194429,-0.204993,12,0
20058,SKYWORKS SOLUTIONS INC,SWKS,2023,4,4,382,0.0105,0,0.264818,0.242305,0.022513,12,0
20058,SKYWORKS SOLUTIONS INC,SWKS,2024,4,4,274,0.0146,0,-0.188559,0.233091,-0.42165,12,1
20058,SKYWORKS SOLUTIONS INC,SWKS,2025,3,3,259,0.0116,1,-0.255112,0.163879,-0.41899,12,1
10224,SYMANTEC CORP,SYMC,2010,3,3,68,0.0441,0,,,,,0
10224,SYMANTEC CORP,SYMC,2011,2,2,51,0.0392,0,,,,,0
10224,SYMANTEC CORP,SYMC,2012,0,0,38,0.0,0,,,,,0
10224,SYMANTEC CORP,SYMC,2013,2,2,59,0.0339,0,,,,,0
10224,SYMANTEC CORP,SYMC,2014,2,2,48,0.0417,0,,,,,0
10224,SYMANTEC CORP,SYMC,2015,6,6,53,0.1132,0,,,,,0
10224,SYMANTEC CORP,SYMC,2016,3,3,32,0.0938,0,,,,,0
10224,SYMANTEC CORP,SYMC,2017,2,2,23,0.087,0,0.186899,0.194199,-0.0073,12,0
10224,SYMANTEC CORP,SYMC,2018,0,0,16,0.0,0,-0.317553,-0.062372,-0.255181,12,0
10224,SYMANTEC CORP,SYMC,2019,0,0,0,,0,0.371659,0.288778,0.082881,12,0
10224,SYMANTEC CORP,SYMC,2020,1,1,4,0.25,0,0.418081,0.16259,0.255491,12,0
10224,SYMANTEC CORP,SYMC,2021,2,2,2,1.0,0,0.275924,0.268925,0.006998,12,0
10224,SYMANTEC CORP,SYMC,2022,1,1,4,0.25,0,-0.158223,-0.194429,0.036206,12,0
10224,SYMANTEC CORP,SYMC,2023,1,1,7,0.1429,0,0.092554,0.242305,-0.14975,12,0
10224,SYMANTEC CORP,SYMC,2024,2,2,9,0.2222,0,0.224016,0.233091,-0.009075,12,1
10224,SYMANTEC CORP,SYMC,2025,1,1,1,1.0,0,0.010717,0.163879,-0.153162,12,1
55113,SYNEOS HEALTH INC,SYNH,2010,0,0,0,,0,,,,,0
55113,SYNEOS HEALTH INC,SYNH,2011,0,0,0,,0,,,,,0
55113,SYNEOS HEALTH INC,SYNH,2012,0,0,0,,0,,,,,0
55113,SYNEOS HEALTH INC,SYNH,2013,0,0,0,,0,,,,,0
55113,SYNEOS HEALTH INC,SYNH,2014,0,0,0,,0,,,,,0
55113,SYNEOS HEALTH INC,SYNH,2015,0,0,0,,0,,,,,0
55113,SYNEOS HEALTH INC,SYNH,2016,0,0,0,,0,,,,,0
55113,SYNEOS HEALTH INC,SYNH,2017,0,0,0,,0,-0.171103,0.194199,-0.365302,12,0
55113,SYNEOS HEALTH INC,SYNH,2018,0,0,0,,0,-0.097478,-0.062372,-0.035105,12,0
55113,SYNEOS HEALTH INC,SYNH,2019,0,0,0,,0,0.511438,0.288778,0.22266,12,0
55113,SYNEOS HEALTH INC,SYNH,2020,0,0,0,,0,0.145523,0.16259,-0.017067,12,0
55113,SYNEOS HEALTH INC,SYNH,2021,0,0,2,0.0,0,0.507122,0.268925,0.238197,12,0
55113,SYNEOS HEALTH INC,SYNH,2022,0,0,0,,0,-0.642774,-0.194429,-0.448345,12,0
55113,SYNEOS HEALTH INC,SYNH,2023,0,0,1,0.0,0,0.172301,0.116826,0.055475,9,0
55113,SYNEOS HEALTH INC,SYNH,2024,0,0,0,,0,,,,,1
55113,SYNEOS HEALTH INC,SYNH,2025,0,0,0,,0,,,,,1
36381,TECHNICOLOR,TCH,2010,12,12,198,0.0606,0,,,,,0
36381,TECHNICOLOR,TCH,2011,9,9,227,0.0396,0,,,,,0
36381,TECHNICOLOR,TCH,2012,24,24,265,0.0906,0,,,,,0
36381,TECHNICOLOR,TCH,2013,47,47,339,0.1386,0,,,,,0
36381,TECHNICOLOR,TCH,2014,44,44,293,0.1502,0,,,,,0
36381,TECHNICOLOR,TCH,2015,68,68,401,0.1696,0,,,,,0
36381,TECHNICOLOR,TCH,2016,40,40,270,0.1481,0,,,,,0
36381,TECHNICOLOR,TCH,2017,20,20,147,0.1361,0,,,,,0
36381,TECHNICOLOR,TCH,2018,4,4,68,0.0588,0,,,,,0
36381,TECHNICOLOR,TCH,2019,0,0,2,0.0,0,,,,,0
36381,TECHNICOLOR,TCH,2020,2,2,8,0.25,0,,,,,0
36381,TECHNICOLOR,TCH,2021,3,3,6,0.5,0,,,,,0
36381,TECHNICOLOR,TCH,2022,0,0,1,0.0,0,,,,,0
36381,TECHNICOLOR,TCH,2023,0,0,7,0.0,0,,,,,0
36381,TECHNICOLOR,TCH,2024,0,0,0,,0,,,,,1
36381,TECHNICOLOR,TCH,2025,0,0,0,,0,,,,,1
36380,TELEDYNE TECHNOLOGIES,TDY,2010,0,0,6,0.0,0,,,,,0
36380,TELEDYNE TECHNOLOGIES,TDY,2011,0,0,13,0.0,0,,,,,0
36380,TELEDYNE TECHNOLOGIES,TDY,2012,0,0,13,0.0,0,,,,,0
36380,TELEDYNE TECHNOLOGIES,TDY,2013,1,1,14,0.0714,0,,,,,0
36380,TELEDYNE TECHNOLOGIES,TDY,2014,0,0,18,0.0,0,,,,,0
36380,TELEDYNE TECHNOLOGIES,TDY,2015,1,1,12,0.0833,0,,,,,0
36380,TELEDYNE TECHNOLOGIES,TDY,2016,0,0,16,0.0,0,,,,,0
36380,TELEDYNE TECHNOLOGIES,TDY,2017,1,1,14,0.0714,0,0.472765,0.194199,0.278566,12,0
36380,TELEDYNE TECHNOLOGIES,TDY,2018,0,0,5,0.0,0,0.143086,-0.062372,0.205458,12,0
36380,TELEDYNE TECHNOLOGIES,TDY,2019,0,0,4,0.0,0,0.673535,0.288778,0.384757,12,0
36380,TELEDYNE TECHNOLOGIES,TDY,2020,2,2,9,0.2222,0,0.131124,0.16259,-0.031466,12,0
36380,TELEDYNE TECHNOLOGIES,TDY,2021,1,1,4,0.25,0,0.114573,0.268925,-0.154352,12,0
36380,TELEDYNE TECHNOLOGIES,TDY,2022,1,1,4,0.25,0,-0.084643,-0.194429,0.109785,12,0
36380,TELEDYNE TECHNOLOGIES,TDY,2023,0,0,2,0.0,0,0.115975,0.242305,-0.12633,12,0
36380,TELEDYNE TECHNOLOGIES,TDY,2024,0,0,6,0.0,1,0.039975,0.233091,-0.193116,12,1
36380,TELEDYNE TECHNOLOGIES,TDY,2025,0,0,3,0.0,0,0.100404,0.163879,-0.063475,12,1
20561,TARGET CORP,TGT,2010,0,0,42,0.0,0,,,,,0
20561,TARGET CORP,TGT,2011,1,1,58,0.0172,0,,,,,0
20561,TARGET CORP,TGT,2012,1,1,59,0.0169,0,,,,,0
20561,TARGET CORP,TGT,2013,1,1,56,0.0179,0,,,,,0
20561,TARGET CORP,TGT,2014,1,1,52,0.0192,0,,,,,0
20561,TARGET CORP,TGT,2015,1,1,37,0.027,0,,,,,0
20561,TARGET CORP,TGT,2016,2,2,32,0.0625,0,,,,,0
20561,TARGET CORP,TGT,2017,6,6,23,0.2609,0,-0.058531,0.194199,-0.252731,12,0
20561,TARGET CORP,TGT,2018,14,14,64,0.2188,0,0.047756,-0.062372,0.110128,12,0
20561,TARGET CORP,TGT,2019,6,6,75,0.08,0,1.001526,0.288778,0.712747,12,0
20561,TARGET CORP,TGT,2020,20,20,60,0.3333,0,0.404761,0.16259,0.242171,12,0
20561,TARGET CORP,TGT,2021,11,11,70,0.1571,0,0.329204,0.268925,0.060278,12,0
20561,TARGET CORP,TGT,2022,28,28,91,0.3077,0,-0.342696,-0.194429,-0.148267,12,0
20561,TARGET CORP,TGT,2023,19,19,79,0.2405,0,-0.013554,0.242305,-0.255859,12,0
20561,TARGET CORP,TGT,2024,15,15,61,0.2459,0,-0.021562,0.233091,-0.254653,12,1
20561,TARGET CORP,TGT,2025,12,12,37,0.3243,0,-0.244724,0.163879,-0.408602,12,1
55829,TIGENIX,TIG,2010,0,0,1,0.0,0,,,,,0
55829,TIGENIX,TIG,2011,0,0,1,0.0,0,,,,,0
55829,TIGENIX,TIG,2012,0,0,1,0.0,0,,,,,0
55829,TIGENIX,TIG,2013,0,0,0,,0,,,,,0
55829,TIGENIX,TIG,2014,0,0,1,0.0,0,,,,,0
55829,TIGENIX,TIG,2015,0,0,0,,0,,,,,0
55829,TIGENIX,TIG,2016,0,0,0,,0,,,,,0
55829,TIGENIX,TIG,2017,0,0,0,,0,0.570645,0.194199,0.376446,12,0
55829,TIGENIX,TIG,2018,0,0,0,,0,0.818519,0.053367,0.765152,7,0
55829,TIGENIX,TIG,2019,0,0,0,,0,,,,,0
55829,TIGENIX,TIG,2020,0,0,1,0.0,0,,,,,0
55829,TIGENIX,TIG,2021,0,0,0,,0,,,,,0
55829,TIGENIX,TIG,2022,0,0,0,,0,,,,,0
55829,TIGENIX,TIG,2023,0,0,0,,0,,,,,0
55829,TIGENIX,TIG,2024,0,0,0,,0,,,,,1
55829,TIGENIX,TIG,2025,0,0,0,,0,,,,,1
5925,INTERFACE INC,TILE,2010,0,0,6,0.0,0,,,,,0
5925,INTERFACE INC,TILE,2011,0,0,4,0.0,0,,,,,0
5925,INTERFACE INC,TILE,2012,0,0,9,0.0,0,,,,,0
5925,INTERFACE INC,TILE,2013,0,0,9,0.0,0,,,,,0
5925,INTERFACE INC,TILE,2014,0,0,33,0.0,0,,,,,0
5925,INTERFACE INC,TILE,2015,0,4,26,0.1538,0,,,,,0
5925,INTERFACE INC,TILE,2016,0,1,12,0.0833,0,,,,,0
5925,INTERFACE INC,TILE,2017,0,0,21,0.0,0,0.372766,0.194199,0.178566,12,0
5925,INTERFACE INC,TILE,2018,0,7,43,0.1628,0,-0.426489,-0.062372,-0.364117,12,0
5925,INTERFACE INC,TILE,2019,0,4,47,0.0851,0,0.184558,0.288778,-0.104221,12,0
5925,INTERFACE INC,TILE,2020,0,2,20,0.1,0,-0.358912,0.16259,-0.521501,12,0
5925,INTERFACE INC,TILE,2021,0,1,40,0.025,0,0.523265,0.268925,0.25434,12,0
5925,INTERFACE INC,TILE,2022,0,1,19,0.0526,0,-0.37919,-0.194429,-0.184762,12,0
5925,INTERFACE INC,TILE,2023,0,1,18,0.0556,0,0.284569,0.242305,0.042264,12,0
5925,INTERFACE INC,TILE,2024,0,0,11,0.0,0,0.93354,0.233091,0.700449,12,1
5925,INTERFACE INC,TILE,2025,0,0,1,0.0,0,0.149447,0.163879,-0.014432,12,1
4521,TOYOTA MOTOR CORP,TM,2010,43,45,1394,0.0323,0,,,,,0
4521,TOYOTA MOTOR CORP,TM,2011,92,97,1796,0.054,0,,,,,0
4521,TOYOTA MOTOR CORP,TM,2012,58,59,1459,0.0404,0,,,,,0
4521,TOYOTA MOTOR CORP,TM,2013,46,49,1250,0.0392,0,,,,,0
4521,TOYOTA MOTOR CORP,TM,2014,99,104,1722,0.0604,0,,,,,0
4521,TOYOTA MOTOR CORP,TM,2015,141,170,2144,0.0793,0,,,,,0
4521,TOYOTA MOTOR CORP,TM,2016,230,264,2162,0.1221,0,,,,,0
4521,TOYOTA MOTOR CORP,TM,2017,324,340,2337,0.1455,46,0.101378,0.194199,-0.092822,12,0
4521,TOYOTA MOTOR CORP,TM,2018,547,572,3126,0.183,63,-0.087206,-0.062372,-0.024833,12,0
4521,TOYOTA MOTOR CORP,TM,2019,652,705,3540,0.1992,128,0.210717,0.288778,-0.078061,12,0
4521,TOYOTA MOTOR CORP,TM,2020,823,868,3078,0.282,143,0.09983,0.16259,-0.06276,12,0
4521,TOYOTA MOTOR CORP,TM,2021,849,868,3323,0.2612,158,0.19881,0.268925,-0.070116,12,0
4521,TOYOTA MOTOR CORP,TM,2022,744,756,3340,0.2263,132,-0.262925,-0.194429,-0.068496,12,0
4521,TOYOTA MOTOR CORP,TM,2023,715,724,3679,0.1968,241,0.357398,0.242305,0.115093,12,0
4521,TOYOTA MOTOR CORP,TM,2024,750,760,3690,0.206,302,0.088911,0.233091,-0.14418,12,1
4521,TOYOTA MOTOR CORP,TM,2025,309,314,1656,0.1896,366,0.139403,0.163879,-0.024476,12,1
4557,THERMO FISHER SCIENTIFIC INC,TMO,2010,0,0,13,0.0,0,,,,,0
4557,THERMO FISHER SCIENTIFIC INC,TMO,2011,0,0,14,0.0,0,,,,,0
4557,THERMO FISHER SCIENTIFIC INC,TMO,2012,1,1,30,0.0333,0,,,,,0
4557,THERMO FISHER SCIENTIFIC INC,TMO,2013,2,2,36,0.0556,0,,,,,0
4557,THERMO FISHER SCIENTIFIC INC,TMO,2014,0,0,56,0.0,0,,,,,0
4557,THERMO FISHER SCIENTIFIC INC,TMO,2015,1,1,71,0.0141,0,,,,,0
4557,THERMO FISHER SCIENTIFIC INC,TMO,2016,0,0,84,0.0,0,,,,,0
4557,THERMO FISHER SCIENTIFIC INC,TMO,2017,2,2,78,0.0256,0,0.350269,0.194199,0.156069,12,0
4557,THERMO FISHER SCIENTIFIC INC,TMO,2018,4,4,82,0.0488,0,0.182138,-0.062372,0.24451,12,0
4557,THERMO FISHER SCIENTIFIC INC,TMO,2019,1,1,76,0.0132,0,0.455487,0.288778,0.166709,12,0
4557,THERMO FISHER SCIENTIFIC INC,TMO,2020,1,2,82,0.0244,0,0.437127,0.16259,0.274538,12,0
4557,THERMO FISHER SCIENTIFIC INC,TMO,2021,1,2,78,0.0256,0,0.435391,0.268925,0.166465,12,0
4557,THERMO FISHER SCIENTIFIC INC,TMO,2022,4,9,76,0.1184,0,-0.172855,-0.194429,0.021573,12,0
4557,THERMO FISHER SCIENTIFIC INC,TMO,2023,6,6,91,0.0659,1,-0.033578,0.242305,-0.275883,12,0
4557,THERMO FISHER SCIENTIFIC INC,TMO,2024,7,11,76,0.1447,4,-0.01722,0.233091,-0.250311,12,1
4557,THERMO FISHER SCIENTIFIC INC,TMO,2025,0,0,24,0.0,2,0.117786,0.163879,-0.046093,12,1
28754,THOMSON REUTERS CORP,TRI,2010,0,1,3,0.3333,0,,,,,0
28754,THOMSON REUTERS CORP,TRI,2011,0,1,8,0.125,0,,,,,0
28754,THOMSON REUTERS CORP,TRI,2012,0,0,2,0.0,0,,,,,0
28754,THOMSON REUTERS CORP,TRI,2013,0,1,15,0.0667,0,,,,,0
28754,THOMSON REUTERS CORP,TRI,2014,0,5,19,0.2632,0,,,,,0
28754,THOMSON REUTERS CORP,TRI,2015,0,11,21,0.5238,0,,,,,0
28754,THOMSON REUTERS CORP,TRI,2016,0,7,12,0.5833,0,,,,,0
28754,THOMSON REUTERS CORP,TRI,2017,0,6,20,0.3,0,0.026853,0.194199,-0.167346,12,0
28754,THOMSON REUTERS CORP,TRI,2018,0,9,19,0.4737,0,0.143368,-0.062372,0.20574,12,0
28754,THOMSON REUTERS CORP,TRI,2019,0,8,12,0.6667,0,0.515775,0.288778,0.226997,12,0
28754,THOMSON REUTERS CORP,TRI,2020,0,3,6,0.5,0,0.167224,0.16259,0.004634,12,0
28754,THOMSON REUTERS CORP,TRI,2021,0,12,15,0.8,0,0.484216,0.268925,0.215291,12,0
28754,THOMSON REUTERS CORP,TRI,2022,0,4,5,0.8,0,-0.030099,-0.194429,0.16433,12,0
28754,THOMSON REUTERS CORP,TRI,2023,0,14,17,0.8235,0,0.254827,0.242305,0.012522,12,0
28754,THOMSON REUTERS CORP,TRI,2024,0,8,10,0.8,0,0.111427,0.233091,-0.121664,12,1
28754,THOMSON REUTERS CORP,TRI,2025,0,6,8,0.75,0,-0.165826,0.163879,-0.329705,12,1
55154,TRILLIUM THERAPEUTICS INC,TRIL,2010,0,0,0,,0,,,,,0
55154,TRILLIUM THERAPEUTICS INC,TRIL,2011,0,0,3,0.0,0,,,,,0
55154,TRILLIUM THERAPEUTICS INC,TRIL,2012,0,0,1,0.0,0,,,,,0
55154,TRILLIUM THERAPEUTICS INC,TRIL,2013,0,0,1,0.0,0,,,,,0
55154,TRILLIUM THERAPEUTICS INC,TRIL,2014,0,0,0,,0,,,,,0
55154,TRILLIUM THERAPEUTICS INC,TRIL,2015,0,0,0,,0,,,,,0
55154,TRILLIUM THERAPEUTICS INC,TRIL,2016,0,0,6,0.0,0,,,,,0
55154,TRILLIUM THERAPEUTICS INC,TRIL,2017,0,0,4,0.0,0,0.283184,0.194199,0.088985,12,0
55154,TRILLIUM THERAPEUTICS INC,TRIL,2018,0,0,3,0.0,0,-0.764138,-0.062372,-0.701766,12,0
55154,TRILLIUM THERAPEUTICS INC,TRIL,2019,0,0,7,0.0,0,-0.397661,0.288778,-0.68644,12,0
55154,TRILLIUM THERAPEUTICS INC,TRIL,2020,0,0,2,0.0,0,13.281546,0.16259,13.118957,12,0
55154,TRILLIUM THERAPEUTICS INC,TRIL,2021,0,0,0,,0,0.257649,0.215896,0.041753,11,0
55154,TRILLIUM THERAPEUTICS INC,TRIL,2022,0,0,0,,0,,,,,0
55154,TRILLIUM THERAPEUTICS INC,TRIL,2023,0,0,0,,0,,,,,0
55154,TRILLIUM THERAPEUTICS INC,TRIL,2024,0,0,0,,0,,,,,1
55154,TRILLIUM THERAPEUTICS INC,TRIL,2025,0,0,0,,0,,,,,1
10691,TRIMBLE INC,TRMB,2010,0,2,33,0.0606,0,,,,,0
10691,TRIMBLE INC,TRMB,2011,0,2,33,0.0606,0,,,,,0
10691,TRIMBLE INC,TRMB,2012,0,8,71,0.1127,0,,,,,0
10691,TRIMBLE INC,TRMB,2013,0,11,104,0.1058,0,,,,,0
10691,TRIMBLE INC,TRMB,2014,0,10,82,0.122,0,,,,,0
10691,TRIMBLE INC,TRMB,2015,0,12,66,0.1818,0,,,,,0
10691,TRIMBLE INC,TRMB,2016,2,8,34,0.2353,0,,,,,0
10691,TRIMBLE INC,TRMB,2017,6,6,28,0.2143,0,0.347927,0.194199,0.153728,12,0
10691,TRIMBLE INC,TRMB,2018,5,6,35,0.1714,0,-0.190207,-0.062372,-0.127835,12,0
10691,TRIMBLE INC,TRMB,2019,7,9,42,0.2143,0,0.266788,0.288778,-0.02199,12,0
10691,TRIMBLE INC,TRMB,2020,11,12,33,0.3636,2,0.601584,0.16259,0.438994,12,0
10691,TRIMBLE INC,TRMB,2021,9,9,28,0.3214,0,0.305826,0.268925,0.036901,12,0
10691,TRIMBLE INC,TRMB,2022,13,14,37,0.3784,0,-0.420118,-0.194429,-0.225689,12,0
10691,TRIMBLE INC,TRMB,2023,4,6,31,0.1935,0,0.052215,0.242305,-0.19009,12,0
10691,TRIMBLE INC,TRMB,2024,1,1,24,0.0417,0,0.328198,0.233091,0.095107,12,1
10691,TRIMBLE INC,TRMB,2025,3,3,9,0.3333,0,0.10883,0.163879,-0.055049,12,1
54112,TRONOX LTD,TROX,2010,0,0,0,,0,,,,,0
54112,TRONOX LTD,TROX,2011,0,0,2,0.0,0,,,,,0
54112,TRONOX LTD,TROX,2012,0,0,1,0.0,0,,,,,0
54112,TRONOX LTD,TROX,2013,0,0,2,0.0,0,,,,,0
54112,TRONOX LTD,TROX,2014,0,0,4,0.0,0,,,,,0
54112,TRONOX LTD,TROX,2015,0,0,2,0.0,0,,,,,0
54112,TRONOX LTD,TROX,2016,0,0,0,,0,,,,,0
54112,TRONOX LTD,TROX,2017,0,0,2,0.0,0,1.00777,0.194199,0.81357,12,0
54112,TRONOX LTD,TROX,2018,0,0,2,0.0,0,-0.61623,-0.062372,-0.553857,12,0
54112,TRONOX LTD,TROX,2019,0,0,3,0.0,0,0.494523,0.288778,0.205744,12,0
54112,TRONOX LTD,TROX,2020,0,0,0,,0,0.327276,0.16259,0.164686,12,0
54112,TRONOX LTD,TROX,2021,0,0,1,0.0,0,0.67224,0.268925,0.403315,12,0
54112,TRONOX LTD,TROX,2022,0,0,1,0.0,0,-0.411606,-0.194429,-0.217177,12,0
54112,TRONOX LTD,TROX,2023,0,0,2,0.0,0,0.073841,0.242305,-0.168463,12,0
54112,TRONOX LTD,TROX,2024,0,0,0,,0,-0.264304,0.233091,-0.497395,12,1
54112,TRONOX LTD,TROX,2025,0,0,0,,0,-0.555666,0.163879,-0.719545,12,1
53453,TESLA INC,TSLA,2010,0,0,40,0.0,0,,,,,0
53453,TESLA INC,TSLA,2011,0,0,55,0.0,0,,,,,0
53453,TESLA INC,TSLA,2012,0,0,76,0.0,0,,,,,0
53453,TESLA INC,TSLA,2013,0,0,43,0.0,0,,,,,0
53453,TESLA INC,TSLA,2014,0,0,28,0.0,0,,,,,0
53453,TESLA INC,TSLA,2015,0,0,26,0.0,0,,,,,0
53453,TESLA INC,TSLA,2016,0,0,38,0.0,0,,,,,0
53453,TESLA INC,TSLA,2017,4,4,82,0.0488,1,0.457018,0.194199,0.262819,12,0
53453,TESLA INC,TSLA,2018,10,10,98,0.102,0,0.068894,-0.062372,0.131266,12,0
53453,TESLA INC,TSLA,2019,13,13,64,0.2031,2,0.257003,0.288778,-0.031775,12,0
53453,TESLA INC,TSLA,2020,6,6,37,0.1622,0,7.43438,0.16259,7.27179,12,0
53453,TESLA INC,TSLA,2021,9,9,62,0.1452,2,0.497554,0.268925,0.228628,12,0
53453,TESLA INC,TSLA,2022,14,14,101,0.1386,0,-0.650315,-0.194429,-0.455886,12,0
53453,TESLA INC,TSLA,2023,37,37,106,0.3491,1,1.017211,0.242305,0.774906,12,0
53453,TESLA INC,TSLA,2024,15,15,80,0.1875,7,0.625244,0.233091,0.392153,12,1
53453,TESLA INC,TSLA,2025,13,13,59,0.2203,5,0.113608,0.163879,-0.05027,12,1
4620,TYSON FOODS INC,TSN,2010,0,0,2,0.0,0,,,,,0
4620,TYSON FOODS INC,TSN,2011,0,0,4,0.0,0,,,,,0
4620,TYSON FOODS INC,TSN,2012,0,0,1,0.0,0,,,,,0
4620,TYSON FOODS INC,TSN,2013,0,0,6,0.0,0,,,,,0
4620,TYSON FOODS INC,TSN,2014,0,0,3,0.0,0,,,,,0
4620,TYSON FOODS INC,TSN,2015,0,0,3,0.0,0,,,,,0
4620,TYSON FOODS INC,TSN,2016,0,0,4,0.0,0,,,,,0
4620,TYSON FOODS INC,TSN,2017,0,0,4,0.0,0,0.333844,0.194199,0.139645,12,0
4620,TYSON FOODS INC,TSN,2018,0,0,3,0.0,0,-0.328191,-0.062372,-0.265819,12,0
4620,TYSON FOODS INC,TSN,2019,0,0,0,,0,0.738734,0.288778,0.449956,12,0
4620,TYSON FOODS INC,TSN,2020,1,1,1,1.0,0,-0.273294,0.16259,-0.435883,12,0
4620,TYSON FOODS INC,TSN,2021,0,0,2,0.0,0,0.384873,0.268925,0.115947,12,0
4620,TYSON FOODS INC,TSN,2022,0,0,3,0.0,0,-0.268908,-0.194429,-0.074479,12,0
4620,TYSON FOODS INC,TSN,2023,0,0,0,,0,-0.104106,0.242305,-0.346411,12,0
4620,TYSON FOODS INC,TSN,2024,0,0,1,0.0,0,0.104316,0.233091,-0.128775,12,1
4620,TYSON FOODS INC,TSN,2025,0,0,1,0.0,0,0.056323,0.163879,-0.107556,12,1
4589,TETRA TECH INC,TTEK,2010,0,0,2,0.0,0,,,,,0
4589,TETRA TECH INC,TTEK,2011,0,0,3,0.0,0,,,,,0
4589,TETRA TECH INC,TTEK,2012,0,0,2,0.0,0,,,,,0
4589,TETRA TECH INC,TTEK,2013,0,0,4,0.0,0,,,,,0
4589,TETRA TECH INC,TTEK,2014,0,0,3,0.0,0,,,,,0
4589,TETRA TECH INC,TTEK,2015,1,1,8,0.125,0,,,,,0
4589,TETRA TECH INC,TTEK,2016,0,0,7,0.0,0,,,,,0
4589,TETRA TECH INC,TTEK,2017,0,0,11,0.0,0,0.125678,0.194199,-0.068521,12,0
4589,TETRA TECH INC,TTEK,2018,1,1,4,0.25,0,0.08395,-0.062372,0.146323,12,0
4589,TETRA TECH INC,TTEK,2019,5,5,11,0.4545,0,0.67758,0.288778,0.388802,12,0
4589,TETRA TECH INC,TTEK,2020,4,4,14,0.2857,0,0.35361,0.16259,0.19102,12,0
4589,TETRA TECH INC,TTEK,2021,3,3,8,0.375,0,0.474616,0.268925,0.20569,12,0
4589,TETRA TECH INC,TTEK,2022,0,0,1,0.0,0,-0.139585,-0.194429,0.054844,12,0
4589,TETRA TECH INC,TTEK,2023,0,0,4,0.0,0,0.157451,0.242305,-0.084854,12,0
4589,TETRA TECH INC,TTEK,2024,0,0,0,,0,0.199851,0.233091,-0.03324,12,1
4589,TETRA TECH INC,TTEK,2025,0,0,1,0.0,0,-0.151902,0.163879,-0.315781,12,1
14293,TITAN PHARMACEUTICALS INC DEL,TTNP,2010,0,0,0,,0,,,,,0
14293,TITAN PHARMACEUTICALS INC DEL,TTNP,2011,0,0,1,0.0,0,,,,,0
14293,TITAN PHARMACEUTICALS INC DEL,TTNP,2012,0,0,0,,0,,,,,0
14293,TITAN PHARMACEUTICALS INC DEL,TTNP,2013,0,0,7,0.0,0,,,,,0
14293,TITAN PHARMACEUTICALS INC DEL,TTNP,2014,0,0,3,0.0,0,,,,,0
14293,TITAN PHARMACEUTICALS INC DEL,TTNP,2015,0,0,0,,0,,,,,0
14293,TITAN PHARMACEUTICALS INC DEL,TTNP,2016,0,0,1,0.0,0,,,,,0
14293,TITAN PHARMACEUTICALS INC DEL,TTNP,2017,0,0,2,0.0,0,-0.668749,0.194199,-0.862949,12,0
14293,TITAN PHARMACEUTICALS INC DEL,TTNP,2018,0,0,1,0.0,0,-0.831698,-0.062372,-0.769326,12,0
14293,TITAN PHARMACEUTICALS INC DEL,TTNP,2019,0,0,2,0.0,0,-0.854933,0.288778,-1.143711,12,0
14293,TITAN PHARMACEUTICALS INC DEL,TTNP,2020,0,0,1,0.0,0,-0.435,0.16259,-0.59759,12,0
14293,TITAN PHARMACEUTICALS INC DEL,TTNP,2021,0,0,1,0.0,0,-0.68997,0.268925,-0.958895,12,0
14293,TITAN PHARMACEUTICALS INC DEL,TTNP,2022,0,0,2,0.0,0,-0.232255,-0.194429,-0.037826,12,0
14293,TITAN PHARMACEUTICALS INC DEL,TTNP,2023,0,0,1,0.0,0,-0.473246,0.242305,-0.715551,12,0
14293,TITAN PHARMACEUTICALS INC DEL,TTNP,2024,0,0,0,,0,-0.604848,0.233091,-0.837939,12,1
14293,TITAN PHARMACEUTICALS INC DEL,TTNP,2025,0,0,0,,0,6.355835,0.162977,6.192858,10,1
40157,TELUS CORP,TU,2010,0,0,0,,0,,,,,0
40157,TELUS CORP,TU,2011,0,0,1,0.0,0,,,,,0
40157,TELUS CORP,TU,2012,0,0,0,,0,,,,,0
40157,TELUS CORP,TU,2013,0,0,1,0.0,0,,,,,0
40157,TELUS CORP,TU,2014,0,0,1,0.0,0,,,,,0
40157,TELUS CORP,TU,2015,0,0,1,0.0,0,,,,,0
40157,TELUS CORP,TU,2016,0,0,1,0.0,0,,,,,0
40157,TELUS CORP,TU,2017,0,0,1,0.0,0,0.242053,0.194199,0.047854,12,0
40157,TELUS CORP,TU,2018,0,0,4,0.0,0,-0.084324,-0.062372,-0.021952,12,0
40157,TELUS CORP,TU,2019,0,0,1,0.0,0,0.223307,0.288778,-0.065472,12,0
40157,TELUS CORP,TU,2020,0,0,2,0.0,0,0.071698,0.16259,-0.090892,12,0
40157,TELUS CORP,TU,2021,0,0,1,0.0,0,0.245494,0.268925,-0.023431,12,0
40157,TELUS CORP,TU,2022,0,0,1,0.0,0,-0.143114,-0.194429,0.051315,12,0
40157,TELUS CORP,TU,2023,0,0,0,,0,-0.023493,0.242305,-0.265798,12,0
40157,TELUS CORP,TU,2024,0,0,0,,0,-0.183171,0.233091,-0.416261,12,1
40157,TELUS CORP,TU,2025,0,0,0,,0,0.050437,0.163879,-0.113442,12,1
54638,TWITTER INC,TWTR,2010,0,0,1,0.0,0,,,,,0
54638,TWITTER INC,TWTR,2011,0,0,0,,0,,,,,0
54638,TWITTER INC,TWTR,2012,0,0,0,,0,,,,,0
54638,TWITTER INC,TWTR,2013,1,1,1,1.0,0,,,,,0
54638,TWITTER INC,TWTR,2014,1,1,7,0.1429,0,,,,,0
54638,TWITTER INC,TWTR,2015,5,5,9,0.5556,0,,,,,0
54638,TWITTER INC,TWTR,2016,5,5,15,0.3333,0,,,,,0
54638,TWITTER INC,TWTR,2017,12,12,22,0.5455,12,0.473008,0.194199,0.278809,12,0
54638,TWITTER INC,TWTR,2018,4,4,17,0.2353,7,0.197,-0.062372,0.259372,12,0
54638,TWITTER INC,TWTR,2019,8,8,22,0.3636,26,0.11517,0.288778,-0.173608,12,0
54638,TWITTER INC,TWTR,2020,16,16,46,0.3478,37,0.689547,0.16259,0.526958,12,0
54638,TWITTER INC,TWTR,2021,3,3,20,0.15,38,-0.201846,0.268925,-0.470771,12,0
54638,TWITTER INC,TWTR,2022,15,15,39,0.3846,22,0.254049,-0.187614,0.441664,10,0
54638,TWITTER INC,TWTR,2023,0,0,0,,0,,,,,0
54638,TWITTER INC,TWTR,2024,0,0,0,,0,,,,,1
54638,TWITTER INC,TWTR,2025,0,0,0,,0,,,,,1
21737,TEXAS INSTRUMENTS INC,TXN,2010,5,5,637,0.0078,0,,,,,0
21737,TEXAS INSTRUMENTS INC,TXN,2011,5,5,743,0.0067,0,,,,,0
21737,TEXAS INSTRUMENTS INC,TXN,2012,9,9,824,0.0109,0,,,,,0
21737,TEXAS INSTRUMENTS INC,TXN,2013,17,17,853,0.0199,0,,,,,0
21737,TEXAS INSTRUMENTS INC,TXN,2014,14,14,974,0.0144,0,,,,,0
21737,TEXAS INSTRUMENTS INC,TXN,2015,16,16,909,0.0176,0,,,,,0
21737,TEXAS INSTRUMENTS INC,TXN,2016,26,26,926,0.0281,0,,,,,0
21737,TEXAS INSTRUMENTS INC,TXN,2017,26,26,876,0.0297,0,0.46772,0.194199,0.27352,12,0
21737,TEXAS INSTRUMENTS INC,TXN,2018,26,26,976,0.0266,1,-0.071941,-0.062372,-0.009568,12,0
21737,TEXAS INSTRUMENTS INC,TXN,2019,39,39,1007,0.0387,0,0.395597,0.288778,0.106819,12,0
21737,TEXAS INSTRUMENTS INC,TXN,2020,37,37,1108,0.0334,3,0.317392,0.16259,0.154802,12,0
21737,TEXAS INSTRUMENTS INC,TXN,2021,48,48,1153,0.0416,0,0.175404,0.268925,-0.093522,12,0
21737,TEXAS INSTRUMENTS INC,TXN,2022,35,35,965,0.0363,0,-0.099034,-0.194429,0.095394,12,0
21737,TEXAS INSTRUMENTS INC,TXN,2023,35,35,1110,0.0315,2,0.063907,0.242305,-0.178398,12,0
21737,TEXAS INSTRUMENTS INC,TXN,2024,36,36,1040,0.0346,0,0.131386,0.233091,-0.101705,12,1
21737,TEXAS INSTRUMENTS INC,TXN,2025,19,19,482,0.0394,0,-0.044646,0.163879,-0.208524,12,1
56381,UNITY BIOTECHNOLOGY INC,UBX,2010,0,0,0,,0,,,,,0
56381,UNITY BIOTECHNOLOGY INC,UBX,2011,0,0,0,,0,,,,,0
56381,UNITY BIOTECHNOLOGY INC,UBX,2012,0,0,0,,0,,,,,0
56381,UNITY BIOTECHNOLOGY INC,UBX,2013,0,0,0,,0,,,,,0
56381,UNITY BIOTECHNOLOGY INC,UBX,2014,0,0,0,,0,,,,,0
56381,UNITY BIOTECHNOLOGY INC,UBX,2015,0,0,2,0.0,0,,,,,0
56381,UNITY BIOTECHNOLOGY INC,UBX,2016,0,0,5,0.0,0,,,,,0
56381,UNITY BIOTECHNOLOGY INC,UBX,2017,0,0,10,0.0,0,,,,,0
56381,UNITY BIOTECHNOLOGY INC,UBX,2018,0,0,15,0.0,0,-0.023424,-0.053323,0.029899,8,0
56381,UNITY BIOTECHNOLOGY INC,UBX,2019,0,0,15,0.0,0,-0.55658,0.288778,-0.845358,12,0
56381,UNITY BIOTECHNOLOGY INC,UBX,2020,0,0,12,0.0,0,-0.27323,0.16259,-0.43582,12,0
56381,UNITY BIOTECHNOLOGY INC,UBX,2021,0,0,3,0.0,0,-0.721374,0.268925,-0.9903,12,0
56381,UNITY BIOTECHNOLOGY INC,UBX,2022,0,0,2,0.0,0,-0.812329,-0.194429,-0.6179,12,0
56381,UNITY BIOTECHNOLOGY INC,UBX,2023,0,0,2,0.0,0,-0.295621,0.242305,-0.537926,12,0
56381,UNITY BIOTECHNOLOGY INC,UBX,2024,0,0,3,0.0,0,-0.494094,0.233091,-0.727185,12,1
56381,UNITY BIOTECHNOLOGY INC,UBX,2025,0,0,0,,0,-0.836133,0.077829,-0.913962,7,1
21814,UNISYS CORP,UIS,2010,3,3,19,0.1579,0,,,,,0
21814,UNISYS CORP,UIS,2011,0,0,7,0.0,0,,,,,0
21814,UNISYS CORP,UIS,2012,0,0,26,0.0,0,,,,,0
21814,UNISYS CORP,UIS,2013,1,1,64,0.0156,0,,,,,0
21814,UNISYS CORP,UIS,2014,0,0,77,0.0,0,,,,,0
21814,UNISYS CORP,UIS,2015,3,3,66,0.0455,0,,,,,0
21814,UNISYS CORP,UIS,2016,1,1,30,0.0333,0,,,,,0
21814,UNISYS CORP,UIS,2017,0,0,16,0.0,0,-0.454849,0.194199,-0.649048,12,0
21814,UNISYS CORP,UIS,2018,1,1,11,0.0909,0,0.426992,-0.062372,0.489364,12,0
21814,UNISYS CORP,UIS,2019,5,5,15,0.3333,0,0.019778,0.288778,-0.269,12,0
21814,UNISYS CORP,UIS,2020,2,2,34,0.0588,0,0.659356,0.16259,0.496766,12,0
21814,UNISYS CORP,UIS,2021,20,20,43,0.4651,0,0.045223,0.268925,-0.223703,12,0
21814,UNISYS CORP,UIS,2022,0,0,10,0.0,0,-0.75158,-0.194429,-0.557152,12,0
21814,UNISYS CORP,UIS,2023,0,0,2,0.0,0,0.099805,0.242305,-0.1425,12,0
21814,UNISYS CORP,UIS,2024,2,2,12,0.1667,0,0.126334,0.233091,-0.106757,12,1
21814,UNISYS CORP,UIS,2025,0,0,1,0.0,0,-0.563981,0.163879,-0.72786,12,1
21802,UNILEVER PLC,UL,2010,0,0,13,0.0,0,,,,,0
21802,UNILEVER PLC,UL,2011,0,0,1,0.0,0,,,,,0
21802,UNILEVER PLC,UL,2012,0,0,4,0.0,0,,,,,0
21802,UNILEVER PLC,UL,2013,0,0,3,0.0,0,,,,,0
21802,UNILEVER PLC,UL,2014,0,0,2,0.0,0,,,,,0
21802,UNILEVER PLC,UL,2015,0,0,5,0.0,0,,,,,0
21802,UNILEVER PLC,UL,2016,0,0,6,0.0,0,,,,,0
21802,UNILEVER PLC,UL,2017,0,0,1,0.0,0,0.40167,0.194199,0.207471,12,0
21802,UNILEVER PLC,UL,2018,0,0,2,0.0,0,-0.023727,-0.062372,0.038645,12,0
21802,UNILEVER PLC,UL,2019,0,0,1,0.0,0,0.128647,0.288778,-0.160132,12,0
21802,UNILEVER PLC,UL,2020,0,0,6,0.0,0,0.090487,0.16259,-0.072103,12,0
21802,UNILEVER PLC,UL,2021,0,0,0,,0,-0.076108,0.268925,-0.345033,12,0
21802,UNILEVER PLC,UL,2022,0,0,5,0.0,2,-0.027649,-0.194429,0.16678,12,0
21802,UNILEVER PLC,UL,2023,0,0,0,,0,-0.001503,0.242305,-0.243807,12,0
21802,UNILEVER PLC,UL,2024,0,0,0,,0,0.209131,0.233091,-0.02396,12,1
21802,UNILEVER PLC,UL,2025,0,0,0,,1,0.117594,0.163879,-0.046285,12,1
39148,UNITED MICROELECTRONICS CORP,UMC,2010,0,0,53,0.0,0,,,,,0
39148,UNITED MICROELECTRONICS CORP,UMC,2011,0,0,112,0.0,0,,,,,0
39148,UNITED MICROELECTRONICS CORP,UMC,2012,0,0,109,0.0,0,,,,,0
39148,UNITED MICROELECTRONICS CORP,UMC,2013,0,0,266,0.0,0,,,,,0
39148,UNITED MICROELECTRONICS CORP,UMC,2014,1,1,234,0.0043,0,,,,,0
39148,UNITED MICROELECTRONICS CORP,UMC,2015,0,0,290,0.0,0,,,,,0
39148,UNITED MICROELECTRONICS CORP,UMC,2016,0,0,229,0.0,0,,,,,0
39148,UNITED MICROELECTRONICS CORP,UMC,2017,1,1,299,0.0033,0,0.415053,0.194199,0.220854,12,0
39148,UNITED MICROELECTRONICS CORP,UMC,2018,2,2,323,0.0062,0,-0.219386,-0.062372,-0.157014,12,0
39148,UNITED MICROELECTRONICS CORP,UMC,2019,3,3,233,0.0129,0,0.559484,0.288778,0.270706,12,0
39148,UNITED MICROELECTRONICS CORP,UMC,2020,2,4,241,0.0166,0,2.300687,0.16259,2.138098,12,0
39148,UNITED MICROELECTRONICS CORP,UMC,2021,6,6,320,0.0187,0,0.431143,0.268925,0.162218,12,0
39148,UNITED MICROELECTRONICS CORP,UMC,2022,6,7,332,0.0211,2,-0.405656,-0.194429,-0.211228,12,0
39148,UNITED MICROELECTRONICS CORP,UMC,2023,3,3,378,0.0079,0,0.389637,0.242305,0.147332,12,0
39148,UNITED MICROELECTRONICS CORP,UMC,2024,2,2,383,0.0052,1,-0.190022,0.233091,-0.423113,12,1
39148,UNITED MICROELECTRONICS CORP,UMC,2025,1,1,160,0.0063,2,0.284162,0.163879,0.120283,12,1
36383,UNITED PARCEL SERVICE INC,UPS,2010,0,0,19,0.0,0,,,,,0
36383,UNITED PARCEL SERVICE INC,UPS,2011,1,1,30,0.0333,0,,,,,0
36383,UNITED PARCEL SERVICE INC,UPS,2012,0,0,38,0.0,0,,,,,0
36383,UNITED PARCEL SERVICE INC,UPS,2013,4,4,52,0.0769,0,,,,,0
36383,UNITED PARCEL SERVICE INC,UPS,2014,2,2,84,0.0238,0,,,,,0
36383,UNITED PARCEL SERVICE INC,UPS,2015,1,2,76,0.0263,0,,,,,0
36383,UNITED PARCEL SERVICE INC,UPS,2016,1,5,42,0.119,0,,,,,0
36383,UNITED PARCEL SERVICE INC,UPS,2017,0,12,50,0.24,0,0.071428,0.194199,-0.122771,12,0
36383,UNITED PARCEL SERVICE INC,UPS,2018,0,16,50,0.32,0,-0.154795,-0.062372,-0.092423,12,0
36383,UNITED PARCEL SERVICE INC,UPS,2019,0,6,42,0.1429,0,0.242074,0.288778,-0.046704,12,0
36383,UNITED PARCEL SERVICE INC,UPS,2020,0,9,56,0.1607,0,0.486982,0.16259,0.324393,12,0
36383,UNITED PARCEL SERVICE INC,UPS,2021,0,5,41,0.122,0,0.300182,0.268925,0.031256,12,0
36383,UNITED PARCEL SERVICE INC,UPS,2022,0,9,46,0.1957,0,-0.162656,-0.194429,0.031772,12,0
36383,UNITED PARCEL SERVICE INC,UPS,2023,0,5,31,0.1613,0,-0.059424,0.242305,-0.301729,12,0
36383,UNITED PARCEL SERVICE INC,UPS,2024,0,7,37,0.1892,0,-0.159837,0.233091,-0.392927,12,1
36383,UNITED PARCEL SERVICE INC,UPS,2025,0,3,18,0.1667,0,-0.159263,0.163879,-0.323142,12,1
21832,UNITED TECHNOLOGIES CORP,UTX,2010,0,0,127,0.0,0,,,,,0
21832,UNITED TECHNOLOGIES CORP,UTX,2011,1,1,221,0.0045,0,,,,,0
21832,UNITED TECHNOLOGIES CORP,UTX,2012,0,0,524,0.0,0,,,,,0
21832,UNITED TECHNOLOGIES CORP,UTX,2013,1,1,379,0.0026,0,,,,,0
21832,UNITED TECHNOLOGIES CORP,UTX,2014,3,3,1136,0.0026,0,,,,,0
21832,UNITED TECHNOLOGIES CORP,UTX,2015,4,4,1344,0.003,0,,,,,0
21832,UNITED TECHNOLOGIES CORP,UTX,2016,6,6,770,0.0078,0,,,,,0
21832,UNITED TECHNOLOGIES CORP,UTX,2017,7,7,750,0.0093,0,0.191085,0.194199,-0.003114,12,0
21832,UNITED TECHNOLOGIES CORP,UTX,2018,8,8,898,0.0089,0,-0.146876,-0.062372,-0.084504,12,0
21832,UNITED TECHNOLOGIES CORP,UTX,2019,8,8,816,0.0098,0,0.43803,0.288778,0.149252,12,0
21832,UNITED TECHNOLOGIES CORP,UTX,2020,4,4,520,0.0077,5,-0.109449,0.16259,-0.272039,12,0
21832,UNITED TECHNOLOGIES CORP,UTX,2021,4,4,375,0.0107,1,0.233166,0.268925,-0.03576,12,0
21832,UNITED TECHNOLOGIES CORP,UTX,2022,9,9,460,0.0196,2,0.200029,-0.194429,0.394458,12,0
21832,UNITED TECHNOLOGIES CORP,UTX,2023,8,8,366,0.0219,10,-0.144433,0.242305,-0.386738,12,0
21832,UNITED TECHNOLOGIES CORP,UTX,2024,0,0,1,0.0,12,0.407638,0.233091,0.174547,12,1
21832,UNITED TECHNOLOGIES CORP,UTX,2025,0,0,1,0.0,3,0.614655,0.163879,0.450776,12,1
52983,VISA INC,V,2010,0,0,30,0.0,0,,,,,0
52983,VISA INC,V,2011,3,3,49,0.0612,0,,,,,0
52983,VISA INC,V,2012,0,0,37,0.0,0,,,,,0
52983,VISA INC,V,2013,3,3,92,0.0326,0,,,,,0
52983,VISA INC,V,2014,4,4,79,0.0506,0,,,,,0
52983,VISA INC,V,2015,1,1,54,0.0185,0,,,,,0
52983,VISA INC,V,2016,3,3,84,0.0357,0,,,,,0
52983,VISA INC,V,2017,27,27,133,0.203,1,0.471732,0.194199,0.277533,12,0
52983,VISA INC,V,2018,41,41,204,0.201,2,0.164809,-0.062372,0.227181,12,0
52983,VISA INC,V,2019,98,98,431,0.2274,13,0.433197,0.288778,0.144418,12,0
52983,VISA INC,V,2020,43,43,196,0.2194,25,0.171305,0.16259,0.008715,12,0
52983,VISA INC,V,2021,57,57,271,0.2103,8,-0.003208,0.268925,-0.272134,12,0
52983,VISA INC,V,2022,88,88,328,0.2683,9,-0.033904,-0.194429,0.160525,12,0
52983,VISA INC,V,2023,68,68,244,0.2787,35,0.263076,0.242305,0.020771,12,0
52983,VISA INC,V,2024,47,47,162,0.2901,28,0.223218,0.233091,-0.009873,12,1
52983,VISA INC,V,2025,14,14,69,0.2029,30,0.117564,0.163879,-0.046315,12,1
52705,VMWARE INC,VMW,2010,0,0,76,0.0,0,,,,,0
52705,VMWARE INC,VMW,2011,0,0,106,0.0,0,,,,,0
52705,VMWARE INC,VMW,2012,2,2,199,0.0101,0,,,,,0
52705,VMWARE INC,VMW,2013,8,8,333,0.024,0,,,,,0
52705,VMWARE INC,VMW,2014,6,6,379,0.0158,0,,,,,0
52705,VMWARE INC,VMW,2015,12,12,362,0.0331,0,,,,,0
52705,VMWARE INC,VMW,2016,14,14,367,0.0381,0,,,,,0
52705,VMWARE INC,VMW,2017,10,10,404,0.0248,3,0.591771,0.194199,0.397572,12,0
52705,VMWARE INC,VMW,2018,36,36,485,0.0742,7,0.30817,-0.062372,0.370542,12,0
52705,VMWARE INC,VMW,2019,79,79,653,0.121,7,0.106905,0.288778,-0.181874,12,0
52705,VMWARE INC,VMW,2020,73,73,650,0.1123,19,-0.075961,0.16259,-0.23855,12,0
52705,VMWARE INC,VMW,2021,94,94,716,0.1313,20,-0.005973,0.268925,-0.274899,12,0
52705,VMWARE INC,VMW,2022,71,71,784,0.0906,15,0.059371,-0.194429,0.2538,12,0
52705,VMWARE INC,VMW,2023,59,59,703,0.0839,10,0.59558,0.189686,0.405893,11,0
52705,VMWARE INC,VMW,2024,4,4,96,0.0417,0,,,,,1
52705,VMWARE INC,VMW,2025,2,2,37,0.0541,0,,,,,1
53256,VERISK ANALYTICS INC,VRSK,2010,0,0,0,,0,,,,,0
53256,VERISK ANALYTICS INC,VRSK,2011,0,0,0,,0,,,,,0
53256,VERISK ANALYTICS INC,VRSK,2012,0,0,0,,0,,,,,0
53256,VERISK ANALYTICS INC,VRSK,2013,0,0,0,,0,,,,,0
53256,VERISK ANALYTICS INC,VRSK,2014,1,1,1,1.0,0,,,,,0
53256,VERISK ANALYTICS INC,VRSK,2015,0,0,1,0.0,0,,,,,0
53256,VERISK ANALYTICS INC,VRSK,2016,1,1,3,0.3333,0,,,,,0
53256,VERISK ANALYTICS INC,VRSK,2017,1,1,1,1.0,1,0.182701,0.194199,-0.011498,12,0
53256,VERISK ANALYTICS INC,VRSK,2018,0,0,1,0.0,5,0.135834,-0.062372,0.198206,12,0
53256,VERISK ANALYTICS INC,VRSK,2019,2,2,2,1.0,16,0.379138,0.288778,0.09036,12,0
53256,VERISK ANALYTICS INC,VRSK,2020,2,2,4,0.5,1,0.399024,0.16259,0.236434,12,0
53256,VERISK ANALYTICS INC,VRSK,2021,3,3,4,0.75,5,0.108533,0.268925,-0.160392,12,0
53256,VERISK ANALYTICS INC,VRSK,2022,0,0,2,0.0,2,-0.223293,-0.194429,-0.028865,12,0
53256,VERISK ANALYTICS INC,VRSK,2023,2,2,4,0.5,0,0.362389,0.242305,0.120084,12,0
53256,VERISK ANALYTICS INC,VRSK,2024,0,0,1,0.0,2,0.160011,0.233091,-0.07308,12,1
53256,VERISK ANALYTICS INC,VRSK,2025,9,9,11,0.8182,0,-0.182286,0.163879,-0.346165,12,1
21863,VERSAR INC,VSR,2010,0,0,0,,0,,,,,0
21863,VERSAR INC,VSR,2011,0,0,0,,0,,,,,0
21863,VERSAR INC,VSR,2012,0,0,0,,0,,,,,0
21863,VERSAR INC,VSR,2013,0,0,0,,0,,,,,0
21863,VERSAR INC,VSR,2014,0,0,0,,0,,,,,0
21863,VERSAR INC,VSR,2015,0,0,0,,0,,,,,0
21863,VERSAR INC,VSR,2016,0,0,0,,0,,,,,0
21863,VERSAR INC,VSR,2017,0,0,0,,0,-0.89854,0.125301,-1.023842,9,0
21863,VERSAR INC,VSR,2018,0,0,0,,0,,,,,0
21863,VERSAR INC,VSR,2019,0,0,0,,0,,,,,0
21863,VERSAR INC,VSR,2020,0,0,0,,0,,,,,0
21863,VERSAR INC,VSR,2021,0,0,0,,0,,,,,0
21863,VERSAR INC,VSR,2022,0,0,0,,0,,,,,0
21863,VERSAR INC,VSR,2023,0,0,0,,0,,,,,0
21863,VERSAR INC,VSR,2024,0,0,0,,0,,,,,1
21863,VERSAR INC,VSR,2025,0,0,0,,0,,,,,1
54213,WORKDAY INC,WDAY,2010,0,0,0,,0,,,,,0
54213,WORKDAY INC,WDAY,2011,1,1,4,0.25,0,,,,,0
54213,WORKDAY INC,WDAY,2012,0,0,0,,0,,,,,0
54213,WORKDAY INC,WDAY,2013,0,0,1,0.0,0,,,,,0
54213,WORKDAY INC,WDAY,2014,0,0,6,0.0,0,,,,,0
54213,WORKDAY INC,WDAY,2015,6,6,10,0.6,0,,,,,0
54213,WORKDAY INC,WDAY,2016,3,3,18,0.1667,0,,,,,0
54213,WORKDAY INC,WDAY,2017,0,0,11,0.0,0,0.539417,0.194199,0.345217,12,0
54213,WORKDAY INC,WDAY,2018,2,2,20,0.1,0,0.569493,-0.062372,0.631865,12,0
54213,WORKDAY INC,WDAY,2019,3,3,15,0.2,1,0.029873,0.288778,-0.258906,12,0
54213,WORKDAY INC,WDAY,2020,4,4,12,0.3333,0,0.457038,0.16259,0.294449,12,0
54213,WORKDAY INC,WDAY,2021,3,3,12,0.25,0,0.140104,0.268925,-0.128822,12,0
54213,WORKDAY INC,WDAY,2022,7,7,19,0.3684,0,-0.387474,-0.194429,-0.193045,12,0
54213,WORKDAY INC,WDAY,2023,2,2,17,0.1176,0,0.649794,0.242305,0.407489,12,0
54213,WORKDAY INC,WDAY,2024,7,7,23,0.3043,1,-0.065312,0.233091,-0.298402,12,1
54213,WORKDAY INC,WDAY,2025,7,7,19,0.3684,3,-0.167617,0.163879,-0.331496,12,1
4879,WESTERN DIGITAL CORP,WDC,2010,0,0,28,0.0,0,,,,,0
4879,WESTERN DIGITAL CORP,WDC,2011,0,0,37,0.0,0,,,,,0
4879,WESTERN DIGITAL CORP,WDC,2012,0,0,35,0.0,0,,,,,0
4879,WESTERN DIGITAL CORP,WDC,2013,0,0,70,0.0,0,,,,,0
4879,WESTERN DIGITAL CORP,WDC,2014,0,0,42,0.0,0,,,,,0
4879,WESTERN DIGITAL CORP,WDC,2015,0,0,77,0.0,0,,,,,0
4879,WESTERN DIGITAL CORP,WDC,2016,0,0,146,0.0,0,,,,,0
4879,WESTERN DIGITAL CORP,WDC,2017,0,14,362,0.0387,0,0.198105,0.194199,0.003906,12,0
4879,WESTERN DIGITAL CORP,WDC,2018,0,27,368,0.0734,2,-0.519079,-0.062372,-0.456706,12,0
4879,WESTERN DIGITAL CORP,WDC,2019,0,28,363,0.0771,0,0.770224,0.288778,0.481446,12,0
4879,WESTERN DIGITAL CORP,WDC,2020,0,28,394,0.0711,0,-0.109206,0.16259,-0.271795,12,0
4879,WESTERN DIGITAL CORP,WDC,2021,0,53,592,0.0895,5,0.177289,0.268925,-0.091637,12,0
4879,WESTERN DIGITAL CORP,WDC,2022,0,31,463,0.067,3,-0.516179,-0.194429,-0.32175,12,0
4879,WESTERN DIGITAL CORP,WDC,2023,0,28,691,0.0405,5,0.659904,0.242305,0.417599,12,0
4879,WESTERN DIGITAL CORP,WDC,2024,0,13,152,0.0855,3,0.138628,0.233091,-0.094463,12,1
4879,WESTERN DIGITAL CORP,WDC,2025,0,2,40,0.05,0,2.858028,0.163879,2.694149,12,1
40160,WIPRO LTD,WIT,2010,0,0,1,0.0,0,,,,,0
40160,WIPRO LTD,WIT,2011,0,0,0,,0,,,,,0
40160,WIPRO LTD,WIT,2012,0,0,0,,0,,,,,0
40160,WIPRO LTD,WIT,2013,3,3,46,0.0652,0,,,,,0
40160,WIPRO LTD,WIT,2014,18,18,93,0.1935,0,,,,,0
40160,WIPRO LTD,WIT,2015,25,25,141,0.1773,0,,,,,0
40160,WIPRO LTD,WIT,2016,53,53,172,0.3081,0,,,,,0
40160,WIPRO LTD,WIT,2017,86,86,205,0.4195,0,0.13389,0.194199,-0.06031,12,0
40160,WIPRO LTD,WIT,2018,78,78,135,0.5778,3,-0.059482,-0.062372,0.00289,12,0
40160,WIPRO LTD,WIT,2019,90,90,119,0.7563,0,-0.022848,0.288778,-0.311626,12,0
40160,WIPRO LTD,WIT,2020,70,70,95,0.7368,5,0.512261,0.16259,0.349671,12,0
40160,WIPRO LTD,WIT,2021,13,13,23,0.5652,11,0.731035,0.268925,0.462109,12,0
40160,WIPRO LTD,WIT,2022,6,6,16,0.375,1,-0.517722,-0.194429,-0.323294,12,0
40160,WIPRO LTD,WIT,2023,5,5,11,0.4545,0,0.198219,0.242305,-0.044085,12,0
40160,WIPRO LTD,WIT,2024,3,3,8,0.375,0,0.273788,0.233091,0.040697,12,1
40160,WIPRO LTD,WIT,2025,0,0,3,0.0,0,-0.165685,0.163879,-0.329564,12,1
21880,WAL MART STORES INC,WMT,2010,1,1,10,0.1,0,,,,,0
21880,WAL MART STORES INC,WMT,2011,4,4,10,0.4,0,,,,,0
21880,WAL MART STORES INC,WMT,2012,28,28,182,0.1538,0,,,,,0
21880,WAL MART STORES INC,WMT,2013,29,29,199,0.1457,0,,,,,0
21880,WAL MART STORES INC,WMT,2014,19,19,111,0.1712,0,,,,,0
21880,WAL MART STORES INC,WMT,2015,21,21,146,0.1438,0,,,,,0
21880,WAL MART STORES INC,WMT,2016,70,70,302,0.2318,0,,,,,0
21880,WAL MART STORES INC,WMT,2017,115,119,608,0.1957,3,0.465417,0.194199,0.271218,12,0
21880,WAL MART STORES INC,WMT,2018,27,170,634,0.2681,9,-0.034315,-0.062372,0.028057,12,0
21880,WAL MART STORES INC,WMT,2019,0,182,538,0.3383,27,0.301591,0.288778,0.012812,12,0
21880,WAL MART STORES INC,WMT,2020,0,106,236,0.4492,33,0.233384,0.16259,0.070795,12,0
21880,WAL MART STORES INC,WMT,2021,0,133,267,0.4981,27,0.019691,0.268925,-0.249235,12,0
21880,WAL MART STORES INC,WMT,2022,0,100,225,0.4444,19,-0.004659,-0.194429,0.189769,12,0
21880,WAL MART STORES INC,WMT,2023,0,128,311,0.4116,40,0.12886,0.242305,-0.113445,12,0
21880,WAL MART STORES INC,WMT,2024,0,110,204,0.5392,41,0.739795,0.233091,0.506704,12,1
21880,WAL MART STORES INC,WMT,2025,0,42,84,0.5,62,0.244881,0.163879,0.081002,12,1
27497,WOODWARD INC,WWD,2010,0,0,21,0.0,0,,,,,0
27497,WOODWARD INC,WWD,2011,0,0,14,0.0,0,,,,,0
27497,WOODWARD INC,WWD,2012,0,1,19,0.0526,0,,,,,0
27497,WOODWARD INC,WWD,2013,0,0,35,0.0,0,,,,,0
27497,WOODWARD INC,WWD,2014,0,0,28,0.0,0,,,,,0
27497,WOODWARD INC,WWD,2015,0,0,23,0.0,0,,,,,0
27497,WOODWARD INC,WWD,2016,0,0,27,0.0,0,,,,,0
27497,WOODWARD INC,WWD,2017,0,0,34,0.0,0,0.116343,0.194199,-0.077857,12,0
27497,WOODWARD INC,WWD,2018,1,1,21,0.0476,0,-0.022258,-0.062372,0.040114,12,0
27497,WOODWARD INC,WWD,2019,0,0,31,0.0,0,0.604121,0.288778,0.315343,12,0
27497,WOODWARD INC,WWD,2020,0,0,22,0.0,0,0.031862,0.16259,-0.130727,12,0
27497,WOODWARD INC,WWD,2021,0,0,29,0.0,0,-0.094339,0.268925,-0.363264,12,0
27497,WOODWARD INC,WWD,2022,0,0,27,0.0,0,-0.11098,-0.194429,0.083448,12,0
27497,WOODWARD INC,WWD,2023,1,1,24,0.0417,0,0.419793,0.242305,0.177488,12,0
27497,WOODWARD INC,WWD,2024,0,0,8,0.0,0,0.230111,0.233091,-0.00298,12,1
27497,WOODWARD INC,WWD,2025,0,0,9,0.0,0,0.825793,0.163879,0.661914,12,1
10634,XILINX INC,XLNX,2010,0,0,31,0.0,0,,,,,0
10634,XILINX INC,XLNX,2011,0,0,26,0.0,0,,,,,0
10634,XILINX INC,XLNX,2012,0,0,32,0.0,0,,,,,0
10634,XILINX INC,XLNX,2013,2,2,30,0.0667,0,,,,,0
10634,XILINX INC,XLNX,2014,0,0,32,0.0,0,,,,,0
10634,XILINX INC,XLNX,2015,0,0,30,0.0,0,,,,,0
10634,XILINX INC,XLNX,2016,1,1,28,0.0357,0,,,,,0
10634,XILINX INC,XLNX,2017,10,10,45,0.2222,2,0.140994,0.194199,-0.053205,12,0
10634,XILINX INC,XLNX,2018,3,3,55,0.0545,6,0.287728,-0.062372,0.3501,12,0
10634,XILINX INC,XLNX,2019,7,7,47,0.1489,1,0.163925,0.288778,-0.124854,12,0
10634,XILINX INC,XLNX,2020,1,1,33,0.0303,10,0.472354,0.16259,0.309765,12,0
10634,XILINX INC,XLNX,2021,10,10,77,0.1299,3,0.498379,0.268925,0.229453,12,0
10634,XILINX INC,XLNX,2022,24,24,164,0.1463,0,-0.069558,-0.082296,0.012738,2,0
10634,XILINX INC,XLNX,2023,7,7,145,0.0483,0,,,,,0
10634,XILINX INC,XLNX,2024,19,19,89,0.2135,0,,,,,1
10634,XILINX INC,XLNX,2025,2,2,16,0.125,0,,,,,1
53890,EXELIS INC,XLS,2010,0,0,0,,0,,,,,0
53890,EXELIS INC,XLS,2011,0,0,2,0.0,0,,,,,0
53890,EXELIS INC,XLS,2012,2,2,17,0.1176,0,,,,,0
53890,EXELIS INC,XLS,2013,1,1,8,0.125,0,,,,,0
53890,EXELIS INC,XLS,2014,1,1,4,0.25,0,,,,,0
53890,EXELIS INC,XLS,2015,1,1,3,0.3333,0,,,,,0
53890,EXELIS INC,XLS,2016,0,0,2,0.0,0,,,,,0
53890,EXELIS INC,XLS,2017,0,0,0,,0,,,,,0
53890,EXELIS INC,XLS,2018,0,0,0,,0,,,,,0
53890,EXELIS INC,XLS,2019,0,0,0,,0,,,,,0
53890,EXELIS INC,XLS,2020,0,0,0,,0,,,,,0
53890,EXELIS INC,XLS,2021,0,0,0,,0,,,,,0
53890,EXELIS INC,XLS,2022,0,0,0,,0,,,,,0
53890,EXELIS INC,XLS,2023,0,0,0,,0,,,,,0
53890,EXELIS INC,XLS,2024,0,0,0,,0,,,,,1
53890,EXELIS INC,XLS,2025,0,0,0,,0,,,,,1
59381,XPERI INC,XPER,2010,29,29,79,0.3671,0,,,,,0
59381,XPERI INC,XPER,2011,21,21,102,0.2059,0,,,,,0
59381,XPERI INC,XPER,2012,0,0,20,0.0,0,,,,,0
59381,XPERI INC,XPER,2013,0,0,43,0.0,0,,,,,0
59381,XPERI INC,XPER,2014,0,0,48,0.0,0,,,,,0
59381,XPERI INC,XPER,2015,0,0,37,0.0,0,,,,,0
59381,XPERI INC,XPER,2016,0,0,28,0.0,0,,,,,0
59381,XPERI INC,XPER,2017,0,0,25,0.0,0,,,,,0
59381,XPERI INC,XPER,2018,2,2,19,0.1053,0,,,,,0
59381,XPERI INC,XPER,2019,2,2,18,0.1111,0,,,,,0
59381,XPERI INC,XPER,2020,5,5,47,0.1064,0,,,,,0
59381,XPERI INC,XPER,2021,2,2,24,0.0833,0,,,,,0
59381,XPERI INC,XPER,2022,2,2,6,0.3333,0,-0.424849,0.070805,-0.495654,3,0
59381,XPERI INC,XPER,2023,3,3,4,0.75,0,0.279908,0.242305,0.037603,12,0
59381,XPERI INC,XPER,2024,0,0,1,0.0,0,-0.068059,0.233091,-0.30115,12,1
59381,XPERI INC,XPER,2025,0,0,0,,0,-0.429406,0.163879,-0.593285,12,1
9424,DENTSPLY SIRONA INC,XRAY,2010,0,0,4,0.0,0,,,,,0
9424,DENTSPLY SIRONA INC,XRAY,2011,0,0,19,0.0,0,,,,,0
9424,DENTSPLY SIRONA INC,XRAY,2012,0,0,23,0.0,0,,,,,0
9424,DENTSPLY SIRONA INC,XRAY,2013,0,0,38,0.0,0,,,,,0
9424,DENTSPLY SIRONA INC,XRAY,2014,0,0,49,0.0,0,,,,,0
9424,DENTSPLY SIRONA INC,XRAY,2015,1,1,40,0.025,0,,,,,0
9424,DENTSPLY SIRONA INC,XRAY,2016,1,1,62,0.0161,0,,,,,0
9424,DENTSPLY SIRONA INC,XRAY,2017,0,0,60,0.0,0,0.146623,0.194199,-0.047577,12,0
9424,DENTSPLY SIRONA INC,XRAY,2018,1,1,59,0.0169,0,-0.429982,-0.062372,-0.36761,12,0
9424,DENTSPLY SIRONA INC,XRAY,2019,12,12,76,0.1579,0,0.531402,0.288778,0.242624,12,0
9424,DENTSPLY SIRONA INC,XRAY,2020,7,7,77,0.0909,0,-0.066249,0.16259,-0.228839,12,0
9424,DENTSPLY SIRONA INC,XRAY,2021,6,6,31,0.1935,0,0.073178,0.268925,-0.195747,12,0
9424,DENTSPLY SIRONA INC,XRAY,2022,8,8,42,0.1905,0,-0.421153,-0.194429,-0.226725,12,0
9424,DENTSPLY SIRONA INC,XRAY,2023,4,4,24,0.1667,0,0.134872,0.242305,-0.107433,12,0
9424,DENTSPLY SIRONA INC,XRAY,2024,3,3,22,0.1364,0,-0.452928,0.233091,-0.686019,12,1
9424,DENTSPLY SIRONA INC,XRAY,2025,2,2,6,0.3333,0,-0.368703,0.163879,-0.532582,12,1
21945,XEROX CORP,XRX,2010,50,50,832,0.0601,0,,,,,0
21945,XEROX CORP,XRX,2011,73,73,760,0.0961,0,,,,,0
21945,XEROX CORP,XRX,2012,105,106,872,0.1216,0,,,,,0
21945,XEROX CORP,XRX,2013,127,128,842,0.152,0,,,,,0
21945,XEROX CORP,XRX,2014,128,128,550,0.2327,0,,,,,0
21945,XEROX CORP,XRX,2015,112,112,448,0.25,0,,,,,0
21945,XEROX CORP,XRX,2016,85,85,378,0.2249,0,,,,,0
21945,XEROX CORP,XRX,2017,44,44,237,0.1857,30,0.20622,0.194199,0.01202,12,0
21945,XEROX CORP,XRX,2018,9,9,199,0.0452,6,-0.293866,-0.062372,-0.231494,12,0
21945,XEROX CORP,XRX,2019,7,7,198,0.0354,18,0.922314,0.288778,0.633535,12,0
21945,XEROX CORP,XRX,2020,9,9,172,0.0523,14,-0.335751,0.16259,-0.498341,12,0
21945,XEROX CORP,XRX,2021,17,17,206,0.0825,8,0.020061,0.268925,-0.248865,12,0
21945,XEROX CORP,XRX,2022,8,8,151,0.053,10,-0.3124,-0.194429,-0.117971,12,0
21945,XEROX CORP,XRX,2023,16,16,111,0.1441,5,0.336131,0.242305,0.093826,12,0
21945,XEROX CORP,XRX,2024,7,7,66,0.1061,0,-0.497643,0.233091,-0.730734,12,1
21945,XEROX CORP,XRX,2025,2,2,9,0.2222,0,-0.705213,0.163879,-0.869092,12,1
53896,XYLEM INC,XYL,2010,0,0,2,0.0,0,,,,,0
53896,XYLEM INC,XYL,2011,0,0,8,0.0,0,,,,,0
53896,XYLEM INC,XYL,2012,0,0,16,0.0,0,,,,,0
53896,XYLEM INC,XYL,2013,0,0,9,0.0,0,,,,,0
53896,XYLEM INC,XYL,2014,0,0,12,0.0,0,,,,,0
53896,XYLEM INC,XYL,2015,0,0,17,0.0,0,,,,,0
53896,XYLEM INC,XYL,2016,0,0,17,0.0,0,,,,,0
53896,XYLEM INC,XYL,2017,0,0,24,0.0,0,0.395007,0.194199,0.200807,12,0
53896,XYLEM INC,XYL,2018,0,0,11,0.0,0,-0.01017,-0.062372,0.052202,12,0
53896,XYLEM INC,XYL,2019,0,0,15,0.0,0,0.195857,0.288778,-0.092921,12,0
53896,XYLEM INC,XYL,2020,0,0,7,0.0,0,0.308912,0.16259,0.146323,12,0
53896,XYLEM INC,XYL,2021,0,0,10,0.0,0,0.18936,0.268925,-0.079565,12,0
53896,XYLEM INC,XYL,2022,0,0,10,0.0,0,-0.065938,-0.194429,0.12849,12,0
53896,XYLEM INC,XYL,2023,0,0,1,0.0,1,0.047821,0.242305,-0.194484,12,0
53896,XYLEM INC,XYL,2024,0,0,0,,0,0.025748,0.233091,-0.207343,12,1
53896,XYLEM INC,XYL,2025,0,0,0,,0,0.187738,0.163879,0.023859,12,1
14521,YAHOO INC,YHOO,2010,48,48,315,0.1524,0,,,,,0
14521,YAHOO INC,YHOO,2011,31,31,233,0.133,0,,,,,0
14521,YAHOO INC,YHOO,2012,37,37,274,0.135,0,,,,,0
14521,YAHOO INC,YHOO,2013,80,84,374,0.2246,0,,,,,0
14521,YAHOO INC,YHOO,2014,94,101,382,0.2644,0,,,,,0
14521,YAHOO INC,YHOO,2015,88,93,271,0.3432,0,,,,,0
14521,YAHOO INC,YHOO,2016,67,76,209,0.3636,0,,,,,0
14521,YAHOO INC,YHOO,2017,50,65,143,0.4545,0,0.408327,0.082444,0.325883,6,0
14521,YAHOO INC,YHOO,2018,0,16,33,0.4848,0,,,,,0
14521,YAHOO INC,YHOO,2019,0,6,13,0.4615,0,,,,,0
14521,YAHOO INC,YHOO,2020,0,1,2,0.5,0,,,,,0
14521,YAHOO INC,YHOO,2021,0,20,30,0.6667,0,,,,,0
14521,YAHOO INC,YHOO,2022,1,49,113,0.4336,0,,,,,0
14521,YAHOO INC,YHOO,2023,0,72,143,0.5035,0,,,,,0
14521,YAHOO INC,YHOO,2024,0,44,86,0.5116,0,,,,,1
14521,YAHOO INC,YHOO,2025,0,12,29,0.4138,0,,,,,1
11092,ZEBRA TECHNOLOGIES CORP,ZBRA,2010,0,0,0,,0,,,,,0
11092,ZEBRA TECHNOLOGIES CORP,ZBRA,2011,0,0,0,,0,,,,,0
11092,ZEBRA TECHNOLOGIES CORP,ZBRA,2012,0,0,0,,0,,,,,0
11092,ZEBRA TECHNOLOGIES CORP,ZBRA,2013,0,0,0,,0,,,,,0
11092,ZEBRA TECHNOLOGIES CORP,ZBRA,2014,0,0,0,,0,,,,,0
11092,ZEBRA TECHNOLOGIES CORP,ZBRA,2015,0,0,0,,0,,,,,0
11092,ZEBRA TECHNOLOGIES CORP,ZBRA,2016,0,0,0,,0,,,,,0
11092,ZEBRA TECHNOLOGIES CORP,ZBRA,2017,0,0,1,0.0,0,0.210354,0.194199,0.016154,12,0
11092,ZEBRA TECHNOLOGIES CORP,ZBRA,2018,21,21,69,0.3043,0,0.534008,-0.062372,0.59638,12,0
11092,ZEBRA TECHNOLOGIES CORP,ZBRA,2019,27,27,114,0.2368,0,0.604222,0.288778,0.315444,12,0
11092,ZEBRA TECHNOLOGIES CORP,ZBRA,2020,40,40,130,0.3077,2,0.504581,0.16259,0.341991,12,0
11092,ZEBRA TECHNOLOGIES CORP,ZBRA,2021,41,41,161,0.2547,0,0.548669,0.268925,0.279744,12,0
11092,ZEBRA TECHNOLOGIES CORP,ZBRA,2022,45,45,189,0.2381,14,-0.569204,-0.194429,-0.374775,12,0
11092,ZEBRA TECHNOLOGIES CORP,ZBRA,2023,43,43,216,0.1991,0,0.065988,0.242305,-0.176317,12,0
11092,ZEBRA TECHNOLOGIES CORP,ZBRA,2024,33,33,137,0.2409,0,0.413015,0.233091,0.179925,12,1
11092,ZEBRA TECHNOLOGIES CORP,ZBRA,2025,3,3,27,0.1111,0,-0.371291,0.163879,-0.53517,12,1
53853,ZILLOW GROUP INC,ZG,2010,0,0,0,,0,,,,,0
53853,ZILLOW GROUP INC,ZG,2011,0,0,0,,0,,,,,0
53853,ZILLOW GROUP INC,ZG,2012,0,0,0,,0,,,,,0
53853,ZILLOW GROUP INC,ZG,2013,0,0,1,0.0,0,,,,,0
53853,ZILLOW GROUP INC,ZG,2014,0,0,3,0.0,0,,,,,0
53853,ZILLOW GROUP INC,ZG,2015,0,0,1,0.0,0,,,,,0
53853,ZILLOW GROUP INC,ZG,2016,0,0,0,,0,,,,,0
53853,ZILLOW GROUP INC,ZG,2017,2,2,3,0.6667,1,0.122017,0.194199,-0.072183,12,0
53853,ZILLOW GROUP INC,ZG,2018,1,1,3,0.3333,0,-0.22825,-0.062372,-0.165878,12,0
53853,ZILLOW GROUP INC,ZG,2019,2,2,2,1.0,5,0.454717,0.288778,0.165939,12,0
53853,ZILLOW GROUP INC,ZG,2020,5,5,16,0.3125,7,1.825425,0.16259,1.662835,12,0
53853,ZILLOW GROUP INC,ZG,2021,7,7,12,0.5833,1,-0.508089,0.268925,-0.777015,12,0
53853,ZILLOW GROUP INC,ZG,2022,3,3,5,0.6,3,-0.495537,-0.194429,-0.301108,12,0
53853,ZILLOW GROUP INC,ZG,2023,0,0,0,,6,0.796333,0.242305,0.554028,12,0
53853,ZILLOW GROUP INC,ZG,2024,0,0,0,,5,0.279814,0.233091,0.046723,12,1
53853,ZILLOW GROUP INC,ZG,2025,0,0,0,,6,-0.078729,0.163879,-0.242608,12,1
