version,parent_company,ticker,permco,filing_year,ai_patent_count
parent_only,ABBVIE INC,ABBV,54287,2013,1
parent_only,ABBVIE INC,ABBV,54287,2016,2
parent_only,ABBVIE INC,ABBV,54287,2018,1
parent_only,ABBVIE INC,ABBV,54287,2020,1
parent_only,ABBVIE INC,ABBV,54287,2024,1
parent_only,ADOBE SYSTEMS INC,ADBE,8476,2010,5
parent_only,ADOBE SYSTEMS INC,ADBE,8476,2011,11
parent_only,ADOBE SYSTEMS INC,ADBE,8476,2012,43
parent_only,ADOBE SYSTEMS INC,ADBE,8476,2013,96
parent_only,ADOBE SYSTEMS INC,ADBE,8476,2014,108
parent_only,ADOBE SYSTEMS INC,ADBE,8476,2015,132
parent_only,ADOBE SYSTEMS INC,ADBE,8476,2016,171
parent_only,ADOBE SYSTEMS INC,ADBE,8476,2017,205
parent_only,ADOBE SYSTEMS INC,ADBE,8476,2018,266
parent_only,ADOBE SYSTEMS INC,ADBE,8476,2019,293
parent_only,ADOBE SYSTEMS INC,ADBE,8476,2020,320
parent_only,ADOBE SYSTEMS INC,ADBE,8476,2021,343
parent_only,ADOBE SYSTEMS INC,ADBE,8476,2022,399
parent_only,ADOBE SYSTEMS INC,ADBE,8476,2023,386
parent_only,ADOBE SYSTEMS INC,ADBE,8476,2024,276
parent_only,ADOBE SYSTEMS INC,ADBE,8476,2025,53
parent_only,ADVANCED MICRO DEVICES INC,AMD,211,2011,3
parent_only,ADVANCED MICRO DEVICES INC,AMD,211,2012,1
parent_only,ADVANCED MICRO DEVICES INC,AMD,211,2013,1
parent_only,ADVANCED MICRO DEVICES INC,AMD,211,2014,4
parent_only,ADVANCED MICRO DEVICES INC,AMD,211,2015,1
parent_only,ADVANCED MICRO DEVICES INC,AMD,211,2016,3
parent_only,ADVANCED MICRO DEVICES INC,AMD,211,2017,14
parent_only,ADVANCED MICRO DEVICES INC,AMD,211,2018,45
parent_only,ADVANCED MICRO DEVICES INC,AMD,211,2019,29
parent_only,ADVANCED MICRO DEVICES INC,AMD,211,2020,37
parent_only,ADVANCED MICRO DEVICES INC,AMD,211,2021,38
parent_only,ADVANCED MICRO DEVICES INC,AMD,211,2022,39
parent_only,ADVANCED MICRO DEVICES INC,AMD,211,2023,36
parent_only,ADVANCED MICRO DEVICES INC,AMD,211,2024,46
parent_only,ADVANCED MICRO DEVICES INC,AMD,211,2025,5
parent_only,ADVANTEST CORP,ATE,42120,2018,3
parent_only,ADVANTEST CORP,ATE,42120,2019,3
parent_only,ADVANTEST CORP,ATE,42120,2021,4
parent_only,ADVANTEST CORP,ATE,42120,2022,3
parent_only,ADVANTEST CORP,ATE,42120,2023,2
parent_only,ADVANTEST CORP,ATE,42120,2024,2
parent_only,ADVANTEST CORP,ATE,42120,2025,1
parent_only,AGILENT TECHNOLOGIES INC,A,36364,2010,1
parent_only,AGILENT TECHNOLOGIES INC,A,36364,2011,1
parent_only,AGILENT TECHNOLOGIES INC,A,36364,2013,1
parent_only,AGILENT TECHNOLOGIES INC,A,36364,2017,1
parent_only,AGILENT TECHNOLOGIES INC,A,36364,2018,1
parent_only,AGILENT TECHNOLOGIES INC,A,36364,2019,1
parent_only,AGILENT TECHNOLOGIES INC,A,36364,2020,6
parent_only,AGILENT TECHNOLOGIES INC,A,36364,2021,5
parent_only,AGILENT TECHNOLOGIES INC,A,36364,2022,4
parent_only,AGILENT TECHNOLOGIES INC,A,36364,2023,2
parent_only,AGILENT TECHNOLOGIES INC,A,36364,2024,1
parent_only,AIRBNB INC,ABNB,57588,2014,1
parent_only,AIRBNB INC,ABNB,57588,2015,1
parent_only,AIRBNB INC,ABNB,57588,2017,4
parent_only,AIRBNB INC,ABNB,57588,2018,10
parent_only,AIRBNB INC,ABNB,57588,2019,10
parent_only,AIRBNB INC,ABNB,57588,2020,12
parent_only,AIRBNB INC,ABNB,57588,2021,8
parent_only,AIRBNB INC,ABNB,57588,2022,12
parent_only,AIRBNB INC,ABNB,57588,2023,8
parent_only,AIRBNB INC,ABNB,57588,2024,14
parent_only,AIRBNB INC,ABNB,57588,2025,3
parent_only,ALCATEL LUCENT,ALU,29487,2011,4
parent_only,ALCATEL LUCENT,ALU,29487,2012,11
parent_only,ALCATEL LUCENT,ALU,29487,2013,13
parent_only,ALCATEL LUCENT,ALU,29487,2014,13
parent_only,ALCATEL LUCENT,ALU,29487,2015,4
parent_only,ALCATEL LUCENT,ALU,29487,2016,2
parent_only,ALCATEL LUCENT,ALU,29487,2017,6
parent_only,ALCON INC,ALC,42936,2019,1
parent_only,ALCON INC,ALC,42936,2020,17
parent_only,ALCON INC,ALC,42936,2021,6
parent_only,ALCON INC,ALC,42936,2022,7
parent_only,ALCON INC,ALC,42936,2023,22
parent_only,ALCON INC,ALC,42936,2024,10
parent_only,ALCON INC,ALC,42936,2025,10
parent_only,ALIGN TECHNOLOGY INC,ALGN,41154,2010,1
parent_only,ALIGN TECHNOLOGY INC,ALGN,41154,2013,1
parent_only,ALIGN TECHNOLOGY INC,ALGN,41154,2015,4
parent_only,ALIGN TECHNOLOGY INC,ALGN,41154,2016,4
parent_only,ALIGN TECHNOLOGY INC,ALGN,41154,2017,6
parent_only,ALIGN TECHNOLOGY INC,ALGN,41154,2018,10
parent_only,ALIGN TECHNOLOGY INC,ALGN,41154,2019,16
parent_only,ALIGN TECHNOLOGY INC,ALGN,41154,2020,26
parent_only,ALIGN TECHNOLOGY INC,ALGN,41154,2021,28
parent_only,ALIGN TECHNOLOGY INC,ALGN,41154,2022,17
parent_only,ALIGN TECHNOLOGY INC,ALGN,41154,2023,41
parent_only,ALIGN TECHNOLOGY INC,ALGN,41154,2024,45
parent_only,ALIGN TECHNOLOGY INC,ALGN,41154,2025,24
parent_only,ALPHABET INC,GOOGL,45483,2010,105
parent_only,ALPHABET INC,GOOGL,45483,2011,266
parent_only,ALPHABET INC,GOOGL,45483,2012,397
parent_only,ALPHABET INC,GOOGL,45483,2013,603
parent_only,ALPHABET INC,GOOGL,45483,2014,497
parent_only,ALPHABET INC,GOOGL,45483,2015,540
parent_only,ALPHABET INC,GOOGL,45483,2016,736
parent_only,ALPHABET INC,GOOGL,45483,2017,721
parent_only,ALPHABET INC,GOOGL,45483,2018,597
parent_only,ALPHABET INC,GOOGL,45483,2019,903
parent_only,ALPHABET INC,GOOGL,45483,2020,950
parent_only,ALPHABET INC,GOOGL,45483,2021,873
parent_only,ALPHABET INC,GOOGL,45483,2022,949
parent_only,ALPHABET INC,GOOGL,45483,2023,1106
parent_only,ALPHABET INC,GOOGL,45483,2024,989
parent_only,ALPHABET INC,GOOGL,45483,2025,487
parent_only,ALTAIR ENGINEERING INC,ALTR,56117,2015,1
parent_only,ALTAIR ENGINEERING INC,ALTR,56117,2016,1
parent_only,ALTAIR ENGINEERING INC,ALTR,56117,2017,1
parent_only,ALTAIR ENGINEERING INC,ALTR,56117,2018,1
parent_only,ALTAIR ENGINEERING INC,ALTR,56117,2019,1
parent_only,ALTAIR ENGINEERING INC,ALTR,56117,2021,3
parent_only,ALTAIR ENGINEERING INC,ALTR,56117,2022,2
parent_only,AMAZON COM INC,AMZN,15473,2010,1
parent_only,AMAZON COM INC,AMZN,15473,2011,2
parent_only,AMAZON COM INC,AMZN,15473,2012,11
parent_only,AMAZON COM INC,AMZN,15473,2013,37
parent_only,AMAZON COM INC,AMZN,15473,2014,115
parent_only,AMAZON COM INC,AMZN,15473,2015,89
parent_only,AMAZON COM INC,AMZN,15473,2016,93
parent_only,AMAZON COM INC,AMZN,15473,2017,122
parent_only,AMAZON COM INC,AMZN,15473,2018,115
parent_only,AMAZON COM INC,AMZN,15473,2019,162
parent_only,AMAZON COM INC,AMZN,15473,2020,179
parent_only,AMAZON COM INC,AMZN,15473,2021,95
parent_only,AMAZON COM INC,AMZN,15473,2022,128
parent_only,AMAZON COM INC,AMZN,15473,2023,166
parent_only,AMAZON COM INC,AMZN,15473,2024,134
parent_only,AMAZON COM INC,AMZN,15473,2025,54
parent_only,AMERICAN SUPERCONDUCTOR CORP,AMSC,11248,2019,2
parent_only,AMGEN INC,AMGN,216,2013,1
parent_only,AMGEN INC,AMGN,216,2015,1
parent_only,AMGEN INC,AMGN,216,2017,2
parent_only,AMGEN INC,AMGN,216,2018,1
parent_only,AMGEN INC,AMGN,216,2019,6
parent_only,AMGEN INC,AMGN,216,2020,5
parent_only,AMGEN INC,AMGN,216,2021,9
parent_only,AMGEN INC,AMGN,216,2022,5
parent_only,AMGEN INC,AMGN,216,2023,7
parent_only,AMGEN INC,AMGN,216,2024,3
parent_only,AMGEN INC,AMGN,216,2025,3
parent_only,ANSYS INC,ANSS,14744,2019,4
parent_only,ANSYS INC,ANSS,14744,2020,4
parent_only,ANSYS INC,ANSS,14744,2022,5
parent_only,ANSYS INC,ANSS,14744,2023,1
parent_only,ANSYS INC,ANSS,14744,2024,5
parent_only,ANSYS INC,ANSS,14744,2025,1
parent_only,ANTHEM INC,ANTM,42273,2012,2
parent_only,ANTHEM INC,ANTM,42273,2013,1
parent_only,ANTHEM INC,ANTM,42273,2021,2
parent_only,ANTHEM INC,ANTM,42273,2022,2
parent_only,ANTHEM INC,ANTM,42273,2024,7
parent_only,ANTHEM INC,ANTM,42273,2025,6
parent_only,APPLE INC,AAPL,7,2010,45
parent_only,APPLE INC,AAPL,7,2011,46
parent_only,APPLE INC,AAPL,7,2012,93
parent_only,APPLE INC,AAPL,7,2013,156
parent_only,APPLE INC,AAPL,7,2014,169
parent_only,APPLE INC,AAPL,7,2015,201
parent_only,APPLE INC,AAPL,7,2016,220
parent_only,APPLE INC,AAPL,7,2017,208
parent_only,APPLE INC,AAPL,7,2018,279
parent_only,APPLE INC,AAPL,7,2019,283
parent_only,APPLE INC,AAPL,7,2020,308
parent_only,APPLE INC,AAPL,7,2021,300
parent_only,APPLE INC,AAPL,7,2022,347
parent_only,APPLE INC,AAPL,7,2023,413
parent_only,APPLE INC,AAPL,7,2024,347
parent_only,APPLE INC,AAPL,7,2025,292
parent_only,APPLIED MATERIALS INC,AMAT,194,2010,2
parent_only,APPLIED MATERIALS INC,AMAT,194,2011,1
parent_only,APPLIED MATERIALS INC,AMAT,194,2013,3
parent_only,APPLIED MATERIALS INC,AMAT,194,2014,8
parent_only,APPLIED MATERIALS INC,AMAT,194,2015,3
parent_only,APPLIED MATERIALS INC,AMAT,194,2016,5
parent_only,APPLIED MATERIALS INC,AMAT,194,2017,8
parent_only,APPLIED MATERIALS INC,AMAT,194,2018,10
parent_only,APPLIED MATERIALS INC,AMAT,194,2019,26
parent_only,APPLIED MATERIALS INC,AMAT,194,2020,39
parent_only,APPLIED MATERIALS INC,AMAT,194,2021,63
parent_only,APPLIED MATERIALS INC,AMAT,194,2022,81
parent_only,APPLIED MATERIALS INC,AMAT,194,2023,62
parent_only,APPLIED MATERIALS INC,AMAT,194,2024,46
parent_only,APPLIED MATERIALS INC,AMAT,194,2025,22
parent_only,APTIV PLC,APTV,53927,2010,5
parent_only,APTIV PLC,APTV,53927,2011,1
parent_only,APTIV PLC,APTV,53927,2012,5
parent_only,APTIV PLC,APTV,53927,2013,3
parent_only,APTIV PLC,APTV,53927,2014,4
parent_only,APTIV PLC,APTV,53927,2015,27
parent_only,APTIV PLC,APTV,53927,2016,57
parent_only,APTIV PLC,APTV,53927,2017,38
parent_only,APTIV PLC,APTV,53927,2018,37
parent_only,APTIV PLC,APTV,53927,2019,4
parent_only,APTIV PLC,APTV,53927,2020,2
parent_only,APTIV PLC,APTV,53927,2021,3
parent_only,APTIV PLC,APTV,53927,2022,2
parent_only,APTIV PLC,APTV,53927,2023,2
parent_only,APTIV PLC,APTV,53927,2024,2
parent_only,ASTRAZENECA PLC,AZN,29908,2021,2
parent_only,ASTRAZENECA PLC,AZN,29908,2022,3
parent_only,ASTRAZENECA PLC,AZN,29908,2023,3
parent_only,ATMEL CORP,ATML,10860,2010,1
parent_only,ATMEL CORP,ATML,10860,2018,1
parent_only,ATMEL CORP,ATML,10860,2020,1
parent_only,AUTODESK INC,ADSK,7623,2010,2
parent_only,AUTODESK INC,ADSK,7623,2011,1
parent_only,AUTODESK INC,ADSK,7623,2012,4
parent_only,AUTODESK INC,ADSK,7623,2013,5
parent_only,AUTODESK INC,ADSK,7623,2014,10
parent_only,AUTODESK INC,ADSK,7623,2015,8
parent_only,AUTODESK INC,ADSK,7623,2016,17
parent_only,AUTODESK INC,ADSK,7623,2017,9
parent_only,AUTODESK INC,ADSK,7623,2018,19
parent_only,AUTODESK INC,ADSK,7623,2019,26
parent_only,AUTODESK INC,ADSK,7623,2020,21
parent_only,AUTODESK INC,ADSK,7623,2021,24
parent_only,AUTODESK INC,ADSK,7623,2022,18
parent_only,AUTODESK INC,ADSK,7623,2023,19
parent_only,AUTODESK INC,ADSK,7623,2024,41
parent_only,AUTODESK INC,ADSK,7623,2025,20
parent_only,AWARE INC,AWRE,14889,2010,2
parent_only,AWARE INC,AWRE,14889,2011,5
parent_only,AWARE INC,AWRE,14889,2013,5
parent_only,AWARE INC,AWRE,14889,2014,3
parent_only,AWARE INC,AWRE,14889,2015,3
parent_only,AWARE INC,AWRE,14889,2016,5
parent_only,AWARE INC,AWRE,14889,2017,12
parent_only,AWARE INC,AWRE,14889,2018,7
parent_only,AWARE INC,AWRE,14889,2019,10
parent_only,AWARE INC,AWRE,14889,2020,7
parent_only,AWARE INC,AWRE,14889,2021,6
parent_only,AWARE INC,AWRE,14889,2022,2
parent_only,AWARE INC,AWRE,14889,2023,3
parent_only,AWARE INC,AWRE,14889,2024,2
parent_only,AWARE INC,AWRE,14889,2025,3
parent_only,BAKER HUGHES INC,BHI,20253,2011,2
parent_only,BAKER HUGHES INC,BHI,20253,2013,5
parent_only,BAKER HUGHES INC,BHI,20253,2015,1
parent_only,BAKER HUGHES INC,BHI,20253,2016,4
parent_only,BAKER HUGHES INC,BHI,20253,2019,1
parent_only,BAKER HUGHES INC,BHI,20253,2020,2
parent_only,BAKER HUGHES INC,BHI,20253,2021,4
parent_only,BAKER HUGHES INC,BHI,20253,2022,9
parent_only,BAKER HUGHES INC,BHI,20253,2023,5
parent_only,BAKER HUGHES INC,BHI,20253,2024,4
parent_only,BANCO BILBAO VIZCAYA ARGENTARIA,BBVA,21963,2016,1
parent_only,BANCO BILBAO VIZCAYA ARGENTARIA,BBVA,21963,2020,1
parent_only,BANCO BILBAO VIZCAYA ARGENTARIA,BBVA,21963,2021,1
parent_only,BANK OF NEW YORK MELLON CORP,BK,20265,2017,2
parent_only,BANK OF NEW YORK MELLON CORP,BK,20265,2018,3
parent_only,BANK OF NEW YORK MELLON CORP,BK,20265,2020,2
parent_only,BANK OF NEW YORK MELLON CORP,BK,20265,2021,12
parent_only,BANK OF NEW YORK MELLON CORP,BK,20265,2022,12
parent_only,BANK OF NEW YORK MELLON CORP,BK,20265,2023,6
parent_only,BANK OF NEW YORK MELLON CORP,BK,20265,2024,14
parent_only,BANK OF NEW YORK MELLON CORP,BK,20265,2025,4
parent_only,BENTLEY SYSTEMS INC,BSY,57336,2016,1
parent_only,BENTLEY SYSTEMS INC,BSY,57336,2018,1
parent_only,BENTLEY SYSTEMS INC,BSY,57336,2019,3
parent_only,BENTLEY SYSTEMS INC,BSY,57336,2020,6
parent_only,BENTLEY SYSTEMS INC,BSY,57336,2021,2
parent_only,BENTLEY SYSTEMS INC,BSY,57336,2022,6
parent_only,BENTLEY SYSTEMS INC,BSY,57336,2023,2
parent_only,BENTLEY SYSTEMS INC,BSY,57336,2024,1
parent_only,BENTLEY SYSTEMS INC,BSY,57336,2025,1
parent_only,BLACKBERRY LTD,BB,16396,2010,41
parent_only,BLACKBERRY LTD,BB,16396,2011,62
parent_only,BLACKBERRY LTD,BB,16396,2012,72
parent_only,BLACKBERRY LTD,BB,16396,2013,63
parent_only,BLACKBERRY LTD,BB,16396,2014,26
parent_only,BLACKBERRY LTD,BB,16396,2015,16
parent_only,BLACKBERRY LTD,BB,16396,2016,25
parent_only,BLACKBERRY LTD,BB,16396,2017,24
parent_only,BLACKBERRY LTD,BB,16396,2018,18
parent_only,BLACKBERRY LTD,BB,16396,2019,20
parent_only,BLACKBERRY LTD,BB,16396,2020,14
parent_only,BLACKBERRY LTD,BB,16396,2021,14
parent_only,BLACKBERRY LTD,BB,16396,2022,14
parent_only,BLACKBERRY LTD,BB,16396,2023,11
parent_only,BLACKBERRY LTD,BB,16396,2024,8
parent_only,BLACKBERRY LTD,BB,16396,2025,2
parent_only,BLACKROCK INC,BLK,36336,2022,3
parent_only,BOEING CO,BA,20315,2010,16
parent_only,BOEING CO,BA,20315,2011,25
parent_only,BOEING CO,BA,20315,2012,33
parent_only,BOEING CO,BA,20315,2013,51
parent_only,BOEING CO,BA,20315,2014,72
parent_only,BOEING CO,BA,20315,2015,78
parent_only,BOEING CO,BA,20315,2016,94
parent_only,BOEING CO,BA,20315,2017,103
parent_only,BOEING CO,BA,20315,2018,124
parent_only,BOEING CO,BA,20315,2019,138
parent_only,BOEING CO,BA,20315,2020,81
parent_only,BOEING CO,BA,20315,2021,118
parent_only,BOEING CO,BA,20315,2022,115
parent_only,BOEING CO,BA,20315,2023,105
parent_only,BOEING CO,BA,20315,2024,105
parent_only,BOEING CO,BA,20315,2025,17
parent_only,BRADY CORP,BRC,7113,2024,1
parent_only,BROADCOM CORP,BRCM,16056,2010,5
parent_only,BROADCOM CORP,BRCM,16056,2011,2
parent_only,BROADCOM CORP,BRCM,16056,2012,6
parent_only,BROADCOM CORP,BRCM,16056,2013,16
parent_only,BROADCOM CORP,BRCM,16056,2014,4
parent_only,BROADCOM CORP,BRCM,16056,2015,5
parent_only,BROADCOM CORP,BRCM,16056,2016,1
parent_only,BROADCOM INC,AVGO,53196,2010,1
parent_only,BROADCOM INC,AVGO,53196,2011,2
parent_only,BROADCOM INC,AVGO,53196,2013,1
parent_only,BROADCOM INC,AVGO,53196,2015,8
parent_only,BROADCOM INC,AVGO,53196,2018,3
parent_only,BROADCOM INC,AVGO,53196,2019,3
parent_only,BROADCOM INC,AVGO,53196,2021,5
parent_only,BROADCOM INC,AVGO,53196,2022,9
parent_only,BROADCOM INC,AVGO,53196,2023,6
parent_only,BROADCOM INC,AVGO,53196,2024,11
parent_only,BROADCOM INC,AVGO,53196,2025,4
parent_only,BRUNSWICK CORP,BC,20344,2010,1
parent_only,BRUNSWICK CORP,BC,20344,2015,1
parent_only,BRUNSWICK CORP,BC,20344,2016,4
parent_only,BRUNSWICK CORP,BC,20344,2017,6
parent_only,BRUNSWICK CORP,BC,20344,2018,5
parent_only,BRUNSWICK CORP,BC,20344,2019,7
parent_only,BRUNSWICK CORP,BC,20344,2020,6
parent_only,BRUNSWICK CORP,BC,20344,2021,3
parent_only,BRUNSWICK CORP,BC,20344,2022,6
parent_only,BRUNSWICK CORP,BC,20344,2024,1
parent_only,BRUNSWICK CORP,BC,20344,2025,2
parent_only,CACI INTERNATIONAL INC,CACI,727,2019,6
parent_only,CACI INTERNATIONAL INC,CACI,727,2020,16
parent_only,CACI INTERNATIONAL INC,CACI,727,2021,10
parent_only,CACI INTERNATIONAL INC,CACI,727,2022,7
parent_only,CACI INTERNATIONAL INC,CACI,727,2023,1
parent_only,CADENCE DESIGN SYSTEMS INC,CDNS,9245,2024,1
parent_only,CANCER GENETICS INC,CGIX,54507,2014,1
parent_only,CANCER GENETICS INC,CGIX,54507,2015,1
parent_only,CANON INC,CAJ,748,2010,139
parent_only,CANON INC,CAJ,748,2011,98
parent_only,CANON INC,CAJ,748,2012,118
parent_only,CANON INC,CAJ,748,2013,155
parent_only,CANON INC,CAJ,748,2014,152
parent_only,CANON INC,CAJ,748,2015,218
parent_only,CANON INC,CAJ,748,2016,247
parent_only,CANON INC,CAJ,748,2017,237
parent_only,CANON INC,CAJ,748,2018,242
parent_only,CANON INC,CAJ,748,2019,225
parent_only,CANON INC,CAJ,748,2020,320
parent_only,CANON INC,CAJ,748,2021,301
parent_only,CANON INC,CAJ,748,2022,351
parent_only,CANON INC,CAJ,748,2023,393
parent_only,CANON INC,CAJ,748,2024,322
parent_only,CANON INC,CAJ,748,2025,244
parent_only,CIENA CORP,CIEN,15321,2014,3
parent_only,CIENA CORP,CIEN,15321,2015,2
parent_only,CIENA CORP,CIEN,15321,2017,2
parent_only,CIENA CORP,CIEN,15321,2018,4
parent_only,CIENA CORP,CIEN,15321,2019,16
parent_only,CIENA CORP,CIEN,15321,2020,8
parent_only,CIENA CORP,CIEN,15321,2021,15
parent_only,CIENA CORP,CIEN,15321,2022,19
parent_only,CIENA CORP,CIEN,15321,2023,6
parent_only,CIENA CORP,CIEN,15321,2024,11
parent_only,CIENA CORP,CIEN,15321,2025,2
parent_only,CIRRUS LOGIC INC,CRUS,10210,2018,1
parent_only,CISCO SYSTEMS INC,CSCO,10486,2010,11
parent_only,CISCO SYSTEMS INC,CSCO,10486,2011,17
parent_only,CISCO SYSTEMS INC,CSCO,10486,2012,15
parent_only,CISCO SYSTEMS INC,CSCO,10486,2013,46
parent_only,CISCO SYSTEMS INC,CSCO,10486,2014,74
parent_only,CISCO SYSTEMS INC,CSCO,10486,2015,42
parent_only,CISCO SYSTEMS INC,CSCO,10486,2016,137
parent_only,CISCO SYSTEMS INC,CSCO,10486,2017,127
parent_only,CISCO SYSTEMS INC,CSCO,10486,2018,134
parent_only,CISCO SYSTEMS INC,CSCO,10486,2019,163
parent_only,CISCO SYSTEMS INC,CSCO,10486,2020,118
parent_only,CISCO SYSTEMS INC,CSCO,10486,2021,122
parent_only,CISCO SYSTEMS INC,CSCO,10486,2022,113
parent_only,CISCO SYSTEMS INC,CSCO,10486,2023,193
parent_only,CISCO SYSTEMS INC,CSCO,10486,2024,191
parent_only,CISCO SYSTEMS INC,CSCO,10486,2025,61
parent_only,CODEXIS INC,CDXS,53389,2014,4
parent_only,CODEXIS INC,CDXS,53389,2017,2
parent_only,CODEXIS INC,CDXS,53389,2019,1
parent_only,CODEXIS INC,CDXS,53389,2022,1
parent_only,CORNING INC,GLW,20523,2014,2
parent_only,CORNING INC,GLW,20523,2015,1
parent_only,CORNING INC,GLW,20523,2016,2
parent_only,CORNING INC,GLW,20523,2017,6
parent_only,CORNING INC,GLW,20523,2018,2
parent_only,CORNING INC,GLW,20523,2020,5
parent_only,CORNING INC,GLW,20523,2021,1
parent_only,CORNING INC,GLW,20523,2022,1
parent_only,CORNING INC,GLW,20523,2023,2
parent_only,CORNING INC,GLW,20523,2024,2
parent_only,CORNING INC,GLW,20523,2025,1
parent_only,CREDIT SUISSE GROUP,CS,42125,2014,1
parent_only,CUMMINS INC,CMI,20543,2014,2
parent_only,CUMMINS INC,CMI,20543,2015,4
parent_only,CUMMINS INC,CMI,20543,2016,1
parent_only,CUMMINS INC,CMI,20543,2017,7
parent_only,CUMMINS INC,CMI,20543,2018,9
parent_only,CUMMINS INC,CMI,20543,2019,9
parent_only,CUMMINS INC,CMI,20543,2020,8
parent_only,CUMMINS INC,CMI,20543,2021,8
parent_only,CUMMINS INC,CMI,20543,2022,13
parent_only,CUMMINS INC,CMI,20543,2023,10
parent_only,CUMMINS INC,CMI,20543,2024,4
parent_only,CUMMINS INC,CMI,20543,2025,4
parent_only,CYBEROPTICS CORP,CYBE,9632,2014,1
parent_only,CYBEROPTICS CORP,CYBE,9632,2019,3
parent_only,DANA INC,DAN,52956,2014,1
parent_only,DANA INC,DAN,52956,2017,2
parent_only,DANA INC,DAN,52956,2019,1
parent_only,DANA INC,DAN,52956,2022,1
parent_only,DANA INC,DAN,52956,2024,1
parent_only,DELL INC,DELL,9833,2010,4
parent_only,DELL INC,DELL,9833,2011,3
parent_only,DELL INC,DELL,9833,2012,5
parent_only,DELL INC,DELL,9833,2013,18
parent_only,DELL INC,DELL,9833,2014,15
parent_only,DELL INC,DELL,9833,2015,42
parent_only,DELL INC,DELL,9833,2016,55
parent_only,DELL INC,DELL,9833,2017,40
parent_only,DELL INC,DELL,9833,2018,76
parent_only,DELL INC,DELL,9833,2019,118
parent_only,DELL INC,DELL,9833,2020,159
parent_only,DELL INC,DELL,9833,2021,206
parent_only,DELL INC,DELL,9833,2022,485
parent_only,DELL INC,DELL,9833,2023,486
parent_only,DELL INC,DELL,9833,2024,412
parent_only,DELL INC,DELL,9833,2025,2
parent_only,DELTA AIR LINES INC,DAL,20569,2024,1
parent_only,DENTSPLY SIRONA INC,XRAY,9424,2015,1
parent_only,DENTSPLY SIRONA INC,XRAY,9424,2016,1
parent_only,DENTSPLY SIRONA INC,XRAY,9424,2018,1
parent_only,DENTSPLY SIRONA INC,XRAY,9424,2019,12
parent_only,DENTSPLY SIRONA INC,XRAY,9424,2020,7
parent_only,DENTSPLY SIRONA INC,XRAY,9424,2021,6
parent_only,DENTSPLY SIRONA INC,XRAY,9424,2022,8
parent_only,DENTSPLY SIRONA INC,XRAY,9424,2023,4
parent_only,DENTSPLY SIRONA INC,XRAY,9424,2024,3
parent_only,DENTSPLY SIRONA INC,XRAY,9424,2025,2
parent_only,DISCOVER FINANCIAL SERVICES,DFS,52396,2012,1
parent_only,DISCOVER FINANCIAL SERVICES,DFS,52396,2019,1
parent_only,DISCOVER FINANCIAL SERVICES,DFS,52396,2020,2
parent_only,DISCOVER FINANCIAL SERVICES,DFS,52396,2021,2
parent_only,DISCOVER FINANCIAL SERVICES,DFS,52396,2022,3
parent_only,DISCOVER FINANCIAL SERVICES,DFS,52396,2023,6
parent_only,DISCOVER FINANCIAL SERVICES,DFS,52396,2024,6
parent_only,DOW CHEMICAL CO,DOW,20597,2010,1
parent_only,DOW CHEMICAL CO,DOW,20597,2012,1
parent_only,DOW CHEMICAL CO,DOW,20597,2013,2
parent_only,DOW CHEMICAL CO,DOW,20597,2014,2
parent_only,DOW CHEMICAL CO,DOW,20597,2019,4
parent_only,DOW CHEMICAL CO,DOW,20597,2020,1
parent_only,DOW CHEMICAL CO,DOW,20597,2022,3
parent_only,DOW CHEMICAL CO,DOW,20597,2023,1
parent_only,EASTMAN CHEMICAL CO,EMN,30070,2015,7
parent_only,EASTMAN CHEMICAL CO,EMN,30070,2016,1
parent_only,EASTMAN CHEMICAL CO,EMN,30070,2017,3
parent_only,EASTMAN CHEMICAL CO,EMN,30070,2018,2
parent_only,EASTMAN CHEMICAL CO,EMN,30070,2022,1
parent_only,EATON CORP PLC,ETN,20627,2012,1
parent_only,EATON CORP PLC,ETN,20627,2013,2
parent_only,EATON CORP PLC,ETN,20627,2014,2
parent_only,EATON CORP PLC,ETN,20627,2016,2
parent_only,EATON CORP PLC,ETN,20627,2017,2
parent_only,EATON CORP PLC,ETN,20627,2018,7
parent_only,EATON CORP PLC,ETN,20627,2019,8
parent_only,EATON CORP PLC,ETN,20627,2020,8
parent_only,EATON CORP PLC,ETN,20627,2021,15
parent_only,EATON CORP PLC,ETN,20627,2022,8
parent_only,EATON CORP PLC,ETN,20627,2023,3
parent_only,EATON CORP PLC,ETN,20627,2024,4
parent_only,EATON CORP PLC,ETN,20627,2025,1
parent_only,EBAY INC,EBAY,16285,2010,24
parent_only,EBAY INC,EBAY,16285,2011,40
parent_only,EBAY INC,EBAY,16285,2012,70
parent_only,EBAY INC,EBAY,16285,2013,62
parent_only,EBAY INC,EBAY,16285,2014,101
parent_only,EBAY INC,EBAY,16285,2015,101
parent_only,EBAY INC,EBAY,16285,2016,117
parent_only,EBAY INC,EBAY,16285,2017,100
parent_only,EBAY INC,EBAY,16285,2018,98
parent_only,EBAY INC,EBAY,16285,2019,96
parent_only,EBAY INC,EBAY,16285,2020,91
parent_only,EBAY INC,EBAY,16285,2021,104
parent_only,EBAY INC,EBAY,16285,2022,63
parent_only,EBAY INC,EBAY,16285,2023,101
parent_only,EBAY INC,EBAY,16285,2024,74
parent_only,EBAY INC,EBAY,16285,2025,17
parent_only,EDWARDS LIFESCIENCES CORP,EW,36952,2010,1
parent_only,EDWARDS LIFESCIENCES CORP,EW,36952,2014,1
parent_only,EDWARDS LIFESCIENCES CORP,EW,36952,2015,1
parent_only,EDWARDS LIFESCIENCES CORP,EW,36952,2016,1
parent_only,EDWARDS LIFESCIENCES CORP,EW,36952,2017,2
parent_only,EDWARDS LIFESCIENCES CORP,EW,36952,2018,1
parent_only,EDWARDS LIFESCIENCES CORP,EW,36952,2020,2
parent_only,EDWARDS LIFESCIENCES CORP,EW,36952,2021,3
parent_only,EDWARDS LIFESCIENCES CORP,EW,36952,2022,1
parent_only,EDWARDS LIFESCIENCES CORP,EW,36952,2023,4
parent_only,EDWARDS LIFESCIENCES CORP,EW,36952,2024,8
parent_only,ELBIT SYSTEMS LTD,ESLT,15192,2010,1
parent_only,ELBIT SYSTEMS LTD,ESLT,15192,2011,1
parent_only,ELBIT SYSTEMS LTD,ESLT,15192,2012,1
parent_only,ELBIT SYSTEMS LTD,ESLT,15192,2013,2
parent_only,ELBIT SYSTEMS LTD,ESLT,15192,2014,2
parent_only,ELBIT SYSTEMS LTD,ESLT,15192,2015,2
parent_only,ELBIT SYSTEMS LTD,ESLT,15192,2016,1
parent_only,ELBIT SYSTEMS LTD,ESLT,15192,2018,3
parent_only,ELBIT SYSTEMS LTD,ESLT,15192,2019,1
parent_only,ELBIT SYSTEMS LTD,ESLT,15192,2021,4
parent_only,ELBIT SYSTEMS LTD,ESLT,15192,2022,1
parent_only,ELBIT SYSTEMS LTD,ESLT,15192,2023,2
parent_only,ELECTRONIC ARTS INC,EA,10303,2010,1
parent_only,ELECTRONIC ARTS INC,EA,10303,2011,1
parent_only,ELECTRONIC ARTS INC,EA,10303,2012,2
parent_only,ELECTRONIC ARTS INC,EA,10303,2013,1
parent_only,ELECTRONIC ARTS INC,EA,10303,2014,1
parent_only,ELECTRONIC ARTS INC,EA,10303,2015,2
parent_only,ELECTRONIC ARTS INC,EA,10303,2016,3
parent_only,ELECTRONIC ARTS INC,EA,10303,2017,6
parent_only,ELECTRONIC ARTS INC,EA,10303,2018,15
parent_only,ELECTRONIC ARTS INC,EA,10303,2019,31
parent_only,ELECTRONIC ARTS INC,EA,10303,2020,38
parent_only,ELECTRONIC ARTS INC,EA,10303,2021,27
parent_only,ELECTRONIC ARTS INC,EA,10303,2022,27
parent_only,ELECTRONIC ARTS INC,EA,10303,2023,22
parent_only,ELECTRONIC ARTS INC,EA,10303,2024,32
parent_only,ETSY INC,ETSY,55229,2011,1
parent_only,ETSY INC,ETSY,55229,2017,1
parent_only,ETSY INC,ETSY,55229,2019,2
parent_only,ETSY INC,ETSY,55229,2020,4
parent_only,ETSY INC,ETSY,55229,2021,4
parent_only,ETSY INC,ETSY,55229,2022,4
parent_only,ETSY INC,ETSY,55229,2023,4
parent_only,ETSY INC,ETSY,55229,2024,2
parent_only,ETSY INC,ETSY,55229,2025,1
parent_only,EXELIS INC,XLS,53890,2012,2
parent_only,EXELIS INC,XLS,53890,2013,1
parent_only,EXELIS INC,XLS,53890,2014,1
parent_only,EXELIS INC,XLS,53890,2015,1
parent_only,FACEBOOK INC,FB,54084,2010,6
parent_only,FACEBOOK INC,FB,54084,2012,51
parent_only,FACEBOOK INC,FB,54084,2013,102
parent_only,FACEBOOK INC,FB,54084,2014,221
parent_only,FACEBOOK INC,FB,54084,2015,280
parent_only,FACEBOOK INC,FB,54084,2016,375
parent_only,FACEBOOK INC,FB,54084,2017,468
parent_only,FACEBOOK INC,FB,54084,2018,161
parent_only,FACEBOOK INC,FB,54084,2019,169
parent_only,FACEBOOK INC,FB,54084,2020,154
parent_only,FACEBOOK INC,FB,54084,2021,167
parent_only,FACEBOOK INC,FB,54084,2022,212
parent_only,FACEBOOK INC,FB,54084,2023,171
parent_only,FACEBOOK INC,FB,54084,2024,114
parent_only,FACEBOOK INC,FB,54084,2025,82
parent_only,FIREEYE INC,FEYE,54556,2017,3
parent_only,FIREEYE INC,FEYE,54556,2019,1
parent_only,FIREEYE INC,FEYE,54556,2020,1
parent_only,FLEX LTD,FLEX,12930,2012,33
parent_only,FLEX LTD,FLEX,12930,2013,6
parent_only,FLEX LTD,FLEX,12930,2014,75
parent_only,FLEX LTD,FLEX,12930,2015,2
parent_only,FLEX LTD,FLEX,12930,2017,3
parent_only,FLEX LTD,FLEX,12930,2018,4
parent_only,FLEX LTD,FLEX,12930,2019,3
parent_only,FORTINET INC,FTNT,53286,2012,1
parent_only,FORTINET INC,FTNT,53286,2014,1
parent_only,FORTINET INC,FTNT,53286,2015,8
parent_only,FORTINET INC,FTNT,53286,2016,7
parent_only,FORTINET INC,FTNT,53286,2017,3
parent_only,FORTINET INC,FTNT,53286,2018,7
parent_only,FORTINET INC,FTNT,53286,2019,12
parent_only,FORTINET INC,FTNT,53286,2020,17
parent_only,FORTINET INC,FTNT,53286,2021,21
parent_only,FORTINET INC,FTNT,53286,2022,16
parent_only,FORTINET INC,FTNT,53286,2023,9
parent_only,FORTINET INC,FTNT,53286,2024,18
parent_only,FORTINET INC,FTNT,53286,2025,3
parent_only,GENERAL ELECTRIC CO,GE,20792,2010,17
parent_only,GENERAL ELECTRIC CO,GE,20792,2011,31
parent_only,GENERAL ELECTRIC CO,GE,20792,2012,47
parent_only,GENERAL ELECTRIC CO,GE,20792,2013,37
parent_only,GENERAL ELECTRIC CO,GE,20792,2014,60
parent_only,GENERAL ELECTRIC CO,GE,20792,2015,70
parent_only,GENERAL ELECTRIC CO,GE,20792,2016,116
parent_only,GENERAL ELECTRIC CO,GE,20792,2017,182
parent_only,GENERAL ELECTRIC CO,GE,20792,2018,183
parent_only,GENERAL ELECTRIC CO,GE,20792,2019,111
parent_only,GENERAL ELECTRIC CO,GE,20792,2020,61
parent_only,GENERAL ELECTRIC CO,GE,20792,2021,46
parent_only,GENERAL ELECTRIC CO,GE,20792,2022,25
parent_only,GENERAL ELECTRIC CO,GE,20792,2023,18
parent_only,GENERAL ELECTRIC CO,GE,20792,2024,17
parent_only,GENERAL ELECTRIC CO,GE,20792,2025,2
parent_only,GENERAL MOTORS CO,GM,53554,2010,7
parent_only,GENERAL MOTORS CO,GM,53554,2011,8
parent_only,GENERAL MOTORS CO,GM,53554,2012,4
parent_only,GENERAL MOTORS CO,GM,53554,2013,2
parent_only,GENERAL MOTORS CO,GM,53554,2014,7
parent_only,GENERAL MOTORS CO,GM,53554,2015,4
parent_only,GENERAL MOTORS CO,GM,53554,2016,5
parent_only,GENERAL MOTORS CO,GM,53554,2017,4
parent_only,GENERAL MOTORS CO,GM,53554,2018,9
parent_only,GENERAL MOTORS CO,GM,53554,2019,1
parent_only,GENERAL MOTORS CO,GM,53554,2020,3
parent_only,GENERAL MOTORS CO,GM,53554,2021,1
parent_only,GLOBALFOUNDRIES INC,GFS,58856,2013,1
parent_only,GLOBALFOUNDRIES INC,GFS,58856,2014,1
parent_only,GLOBALFOUNDRIES INC,GFS,58856,2015,1
parent_only,GLOBALFOUNDRIES INC,GFS,58856,2016,4
parent_only,GLOBALFOUNDRIES INC,GFS,58856,2017,4
parent_only,GLOBALFOUNDRIES INC,GFS,58856,2019,5
parent_only,GOPRO INC,GPRO,54888,2014,8
parent_only,GOPRO INC,GPRO,54888,2015,12
parent_only,GOPRO INC,GPRO,54888,2016,27
parent_only,GOPRO INC,GPRO,54888,2017,27
parent_only,GOPRO INC,GPRO,54888,2018,33
parent_only,GOPRO INC,GPRO,54888,2019,39
parent_only,GOPRO INC,GPRO,54888,2020,34
parent_only,GOPRO INC,GPRO,54888,2021,33
parent_only,GOPRO INC,GPRO,54888,2022,25
parent_only,GOPRO INC,GPRO,54888,2023,24
parent_only,GOPRO INC,GPRO,54888,2024,11
parent_only,GOPRO INC,GPRO,54888,2025,6
parent_only,HEARTFLOW INC,HTFL,60422,2011,13
parent_only,HEARTFLOW INC,HTFL,60422,2012,4
parent_only,HEARTFLOW INC,HTFL,60422,2013,6
parent_only,HEARTFLOW INC,HTFL,60422,2014,27
parent_only,HEARTFLOW INC,HTFL,60422,2015,31
parent_only,HEARTFLOW INC,HTFL,60422,2016,32
parent_only,HEARTFLOW INC,HTFL,60422,2017,16
parent_only,HEARTFLOW INC,HTFL,60422,2018,9
parent_only,HEARTFLOW INC,HTFL,60422,2019,7
parent_only,HEARTFLOW INC,HTFL,60422,2020,8
parent_only,HEARTFLOW INC,HTFL,60422,2021,10
parent_only,HEARTFLOW INC,HTFL,60422,2022,9
parent_only,HEARTFLOW INC,HTFL,60422,2023,11
parent_only,HEARTFLOW INC,HTFL,60422,2024,5
parent_only,HEARTFLOW INC,HTFL,60422,2025,5
parent_only,HESS CORP,HES,20064,2022,1
parent_only,HEWLETT PACKARD ENTERPRISE CO,HPE,55421,2016,1
parent_only,HITACHI LTD,HIT,2153,2010,19
parent_only,HITACHI LTD,HIT,2153,2011,37
parent_only,HITACHI LTD,HIT,2153,2012,46
parent_only,HITACHI LTD,HIT,2153,2013,55
parent_only,HITACHI LTD,HIT,2153,2014,63
parent_only,HITACHI LTD,HIT,2153,2015,84
parent_only,HITACHI LTD,HIT,2153,2016,51
parent_only,HITACHI LTD,HIT,2153,2017,76
parent_only,HITACHI LTD,HIT,2153,2018,111
parent_only,HITACHI LTD,HIT,2153,2019,143
parent_only,HITACHI LTD,HIT,2153,2020,168
parent_only,HITACHI LTD,HIT,2153,2021,145
parent_only,HITACHI LTD,HIT,2153,2022,133
parent_only,HITACHI LTD,HIT,2153,2023,91
parent_only,HITACHI LTD,HIT,2153,2024,66
parent_only,HITACHI LTD,HIT,2153,2025,37
parent_only,HOLOGIC INC,HOLX,10504,2011,1
parent_only,HOLOGIC INC,HOLX,10504,2012,2
parent_only,HOLOGIC INC,HOLX,10504,2013,1
parent_only,HOLOGIC INC,HOLX,10504,2014,3
parent_only,HOLOGIC INC,HOLX,10504,2015,3
parent_only,HOLOGIC INC,HOLX,10504,2016,1
parent_only,HOLOGIC INC,HOLX,10504,2017,4
parent_only,HOLOGIC INC,HOLX,10504,2018,4
parent_only,HOLOGIC INC,HOLX,10504,2019,6
parent_only,HOLOGIC INC,HOLX,10504,2020,6
parent_only,HOLOGIC INC,HOLX,10504,2021,13
parent_only,HOLOGIC INC,HOLX,10504,2022,6
parent_only,HOLOGIC INC,HOLX,10504,2023,5
parent_only,HOLOGIC INC,HOLX,10504,2024,9
parent_only,HOLOGIC INC,HOLX,10504,2025,6
parent_only,IAC INTERACTIVECORP,IAC,11901,2010,2
parent_only,IAC INTERACTIVECORP,IAC,11901,2011,1
parent_only,IAC INTERACTIVECORP,IAC,11901,2012,4
parent_only,IAC INTERACTIVECORP,IAC,11901,2013,5
parent_only,IAC INTERACTIVECORP,IAC,11901,2014,1
parent_only,IDEX CORP,IEX,22075,2010,3
parent_only,IDEX CORP,IEX,22075,2014,8
parent_only,IDEX CORP,IEX,22075,2015,7
parent_only,IDEX CORP,IEX,22075,2016,11
parent_only,IDEX CORP,IEX,22075,2017,8
parent_only,IDEX CORP,IEX,22075,2018,13
parent_only,IDEX CORP,IEX,22075,2019,2
parent_only,IDEX CORP,IEX,22075,2020,1
parent_only,ILLUMINA INC,ILMN,37938,2013,1
parent_only,ILLUMINA INC,ILMN,37938,2015,1
parent_only,ILLUMINA INC,ILMN,37938,2016,2
parent_only,ILLUMINA INC,ILMN,37938,2017,6
parent_only,ILLUMINA INC,ILMN,37938,2018,16
parent_only,ILLUMINA INC,ILMN,37938,2019,13
parent_only,ILLUMINA INC,ILMN,37938,2020,13
parent_only,ILLUMINA INC,ILMN,37938,2021,24
parent_only,ILLUMINA INC,ILMN,37938,2022,47
parent_only,ILLUMINA INC,ILMN,37938,2023,39
parent_only,ILLUMINA INC,ILMN,37938,2024,20
parent_only,ILLUMINA INC,ILMN,37938,2025,13
parent_only,INCYTE CORP,INCY,30033,2021,1
parent_only,INCYTE CORP,INCY,30033,2025,1
parent_only,INFINERA CORP,INFN,52376,2015,1
parent_only,INFINERA CORP,INFN,52376,2022,4
parent_only,INFOSYS LTD,INFY,16435,2011,4
parent_only,INFOSYS LTD,INFY,16435,2012,9
parent_only,INFOSYS LTD,INFY,16435,2013,10
parent_only,INFOSYS LTD,INFY,16435,2014,17
parent_only,INFOSYS LTD,INFY,16435,2015,5
parent_only,INFOSYS LTD,INFY,16435,2016,2
parent_only,INFOSYS LTD,INFY,16435,2017,4
parent_only,INFOSYS LTD,INFY,16435,2018,1
parent_only,INFOSYS LTD,INFY,16435,2019,4
parent_only,INFOSYS LTD,INFY,16435,2020,1
parent_only,INFOSYS LTD,INFY,16435,2021,11
parent_only,INFOSYS LTD,INFY,16435,2022,12
parent_only,INFOSYS LTD,INFY,16435,2023,20
parent_only,INFOSYS LTD,INFY,16435,2024,26
parent_only,INFOSYS LTD,INFY,16435,2025,8
parent_only,INTEL CORP,INTC,2367,2010,2
parent_only,INTEL CORP,INTC,2367,2011,13
parent_only,INTEL CORP,INTC,2367,2012,17
parent_only,INTEL CORP,INTC,2367,2013,47
parent_only,INTEL CORP,INTC,2367,2014,86
parent_only,INTEL CORP,INTC,2367,2015,220
parent_only,INTEL CORP,INTC,2367,2016,279
parent_only,INTEL CORP,INTC,2367,2017,452
parent_only,INTEL CORP,INTC,2367,2018,399
parent_only,INTEL CORP,INTC,2367,2019,371
parent_only,INTEL CORP,INTC,2367,2020,453
parent_only,INTEL CORP,INTC,2367,2021,461
parent_only,INTEL CORP,INTC,2367,2022,370
parent_only,INTEL CORP,INTC,2367,2023,305
parent_only,INTEL CORP,INTC,2367,2024,261
parent_only,INTEL CORP,INTC,2367,2025,174
parent_only,INTUIT INC,INTU,12011,2010,5
parent_only,INTUIT INC,INTU,12011,2011,1
parent_only,INTUIT INC,INTU,12011,2012,2
parent_only,INTUIT INC,INTU,12011,2013,10
parent_only,INTUIT INC,INTU,12011,2014,11
parent_only,INTUIT INC,INTU,12011,2015,6
parent_only,INTUIT INC,INTU,12011,2016,37
parent_only,INTUIT INC,INTU,12011,2017,31
parent_only,INTUIT INC,INTU,12011,2018,25
parent_only,INTUIT INC,INTU,12011,2019,70
parent_only,INTUIT INC,INTU,12011,2020,120
parent_only,INTUIT INC,INTU,12011,2021,130
parent_only,INTUIT INC,INTU,12011,2022,82
parent_only,INTUIT INC,INTU,12011,2023,102
parent_only,INTUIT INC,INTU,12011,2024,178
parent_only,INTUIT INC,INTU,12011,2025,15
parent_only,INVITAE CORP,NVTA,55184,2013,1
parent_only,INVITAE CORP,NVTA,55184,2021,1
parent_only,INVITAE CORP,NVTA,55184,2022,5
parent_only,INVITAE CORP,NVTA,55184,2023,2
parent_only,IONQ INC,IONQ,57538,2018,1
parent_only,IONQ INC,IONQ,57538,2019,2
parent_only,IONQ INC,IONQ,57538,2020,3
parent_only,IONQ INC,IONQ,57538,2021,6
parent_only,IONQ INC,IONQ,57538,2022,3
parent_only,IONQ INC,IONQ,57538,2023,5
parent_only,IONQ INC,IONQ,57538,2024,4
parent_only,IONQ INC,IONQ,57538,2025,2
parent_only,IQIYI INC,IQ,56299,2017,2
parent_only,JOHNSON & JOHNSON,JNJ,21018,2012,1
parent_only,JUNIPER NETWORKS INC,JNPR,16614,2010,1
parent_only,JUNIPER NETWORKS INC,JNPR,16614,2011,3
parent_only,JUNIPER NETWORKS INC,JNPR,16614,2012,1
parent_only,JUNIPER NETWORKS INC,JNPR,16614,2013,3
parent_only,JUNIPER NETWORKS INC,JNPR,16614,2014,6
parent_only,JUNIPER NETWORKS INC,JNPR,16614,2015,4
parent_only,JUNIPER NETWORKS INC,JNPR,16614,2016,7
parent_only,JUNIPER NETWORKS INC,JNPR,16614,2017,7
parent_only,JUNIPER NETWORKS INC,JNPR,16614,2018,13
parent_only,JUNIPER NETWORKS INC,JNPR,16614,2019,15
parent_only,JUNIPER NETWORKS INC,JNPR,16614,2020,16
parent_only,JUNIPER NETWORKS INC,JNPR,16614,2021,24
parent_only,JUNIPER NETWORKS INC,JNPR,16614,2022,33
parent_only,JUNIPER NETWORKS INC,JNPR,16614,2023,35
parent_only,JUNIPER NETWORKS INC,JNPR,16614,2024,31
parent_only,JUNIPER NETWORKS INC,JNPR,16614,2025,17
parent_only,KEYSIGHT TECHNOLOGIES INC,KEYS,55033,2015,1
parent_only,KEYSIGHT TECHNOLOGIES INC,KEYS,55033,2016,1
parent_only,KEYSIGHT TECHNOLOGIES INC,KEYS,55033,2017,2
parent_only,KEYSIGHT TECHNOLOGIES INC,KEYS,55033,2019,1
parent_only,KEYSIGHT TECHNOLOGIES INC,KEYS,55033,2020,1
parent_only,KEYSIGHT TECHNOLOGIES INC,KEYS,55033,2021,4
parent_only,KEYSIGHT TECHNOLOGIES INC,KEYS,55033,2023,8
parent_only,KEYSIGHT TECHNOLOGIES INC,KEYS,55033,2024,5
parent_only,KEYSIGHT TECHNOLOGIES INC,KEYS,55033,2025,3
parent_only,KOREA ELECTRIC POWER CO,KEP,30497,2011,2
parent_only,KOREA ELECTRIC POWER CO,KEP,30497,2012,1
parent_only,KOREA ELECTRIC POWER CO,KEP,30497,2016,2
parent_only,KOREA ELECTRIC POWER CO,KEP,30497,2018,1
parent_only,KOREA ELECTRIC POWER CO,KEP,30497,2022,1
parent_only,LATTICE SEMICONDUCTOR CORP,LSCC,10359,2016,1
parent_only,LATTICE SEMICONDUCTOR CORP,LSCC,10359,2019,1
parent_only,LATTICE SEMICONDUCTOR CORP,LSCC,10359,2023,1
parent_only,LATTICE SEMICONDUCTOR CORP,LSCC,10359,2024,1
parent_only,LATTICE SEMICONDUCTOR CORP,LSCC,10359,2025,1
parent_only,LEAR CORP,LEA,30388,2013,1
parent_only,LEAR CORP,LEA,30388,2015,1
parent_only,LEAR CORP,LEA,30388,2016,1
parent_only,LEAR CORP,LEA,30388,2017,5
parent_only,LEAR CORP,LEA,30388,2018,3
parent_only,LEAR CORP,LEA,30388,2019,6
parent_only,LEAR CORP,LEA,30388,2020,6
parent_only,LEAR CORP,LEA,30388,2021,1
parent_only,LEAR CORP,LEA,30388,2022,1
parent_only,LEAR CORP,LEA,30388,2024,2
parent_only,LINDE PLC,LIN,56540,2021,1
parent_only,LINDE PLC,LIN,56540,2022,1
parent_only,LINE CORP,LN,55609,2015,4
parent_only,LINE CORP,LN,55609,2016,8
parent_only,LINE CORP,LN,55609,2017,5
parent_only,LINE CORP,LN,55609,2018,6
parent_only,LINE CORP,LN,55609,2019,13
parent_only,LINE CORP,LN,55609,2020,17
parent_only,LINE CORP,LN,55609,2021,22
parent_only,LINE CORP,LN,55609,2022,16
parent_only,LINE CORP,LN,55609,2023,4
parent_only,LINE CORP,LN,55609,2024,2
parent_only,LINE CORP,LN,55609,2025,8
parent_only,LINKEDIN CORP,LNKD,53751,2011,3
parent_only,LINKEDIN CORP,LNKD,53751,2012,2
parent_only,LINKEDIN CORP,LNKD,53751,2013,24
parent_only,LINKEDIN CORP,LNKD,53751,2014,49
parent_only,LINKEDIN CORP,LNKD,53751,2015,120
parent_only,LINKEDIN CORP,LNKD,53751,2016,148
parent_only,LINKEDIN CORP,LNKD,53751,2017,62
parent_only,LINKEDIN CORP,LNKD,53751,2018,1
parent_only,LOCKHEED MARTIN CORP,LMT,21110,2010,11
parent_only,LOCKHEED MARTIN CORP,LMT,21110,2011,10
parent_only,LOCKHEED MARTIN CORP,LMT,21110,2012,15
parent_only,LOCKHEED MARTIN CORP,LMT,21110,2013,15
parent_only,LOCKHEED MARTIN CORP,LMT,21110,2014,9
parent_only,LOCKHEED MARTIN CORP,LMT,21110,2015,16
parent_only,LOCKHEED MARTIN CORP,LMT,21110,2016,17
parent_only,LOCKHEED MARTIN CORP,LMT,21110,2017,8
parent_only,LOCKHEED MARTIN CORP,LMT,21110,2018,6
parent_only,LOCKHEED MARTIN CORP,LMT,21110,2019,6
parent_only,LOCKHEED MARTIN CORP,LMT,21110,2020,4
parent_only,LOCKHEED MARTIN CORP,LMT,21110,2021,10
parent_only,LOCKHEED MARTIN CORP,LMT,21110,2022,12
parent_only,LOCKHEED MARTIN CORP,LMT,21110,2023,5
parent_only,LOCKHEED MARTIN CORP,LMT,21110,2024,7
parent_only,LYFT INC,LYFT,56673,2016,1
parent_only,LYFT INC,LYFT,56673,2017,20
parent_only,LYFT INC,LYFT,56673,2018,27
parent_only,LYFT INC,LYFT,56673,2019,69
parent_only,LYFT INC,LYFT,56673,2020,53
parent_only,LYFT INC,LYFT,56673,2021,15
parent_only,LYFT INC,LYFT,56673,2022,14
parent_only,LYFT INC,LYFT,56673,2023,13
parent_only,LYFT INC,LYFT,56673,2024,25
parent_only,LYFT INC,LYFT,56673,2025,21
parent_only,MEDTRONIC PLC,MDT,2850,2010,10
parent_only,MEDTRONIC PLC,MDT,2850,2011,7
parent_only,MEDTRONIC PLC,MDT,2850,2012,4
parent_only,MEDTRONIC PLC,MDT,2850,2013,6
parent_only,MEDTRONIC PLC,MDT,2850,2014,5
parent_only,MEDTRONIC PLC,MDT,2850,2015,6
parent_only,MEDTRONIC PLC,MDT,2850,2016,3
parent_only,MEDTRONIC PLC,MDT,2850,2017,9
parent_only,MEDTRONIC PLC,MDT,2850,2018,10
parent_only,MEDTRONIC PLC,MDT,2850,2019,7
parent_only,MEDTRONIC PLC,MDT,2850,2020,27
parent_only,MEDTRONIC PLC,MDT,2850,2021,36
parent_only,MEDTRONIC PLC,MDT,2850,2022,27
parent_only,MEDTRONIC PLC,MDT,2850,2023,41
parent_only,MEDTRONIC PLC,MDT,2850,2024,10
parent_only,MEDTRONIC PLC,MDT,2850,2025,13
parent_only,MELLANOX TECHNOLOGIES LTD,MLNX,51810,2015,1
parent_only,MELLANOX TECHNOLOGIES LTD,MLNX,51810,2017,2
parent_only,MELLANOX TECHNOLOGIES LTD,MLNX,51810,2019,1
parent_only,MELLANOX TECHNOLOGIES LTD,MLNX,51810,2020,2
parent_only,MELLANOX TECHNOLOGIES LTD,MLNX,51810,2021,8
parent_only,MELLANOX TECHNOLOGIES LTD,MLNX,51810,2022,23
parent_only,MELLANOX TECHNOLOGIES LTD,MLNX,51810,2023,14
parent_only,MELLANOX TECHNOLOGIES LTD,MLNX,51810,2024,19
parent_only,MELLANOX TECHNOLOGIES LTD,MLNX,51810,2025,6
parent_only,MICROSOFT CORP,MSFT,8048,2010,609
parent_only,MICROSOFT CORP,MSFT,8048,2011,586
parent_only,MICROSOFT CORP,MSFT,8048,2012,464
parent_only,MICROSOFT CORP,MSFT,8048,2013,504
parent_only,MICROSOFT CORP,MSFT,8048,2014,579
parent_only,MICROSOFT CORP,MSFT,8048,2015,605
parent_only,MICROSOFT CORP,MSFT,8048,2016,781
parent_only,MICROSOFT CORP,MSFT,8048,2017,878
parent_only,MICROSOFT CORP,MSFT,8048,2018,945
parent_only,MICROSOFT CORP,MSFT,8048,2019,871
parent_only,MICROSOFT CORP,MSFT,8048,2020,602
parent_only,MICROSOFT CORP,MSFT,8048,2021,717
parent_only,MICROSOFT CORP,MSFT,8048,2022,826
parent_only,MICROSOFT CORP,MSFT,8048,2023,878
parent_only,MICROSOFT CORP,MSFT,8048,2024,695
parent_only,MICROSOFT CORP,MSFT,8048,2025,198
parent_only,MOOG INC,MOGB,21219,2018,3
parent_only,MOOG INC,MOGB,21219,2019,1
parent_only,MOTOROLA SOLUTIONS INC,MSI,21230,2010,7
parent_only,MOTOROLA SOLUTIONS INC,MSI,21230,2011,6
parent_only,MOTOROLA SOLUTIONS INC,MSI,21230,2012,9
parent_only,MOTOROLA SOLUTIONS INC,MSI,21230,2013,7
parent_only,MOTOROLA SOLUTIONS INC,MSI,21230,2014,10
parent_only,MOTOROLA SOLUTIONS INC,MSI,21230,2015,13
parent_only,MOTOROLA SOLUTIONS INC,MSI,21230,2016,34
parent_only,MOTOROLA SOLUTIONS INC,MSI,21230,2017,37
parent_only,MOTOROLA SOLUTIONS INC,MSI,21230,2018,34
parent_only,MOTOROLA SOLUTIONS INC,MSI,21230,2019,42
parent_only,MOTOROLA SOLUTIONS INC,MSI,21230,2020,59
parent_only,MOTOROLA SOLUTIONS INC,MSI,21230,2021,45
parent_only,MOTOROLA SOLUTIONS INC,MSI,21230,2022,61
parent_only,MOTOROLA SOLUTIONS INC,MSI,21230,2023,38
parent_only,MOTOROLA SOLUTIONS INC,MSI,21230,2024,20
parent_only,MYRIAD GENETICS INC,MYGN,14031,2011,2
parent_only,MYRIAD GENETICS INC,MYGN,14031,2015,1
parent_only,MYRIAD GENETICS INC,MYGN,14031,2016,1
parent_only,MYRIAD GENETICS INC,MYGN,14031,2017,1
parent_only,MYRIAD GENETICS INC,MYGN,14031,2018,1
parent_only,MYRIAD GENETICS INC,MYGN,14031,2019,2
parent_only,MYRIAD GENETICS INC,MYGN,14031,2021,2
parent_only,MYRIAD GENETICS INC,MYGN,14031,2022,1
parent_only,MYRIAD GENETICS INC,MYGN,14031,2024,1
parent_only,NASDAQ INC,NDAQ,46282,2016,3
parent_only,NASDAQ INC,NDAQ,46282,2017,2
parent_only,NASDAQ INC,NDAQ,46282,2018,3
parent_only,NASDAQ INC,NDAQ,46282,2019,6
parent_only,NASDAQ INC,NDAQ,46282,2020,6
parent_only,NASDAQ INC,NDAQ,46282,2021,7
parent_only,NASDAQ INC,NDAQ,46282,2022,11
parent_only,NASDAQ INC,NDAQ,46282,2023,19
parent_only,NASDAQ INC,NDAQ,46282,2024,12
parent_only,NASDAQ INC,NDAQ,46282,2025,12
parent_only,NETAPP INC,NTAP,14152,2011,2
parent_only,NETAPP INC,NTAP,14152,2012,1
parent_only,NETAPP INC,NTAP,14152,2013,8
parent_only,NETAPP INC,NTAP,14152,2014,15
parent_only,NETAPP INC,NTAP,14152,2015,24
parent_only,NETAPP INC,NTAP,14152,2016,10
parent_only,NETAPP INC,NTAP,14152,2017,5
parent_only,NETAPP INC,NTAP,14152,2018,7
parent_only,NETAPP INC,NTAP,14152,2019,12
parent_only,NETAPP INC,NTAP,14152,2020,12
parent_only,NETAPP INC,NTAP,14152,2021,12
parent_only,NETAPP INC,NTAP,14152,2022,8
parent_only,NETAPP INC,NTAP,14152,2023,10
parent_only,NETAPP INC,NTAP,14152,2024,18
parent_only,NETAPP INC,NTAP,14152,2025,6
parent_only,NETFLIX INC,NFLX,43145,2012,2
parent_only,NETFLIX INC,NFLX,43145,2013,4
parent_only,NETFLIX INC,NFLX,43145,2014,4
parent_only,NETFLIX INC,NFLX,43145,2015,5
parent_only,NETFLIX INC,NFLX,43145,2016,13
parent_only,NETFLIX INC,NFLX,43145,2017,6
parent_only,NETFLIX INC,NFLX,43145,2018,6
parent_only,NETFLIX INC,NFLX,43145,2019,18
parent_only,NETFLIX INC,NFLX,43145,2020,15
parent_only,NETFLIX INC,NFLX,43145,2021,17
parent_only,NETFLIX INC,NFLX,43145,2022,19
parent_only,NETFLIX INC,NFLX,43145,2023,22
parent_only,NETFLIX INC,NFLX,43145,2024,20
parent_only,NETFLIX INC,NFLX,43145,2025,16
parent_only,NEXTERA ENERGY INC,NEE,20684,2017,3
parent_only,NEXTERA ENERGY INC,NEE,20684,2018,3
parent_only,NEXTERA ENERGY INC,NEE,20684,2019,3
parent_only,NEXTERA ENERGY INC,NEE,20684,2020,5
parent_only,NEXTERA ENERGY INC,NEE,20684,2022,3
parent_only,NEXTERA ENERGY INC,NEE,20684,2023,3
parent_only,NEXTERA ENERGY INC,NEE,20684,2024,6
parent_only,NIKE INC,NKE,3194,2010,3
parent_only,NIKE INC,NKE,3194,2011,6
parent_only,NIKE INC,NKE,3194,2012,3
parent_only,NIKE INC,NKE,3194,2013,9
parent_only,NIKE INC,NKE,3194,2014,16
parent_only,NIKE INC,NKE,3194,2015,14
parent_only,NIKE INC,NKE,3194,2016,14
parent_only,NIKE INC,NKE,3194,2017,21
parent_only,NIKE INC,NKE,3194,2018,11
parent_only,NIKE INC,NKE,3194,2019,8
parent_only,NIKE INC,NKE,3194,2020,19
parent_only,NIKE INC,NKE,3194,2021,11
parent_only,NIKE INC,NKE,3194,2022,19
parent_only,NIKE INC,NKE,3194,2023,20
parent_only,NIKE INC,NKE,3194,2024,11
parent_only,NIKE INC,NKE,3194,2025,9
parent_only,NOKIA CORP,NOK,30453,2010,62
parent_only,NOKIA CORP,NOK,30453,2011,63
parent_only,NOKIA CORP,NOK,30453,2012,74
parent_only,NOKIA CORP,NOK,30453,2013,37
parent_only,NOKIA CORP,NOK,30453,2014,38
parent_only,NOKIA CORP,NOK,30453,2015,5
parent_only,NOKIA CORP,NOK,30453,2018,1
parent_only,NUANCE COMMUNICATIONS INC,NUAN,14205,2010,19
parent_only,NUANCE COMMUNICATIONS INC,NUAN,14205,2011,44
parent_only,NUANCE COMMUNICATIONS INC,NUAN,14205,2012,94
parent_only,NUANCE COMMUNICATIONS INC,NUAN,14205,2013,109
parent_only,NUANCE COMMUNICATIONS INC,NUAN,14205,2014,96
parent_only,NUANCE COMMUNICATIONS INC,NUAN,14205,2015,60
parent_only,NUANCE COMMUNICATIONS INC,NUAN,14205,2016,29
parent_only,NUANCE COMMUNICATIONS INC,NUAN,14205,2017,58
parent_only,NUANCE COMMUNICATIONS INC,NUAN,14205,2018,66
parent_only,NUANCE COMMUNICATIONS INC,NUAN,14205,2019,43
parent_only,NUANCE COMMUNICATIONS INC,NUAN,14205,2020,23
parent_only,NUANCE COMMUNICATIONS INC,NUAN,14205,2021,48
parent_only,NUANCE COMMUNICATIONS INC,NUAN,14205,2022,56
parent_only,NUANCE COMMUNICATIONS INC,NUAN,14205,2023,10
parent_only,NUTANIX INC,NTNX,55697,2016,8
parent_only,NUTANIX INC,NTNX,55697,2017,42
parent_only,NUTANIX INC,NTNX,55697,2018,17
parent_only,NUTANIX INC,NTNX,55697,2019,5
parent_only,NUTANIX INC,NTNX,55697,2020,5
parent_only,NUTANIX INC,NTNX,55697,2021,7
parent_only,NUTANIX INC,NTNX,55697,2022,13
parent_only,NUTANIX INC,NTNX,55697,2023,5
parent_only,NUTANIX INC,NTNX,55697,2024,5
parent_only,NUTANIX INC,NTNX,55697,2025,4
parent_only,NUVASIVE INC,NUVA,45197,2020,6
parent_only,NUVASIVE INC,NUVA,45197,2021,4
parent_only,NUVASIVE INC,NUVA,45197,2023,2
parent_only,NUVASIVE INC,NUVA,45197,2024,3
parent_only,NUVASIVE INC,NUVA,45197,2025,2
parent_only,NVIDIA CORP,NVDA,16382,2010,1
parent_only,NVIDIA CORP,NVDA,16382,2012,12
parent_only,NVIDIA CORP,NVDA,16382,2013,25
parent_only,NVIDIA CORP,NVDA,16382,2014,6
parent_only,NVIDIA CORP,NVDA,16382,2015,7
parent_only,NVIDIA CORP,NVDA,16382,2016,4
parent_only,NVIDIA CORP,NVDA,16382,2017,23
parent_only,NVIDIA CORP,NVDA,16382,2018,64
parent_only,NVIDIA CORP,NVDA,16382,2019,170
parent_only,NVIDIA CORP,NVDA,16382,2020,240
parent_only,NVIDIA CORP,NVDA,16382,2021,309
parent_only,NVIDIA CORP,NVDA,16382,2022,329
parent_only,NVIDIA CORP,NVDA,16382,2023,431
parent_only,NVIDIA CORP,NVDA,16382,2024,480
parent_only,NVIDIA CORP,NVDA,16382,2025,255
parent_only,OMNIVISION TECHNOLOGIES INC,OVTI,37949,2011,4
parent_only,OMNIVISION TECHNOLOGIES INC,OVTI,37949,2012,1
parent_only,OMNIVISION TECHNOLOGIES INC,OVTI,37949,2013,3
parent_only,OMNIVISION TECHNOLOGIES INC,OVTI,37949,2014,4
parent_only,OMNIVISION TECHNOLOGIES INC,OVTI,37949,2015,2
parent_only,OMNIVISION TECHNOLOGIES INC,OVTI,37949,2016,2
parent_only,OMNIVISION TECHNOLOGIES INC,OVTI,37949,2017,3
parent_only,OMNIVISION TECHNOLOGIES INC,OVTI,37949,2018,1
parent_only,OMNIVISION TECHNOLOGIES INC,OVTI,37949,2019,1
parent_only,OMNIVISION TECHNOLOGIES INC,OVTI,37949,2020,1
parent_only,OMNIVISION TECHNOLOGIES INC,OVTI,37949,2021,8
parent_only,OMNIVISION TECHNOLOGIES INC,OVTI,37949,2022,9
parent_only,OMNIVISION TECHNOLOGIES INC,OVTI,37949,2023,4
parent_only,OMNIVISION TECHNOLOGIES INC,OVTI,37949,2024,5
parent_only,OMNIVISION TECHNOLOGIES INC,OVTI,37949,2025,1
parent_only,OPEN TEXT CORP,OTEX,14305,2011,3
parent_only,OPEN TEXT CORP,OTEX,14305,2012,3
parent_only,OPEN TEXT CORP,OTEX,14305,2013,8
parent_only,OPEN TEXT CORP,OTEX,14305,2014,11
parent_only,OPEN TEXT CORP,OTEX,14305,2015,12
parent_only,OPEN TEXT CORP,OTEX,14305,2016,9
parent_only,OPEN TEXT CORP,OTEX,14305,2017,11
parent_only,OPEN TEXT CORP,OTEX,14305,2018,19
parent_only,OPEN TEXT CORP,OTEX,14305,2019,24
parent_only,OPEN TEXT CORP,OTEX,14305,2020,19
parent_only,OPEN TEXT CORP,OTEX,14305,2021,35
parent_only,OPEN TEXT CORP,OTEX,14305,2022,38
parent_only,OPEN TEXT CORP,OTEX,14305,2023,49
parent_only,OPEN TEXT CORP,OTEX,14305,2024,34
parent_only,OPEN TEXT CORP,OTEX,14305,2025,22
parent_only,ORANGE,ORAN,32109,2010,2
parent_only,ORANGE,ORAN,32109,2011,9
parent_only,ORANGE,ORAN,32109,2012,1
parent_only,ORANGE,ORAN,32109,2013,2
parent_only,ORANGE,ORAN,32109,2014,4
parent_only,ORANGE,ORAN,32109,2015,3
parent_only,ORANGE,ORAN,32109,2016,5
parent_only,ORANGE,ORAN,32109,2017,7
parent_only,ORANGE,ORAN,32109,2018,4
parent_only,ORANGE,ORAN,32109,2019,12
parent_only,ORANGE,ORAN,32109,2020,9
parent_only,ORANGE,ORAN,32109,2021,15
parent_only,ORANGE,ORAN,32109,2022,20
parent_only,ORANGE,ORAN,32109,2023,29
parent_only,ORANGE,ORAN,32109,2024,2
parent_only,ORANGE,ORAN,32109,2025,7
parent_only,PALO ALTO NETWORKS INC,PANW,54139,2015,1
parent_only,PALO ALTO NETWORKS INC,PANW,54139,2016,1
parent_only,PALO ALTO NETWORKS INC,PANW,54139,2017,2
parent_only,PALO ALTO NETWORKS INC,PANW,54139,2018,8
parent_only,PALO ALTO NETWORKS INC,PANW,54139,2019,15
parent_only,PALO ALTO NETWORKS INC,PANW,54139,2020,6
parent_only,PALO ALTO NETWORKS INC,PANW,54139,2021,20
parent_only,PALO ALTO NETWORKS INC,PANW,54139,2022,34
parent_only,PALO ALTO NETWORKS INC,PANW,54139,2023,49
parent_only,PALO ALTO NETWORKS INC,PANW,54139,2024,70
parent_only,PALO ALTO NETWORKS INC,PANW,54139,2025,28
parent_only,PANASONIC CORP,PC,21167,2010,27
parent_only,PANASONIC CORP,PC,21167,2011,39
parent_only,PANASONIC CORP,PC,21167,2012,46
parent_only,PANASONIC CORP,PC,21167,2013,55
parent_only,PANASONIC CORP,PC,21167,2014,39
parent_only,PANASONIC CORP,PC,21167,2015,10
parent_only,PANASONIC CORP,PC,21167,2016,4
parent_only,PANASONIC CORP,PC,21167,2017,7
parent_only,PANASONIC CORP,PC,21167,2018,12
parent_only,PANASONIC CORP,PC,21167,2019,12
parent_only,PANASONIC CORP,PC,21167,2020,16
parent_only,PANASONIC CORP,PC,21167,2021,11
parent_only,PANASONIC CORP,PC,21167,2022,12
parent_only,PANASONIC CORP,PC,21167,2023,10
parent_only,PANASONIC CORP,PC,21167,2024,5
parent_only,PANASONIC CORP,PC,21167,2025,2
parent_only,PEARSON PLC,PSO,39138,2012,1
parent_only,PEARSON PLC,PSO,39138,2013,1
parent_only,PEARSON PLC,PSO,39138,2014,7
parent_only,PEARSON PLC,PSO,39138,2015,8
parent_only,PEARSON PLC,PSO,39138,2016,17
parent_only,PEARSON PLC,PSO,39138,2017,38
parent_only,PEARSON PLC,PSO,39138,2018,53
parent_only,PEARSON PLC,PSO,39138,2019,30
parent_only,PEARSON PLC,PSO,39138,2020,15
parent_only,PEARSON PLC,PSO,39138,2021,6
parent_only,PEARSON PLC,PSO,39138,2022,1
parent_only,PEARSON PLC,PSO,39138,2023,2
parent_only,PEARSON PLC,PSO,39138,2024,3
parent_only,PEARSON PLC,PSO,39138,2025,3
parent_only,PERSONALIS INC,PSNL,56798,2014,1
parent_only,PERSONALIS INC,PSNL,56798,2015,1
parent_only,PERSONALIS INC,PSNL,56798,2016,1
parent_only,PERSONALIS INC,PSNL,56798,2017,1
parent_only,PERSONALIS INC,PSNL,56798,2020,3
parent_only,PERSONALIS INC,PSNL,56798,2021,1
parent_only,PERSONALIS INC,PSNL,56798,2022,7
parent_only,PERSONALIS INC,PSNL,56798,2024,2
parent_only,PERSONALIS INC,PSNL,56798,2025,2
parent_only,PFIZER INC,PFE,21394,2021,2
parent_only,PFIZER INC,PFE,21394,2022,3
parent_only,PFIZER INC,PFE,21394,2023,3
parent_only,PFIZER INC,PFE,21394,2025,2
parent_only,PINTEREST INC,PINS,56691,2014,1
parent_only,PINTEREST INC,PINS,56691,2015,1
parent_only,PINTEREST INC,PINS,56691,2016,1
parent_only,PINTEREST INC,PINS,56691,2017,6
parent_only,PINTEREST INC,PINS,56691,2018,3
parent_only,PINTEREST INC,PINS,56691,2019,6
parent_only,PINTEREST INC,PINS,56691,2020,2
parent_only,PINTEREST INC,PINS,56691,2021,10
parent_only,PINTEREST INC,PINS,56691,2022,17
parent_only,PINTEREST INC,PINS,56691,2023,19
parent_only,PINTEREST INC,PINS,56691,2024,13
parent_only,PINTEREST INC,PINS,56691,2025,14
parent_only,POLARIS INDUSTRIES INC,PII,21425,2015,1
parent_only,POLARIS INDUSTRIES INC,PII,21425,2017,1
parent_only,POLARIS INDUSTRIES INC,PII,21425,2018,2
parent_only,POLARIS INDUSTRIES INC,PII,21425,2019,1
parent_only,POLARIS INDUSTRIES INC,PII,21425,2020,3
parent_only,POLARIS INDUSTRIES INC,PII,21425,2021,5
parent_only,POLARIS INDUSTRIES INC,PII,21425,2022,5
parent_only,POLARIS INDUSTRIES INC,PII,21425,2023,4
parent_only,POLARIS INDUSTRIES INC,PII,21425,2024,4
parent_only,POLARIS INDUSTRIES INC,PII,21425,2025,3
parent_only,PROCTER & GAMBLE CO,PG,21446,2011,1
parent_only,PROCTER & GAMBLE CO,PG,21446,2012,3
parent_only,PROCTER & GAMBLE CO,PG,21446,2013,4
parent_only,PROCTER & GAMBLE CO,PG,21446,2014,4
parent_only,PROCTER & GAMBLE CO,PG,21446,2015,1
parent_only,PROCTER & GAMBLE CO,PG,21446,2016,2
parent_only,PROCTER & GAMBLE CO,PG,21446,2017,10
parent_only,PROCTER & GAMBLE CO,PG,21446,2018,8
parent_only,PROCTER & GAMBLE CO,PG,21446,2019,20
parent_only,PROCTER & GAMBLE CO,PG,21446,2020,15
parent_only,PROCTER & GAMBLE CO,PG,21446,2021,8
parent_only,PROCTER & GAMBLE CO,PG,21446,2022,13
parent_only,PROCTER & GAMBLE CO,PG,21446,2023,11
parent_only,PROCTER & GAMBLE CO,PG,21446,2024,7
parent_only,PROCTER & GAMBLE CO,PG,21446,2025,5
parent_only,QUALCOMM INC,QCOM,11253,2010,29
parent_only,QUALCOMM INC,QCOM,11253,2011,55
parent_only,QUALCOMM INC,QCOM,11253,2012,86
parent_only,QUALCOMM INC,QCOM,11253,2013,168
parent_only,QUALCOMM INC,QCOM,11253,2014,202
parent_only,QUALCOMM INC,QCOM,11253,2015,172
parent_only,QUALCOMM INC,QCOM,11253,2016,148
parent_only,QUALCOMM INC,QCOM,11253,2017,198
parent_only,QUALCOMM INC,QCOM,11253,2018,155
parent_only,QUALCOMM INC,QCOM,11253,2019,158
parent_only,QUALCOMM INC,QCOM,11253,2020,204
parent_only,QUALCOMM INC,QCOM,11253,2021,420
parent_only,QUALCOMM INC,QCOM,11253,2022,403
parent_only,QUALCOMM INC,QCOM,11253,2023,521
parent_only,QUALCOMM INC,QCOM,11253,2024,414
parent_only,QUALCOMM INC,QCOM,11253,2025,90
parent_only,QUANTUM CORP,QTM,5722,2013,3
parent_only,QUANTUM CORP,QTM,5722,2014,1
parent_only,QUANTUM CORP,QTM,5722,2015,1
parent_only,QUANTUM CORP,QTM,5722,2016,1
parent_only,QUANTUM CORP,QTM,5722,2017,1
parent_only,QUANTUM CORP,QTM,5722,2018,1
parent_only,QUANTUM CORP,QTM,5722,2019,1
parent_only,QUANTUM CORP,QTM,5722,2020,2
parent_only,QUANTUM CORP,QTM,5722,2021,1
parent_only,QUANTUM CORP,QTM,5722,2022,1
parent_only,QUANTUM CORP,QTM,5722,2023,5
parent_only,QUANTUM CORP,QTM,5722,2024,2
parent_only,REALNETWORKS INC,RNWK,15843,2010,2
parent_only,REALNETWORKS INC,RNWK,15843,2011,1
parent_only,REALNETWORKS INC,RNWK,15843,2012,3
parent_only,REALNETWORKS INC,RNWK,15843,2014,3
parent_only,REALNETWORKS INC,RNWK,15843,2015,1
parent_only,REALNETWORKS INC,RNWK,15843,2016,2
parent_only,REALNETWORKS INC,RNWK,15843,2017,1
parent_only,REALNETWORKS INC,RNWK,15843,2019,4
parent_only,REALNETWORKS INC,RNWK,15843,2020,1
parent_only,REALNETWORKS INC,RNWK,15843,2021,5
parent_only,REALNETWORKS INC,RNWK,15843,2022,3
parent_only,REALNETWORKS INC,RNWK,15843,2023,2
parent_only,RED HAT INC,RHT,16753,2010,2
parent_only,RED HAT INC,RHT,16753,2011,1
parent_only,RED HAT INC,RHT,16753,2012,4
parent_only,RED HAT INC,RHT,16753,2013,9
parent_only,RED HAT INC,RHT,16753,2014,13
parent_only,RED HAT INC,RHT,16753,2015,14
parent_only,RED HAT INC,RHT,16753,2016,13
parent_only,RED HAT INC,RHT,16753,2017,15
parent_only,RED HAT INC,RHT,16753,2018,18
parent_only,RED HAT INC,RHT,16753,2019,17
parent_only,RED HAT INC,RHT,16753,2020,22
parent_only,RED HAT INC,RHT,16753,2021,35
parent_only,RED HAT INC,RHT,16753,2022,36
parent_only,RED HAT INC,RHT,16753,2023,19
parent_only,RED HAT INC,RHT,16753,2024,18
parent_only,RED HAT INC,RHT,16753,2025,2
parent_only,RELX PLC,RELX,30501,2018,1
parent_only,RELX PLC,RELX,30501,2019,2
parent_only,RELX PLC,RELX,30501,2020,8
parent_only,RELX PLC,RELX,30501,2021,5
parent_only,RELX PLC,RELX,30501,2022,3
parent_only,RELX PLC,RELX,30501,2024,6
parent_only,RESMED INC,RMD,13753,2010,4
parent_only,RESMED INC,RMD,13753,2012,1
parent_only,RESMED INC,RMD,13753,2013,1
parent_only,RESMED INC,RMD,13753,2014,2
parent_only,RESMED INC,RMD,13753,2015,1
parent_only,RESMED INC,RMD,13753,2016,4
parent_only,RESMED INC,RMD,13753,2017,4
parent_only,RESMED INC,RMD,13753,2018,1
parent_only,RESMED INC,RMD,13753,2019,2
parent_only,RESMED INC,RMD,13753,2020,9
parent_only,RESMED INC,RMD,13753,2021,15
parent_only,RESMED INC,RMD,13753,2022,11
parent_only,RESMED INC,RMD,13753,2023,3
parent_only,RESMED INC,RMD,13753,2024,3
parent_only,RESMED INC,RMD,13753,2025,11
parent_only,RIGETTI COMPUTING INC,RGTI,58063,2015,4
parent_only,RIGETTI COMPUTING INC,RGTI,58063,2016,1
parent_only,RIGETTI COMPUTING INC,RGTI,58063,2017,1
parent_only,RIGETTI COMPUTING INC,RGTI,58063,2018,2
parent_only,RIGETTI COMPUTING INC,RGTI,58063,2019,4
parent_only,RIGETTI COMPUTING INC,RGTI,58063,2020,2
parent_only,RIGETTI COMPUTING INC,RGTI,58063,2021,3
parent_only,RIGETTI COMPUTING INC,RGTI,58063,2023,1
parent_only,RIGETTI COMPUTING INC,RGTI,58063,2024,1
parent_only,RIGETTI COMPUTING INC,RGTI,58063,2025,2
parent_only,ROGERS CORP,ROG,21526,2019,1
parent_only,ROSETTA GENOMICS LTD,ROSG,51816,2012,1
parent_only,ROYAL DUTCH SHELL PLC,RDS,47003,2015,1
parent_only,ROYAL DUTCH SHELL PLC,RDS,47003,2018,1
parent_only,ROYAL DUTCH SHELL PLC,RDS,47003,2019,9
parent_only,ROYAL DUTCH SHELL PLC,RDS,47003,2020,3
parent_only,ROYAL DUTCH SHELL PLC,RDS,47003,2021,8
parent_only,ROYAL DUTCH SHELL PLC,RDS,47003,2022,2
parent_only,ROYAL DUTCH SHELL PLC,RDS,47003,2023,6
parent_only,ROYAL DUTCH SHELL PLC,RDS,47003,2024,1
parent_only,ROYAL DUTCH SHELL PLC,RDS,47003,2025,1
parent_only,SALESFORCE COM INC,CRM,45288,2010,25
parent_only,SALESFORCE COM INC,CRM,45288,2011,54
parent_only,SALESFORCE COM INC,CRM,45288,2012,50
parent_only,SALESFORCE COM INC,CRM,45288,2013,84
parent_only,SALESFORCE COM INC,CRM,45288,2014,67
parent_only,SALESFORCE COM INC,CRM,45288,2015,71
parent_only,SALESFORCE COM INC,CRM,45288,2016,100
parent_only,SALESFORCE COM INC,CRM,45288,2017,148
parent_only,SALESFORCE COM INC,CRM,45288,2018,180
parent_only,SALESFORCE COM INC,CRM,45288,2019,172
parent_only,SALESFORCE COM INC,CRM,45288,2020,218
parent_only,SALESFORCE COM INC,CRM,45288,2021,211
parent_only,SALESFORCE COM INC,CRM,45288,2022,152
parent_only,SALESFORCE COM INC,CRM,45288,2023,136
parent_only,SALESFORCE COM INC,CRM,45288,2024,150
parent_only,SALESFORCE COM INC,CRM,45288,2025,81
parent_only,SANOFI,SNY,43351,2018,1
parent_only,SANOFI,SNY,43351,2019,1
parent_only,SANOFI,SNY,43351,2020,5
parent_only,SANOFI,SNY,43351,2021,9
parent_only,SANOFI,SNY,43351,2022,7
parent_only,SANOFI,SNY,43351,2023,6
parent_only,SANOFI,SNY,43351,2024,10
parent_only,SANOFI,SNY,43351,2025,4
parent_only,SERVICENOW INC,NOW,54109,2015,1
parent_only,SERVICENOW INC,NOW,54109,2016,2
parent_only,SERVICENOW INC,NOW,54109,2017,52
parent_only,SERVICENOW INC,NOW,54109,2018,51
parent_only,SERVICENOW INC,NOW,54109,2019,70
parent_only,SERVICENOW INC,NOW,54109,2020,72
parent_only,SERVICENOW INC,NOW,54109,2021,57
parent_only,SERVICENOW INC,NOW,54109,2022,49
parent_only,SERVICENOW INC,NOW,54109,2023,45
parent_only,SERVICENOW INC,NOW,54109,2024,44
parent_only,SERVICENOW INC,NOW,54109,2025,17
parent_only,SKYWORKS SOLUTIONS INC,SWKS,20058,2017,1
parent_only,SKYWORKS SOLUTIONS INC,SWKS,20058,2019,1
parent_only,SKYWORKS SOLUTIONS INC,SWKS,20058,2021,1
parent_only,SKYWORKS SOLUTIONS INC,SWKS,20058,2023,4
parent_only,SKYWORKS SOLUTIONS INC,SWKS,20058,2024,4
parent_only,SKYWORKS SOLUTIONS INC,SWKS,20058,2025,3
parent_only,SNAP INC,SNAP,55867,2016,3
parent_only,SNAP INC,SNAP,55867,2017,13
parent_only,SNAP INC,SNAP,55867,2018,13
parent_only,SNAP INC,SNAP,55867,2019,56
parent_only,SNAP INC,SNAP,55867,2020,114
parent_only,SNAP INC,SNAP,55867,2021,211
parent_only,SNAP INC,SNAP,55867,2022,251
parent_only,SNAP INC,SNAP,55867,2023,269
parent_only,SNAP INC,SNAP,55867,2024,231
parent_only,SNAP INC,SNAP,55867,2025,215
parent_only,SONY CORP,SNE,21633,2010,129
parent_only,SONY CORP,SNE,21633,2011,138
parent_only,SONY CORP,SNE,21633,2012,177
parent_only,SONY CORP,SNE,21633,2013,258
parent_only,SONY CORP,SNE,21633,2014,283
parent_only,SONY CORP,SNE,21633,2015,265
parent_only,SONY CORP,SNE,21633,2016,337
parent_only,SONY CORP,SNE,21633,2017,409
parent_only,SONY CORP,SNE,21633,2018,511
parent_only,SONY CORP,SNE,21633,2019,626
parent_only,SONY CORP,SNE,21633,2020,684
parent_only,SONY CORP,SNE,21633,2021,610
parent_only,SONY CORP,SNE,21633,2022,540
parent_only,SONY CORP,SNE,21633,2023,455
parent_only,SONY CORP,SNE,21633,2024,235
parent_only,SONY CORP,SNE,21633,2025,122
parent_only,SPLUNK INC,SPLK,54064,2011,2
parent_only,SPLUNK INC,SPLK,54064,2012,14
parent_only,SPLUNK INC,SPLK,54064,2013,9
parent_only,SPLUNK INC,SPLK,54064,2014,39
parent_only,SPLUNK INC,SPLK,54064,2015,93
parent_only,SPLUNK INC,SPLK,54064,2016,70
parent_only,SPLUNK INC,SPLK,54064,2017,107
parent_only,SPLUNK INC,SPLK,54064,2018,72
parent_only,SPLUNK INC,SPLK,54064,2019,71
parent_only,SPLUNK INC,SPLK,54064,2020,57
parent_only,SPLUNK INC,SPLK,54064,2021,33
parent_only,SPLUNK INC,SPLK,54064,2022,21
parent_only,SPLUNK INC,SPLK,54064,2023,17
parent_only,SPLUNK INC,SPLK,54064,2024,11
parent_only,SPLUNK INC,SPLK,54064,2025,16
parent_only,SYMANTEC CORP,SYMC,10224,2010,6
parent_only,SYMANTEC CORP,SYMC,10224,2011,2
parent_only,SYMANTEC CORP,SYMC,10224,2012,3
parent_only,SYMANTEC CORP,SYMC,10224,2013,4
parent_only,SYMANTEC CORP,SYMC,10224,2014,2
parent_only,SYMANTEC CORP,SYMC,10224,2015,6
parent_only,SYMANTEC CORP,SYMC,10224,2016,5
parent_only,SYMANTEC CORP,SYMC,10224,2017,2
parent_only,SYMANTEC CORP,SYMC,10224,2018,1
parent_only,SYMANTEC CORP,SYMC,10224,2020,4
parent_only,SYMANTEC CORP,SYMC,10224,2021,2
parent_only,SYMANTEC CORP,SYMC,10224,2022,1
parent_only,SYMANTEC CORP,SYMC,10224,2023,1
parent_only,SYMANTEC CORP,SYMC,10224,2024,2
parent_only,SYMANTEC CORP,SYMC,10224,2025,1
parent_only,SYNOPSYS INC,SNPS,11361,2012,1
parent_only,SYNOPSYS INC,SNPS,11361,2013,4
parent_only,SYNOPSYS INC,SNPS,11361,2014,3
parent_only,SYNOPSYS INC,SNPS,11361,2015,4
parent_only,SYNOPSYS INC,SNPS,11361,2016,1
parent_only,SYNOPSYS INC,SNPS,11361,2017,5
parent_only,SYNOPSYS INC,SNPS,11361,2018,2
parent_only,SYNOPSYS INC,SNPS,11361,2019,5
parent_only,SYNOPSYS INC,SNPS,11361,2020,11
parent_only,SYNOPSYS INC,SNPS,11361,2021,17
parent_only,SYNOPSYS INC,SNPS,11361,2022,14
parent_only,SYNOPSYS INC,SNPS,11361,2023,14
parent_only,SYNOPSYS INC,SNPS,11361,2024,9
parent_only,SYNOPSYS INC,SNPS,11361,2025,2
parent_only,TABLEAU SOFTWARE INC,DATA,54402,2014,5
parent_only,TABLEAU SOFTWARE INC,DATA,54402,2015,3
parent_only,TABLEAU SOFTWARE INC,DATA,54402,2016,3
parent_only,TABLEAU SOFTWARE INC,DATA,54402,2017,6
parent_only,TABLEAU SOFTWARE INC,DATA,54402,2018,15
parent_only,TABLEAU SOFTWARE INC,DATA,54402,2019,14
parent_only,TABLEAU SOFTWARE INC,DATA,54402,2020,18
parent_only,TABLEAU SOFTWARE INC,DATA,54402,2021,25
parent_only,TABLEAU SOFTWARE INC,DATA,54402,2022,28
parent_only,TABLEAU SOFTWARE INC,DATA,54402,2023,18
parent_only,TABLEAU SOFTWARE INC,DATA,54402,2024,14
parent_only,TABLEAU SOFTWARE INC,DATA,54402,2025,5
parent_only,TARGET CORP,TGT,20561,2011,2
parent_only,TARGET CORP,TGT,20561,2012,1
parent_only,TARGET CORP,TGT,20561,2013,3
parent_only,TARGET CORP,TGT,20561,2014,1
parent_only,TARGET CORP,TGT,20561,2015,1
parent_only,TARGET CORP,TGT,20561,2016,7
parent_only,TARGET CORP,TGT,20561,2017,6
parent_only,TARGET CORP,TGT,20561,2018,15
parent_only,TARGET CORP,TGT,20561,2019,7
parent_only,TARGET CORP,TGT,20561,2020,23
parent_only,TARGET CORP,TGT,20561,2021,13
parent_only,TARGET CORP,TGT,20561,2022,30
parent_only,TARGET CORP,TGT,20561,2023,20
parent_only,TARGET CORP,TGT,20561,2024,15
parent_only,TARGET CORP,TGT,20561,2025,12
parent_only,TECHNICOLOR,TCH,36381,2010,12
parent_only,TECHNICOLOR,TCH,36381,2011,11
parent_only,TECHNICOLOR,TCH,36381,2012,26
parent_only,TECHNICOLOR,TCH,36381,2013,49
parent_only,TECHNICOLOR,TCH,36381,2014,50
parent_only,TECHNICOLOR,TCH,36381,2015,74
parent_only,TECHNICOLOR,TCH,36381,2016,42
parent_only,TECHNICOLOR,TCH,36381,2017,22
parent_only,TECHNICOLOR,TCH,36381,2018,6
parent_only,TECHNICOLOR,TCH,36381,2020,2
parent_only,TECHNICOLOR,TCH,36381,2021,3
parent_only,TELEDYNE TECHNOLOGIES,TDY,36380,2013,1
parent_only,TELEDYNE TECHNOLOGIES,TDY,36380,2015,1
parent_only,TELEDYNE TECHNOLOGIES,TDY,36380,2017,1
parent_only,TELEDYNE TECHNOLOGIES,TDY,36380,2020,2
parent_only,TELEDYNE TECHNOLOGIES,TDY,36380,2021,1
parent_only,TELEDYNE TECHNOLOGIES,TDY,36380,2022,2
parent_only,TESLA INC,TSLA,53453,2017,4
parent_only,TESLA INC,TSLA,53453,2018,10
parent_only,TESLA INC,TSLA,53453,2019,13
parent_only,TESLA INC,TSLA,53453,2020,6
parent_only,TESLA INC,TSLA,53453,2021,9
parent_only,TESLA INC,TSLA,53453,2022,14
parent_only,TESLA INC,TSLA,53453,2023,37
parent_only,TESLA INC,TSLA,53453,2024,15
parent_only,TESLA INC,TSLA,53453,2025,13
parent_only,TETRA TECH INC,TTEK,4589,2015,1
parent_only,TETRA TECH INC,TTEK,4589,2018,1
parent_only,TETRA TECH INC,TTEK,4589,2019,5
parent_only,TETRA TECH INC,TTEK,4589,2020,4
parent_only,TETRA TECH INC,TTEK,4589,2021,3
parent_only,TEXAS INSTRUMENTS INC,TXN,21737,2010,7
parent_only,TEXAS INSTRUMENTS INC,TXN,21737,2011,5
parent_only,TEXAS INSTRUMENTS INC,TXN,21737,2012,9
parent_only,TEXAS INSTRUMENTS INC,TXN,21737,2013,18
parent_only,TEXAS INSTRUMENTS INC,TXN,21737,2014,14
parent_only,TEXAS INSTRUMENTS INC,TXN,21737,2015,17
parent_only,TEXAS INSTRUMENTS INC,TXN,21737,2016,26
parent_only,TEXAS INSTRUMENTS INC,TXN,21737,2017,26
parent_only,TEXAS INSTRUMENTS INC,TXN,21737,2018,26
parent_only,TEXAS INSTRUMENTS INC,TXN,21737,2019,40
parent_only,TEXAS INSTRUMENTS INC,TXN,21737,2020,37
parent_only,TEXAS INSTRUMENTS INC,TXN,21737,2021,51
parent_only,TEXAS INSTRUMENTS INC,TXN,21737,2022,39
parent_only,TEXAS INSTRUMENTS INC,TXN,21737,2023,38
parent_only,TEXAS INSTRUMENTS INC,TXN,21737,2024,39
parent_only,TEXAS INSTRUMENTS INC,TXN,21737,2025,21
parent_only,THERMO FISHER SCIENTIFIC INC,TMO,4557,2012,1
parent_only,THERMO FISHER SCIENTIFIC INC,TMO,4557,2013,4
parent_only,THERMO FISHER SCIENTIFIC INC,TMO,4557,2015,1
parent_only,THERMO FISHER SCIENTIFIC INC,TMO,4557,2017,2
parent_only,THERMO FISHER SCIENTIFIC INC,TMO,4557,2018,4
parent_only,THERMO FISHER SCIENTIFIC INC,TMO,4557,2019,1
parent_only,THERMO FISHER SCIENTIFIC INC,TMO,4557,2020,1
parent_only,THERMO FISHER SCIENTIFIC INC,TMO,4557,2021,1
parent_only,THERMO FISHER SCIENTIFIC INC,TMO,4557,2022,4
parent_only,THERMO FISHER SCIENTIFIC INC,TMO,4557,2023,8
parent_only,THERMO FISHER SCIENTIFIC INC,TMO,4557,2024,8
parent_only,TOYOTA MOTOR CORP,TM,4521,2010,43
parent_only,TOYOTA MOTOR CORP,TM,4521,2011,92
parent_only,TOYOTA MOTOR CORP,TM,4521,2012,58
parent_only,TOYOTA MOTOR CORP,TM,4521,2013,46
parent_only,TOYOTA MOTOR CORP,TM,4521,2014,101
parent_only,TOYOTA MOTOR CORP,TM,4521,2015,141
parent_only,TOYOTA MOTOR CORP,TM,4521,2016,230
parent_only,TOYOTA MOTOR CORP,TM,4521,2017,324
parent_only,TOYOTA MOTOR CORP,TM,4521,2018,552
parent_only,TOYOTA MOTOR CORP,TM,4521,2019,655
parent_only,TOYOTA MOTOR CORP,TM,4521,2020,827
parent_only,TOYOTA MOTOR CORP,TM,4521,2021,855
parent_only,TOYOTA MOTOR CORP,TM,4521,2022,748
parent_only,TOYOTA MOTOR CORP,TM,4521,2023,728
parent_only,TOYOTA MOTOR CORP,TM,4521,2024,756
parent_only,TOYOTA MOTOR CORP,TM,4521,2025,313
parent_only,TRIMBLE INC,TRMB,10691,2013,1
parent_only,TRIMBLE INC,TRMB,10691,2014,1
parent_only,TRIMBLE INC,TRMB,10691,2016,2
parent_only,TRIMBLE INC,TRMB,10691,2017,6
parent_only,TRIMBLE INC,TRMB,10691,2018,5
parent_only,TRIMBLE INC,TRMB,10691,2019,7
parent_only,TRIMBLE INC,TRMB,10691,2020,11
parent_only,TRIMBLE INC,TRMB,10691,2021,9
parent_only,TRIMBLE INC,TRMB,10691,2022,13
parent_only,TRIMBLE INC,TRMB,10691,2023,5
parent_only,TRIMBLE INC,TRMB,10691,2024,2
parent_only,TRIMBLE INC,TRMB,10691,2025,3
parent_only,TWITTER INC,TWTR,54638,2013,1
parent_only,TWITTER INC,TWTR,54638,2014,1
parent_only,TWITTER INC,TWTR,54638,2015,5
parent_only,TWITTER INC,TWTR,54638,2016,5
parent_only,TWITTER INC,TWTR,54638,2017,12
parent_only,TWITTER INC,TWTR,54638,2018,5
parent_only,TWITTER INC,TWTR,54638,2019,8
parent_only,TWITTER INC,TWTR,54638,2020,17
parent_only,TWITTER INC,TWTR,54638,2021,4
parent_only,TWITTER INC,TWTR,54638,2022,16
parent_only,TYSON FOODS INC,TSN,4620,2020,1
parent_only,UNISYS CORP,UIS,21814,2010,4
parent_only,UNISYS CORP,UIS,21814,2013,2
parent_only,UNISYS CORP,UIS,21814,2015,3
parent_only,UNISYS CORP,UIS,21814,2016,1
parent_only,UNISYS CORP,UIS,21814,2017,1
parent_only,UNISYS CORP,UIS,21814,2018,2
parent_only,UNISYS CORP,UIS,21814,2019,5
parent_only,UNISYS CORP,UIS,21814,2020,3
parent_only,UNISYS CORP,UIS,21814,2021,20
parent_only,UNISYS CORP,UIS,21814,2024,2
parent_only,UNITED MICROELECTRONICS CORP,UMC,39148,2014,1
parent_only,UNITED MICROELECTRONICS CORP,UMC,39148,2017,1
parent_only,UNITED MICROELECTRONICS CORP,UMC,39148,2018,2
parent_only,UNITED MICROELECTRONICS CORP,UMC,39148,2019,3
parent_only,UNITED MICROELECTRONICS CORP,UMC,39148,2020,2
parent_only,UNITED MICROELECTRONICS CORP,UMC,39148,2021,6
parent_only,UNITED MICROELECTRONICS CORP,UMC,39148,2022,6
parent_only,UNITED MICROELECTRONICS CORP,UMC,39148,2023,3
parent_only,UNITED MICROELECTRONICS CORP,UMC,39148,2024,2
parent_only,UNITED MICROELECTRONICS CORP,UMC,39148,2025,1
parent_only,UNITED PARCEL SERVICE INC,UPS,36383,2010,1
parent_only,UNITED PARCEL SERVICE INC,UPS,36383,2011,1
parent_only,UNITED PARCEL SERVICE INC,UPS,36383,2013,5
parent_only,UNITED PARCEL SERVICE INC,UPS,36383,2014,5
parent_only,UNITED PARCEL SERVICE INC,UPS,36383,2015,1
parent_only,UNITED PARCEL SERVICE INC,UPS,36383,2016,1
parent_only,UNITED TECHNOLOGIES CORP,UTX,21832,2011,1
parent_only,UNITED TECHNOLOGIES CORP,UTX,21832,2013,1
parent_only,UNITED TECHNOLOGIES CORP,UTX,21832,2014,3
parent_only,UNITED TECHNOLOGIES CORP,UTX,21832,2015,4
parent_only,UNITED TECHNOLOGIES CORP,UTX,21832,2016,6
parent_only,UNITED TECHNOLOGIES CORP,UTX,21832,2017,7
parent_only,UNITED TECHNOLOGIES CORP,UTX,21832,2018,8
parent_only,UNITED TECHNOLOGIES CORP,UTX,21832,2019,8
parent_only,UNITED TECHNOLOGIES CORP,UTX,21832,2020,4
parent_only,UNITED TECHNOLOGIES CORP,UTX,21832,2021,4
parent_only,UNITED TECHNOLOGIES CORP,UTX,21832,2022,9
parent_only,UNITED TECHNOLOGIES CORP,UTX,21832,2023,8
parent_only,VERISK ANALYTICS INC,VRSK,53256,2014,1
parent_only,VERISK ANALYTICS INC,VRSK,53256,2016,2
parent_only,VERISK ANALYTICS INC,VRSK,53256,2017,1
parent_only,VERISK ANALYTICS INC,VRSK,53256,2018,1
parent_only,VERISK ANALYTICS INC,VRSK,53256,2019,2
parent_only,VERISK ANALYTICS INC,VRSK,53256,2020,2
parent_only,VERISK ANALYTICS INC,VRSK,53256,2021,3
parent_only,VERISK ANALYTICS INC,VRSK,53256,2023,2
parent_only,VERISK ANALYTICS INC,VRSK,53256,2025,10
parent_only,VISA INC,V,52983,2011,3
parent_only,VISA INC,V,52983,2012,1
parent_only,VISA INC,V,52983,2013,5
parent_only,VISA INC,V,52983,2014,6
parent_only,VISA INC,V,52983,2015,4
parent_only,VISA INC,V,52983,2016,8
parent_only,VISA INC,V,52983,2017,27
parent_only,VISA INC,V,52983,2018,43
parent_only,VISA INC,V,52983,2019,103
parent_only,VISA INC,V,52983,2020,44
parent_only,VISA INC,V,52983,2021,61
parent_only,VISA INC,V,52983,2022,91
parent_only,VISA INC,V,52983,2023,72
parent_only,VISA INC,V,52983,2024,48
parent_only,VISA INC,V,52983,2025,14
parent_only,VMWARE INC,VMW,52705,2010,2
parent_only,VMWARE INC,VMW,52705,2011,5
parent_only,VMWARE INC,VMW,52705,2012,3
parent_only,VMWARE INC,VMW,52705,2013,9
parent_only,VMWARE INC,VMW,52705,2014,12
parent_only,VMWARE INC,VMW,52705,2015,18
parent_only,VMWARE INC,VMW,52705,2016,21
parent_only,VMWARE INC,VMW,52705,2017,25
parent_only,VMWARE INC,VMW,52705,2018,45
parent_only,VMWARE INC,VMW,52705,2019,87
parent_only,VMWARE INC,VMW,52705,2020,86
parent_only,VMWARE INC,VMW,52705,2021,105
parent_only,VMWARE INC,VMW,52705,2022,81
parent_only,VMWARE INC,VMW,52705,2023,66
parent_only,VMWARE INC,VMW,52705,2024,4
parent_only,VMWARE INC,VMW,52705,2025,2
parent_only,WAL MART STORES INC,WMT,21880,2010,1
parent_only,WAL MART STORES INC,WMT,21880,2011,5
parent_only,WAL MART STORES INC,WMT,21880,2012,32
parent_only,WAL MART STORES INC,WMT,21880,2013,35
parent_only,WAL MART STORES INC,WMT,21880,2014,25
parent_only,WAL MART STORES INC,WMT,21880,2015,27
parent_only,WAL MART STORES INC,WMT,21880,2016,79
parent_only,WAL MART STORES INC,WMT,21880,2017,134
parent_only,WAL MART STORES INC,WMT,21880,2018,29
parent_only,WIPRO LTD,WIT,40160,2013,3
parent_only,WIPRO LTD,WIT,40160,2014,19
parent_only,WIPRO LTD,WIT,40160,2015,25
parent_only,WIPRO LTD,WIT,40160,2016,57
parent_only,WIPRO LTD,WIT,40160,2017,87
parent_only,WIPRO LTD,WIT,40160,2018,80
parent_only,WIPRO LTD,WIT,40160,2019,91
parent_only,WIPRO LTD,WIT,40160,2020,70
parent_only,WIPRO LTD,WIT,40160,2021,14
parent_only,WIPRO LTD,WIT,40160,2022,6
parent_only,WIPRO LTD,WIT,40160,2023,5
parent_only,WIPRO LTD,WIT,40160,2024,3
parent_only,WOODWARD INC,WWD,27497,2018,1
parent_only,WOODWARD INC,WWD,27497,2023,1
parent_only,WORKDAY INC,WDAY,54213,2011,2
parent_only,WORKDAY INC,WDAY,54213,2015,6
parent_only,WORKDAY INC,WDAY,54213,2016,4
parent_only,WORKDAY INC,WDAY,54213,2018,4
parent_only,WORKDAY INC,WDAY,54213,2019,3
parent_only,WORKDAY INC,WDAY,54213,2020,4
parent_only,WORKDAY INC,WDAY,54213,2021,4
parent_only,WORKDAY INC,WDAY,54213,2022,8
parent_only,WORKDAY INC,WDAY,54213,2023,3
parent_only,WORKDAY INC,WDAY,54213,2024,7
parent_only,WORKDAY INC,WDAY,54213,2025,8
parent_only,XEROX CORP,XRX,21945,2010,56
parent_only,XEROX CORP,XRX,21945,2011,76
parent_only,XEROX CORP,XRX,21945,2012,113
parent_only,XEROX CORP,XRX,21945,2013,132
parent_only,XEROX CORP,XRX,21945,2014,131
parent_only,XEROX CORP,XRX,21945,2015,116
parent_only,XEROX CORP,XRX,21945,2016,86
parent_only,XEROX CORP,XRX,21945,2017,46
parent_only,XEROX CORP,XRX,21945,2018,9
parent_only,XEROX CORP,XRX,21945,2019,7
parent_only,XEROX CORP,XRX,21945,2020,9
parent_only,XEROX CORP,XRX,21945,2021,18
parent_only,XEROX CORP,XRX,21945,2022,8
parent_only,XEROX CORP,XRX,21945,2023,16
parent_only,XEROX CORP,XRX,21945,2024,7
parent_only,XEROX CORP,XRX,21945,2025,3
parent_only,XILINX INC,XLNX,10634,2013,2
parent_only,XILINX INC,XLNX,10634,2016,1
parent_only,XILINX INC,XLNX,10634,2017,10
parent_only,XILINX INC,XLNX,10634,2018,3
parent_only,XILINX INC,XLNX,10634,2019,7
parent_only,XILINX INC,XLNX,10634,2020,1
parent_only,XILINX INC,XLNX,10634,2021,10
parent_only,XILINX INC,XLNX,10634,2022,24
parent_only,XILINX INC,XLNX,10634,2023,7
parent_only,XILINX INC,XLNX,10634,2024,19
parent_only,XILINX INC,XLNX,10634,2025,2
parent_only,XPERI INC,XPER,59381,2010,29
parent_only,XPERI INC,XPER,59381,2011,22
parent_only,XPERI INC,XPER,59381,2017,1
parent_only,XPERI INC,XPER,59381,2018,2
parent_only,XPERI INC,XPER,59381,2019,2
parent_only,XPERI INC,XPER,59381,2020,5
parent_only,XPERI INC,XPER,59381,2021,2
parent_only,XPERI INC,XPER,59381,2022,2
parent_only,XPERI INC,XPER,59381,2023,3
parent_only,YAHOO INC,YHOO,14521,2010,113
parent_only,YAHOO INC,YHOO,14521,2011,70
parent_only,YAHOO INC,YHOO,14521,2012,85
parent_only,YAHOO INC,YHOO,14521,2013,114
parent_only,YAHOO INC,YHOO,14521,2014,137
parent_only,YAHOO INC,YHOO,14521,2015,122
parent_only,YAHOO INC,YHOO,14521,2016,93
parent_only,YAHOO INC,YHOO,14521,2017,64
parent_only,YAHOO INC,YHOO,14521,2019,1
parent_only,YAHOO INC,YHOO,14521,2022,1
parent_only,ZEBRA TECHNOLOGIES CORP,ZBRA,11092,2018,22
parent_only,ZEBRA TECHNOLOGIES CORP,ZBRA,11092,2019,27
parent_only,ZEBRA TECHNOLOGIES CORP,ZBRA,11092,2020,40
parent_only,ZEBRA TECHNOLOGIES CORP,ZBRA,11092,2021,42
parent_only,ZEBRA TECHNOLOGIES CORP,ZBRA,11092,2022,46
parent_only,ZEBRA TECHNOLOGIES CORP,ZBRA,11092,2023,44
parent_only,ZEBRA TECHNOLOGIES CORP,ZBRA,11092,2024,35
parent_only,ZEBRA TECHNOLOGIES CORP,ZBRA,11092,2025,3
parent_only,ZILLOW GROUP INC,ZG,53853,2017,2
parent_only,ZILLOW GROUP INC,ZG,53853,2018,1
parent_only,ZILLOW GROUP INC,ZG,53853,2019,2
parent_only,ZILLOW GROUP INC,ZG,53853,2020,8
parent_only,ZILLOW GROUP INC,ZG,53853,2021,7
parent_only,ZILLOW GROUP INC,ZG,53853,2022,3
with_subs,ABBVIE INC,ABBV,54287,2013,1
with_subs,ABBVIE INC,ABBV,54287,2016,2
with_subs,ABBVIE INC,ABBV,54287,2018,1
with_subs,ABBVIE INC,ABBV,54287,2020,1
with_subs,ABBVIE INC,ABBV,54287,2024,1
with_subs,ADOBE SYSTEMS INC,ADBE,8476,2010,5
with_subs,ADOBE SYSTEMS INC,ADBE,8476,2011,11
with_subs,ADOBE SYSTEMS INC,ADBE,8476,2012,44
with_subs,ADOBE SYSTEMS INC,ADBE,8476,2013,96
with_subs,ADOBE SYSTEMS INC,ADBE,8476,2014,108
with_subs,ADOBE SYSTEMS INC,ADBE,8476,2015,132
with_subs,ADOBE SYSTEMS INC,ADBE,8476,2016,171
with_subs,ADOBE SYSTEMS INC,ADBE,8476,2017,205
with_subs,ADOBE SYSTEMS INC,ADBE,8476,2018,266
with_subs,ADOBE SYSTEMS INC,ADBE,8476,2019,293
with_subs,ADOBE SYSTEMS INC,ADBE,8476,2020,320
with_subs,ADOBE SYSTEMS INC,ADBE,8476,2021,343
with_subs,ADOBE SYSTEMS INC,ADBE,8476,2022,399
with_subs,ADOBE SYSTEMS INC,ADBE,8476,2023,386
with_subs,ADOBE SYSTEMS INC,ADBE,8476,2024,276
with_subs,ADOBE SYSTEMS INC,ADBE,8476,2025,53
with_subs,ADVANCED MICRO DEVICES INC,AMD,211,2011,3
with_subs,ADVANCED MICRO DEVICES INC,AMD,211,2012,1
with_subs,ADVANCED MICRO DEVICES INC,AMD,211,2013,1
with_subs,ADVANCED MICRO DEVICES INC,AMD,211,2014,4
with_subs,ADVANCED MICRO DEVICES INC,AMD,211,2015,1
with_subs,ADVANCED MICRO DEVICES INC,AMD,211,2016,3
with_subs,ADVANCED MICRO DEVICES INC,AMD,211,2017,14
with_subs,ADVANCED MICRO DEVICES INC,AMD,211,2018,45
with_subs,ADVANCED MICRO DEVICES INC,AMD,211,2019,29
with_subs,ADVANCED MICRO DEVICES INC,AMD,211,2020,37
with_subs,ADVANCED MICRO DEVICES INC,AMD,211,2021,38
with_subs,ADVANCED MICRO DEVICES INC,AMD,211,2022,39
with_subs,ADVANCED MICRO DEVICES INC,AMD,211,2023,36
with_subs,ADVANCED MICRO DEVICES INC,AMD,211,2024,46
with_subs,ADVANCED MICRO DEVICES INC,AMD,211,2025,5
with_subs,ADVANTEST CORP,ATE,42120,2014,1
with_subs,ADVANTEST CORP,ATE,42120,2018,3
with_subs,ADVANTEST CORP,ATE,42120,2019,3
with_subs,ADVANTEST CORP,ATE,42120,2021,4
with_subs,ADVANTEST CORP,ATE,42120,2022,3
with_subs,ADVANTEST CORP,ATE,42120,2023,3
with_subs,ADVANTEST CORP,ATE,42120,2024,4
with_subs,ADVANTEST CORP,ATE,42120,2025,1
with_subs,AGILENT TECHNOLOGIES INC,A,36364,2010,1
with_subs,AGILENT TECHNOLOGIES INC,A,36364,2011,1
with_subs,AGILENT TECHNOLOGIES INC,A,36364,2013,1
with_subs,AGILENT TECHNOLOGIES INC,A,36364,2017,1
with_subs,AGILENT TECHNOLOGIES INC,A,36364,2018,1
with_subs,AGILENT TECHNOLOGIES INC,A,36364,2019,1
with_subs,AGILENT TECHNOLOGIES INC,A,36364,2020,7
with_subs,AGILENT TECHNOLOGIES INC,A,36364,2021,5
with_subs,AGILENT TECHNOLOGIES INC,A,36364,2022,4
with_subs,AGILENT TECHNOLOGIES INC,A,36364,2023,2
with_subs,AGILENT TECHNOLOGIES INC,A,36364,2024,1
with_subs,AIRBNB INC,ABNB,57588,2014,1
with_subs,AIRBNB INC,ABNB,57588,2015,1
with_subs,AIRBNB INC,ABNB,57588,2017,4
with_subs,AIRBNB INC,ABNB,57588,2018,10
with_subs,AIRBNB INC,ABNB,57588,2019,10
with_subs,AIRBNB INC,ABNB,57588,2020,12
with_subs,AIRBNB INC,ABNB,57588,2021,8
with_subs,AIRBNB INC,ABNB,57588,2022,12
with_subs,AIRBNB INC,ABNB,57588,2023,8
with_subs,AIRBNB INC,ABNB,57588,2024,14
with_subs,AIRBNB INC,ABNB,57588,2025,3
with_subs,ALCATEL LUCENT,ALU,29487,2010,7
with_subs,ALCATEL LUCENT,ALU,29487,2011,13
with_subs,ALCATEL LUCENT,ALU,29487,2012,15
with_subs,ALCATEL LUCENT,ALU,29487,2013,19
with_subs,ALCATEL LUCENT,ALU,29487,2014,21
with_subs,ALCATEL LUCENT,ALU,29487,2015,8
with_subs,ALCATEL LUCENT,ALU,29487,2016,11
with_subs,ALCATEL LUCENT,ALU,29487,2017,8
with_subs,ALCATEL LUCENT,ALU,29487,2018,1
with_subs,ALCON INC,ALC,42936,2012,1
with_subs,ALCON INC,ALC,42936,2013,1
with_subs,ALCON INC,ALC,42936,2018,1
with_subs,ALCON INC,ALC,42936,2019,1
with_subs,ALCON INC,ALC,42936,2020,17
with_subs,ALCON INC,ALC,42936,2021,6
with_subs,ALCON INC,ALC,42936,2022,7
with_subs,ALCON INC,ALC,42936,2023,22
with_subs,ALCON INC,ALC,42936,2024,10
with_subs,ALCON INC,ALC,42936,2025,10
with_subs,ALIGN TECHNOLOGY INC,ALGN,41154,2010,1
with_subs,ALIGN TECHNOLOGY INC,ALGN,41154,2013,1
with_subs,ALIGN TECHNOLOGY INC,ALGN,41154,2015,4
with_subs,ALIGN TECHNOLOGY INC,ALGN,41154,2016,4
with_subs,ALIGN TECHNOLOGY INC,ALGN,41154,2017,6
with_subs,ALIGN TECHNOLOGY INC,ALGN,41154,2018,10
with_subs,ALIGN TECHNOLOGY INC,ALGN,41154,2019,16
with_subs,ALIGN TECHNOLOGY INC,ALGN,41154,2020,26
with_subs,ALIGN TECHNOLOGY INC,ALGN,41154,2021,28
with_subs,ALIGN TECHNOLOGY INC,ALGN,41154,2022,17
with_subs,ALIGN TECHNOLOGY INC,ALGN,41154,2023,41
with_subs,ALIGN TECHNOLOGY INC,ALGN,41154,2024,45
with_subs,ALIGN TECHNOLOGY INC,ALGN,41154,2025,24
with_subs,ALLSTATE CORP,ALL,29870,2015,2
with_subs,ALLSTATE CORP,ALL,29870,2016,9
with_subs,ALLSTATE CORP,ALL,29870,2017,11
with_subs,ALLSTATE CORP,ALL,29870,2018,31
with_subs,ALLSTATE CORP,ALL,29870,2019,26
with_subs,ALLSTATE CORP,ALL,29870,2020,33
with_subs,ALLSTATE CORP,ALL,29870,2021,33
with_subs,ALLSTATE CORP,ALL,29870,2022,46
with_subs,ALLSTATE CORP,ALL,29870,2023,52
with_subs,ALLSTATE CORP,ALL,29870,2024,52
with_subs,ALLSTATE CORP,ALL,29870,2025,17
with_subs,ALPHABET INC,GOOGL,45483,2010,105
with_subs,ALPHABET INC,GOOGL,45483,2011,266
with_subs,ALPHABET INC,GOOGL,45483,2012,401
with_subs,ALPHABET INC,GOOGL,45483,2013,641
with_subs,ALPHABET INC,GOOGL,45483,2014,528
with_subs,ALPHABET INC,GOOGL,45483,2015,550
with_subs,ALPHABET INC,GOOGL,45483,2016,765
with_subs,ALPHABET INC,GOOGL,45483,2017,836
with_subs,ALPHABET INC,GOOGL,45483,2018,726
with_subs,ALPHABET INC,GOOGL,45483,2019,1117
with_subs,ALPHABET INC,GOOGL,45483,2020,1219
with_subs,ALPHABET INC,GOOGL,45483,2021,1139
with_subs,ALPHABET INC,GOOGL,45483,2022,1186
with_subs,ALPHABET INC,GOOGL,45483,2023,1377
with_subs,ALPHABET INC,GOOGL,45483,2024,1222
with_subs,ALPHABET INC,GOOGL,45483,2025,560
with_subs,ALTAIR ENGINEERING INC,ALTR,56117,2015,1
with_subs,ALTAIR ENGINEERING INC,ALTR,56117,2016,1
with_subs,ALTAIR ENGINEERING INC,ALTR,56117,2017,1
with_subs,ALTAIR ENGINEERING INC,ALTR,56117,2018,1
with_subs,ALTAIR ENGINEERING INC,ALTR,56117,2019,1
with_subs,ALTAIR ENGINEERING INC,ALTR,56117,2021,3
with_subs,ALTAIR ENGINEERING INC,ALTR,56117,2022,2
with_subs,AMAZON COM INC,AMZN,15473,2010,1
with_subs,AMAZON COM INC,AMZN,15473,2011,3
with_subs,AMAZON COM INC,AMZN,15473,2012,14
with_subs,AMAZON COM INC,AMZN,15473,2013,45
with_subs,AMAZON COM INC,AMZN,15473,2014,126
with_subs,AMAZON COM INC,AMZN,15473,2015,109
with_subs,AMAZON COM INC,AMZN,15473,2016,114
with_subs,AMAZON COM INC,AMZN,15473,2017,145
with_subs,AMAZON COM INC,AMZN,15473,2018,122
with_subs,AMAZON COM INC,AMZN,15473,2019,169
with_subs,AMAZON COM INC,AMZN,15473,2020,224
with_subs,AMAZON COM INC,AMZN,15473,2021,161
with_subs,AMAZON COM INC,AMZN,15473,2022,182
with_subs,AMAZON COM INC,AMZN,15473,2023,200
with_subs,AMAZON COM INC,AMZN,15473,2024,166
with_subs,AMAZON COM INC,AMZN,15473,2025,73
with_subs,AMER SPORTS INC,AS,59796,2018,1
with_subs,AMER SPORTS INC,AS,59796,2019,2
with_subs,AMERICAN EXPRESS CO,AXP,90,2010,13
with_subs,AMERICAN EXPRESS CO,AXP,90,2011,10
with_subs,AMERICAN EXPRESS CO,AXP,90,2012,12
with_subs,AMERICAN EXPRESS CO,AXP,90,2013,5
with_subs,AMERICAN EXPRESS CO,AXP,90,2014,17
with_subs,AMERICAN EXPRESS CO,AXP,90,2015,11
with_subs,AMERICAN EXPRESS CO,AXP,90,2016,25
with_subs,AMERICAN EXPRESS CO,AXP,90,2017,14
with_subs,AMERICAN EXPRESS CO,AXP,90,2018,22
with_subs,AMERICAN EXPRESS CO,AXP,90,2019,17
with_subs,AMERICAN EXPRESS CO,AXP,90,2020,2
with_subs,AMERICAN EXPRESS CO,AXP,90,2021,4
with_subs,AMERICAN EXPRESS CO,AXP,90,2022,17
with_subs,AMERICAN EXPRESS CO,AXP,90,2023,48
with_subs,AMERICAN EXPRESS CO,AXP,90,2024,26
with_subs,AMERICAN EXPRESS CO,AXP,90,2025,8
with_subs,AMERICAN SUPERCONDUCTOR CORP,AMSC,11248,2019,2
with_subs,AMGEN INC,AMGN,216,2013,1
with_subs,AMGEN INC,AMGN,216,2015,1
with_subs,AMGEN INC,AMGN,216,2017,2
with_subs,AMGEN INC,AMGN,216,2018,1
with_subs,AMGEN INC,AMGN,216,2019,6
with_subs,AMGEN INC,AMGN,216,2020,5
with_subs,AMGEN INC,AMGN,216,2021,9
with_subs,AMGEN INC,AMGN,216,2022,5
with_subs,AMGEN INC,AMGN,216,2023,7
with_subs,AMGEN INC,AMGN,216,2024,3
with_subs,AMGEN INC,AMGN,216,2025,3
with_subs,ANSYS INC,ANSS,14744,2019,4
with_subs,ANSYS INC,ANSS,14744,2020,4
with_subs,ANSYS INC,ANSS,14744,2022,5
with_subs,ANSYS INC,ANSS,14744,2023,1
with_subs,ANSYS INC,ANSS,14744,2024,5
with_subs,ANSYS INC,ANSS,14744,2025,1
with_subs,ANTHEM INC,ANTM,42273,2012,2
with_subs,ANTHEM INC,ANTM,42273,2013,1
with_subs,ANTHEM INC,ANTM,42273,2021,2
with_subs,ANTHEM INC,ANTM,42273,2022,2
with_subs,ANTHEM INC,ANTM,42273,2024,7
with_subs,ANTHEM INC,ANTM,42273,2025,6
with_subs,APPLE INC,AAPL,7,2010,45
with_subs,APPLE INC,AAPL,7,2011,46
with_subs,APPLE INC,AAPL,7,2012,93
with_subs,APPLE INC,AAPL,7,2013,156
with_subs,APPLE INC,AAPL,7,2014,169
with_subs,APPLE INC,AAPL,7,2015,201
with_subs,APPLE INC,AAPL,7,2016,220
with_subs,APPLE INC,AAPL,7,2017,208
with_subs,APPLE INC,AAPL,7,2018,279
with_subs,APPLE INC,AAPL,7,2019,283
with_subs,APPLE INC,AAPL,7,2020,308
with_subs,APPLE INC,AAPL,7,2021,300
with_subs,APPLE INC,AAPL,7,2022,347
with_subs,APPLE INC,AAPL,7,2023,413
with_subs,APPLE INC,AAPL,7,2024,347
with_subs,APPLE INC,AAPL,7,2025,292
with_subs,APPLIED MATERIALS INC,AMAT,194,2010,2
with_subs,APPLIED MATERIALS INC,AMAT,194,2011,1
with_subs,APPLIED MATERIALS INC,AMAT,194,2012,3
with_subs,APPLIED MATERIALS INC,AMAT,194,2013,5
with_subs,APPLIED MATERIALS INC,AMAT,194,2014,10
with_subs,APPLIED MATERIALS INC,AMAT,194,2015,7
with_subs,APPLIED MATERIALS INC,AMAT,194,2016,9
with_subs,APPLIED MATERIALS INC,AMAT,194,2017,15
with_subs,APPLIED MATERIALS INC,AMAT,194,2018,16
with_subs,APPLIED MATERIALS INC,AMAT,194,2019,31
with_subs,APPLIED MATERIALS INC,AMAT,194,2020,55
with_subs,APPLIED MATERIALS INC,AMAT,194,2021,71
with_subs,APPLIED MATERIALS INC,AMAT,194,2022,100
with_subs,APPLIED MATERIALS INC,AMAT,194,2023,83
with_subs,APPLIED MATERIALS INC,AMAT,194,2024,67
with_subs,APPLIED MATERIALS INC,AMAT,194,2025,23
with_subs,APTIV PLC,APTV,53927,2010,5
with_subs,APTIV PLC,APTV,53927,2011,2
with_subs,APTIV PLC,APTV,53927,2012,5
with_subs,APTIV PLC,APTV,53927,2013,3
with_subs,APTIV PLC,APTV,53927,2014,5
with_subs,APTIV PLC,APTV,53927,2015,27
with_subs,APTIV PLC,APTV,53927,2016,57
with_subs,APTIV PLC,APTV,53927,2017,58
with_subs,APTIV PLC,APTV,53927,2018,52
with_subs,APTIV PLC,APTV,53927,2019,66
with_subs,APTIV PLC,APTV,53927,2020,70
with_subs,APTIV PLC,APTV,53927,2021,81
with_subs,APTIV PLC,APTV,53927,2022,98
with_subs,APTIV PLC,APTV,53927,2023,73
with_subs,APTIV PLC,APTV,53927,2024,49
with_subs,APTIV PLC,APTV,53927,2025,9
with_subs,ASTRAZENECA PLC,AZN,29908,2019,1
with_subs,ASTRAZENECA PLC,AZN,29908,2021,3
with_subs,ASTRAZENECA PLC,AZN,29908,2022,3
with_subs,ASTRAZENECA PLC,AZN,29908,2023,3
with_subs,ATMEL CORP,ATML,10860,2010,1
with_subs,ATMEL CORP,ATML,10860,2018,1
with_subs,ATMEL CORP,ATML,10860,2020,1
with_subs,AUTODESK INC,ADSK,7623,2010,2
with_subs,AUTODESK INC,ADSK,7623,2011,1
with_subs,AUTODESK INC,ADSK,7623,2012,4
with_subs,AUTODESK INC,ADSK,7623,2013,5
with_subs,AUTODESK INC,ADSK,7623,2014,10
with_subs,AUTODESK INC,ADSK,7623,2015,8
with_subs,AUTODESK INC,ADSK,7623,2016,17
with_subs,AUTODESK INC,ADSK,7623,2017,9
with_subs,AUTODESK INC,ADSK,7623,2018,19
with_subs,AUTODESK INC,ADSK,7623,2019,26
with_subs,AUTODESK INC,ADSK,7623,2020,21
with_subs,AUTODESK INC,ADSK,7623,2021,24
with_subs,AUTODESK INC,ADSK,7623,2022,18
with_subs,AUTODESK INC,ADSK,7623,2023,19
with_subs,AUTODESK INC,ADSK,7623,2024,41
with_subs,AUTODESK INC,ADSK,7623,2025,20
with_subs,AUTOLIV INC,ALV,31946,2010,3
with_subs,AUTOLIV INC,ALV,31946,2012,3
with_subs,AUTOLIV INC,ALV,31946,2014,1
with_subs,AUTOLIV INC,ALV,31946,2015,1
with_subs,AUTOLIV INC,ALV,31946,2016,9
with_subs,AUTOLIV INC,ALV,31946,2017,1
with_subs,AUTOLIV INC,ALV,31946,2018,1
with_subs,AWARE INC,AWRE,14889,2010,2
with_subs,AWARE INC,AWRE,14889,2011,5
with_subs,AWARE INC,AWRE,14889,2013,5
with_subs,AWARE INC,AWRE,14889,2014,3
with_subs,AWARE INC,AWRE,14889,2015,3
with_subs,AWARE INC,AWRE,14889,2016,5
with_subs,AWARE INC,AWRE,14889,2017,12
with_subs,AWARE INC,AWRE,14889,2018,7
with_subs,AWARE INC,AWRE,14889,2019,10
with_subs,AWARE INC,AWRE,14889,2020,7
with_subs,AWARE INC,AWRE,14889,2021,6
with_subs,AWARE INC,AWRE,14889,2022,2
with_subs,AWARE INC,AWRE,14889,2023,3
with_subs,AWARE INC,AWRE,14889,2024,2
with_subs,AWARE INC,AWRE,14889,2025,3
with_subs,BAIDU INC,BIDU,47204,2012,4
with_subs,BAIDU INC,BIDU,47204,2013,5
with_subs,BAIDU INC,BIDU,47204,2014,54
with_subs,BAIDU INC,BIDU,47204,2015,69
with_subs,BAIDU INC,BIDU,47204,2016,131
with_subs,BAIDU INC,BIDU,47204,2017,138
with_subs,BAIDU INC,BIDU,47204,2018,339
with_subs,BAIDU INC,BIDU,47204,2019,449
with_subs,BAIDU INC,BIDU,47204,2020,253
with_subs,BAIDU INC,BIDU,47204,2021,94
with_subs,BAIDU INC,BIDU,47204,2022,39
with_subs,BAIDU INC,BIDU,47204,2023,4
with_subs,BAIDU INC,BIDU,47204,2024,10
with_subs,BAIDU INC,BIDU,47204,2025,4
with_subs,BAKER HUGHES INC,BHI,20253,2011,2
with_subs,BAKER HUGHES INC,BHI,20253,2013,5
with_subs,BAKER HUGHES INC,BHI,20253,2015,1
with_subs,BAKER HUGHES INC,BHI,20253,2016,4
with_subs,BAKER HUGHES INC,BHI,20253,2017,1
with_subs,BAKER HUGHES INC,BHI,20253,2018,8
with_subs,BAKER HUGHES INC,BHI,20253,2019,13
with_subs,BAKER HUGHES INC,BHI,20253,2020,15
with_subs,BAKER HUGHES INC,BHI,20253,2021,18
with_subs,BAKER HUGHES INC,BHI,20253,2022,13
with_subs,BAKER HUGHES INC,BHI,20253,2023,13
with_subs,BAKER HUGHES INC,BHI,20253,2024,4
with_subs,BANCO BILBAO VIZCAYA ARGENTARIA,BBVA,21963,2016,1
with_subs,BANCO BILBAO VIZCAYA ARGENTARIA,BBVA,21963,2020,1
with_subs,BANCO BILBAO VIZCAYA ARGENTARIA,BBVA,21963,2021,1
with_subs,BANK OF NEW YORK MELLON CORP,BK,20265,2017,2
with_subs,BANK OF NEW YORK MELLON CORP,BK,20265,2018,3
with_subs,BANK OF NEW YORK MELLON CORP,BK,20265,2020,2
with_subs,BANK OF NEW YORK MELLON CORP,BK,20265,2021,12
with_subs,BANK OF NEW YORK MELLON CORP,BK,20265,2022,12
with_subs,BANK OF NEW YORK MELLON CORP,BK,20265,2023,6
with_subs,BANK OF NEW YORK MELLON CORP,BK,20265,2024,14
with_subs,BANK OF NEW YORK MELLON CORP,BK,20265,2025,4
with_subs,BARCLAYS PLC,BCS,20269,2013,3
with_subs,BARCLAYS PLC,BCS,20269,2014,1
with_subs,BARCLAYS PLC,BCS,20269,2019,1
with_subs,BARCLAYS PLC,BCS,20269,2024,2
with_subs,BARCLAYS PLC,BCS,20269,2025,3
with_subs,BENTLEY SYSTEMS INC,BSY,57336,2016,1
with_subs,BENTLEY SYSTEMS INC,BSY,57336,2018,1
with_subs,BENTLEY SYSTEMS INC,BSY,57336,2019,3
with_subs,BENTLEY SYSTEMS INC,BSY,57336,2020,6
with_subs,BENTLEY SYSTEMS INC,BSY,57336,2021,2
with_subs,BENTLEY SYSTEMS INC,BSY,57336,2022,6
with_subs,BENTLEY SYSTEMS INC,BSY,57336,2023,2
with_subs,BENTLEY SYSTEMS INC,BSY,57336,2024,1
with_subs,BENTLEY SYSTEMS INC,BSY,57336,2025,1
with_subs,BIOGEN INC,BIIB,11112,2012,1
with_subs,BIOGEN INC,BIIB,11112,2014,1
with_subs,BIOGEN INC,BIIB,11112,2015,1
with_subs,BIOGEN INC,BIIB,11112,2023,1
with_subs,BLACKBERRY LTD,BB,16396,2010,41
with_subs,BLACKBERRY LTD,BB,16396,2011,63
with_subs,BLACKBERRY LTD,BB,16396,2012,72
with_subs,BLACKBERRY LTD,BB,16396,2013,63
with_subs,BLACKBERRY LTD,BB,16396,2014,26
with_subs,BLACKBERRY LTD,BB,16396,2015,16
with_subs,BLACKBERRY LTD,BB,16396,2016,25
with_subs,BLACKBERRY LTD,BB,16396,2017,24
with_subs,BLACKBERRY LTD,BB,16396,2018,18
with_subs,BLACKBERRY LTD,BB,16396,2019,20
with_subs,BLACKBERRY LTD,BB,16396,2020,14
with_subs,BLACKBERRY LTD,BB,16396,2021,14
with_subs,BLACKBERRY LTD,BB,16396,2022,14
with_subs,BLACKBERRY LTD,BB,16396,2023,11
with_subs,BLACKBERRY LTD,BB,16396,2024,8
with_subs,BLACKBERRY LTD,BB,16396,2025,2
with_subs,BLACKROCK INC,BLK,36336,2022,3
with_subs,BLACKROCK INC,BLK,36336,2024,1
with_subs,BOEING CO,BA,20315,2010,16
with_subs,BOEING CO,BA,20315,2011,25
with_subs,BOEING CO,BA,20315,2012,33
with_subs,BOEING CO,BA,20315,2013,51
with_subs,BOEING CO,BA,20315,2014,72
with_subs,BOEING CO,BA,20315,2015,78
with_subs,BOEING CO,BA,20315,2016,94
with_subs,BOEING CO,BA,20315,2017,104
with_subs,BOEING CO,BA,20315,2018,124
with_subs,BOEING CO,BA,20315,2019,138
with_subs,BOEING CO,BA,20315,2020,81
with_subs,BOEING CO,BA,20315,2021,118
with_subs,BOEING CO,BA,20315,2022,115
with_subs,BOEING CO,BA,20315,2023,105
with_subs,BOEING CO,BA,20315,2024,105
with_subs,BOEING CO,BA,20315,2025,17
with_subs,BOSTON SCIENTIFIC CORP,BSX,29489,2012,8
with_subs,BOSTON SCIENTIFIC CORP,BSX,29489,2013,1
with_subs,BOSTON SCIENTIFIC CORP,BSX,29489,2014,1
with_subs,BOSTON SCIENTIFIC CORP,BSX,29489,2015,5
with_subs,BOSTON SCIENTIFIC CORP,BSX,29489,2016,7
with_subs,BOSTON SCIENTIFIC CORP,BSX,29489,2017,6
with_subs,BOSTON SCIENTIFIC CORP,BSX,29489,2018,8
with_subs,BOSTON SCIENTIFIC CORP,BSX,29489,2019,6
with_subs,BOSTON SCIENTIFIC CORP,BSX,29489,2020,12
with_subs,BOSTON SCIENTIFIC CORP,BSX,29489,2021,5
with_subs,BOSTON SCIENTIFIC CORP,BSX,29489,2022,16
with_subs,BOSTON SCIENTIFIC CORP,BSX,29489,2023,21
with_subs,BOSTON SCIENTIFIC CORP,BSX,29489,2024,26
with_subs,BOSTON SCIENTIFIC CORP,BSX,29489,2025,14
with_subs,BRADY CORP,BRC,7113,2024,1
with_subs,BROADCOM CORP,BRCM,16056,2010,5
with_subs,BROADCOM CORP,BRCM,16056,2011,2
with_subs,BROADCOM CORP,BRCM,16056,2012,6
with_subs,BROADCOM CORP,BRCM,16056,2013,16
with_subs,BROADCOM CORP,BRCM,16056,2014,4
with_subs,BROADCOM CORP,BRCM,16056,2015,5
with_subs,BROADCOM CORP,BRCM,16056,2016,1
with_subs,BROADCOM INC,AVGO,53196,2010,1
with_subs,BROADCOM INC,AVGO,53196,2011,2
with_subs,BROADCOM INC,AVGO,53196,2013,1
with_subs,BROADCOM INC,AVGO,53196,2014,3
with_subs,BROADCOM INC,AVGO,53196,2015,8
with_subs,BROADCOM INC,AVGO,53196,2016,1
with_subs,BROADCOM INC,AVGO,53196,2018,3
with_subs,BROADCOM INC,AVGO,53196,2019,3
with_subs,BROADCOM INC,AVGO,53196,2021,5
with_subs,BROADCOM INC,AVGO,53196,2022,9
with_subs,BROADCOM INC,AVGO,53196,2023,6
with_subs,BROADCOM INC,AVGO,53196,2024,15
with_subs,BROADCOM INC,AVGO,53196,2025,6
with_subs,BRUKER CORP,BRKR,38406,2011,1
with_subs,BRUKER CORP,BRKR,38406,2013,1
with_subs,BRUKER CORP,BRKR,38406,2019,2
with_subs,BRUKER CORP,BRKR,38406,2020,4
with_subs,BRUKER CORP,BRKR,38406,2021,1
with_subs,BRUKER CORP,BRKR,38406,2022,1
with_subs,BRUKER CORP,BRKR,38406,2023,3
with_subs,BRUKER CORP,BRKR,38406,2024,3
with_subs,BRUKER CORP,BRKR,38406,2025,3
with_subs,BRUNSWICK CORP,BC,20344,2010,1
with_subs,BRUNSWICK CORP,BC,20344,2015,1
with_subs,BRUNSWICK CORP,BC,20344,2016,4
with_subs,BRUNSWICK CORP,BC,20344,2017,6
with_subs,BRUNSWICK CORP,BC,20344,2018,5
with_subs,BRUNSWICK CORP,BC,20344,2019,7
with_subs,BRUNSWICK CORP,BC,20344,2020,6
with_subs,BRUNSWICK CORP,BC,20344,2021,3
with_subs,BRUNSWICK CORP,BC,20344,2022,6
with_subs,BRUNSWICK CORP,BC,20344,2024,1
with_subs,BRUNSWICK CORP,BC,20344,2025,2
with_subs,CACI INTERNATIONAL INC,CACI,727,2019,6
with_subs,CACI INTERNATIONAL INC,CACI,727,2020,16
with_subs,CACI INTERNATIONAL INC,CACI,727,2021,10
with_subs,CACI INTERNATIONAL INC,CACI,727,2022,7
with_subs,CACI INTERNATIONAL INC,CACI,727,2023,1
with_subs,CADENCE DESIGN SYSTEMS INC,CDNS,9245,2024,1
with_subs,CANCER GENETICS INC,CGIX,54507,2014,1
with_subs,CANCER GENETICS INC,CGIX,54507,2015,1
with_subs,CANON INC,CAJ,748,2010,140
with_subs,CANON INC,CAJ,748,2011,99
with_subs,CANON INC,CAJ,748,2012,119
with_subs,CANON INC,CAJ,748,2013,159
with_subs,CANON INC,CAJ,748,2014,153
with_subs,CANON INC,CAJ,748,2015,222
with_subs,CANON INC,CAJ,748,2016,254
with_subs,CANON INC,CAJ,748,2017,243
with_subs,CANON INC,CAJ,748,2018,269
with_subs,CANON INC,CAJ,748,2019,286
with_subs,CANON INC,CAJ,748,2020,394
with_subs,CANON INC,CAJ,748,2021,376
with_subs,CANON INC,CAJ,748,2022,439
with_subs,CANON INC,CAJ,748,2023,452
with_subs,CANON INC,CAJ,748,2024,365
with_subs,CANON INC,CAJ,748,2025,268
with_subs,CARDINAL HEALTH INC,CAH,6262,2016,1
with_subs,CARDINAL HEALTH INC,CAH,6262,2018,1
with_subs,CARDINAL HEALTH INC,CAH,6262,2021,1
with_subs,CHINA MOBILE LTD,CHL,32104,2012,1
with_subs,CHINA MOBILE LTD,CHL,32104,2013,1
with_subs,CHINA MOBILE LTD,CHL,32104,2020,1
with_subs,CHINA MOBILE LTD,CHL,32104,2021,1
with_subs,CHINA MOBILE LTD,CHL,32104,2022,9
with_subs,CHINA MOBILE LTD,CHL,32104,2023,3
with_subs,CIENA CORP,CIEN,15321,2014,3
with_subs,CIENA CORP,CIEN,15321,2015,2
with_subs,CIENA CORP,CIEN,15321,2017,2
with_subs,CIENA CORP,CIEN,15321,2018,4
with_subs,CIENA CORP,CIEN,15321,2019,16
with_subs,CIENA CORP,CIEN,15321,2020,8
with_subs,CIENA CORP,CIEN,15321,2021,15
with_subs,CIENA CORP,CIEN,15321,2022,19
with_subs,CIENA CORP,CIEN,15321,2023,6
with_subs,CIENA CORP,CIEN,15321,2024,11
with_subs,CIENA CORP,CIEN,15321,2025,2
with_subs,CIRRUS LOGIC INC,CRUS,10210,2014,2
with_subs,CIRRUS LOGIC INC,CRUS,10210,2015,2
with_subs,CIRRUS LOGIC INC,CRUS,10210,2016,3
with_subs,CIRRUS LOGIC INC,CRUS,10210,2017,17
with_subs,CIRRUS LOGIC INC,CRUS,10210,2018,41
with_subs,CIRRUS LOGIC INC,CRUS,10210,2019,26
with_subs,CIRRUS LOGIC INC,CRUS,10210,2020,34
with_subs,CIRRUS LOGIC INC,CRUS,10210,2021,16
with_subs,CIRRUS LOGIC INC,CRUS,10210,2022,11
with_subs,CIRRUS LOGIC INC,CRUS,10210,2023,6
with_subs,CIRRUS LOGIC INC,CRUS,10210,2024,7
with_subs,CIRRUS LOGIC INC,CRUS,10210,2025,9
with_subs,CISCO SYSTEMS INC,CSCO,10486,2010,11
with_subs,CISCO SYSTEMS INC,CSCO,10486,2011,17
with_subs,CISCO SYSTEMS INC,CSCO,10486,2012,15
with_subs,CISCO SYSTEMS INC,CSCO,10486,2013,46
with_subs,CISCO SYSTEMS INC,CSCO,10486,2014,74
with_subs,CISCO SYSTEMS INC,CSCO,10486,2015,42
with_subs,CISCO SYSTEMS INC,CSCO,10486,2016,137
with_subs,CISCO SYSTEMS INC,CSCO,10486,2017,127
with_subs,CISCO SYSTEMS INC,CSCO,10486,2018,134
with_subs,CISCO SYSTEMS INC,CSCO,10486,2019,163
with_subs,CISCO SYSTEMS INC,CSCO,10486,2020,118
with_subs,CISCO SYSTEMS INC,CSCO,10486,2021,122
with_subs,CISCO SYSTEMS INC,CSCO,10486,2022,113
with_subs,CISCO SYSTEMS INC,CSCO,10486,2023,193
with_subs,CISCO SYSTEMS INC,CSCO,10486,2024,191
with_subs,CISCO SYSTEMS INC,CSCO,10486,2025,61
with_subs,CODEXIS INC,CDXS,53389,2011,2
with_subs,CODEXIS INC,CDXS,53389,2012,1
with_subs,CODEXIS INC,CDXS,53389,2014,6
with_subs,CODEXIS INC,CDXS,53389,2017,2
with_subs,CODEXIS INC,CDXS,53389,2019,1
with_subs,CODEXIS INC,CDXS,53389,2022,1
with_subs,CORNING INC,GLW,20523,2014,2
with_subs,CORNING INC,GLW,20523,2015,2
with_subs,CORNING INC,GLW,20523,2016,2
with_subs,CORNING INC,GLW,20523,2017,6
with_subs,CORNING INC,GLW,20523,2018,3
with_subs,CORNING INC,GLW,20523,2019,1
with_subs,CORNING INC,GLW,20523,2020,6
with_subs,CORNING INC,GLW,20523,2021,4
with_subs,CORNING INC,GLW,20523,2022,3
with_subs,CORNING INC,GLW,20523,2023,2
with_subs,CORNING INC,GLW,20523,2024,2
with_subs,CORNING INC,GLW,20523,2025,1
with_subs,CREDIT SUISSE GROUP,CS,42125,2014,1
with_subs,CUMMINS INC,CMI,20543,2010,1
with_subs,CUMMINS INC,CMI,20543,2011,1
with_subs,CUMMINS INC,CMI,20543,2012,2
with_subs,CUMMINS INC,CMI,20543,2013,1
with_subs,CUMMINS INC,CMI,20543,2014,2
with_subs,CUMMINS INC,CMI,20543,2015,6
with_subs,CUMMINS INC,CMI,20543,2016,2
with_subs,CUMMINS INC,CMI,20543,2017,7
with_subs,CUMMINS INC,CMI,20543,2018,10
with_subs,CUMMINS INC,CMI,20543,2019,9
with_subs,CUMMINS INC,CMI,20543,2020,10
with_subs,CUMMINS INC,CMI,20543,2021,9
with_subs,CUMMINS INC,CMI,20543,2022,13
with_subs,CUMMINS INC,CMI,20543,2023,10
with_subs,CUMMINS INC,CMI,20543,2024,4
with_subs,CUMMINS INC,CMI,20543,2025,4
with_subs,CYBEROPTICS CORP,CYBE,9632,2014,1
with_subs,CYBEROPTICS CORP,CYBE,9632,2019,3
with_subs,DANA INC,DAN,52956,2014,1
with_subs,DANA INC,DAN,52956,2017,2
with_subs,DANA INC,DAN,52956,2019,1
with_subs,DANA INC,DAN,52956,2022,1
with_subs,DANA INC,DAN,52956,2024,1
with_subs,DELL INC,DELL,9833,2010,4
with_subs,DELL INC,DELL,9833,2011,3
with_subs,DELL INC,DELL,9833,2012,5
with_subs,DELL INC,DELL,9833,2013,18
with_subs,DELL INC,DELL,9833,2014,15
with_subs,DELL INC,DELL,9833,2015,42
with_subs,DELL INC,DELL,9833,2016,55
with_subs,DELL INC,DELL,9833,2017,40
with_subs,DELL INC,DELL,9833,2018,76
with_subs,DELL INC,DELL,9833,2019,118
with_subs,DELL INC,DELL,9833,2020,159
with_subs,DELL INC,DELL,9833,2021,206
with_subs,DELL INC,DELL,9833,2022,485
with_subs,DELL INC,DELL,9833,2023,486
with_subs,DELL INC,DELL,9833,2024,412
with_subs,DELL INC,DELL,9833,2025,2
with_subs,DELTA AIR LINES INC,DAL,20569,2024,1
with_subs,DENTSPLY SIRONA INC,XRAY,9424,2015,1
with_subs,DENTSPLY SIRONA INC,XRAY,9424,2016,1
with_subs,DENTSPLY SIRONA INC,XRAY,9424,2018,1
with_subs,DENTSPLY SIRONA INC,XRAY,9424,2019,12
with_subs,DENTSPLY SIRONA INC,XRAY,9424,2020,7
with_subs,DENTSPLY SIRONA INC,XRAY,9424,2021,6
with_subs,DENTSPLY SIRONA INC,XRAY,9424,2022,8
with_subs,DENTSPLY SIRONA INC,XRAY,9424,2023,4
with_subs,DENTSPLY SIRONA INC,XRAY,9424,2024,3
with_subs,DENTSPLY SIRONA INC,XRAY,9424,2025,2
with_subs,DISCOVER FINANCIAL SERVICES,DFS,52396,2012,1
with_subs,DISCOVER FINANCIAL SERVICES,DFS,52396,2019,1
with_subs,DISCOVER FINANCIAL SERVICES,DFS,52396,2020,2
with_subs,DISCOVER FINANCIAL SERVICES,DFS,52396,2021,2
with_subs,DISCOVER FINANCIAL SERVICES,DFS,52396,2022,3
with_subs,DISCOVER FINANCIAL SERVICES,DFS,52396,2023,6
with_subs,DISCOVER FINANCIAL SERVICES,DFS,52396,2024,6
with_subs,DOW CHEMICAL CO,DOW,20597,2010,1
with_subs,DOW CHEMICAL CO,DOW,20597,2012,1
with_subs,DOW CHEMICAL CO,DOW,20597,2013,2
with_subs,DOW CHEMICAL CO,DOW,20597,2014,2
with_subs,DOW CHEMICAL CO,DOW,20597,2019,4
with_subs,DOW CHEMICAL CO,DOW,20597,2020,1
with_subs,DOW CHEMICAL CO,DOW,20597,2022,3
with_subs,DOW CHEMICAL CO,DOW,20597,2023,1
with_subs,EASTMAN CHEMICAL CO,EMN,30070,2015,7
with_subs,EASTMAN CHEMICAL CO,EMN,30070,2016,1
with_subs,EASTMAN CHEMICAL CO,EMN,30070,2017,3
with_subs,EASTMAN CHEMICAL CO,EMN,30070,2018,2
with_subs,EASTMAN CHEMICAL CO,EMN,30070,2022,1
with_subs,EATON CORP PLC,ETN,20627,2012,1
with_subs,EATON CORP PLC,ETN,20627,2013,2
with_subs,EATON CORP PLC,ETN,20627,2014,2
with_subs,EATON CORP PLC,ETN,20627,2016,2
with_subs,EATON CORP PLC,ETN,20627,2017,2
with_subs,EATON CORP PLC,ETN,20627,2018,7
with_subs,EATON CORP PLC,ETN,20627,2019,8
with_subs,EATON CORP PLC,ETN,20627,2020,8
with_subs,EATON CORP PLC,ETN,20627,2021,15
with_subs,EATON CORP PLC,ETN,20627,2022,8
with_subs,EATON CORP PLC,ETN,20627,2023,3
with_subs,EATON CORP PLC,ETN,20627,2024,4
with_subs,EATON CORP PLC,ETN,20627,2025,1
with_subs,EBAY INC,EBAY,16285,2010,24
with_subs,EBAY INC,EBAY,16285,2011,40
with_subs,EBAY INC,EBAY,16285,2012,70
with_subs,EBAY INC,EBAY,16285,2013,62
with_subs,EBAY INC,EBAY,16285,2014,101
with_subs,EBAY INC,EBAY,16285,2015,101
with_subs,EBAY INC,EBAY,16285,2016,117
with_subs,EBAY INC,EBAY,16285,2017,100
with_subs,EBAY INC,EBAY,16285,2018,98
with_subs,EBAY INC,EBAY,16285,2019,96
with_subs,EBAY INC,EBAY,16285,2020,91
with_subs,EBAY INC,EBAY,16285,2021,104
with_subs,EBAY INC,EBAY,16285,2022,63
with_subs,EBAY INC,EBAY,16285,2023,101
with_subs,EBAY INC,EBAY,16285,2024,74
with_subs,EBAY INC,EBAY,16285,2025,17
with_subs,ECOLAB INC,ECL,1467,2013,2
with_subs,ECOLAB INC,ECL,1467,2015,1
with_subs,ECOLAB INC,ECL,1467,2017,2
with_subs,ECOLAB INC,ECL,1467,2019,3
with_subs,ECOLAB INC,ECL,1467,2020,1
with_subs,ECOLAB INC,ECL,1467,2021,1
with_subs,ECOLAB INC,ECL,1467,2022,1
with_subs,ECOLAB INC,ECL,1467,2024,1
with_subs,ECOLAB INC,ECL,1467,2025,2
with_subs,EDWARDS LIFESCIENCES CORP,EW,36952,2010,1
with_subs,EDWARDS LIFESCIENCES CORP,EW,36952,2014,1
with_subs,EDWARDS LIFESCIENCES CORP,EW,36952,2015,1
with_subs,EDWARDS LIFESCIENCES CORP,EW,36952,2016,1
with_subs,EDWARDS LIFESCIENCES CORP,EW,36952,2017,2
with_subs,EDWARDS LIFESCIENCES CORP,EW,36952,2018,1
with_subs,EDWARDS LIFESCIENCES CORP,EW,36952,2020,2
with_subs,EDWARDS LIFESCIENCES CORP,EW,36952,2021,3
with_subs,EDWARDS LIFESCIENCES CORP,EW,36952,2022,1
with_subs,EDWARDS LIFESCIENCES CORP,EW,36952,2023,4
with_subs,EDWARDS LIFESCIENCES CORP,EW,36952,2024,8
with_subs,ELBIT SYSTEMS LTD,ESLT,15192,2010,1
with_subs,ELBIT SYSTEMS LTD,ESLT,15192,2011,1
with_subs,ELBIT SYSTEMS LTD,ESLT,15192,2012,1
with_subs,ELBIT SYSTEMS LTD,ESLT,15192,2013,2
with_subs,ELBIT SYSTEMS LTD,ESLT,15192,2014,4
with_subs,ELBIT SYSTEMS LTD,ESLT,15192,2015,3
with_subs,ELBIT SYSTEMS LTD,ESLT,15192,2016,4
with_subs,ELBIT SYSTEMS LTD,ESLT,15192,2017,2
with_subs,ELBIT SYSTEMS LTD,ESLT,15192,2018,5
with_subs,ELBIT SYSTEMS LTD,ESLT,15192,2019,3
with_subs,ELBIT SYSTEMS LTD,ESLT,15192,2020,2
with_subs,ELBIT SYSTEMS LTD,ESLT,15192,2021,5
with_subs,ELBIT SYSTEMS LTD,ESLT,15192,2022,2
with_subs,ELBIT SYSTEMS LTD,ESLT,15192,2023,5
with_subs,ELBIT SYSTEMS LTD,ESLT,15192,2024,3
with_subs,ELBIT SYSTEMS LTD,ESLT,15192,2025,1
with_subs,ELECTRONIC ARTS INC,EA,10303,2010,1
with_subs,ELECTRONIC ARTS INC,EA,10303,2011,1
with_subs,ELECTRONIC ARTS INC,EA,10303,2012,2
with_subs,ELECTRONIC ARTS INC,EA,10303,2013,1
with_subs,ELECTRONIC ARTS INC,EA,10303,2014,1
with_subs,ELECTRONIC ARTS INC,EA,10303,2015,2
with_subs,ELECTRONIC ARTS INC,EA,10303,2016,3
with_subs,ELECTRONIC ARTS INC,EA,10303,2017,6
with_subs,ELECTRONIC ARTS INC,EA,10303,2018,15
with_subs,ELECTRONIC ARTS INC,EA,10303,2019,31
with_subs,ELECTRONIC ARTS INC,EA,10303,2020,38
with_subs,ELECTRONIC ARTS INC,EA,10303,2021,27
with_subs,ELECTRONIC ARTS INC,EA,10303,2022,27
with_subs,ELECTRONIC ARTS INC,EA,10303,2023,22
with_subs,ELECTRONIC ARTS INC,EA,10303,2024,32
with_subs,ERICSSON,ERIC,1577,2010,18
with_subs,ERICSSON,ERIC,1577,2011,18
with_subs,ERICSSON,ERIC,1577,2012,24
with_subs,ERICSSON,ERIC,1577,2013,29
with_subs,ERICSSON,ERIC,1577,2014,21
with_subs,ERICSSON,ERIC,1577,2015,28
with_subs,ERICSSON,ERIC,1577,2016,37
with_subs,ERICSSON,ERIC,1577,2017,46
with_subs,ERICSSON,ERIC,1577,2018,70
with_subs,ERICSSON,ERIC,1577,2019,148
with_subs,ERICSSON,ERIC,1577,2020,173
with_subs,ERICSSON,ERIC,1577,2021,196
with_subs,ERICSSON,ERIC,1577,2022,136
with_subs,ERICSSON,ERIC,1577,2023,54
with_subs,ERICSSON,ERIC,1577,2024,7
with_subs,ERICSSON,ERIC,1577,2025,9
with_subs,ETSY INC,ETSY,55229,2011,1
with_subs,ETSY INC,ETSY,55229,2017,1
with_subs,ETSY INC,ETSY,55229,2019,2
with_subs,ETSY INC,ETSY,55229,2020,4
with_subs,ETSY INC,ETSY,55229,2021,4
with_subs,ETSY INC,ETSY,55229,2022,4
with_subs,ETSY INC,ETSY,55229,2023,4
with_subs,ETSY INC,ETSY,55229,2024,2
with_subs,ETSY INC,ETSY,55229,2025,1
with_subs,EXELIS INC,XLS,53890,2012,2
with_subs,EXELIS INC,XLS,53890,2013,1
with_subs,EXELIS INC,XLS,53890,2014,1
with_subs,EXELIS INC,XLS,53890,2015,1
with_subs,FACEBOOK INC,FB,54084,2010,6
with_subs,FACEBOOK INC,FB,54084,2012,51
with_subs,FACEBOOK INC,FB,54084,2013,102
with_subs,FACEBOOK INC,FB,54084,2014,221
with_subs,FACEBOOK INC,FB,54084,2015,281
with_subs,FACEBOOK INC,FB,54084,2016,388
with_subs,FACEBOOK INC,FB,54084,2017,476
with_subs,FACEBOOK INC,FB,54084,2018,166
with_subs,FACEBOOK INC,FB,54084,2019,173
with_subs,FACEBOOK INC,FB,54084,2020,155
with_subs,FACEBOOK INC,FB,54084,2021,167
with_subs,FACEBOOK INC,FB,54084,2022,212
with_subs,FACEBOOK INC,FB,54084,2023,171
with_subs,FACEBOOK INC,FB,54084,2024,115
with_subs,FACEBOOK INC,FB,54084,2025,83
with_subs,FIREEYE INC,FEYE,54556,2017,3
with_subs,FIREEYE INC,FEYE,54556,2019,1
with_subs,FIREEYE INC,FEYE,54556,2020,1
with_subs,FLEX LTD,FLEX,12930,2012,33
with_subs,FLEX LTD,FLEX,12930,2013,7
with_subs,FLEX LTD,FLEX,12930,2014,75
with_subs,FLEX LTD,FLEX,12930,2015,2
with_subs,FLEX LTD,FLEX,12930,2017,3
with_subs,FLEX LTD,FLEX,12930,2018,4
with_subs,FLEX LTD,FLEX,12930,2019,3
with_subs,FORTINET INC,FTNT,53286,2012,1
with_subs,FORTINET INC,FTNT,53286,2014,1
with_subs,FORTINET INC,FTNT,53286,2015,8
with_subs,FORTINET INC,FTNT,53286,2016,7
with_subs,FORTINET INC,FTNT,53286,2017,3
with_subs,FORTINET INC,FTNT,53286,2018,7
with_subs,FORTINET INC,FTNT,53286,2019,12
with_subs,FORTINET INC,FTNT,53286,2020,17
with_subs,FORTINET INC,FTNT,53286,2021,21
with_subs,FORTINET INC,FTNT,53286,2022,16
with_subs,FORTINET INC,FTNT,53286,2023,9
with_subs,FORTINET INC,FTNT,53286,2024,18
with_subs,FORTINET INC,FTNT,53286,2025,3
with_subs,GENERAL DYNAMICS CORP,GD,20791,2017,1
with_subs,GENERAL DYNAMICS CORP,GD,20791,2019,5
with_subs,GENERAL DYNAMICS CORP,GD,20791,2020,2
with_subs,GENERAL DYNAMICS CORP,GD,20791,2022,1
with_subs,GENERAL DYNAMICS CORP,GD,20791,2023,2
with_subs,GENERAL DYNAMICS CORP,GD,20791,2024,6
with_subs,GENERAL ELECTRIC CO,GE,20792,2010,17
with_subs,GENERAL ELECTRIC CO,GE,20792,2011,31
with_subs,GENERAL ELECTRIC CO,GE,20792,2012,47
with_subs,GENERAL ELECTRIC CO,GE,20792,2013,37
with_subs,GENERAL ELECTRIC CO,GE,20792,2014,60
with_subs,GENERAL ELECTRIC CO,GE,20792,2015,70
with_subs,GENERAL ELECTRIC CO,GE,20792,2016,122
with_subs,GENERAL ELECTRIC CO,GE,20792,2017,184
with_subs,GENERAL ELECTRIC CO,GE,20792,2018,183
with_subs,GENERAL ELECTRIC CO,GE,20792,2019,112
with_subs,GENERAL ELECTRIC CO,GE,20792,2020,62
with_subs,GENERAL ELECTRIC CO,GE,20792,2021,58
with_subs,GENERAL ELECTRIC CO,GE,20792,2022,28
with_subs,GENERAL ELECTRIC CO,GE,20792,2023,22
with_subs,GENERAL ELECTRIC CO,GE,20792,2024,19
with_subs,GENERAL ELECTRIC CO,GE,20792,2025,2
with_subs,GENERAL MOTORS CO,GM,53554,2010,7
with_subs,GENERAL MOTORS CO,GM,53554,2011,8
with_subs,GENERAL MOTORS CO,GM,53554,2012,4
with_subs,GENERAL MOTORS CO,GM,53554,2013,2
with_subs,GENERAL MOTORS CO,GM,53554,2014,7
with_subs,GENERAL MOTORS CO,GM,53554,2015,4
with_subs,GENERAL MOTORS CO,GM,53554,2016,5
with_subs,GENERAL MOTORS CO,GM,53554,2017,4
with_subs,GENERAL MOTORS CO,GM,53554,2018,9
with_subs,GENERAL MOTORS CO,GM,53554,2019,1
with_subs,GENERAL MOTORS CO,GM,53554,2020,3
with_subs,GENERAL MOTORS CO,GM,53554,2021,1
with_subs,GENPACT LTD,G,52708,2019,2
with_subs,GENPACT LTD,G,52708,2020,8
with_subs,GENPACT LTD,G,52708,2021,10
with_subs,GENPACT LTD,G,52708,2022,10
with_subs,GENPACT LTD,G,52708,2023,5
with_subs,GENPACT LTD,G,52708,2024,4
with_subs,GLAXOSMITHKLINE PLC,GSK,1973,2012,1
with_subs,GLAXOSMITHKLINE PLC,GSK,1973,2015,1
with_subs,GLAXOSMITHKLINE PLC,GSK,1973,2021,1
with_subs,GLAXOSMITHKLINE PLC,GSK,1973,2022,1
with_subs,GLAXOSMITHKLINE PLC,GSK,1973,2023,1
with_subs,GLOBALFOUNDRIES INC,GFS,58856,2012,1
with_subs,GLOBALFOUNDRIES INC,GFS,58856,2013,2
with_subs,GLOBALFOUNDRIES INC,GFS,58856,2014,2
with_subs,GLOBALFOUNDRIES INC,GFS,58856,2015,1
with_subs,GLOBALFOUNDRIES INC,GFS,58856,2016,4
with_subs,GLOBALFOUNDRIES INC,GFS,58856,2017,4
with_subs,GLOBALFOUNDRIES INC,GFS,58856,2018,2
with_subs,GLOBALFOUNDRIES INC,GFS,58856,2019,6
with_subs,GLOBALFOUNDRIES INC,GFS,58856,2020,1
with_subs,GLOBALFOUNDRIES INC,GFS,58856,2022,4
with_subs,GLOBALFOUNDRIES INC,GFS,58856,2023,2
with_subs,GLOBALFOUNDRIES INC,GFS,58856,2024,3
with_subs,GOPRO INC,GPRO,54888,2014,8
with_subs,GOPRO INC,GPRO,54888,2015,12
with_subs,GOPRO INC,GPRO,54888,2016,27
with_subs,GOPRO INC,GPRO,54888,2017,27
with_subs,GOPRO INC,GPRO,54888,2018,33
with_subs,GOPRO INC,GPRO,54888,2019,39
with_subs,GOPRO INC,GPRO,54888,2020,34
with_subs,GOPRO INC,GPRO,54888,2021,33
with_subs,GOPRO INC,GPRO,54888,2022,25
with_subs,GOPRO INC,GPRO,54888,2023,24
with_subs,GOPRO INC,GPRO,54888,2024,11
with_subs,GOPRO INC,GPRO,54888,2025,6
with_subs,HEARTFLOW INC,HTFL,60422,2011,13
with_subs,HEARTFLOW INC,HTFL,60422,2012,4
with_subs,HEARTFLOW INC,HTFL,60422,2013,6
with_subs,HEARTFLOW INC,HTFL,60422,2014,27
with_subs,HEARTFLOW INC,HTFL,60422,2015,31
with_subs,HEARTFLOW INC,HTFL,60422,2016,32
with_subs,HEARTFLOW INC,HTFL,60422,2017,16
with_subs,HEARTFLOW INC,HTFL,60422,2018,9
with_subs,HEARTFLOW INC,HTFL,60422,2019,7
with_subs,HEARTFLOW INC,HTFL,60422,2020,8
with_subs,HEARTFLOW INC,HTFL,60422,2021,10
with_subs,HEARTFLOW INC,HTFL,60422,2022,9
with_subs,HEARTFLOW INC,HTFL,60422,2023,11
with_subs,HEARTFLOW INC,HTFL,60422,2024,5
with_subs,HEARTFLOW INC,HTFL,60422,2025,5
with_subs,HESS CORP,HES,20064,2022,1
with_subs,HEWLETT PACKARD ENTERPRISE CO,HPE,55421,2013,27
with_subs,HEWLETT PACKARD ENTERPRISE CO,HPE,55421,2014,81
with_subs,HEWLETT PACKARD ENTERPRISE CO,HPE,55421,2015,49
with_subs,HEWLETT PACKARD ENTERPRISE CO,HPE,55421,2016,60
with_subs,HEWLETT PACKARD ENTERPRISE CO,HPE,55421,2017,31
with_subs,HEWLETT PACKARD ENTERPRISE CO,HPE,55421,2018,73
with_subs,HEWLETT PACKARD ENTERPRISE CO,HPE,55421,2019,71
with_subs,HEWLETT PACKARD ENTERPRISE CO,HPE,55421,2020,65
with_subs,HEWLETT PACKARD ENTERPRISE CO,HPE,55421,2021,74
with_subs,HEWLETT PACKARD ENTERPRISE CO,HPE,55421,2022,53
with_subs,HEWLETT PACKARD ENTERPRISE CO,HPE,55421,2023,62
with_subs,HEWLETT PACKARD ENTERPRISE CO,HPE,55421,2024,66
with_subs,HEWLETT PACKARD ENTERPRISE CO,HPE,55421,2025,5
with_subs,HITACHI LTD,HIT,2153,2010,50
with_subs,HITACHI LTD,HIT,2153,2011,73
with_subs,HITACHI LTD,HIT,2153,2012,77
with_subs,HITACHI LTD,HIT,2153,2013,122
with_subs,HITACHI LTD,HIT,2153,2014,114
with_subs,HITACHI LTD,HIT,2153,2015,155
with_subs,HITACHI LTD,HIT,2153,2016,118
with_subs,HITACHI LTD,HIT,2153,2017,139
with_subs,HITACHI LTD,HIT,2153,2018,206
with_subs,HITACHI LTD,HIT,2153,2019,268
with_subs,HITACHI LTD,HIT,2153,2020,282
with_subs,HITACHI LTD,HIT,2153,2021,246
with_subs,HITACHI LTD,HIT,2153,2022,269
with_subs,HITACHI LTD,HIT,2153,2023,139
with_subs,HITACHI LTD,HIT,2153,2024,78
with_subs,HITACHI LTD,HIT,2153,2025,47
with_subs,HOLOGIC INC,HOLX,10504,2011,1
with_subs,HOLOGIC INC,HOLX,10504,2012,2
with_subs,HOLOGIC INC,HOLX,10504,2013,1
with_subs,HOLOGIC INC,HOLX,10504,2014,3
with_subs,HOLOGIC INC,HOLX,10504,2015,3
with_subs,HOLOGIC INC,HOLX,10504,2016,1
with_subs,HOLOGIC INC,HOLX,10504,2017,4
with_subs,HOLOGIC INC,HOLX,10504,2018,4
with_subs,HOLOGIC INC,HOLX,10504,2019,6
with_subs,HOLOGIC INC,HOLX,10504,2020,6
with_subs,HOLOGIC INC,HOLX,10504,2021,13
with_subs,HOLOGIC INC,HOLX,10504,2022,6
with_subs,HOLOGIC INC,HOLX,10504,2023,5
with_subs,HOLOGIC INC,HOLX,10504,2024,9
with_subs,HOLOGIC INC,HOLX,10504,2025,6
with_subs,HOME DEPOT INC,HD,5085,2017,2
with_subs,HOME DEPOT INC,HD,5085,2018,3
with_subs,HOME DEPOT INC,HD,5085,2019,2
with_subs,HOME DEPOT INC,HD,5085,2020,7
with_subs,HOME DEPOT INC,HD,5085,2021,10
with_subs,HOME DEPOT INC,HD,5085,2022,10
with_subs,HOME DEPOT INC,HD,5085,2023,12
with_subs,HOME DEPOT INC,HD,5085,2024,11
with_subs,HOME DEPOT INC,HD,5085,2025,2
with_subs,IAC INTERACTIVECORP,IAC,11901,2010,2
with_subs,IAC INTERACTIVECORP,IAC,11901,2011,1
with_subs,IAC INTERACTIVECORP,IAC,11901,2012,4
with_subs,IAC INTERACTIVECORP,IAC,11901,2013,5
with_subs,IAC INTERACTIVECORP,IAC,11901,2014,1
with_subs,IDEX CORP,IEX,22075,2010,3
with_subs,IDEX CORP,IEX,22075,2014,8
with_subs,IDEX CORP,IEX,22075,2015,7
with_subs,IDEX CORP,IEX,22075,2016,11
with_subs,IDEX CORP,IEX,22075,2017,8
with_subs,IDEX CORP,IEX,22075,2018,13
with_subs,IDEX CORP,IEX,22075,2019,2
with_subs,IDEX CORP,IEX,22075,2020,1
with_subs,II VI INC,IIVI,9558,2013,1
with_subs,II VI INC,IIVI,9558,2016,1
with_subs,II VI INC,IIVI,9558,2017,1
with_subs,II VI INC,IIVI,9558,2018,1
with_subs,II VI INC,IIVI,9558,2019,4
with_subs,II VI INC,IIVI,9558,2020,1
with_subs,II VI INC,IIVI,9558,2021,1
with_subs,II VI INC,IIVI,9558,2022,2
with_subs,II VI INC,IIVI,9558,2023,3
with_subs,II VI INC,IIVI,9558,2024,4
with_subs,ILLUMINA INC,ILMN,37938,2013,1
with_subs,ILLUMINA INC,ILMN,37938,2015,1
with_subs,ILLUMINA INC,ILMN,37938,2016,2
with_subs,ILLUMINA INC,ILMN,37938,2017,6
with_subs,ILLUMINA INC,ILMN,37938,2018,16
with_subs,ILLUMINA INC,ILMN,37938,2019,13
with_subs,ILLUMINA INC,ILMN,37938,2020,15
with_subs,ILLUMINA INC,ILMN,37938,2021,27
with_subs,ILLUMINA INC,ILMN,37938,2022,51
with_subs,ILLUMINA INC,ILMN,37938,2023,44
with_subs,ILLUMINA INC,ILMN,37938,2024,20
with_subs,ILLUMINA INC,ILMN,37938,2025,13
with_subs,INCYTE CORP,INCY,30033,2021,1
with_subs,INCYTE CORP,INCY,30033,2025,1
with_subs,INFINERA CORP,INFN,52376,2015,1
with_subs,INFINERA CORP,INFN,52376,2022,4
with_subs,INFOSYS LTD,INFY,16435,2010,11
with_subs,INFOSYS LTD,INFY,16435,2011,16
with_subs,INFOSYS LTD,INFY,16435,2012,10
with_subs,INFOSYS LTD,INFY,16435,2013,10
with_subs,INFOSYS LTD,INFY,16435,2014,17
with_subs,INFOSYS LTD,INFY,16435,2015,5
with_subs,INFOSYS LTD,INFY,16435,2016,2
with_subs,INFOSYS LTD,INFY,16435,2017,4
with_subs,INFOSYS LTD,INFY,16435,2018,1
with_subs,INFOSYS LTD,INFY,16435,2019,4
with_subs,INFOSYS LTD,INFY,16435,2020,1
with_subs,INFOSYS LTD,INFY,16435,2021,11
with_subs,INFOSYS LTD,INFY,16435,2022,12
with_subs,INFOSYS LTD,INFY,16435,2023,20
with_subs,INFOSYS LTD,INFY,16435,2024,26
with_subs,INFOSYS LTD,INFY,16435,2025,8
with_subs,INTEL CORP,INTC,2367,2010,2
with_subs,INTEL CORP,INTC,2367,2011,16
with_subs,INTEL CORP,INTC,2367,2012,19
with_subs,INTEL CORP,INTC,2367,2013,47
with_subs,INTEL CORP,INTC,2367,2014,86
with_subs,INTEL CORP,INTC,2367,2015,224
with_subs,INTEL CORP,INTC,2367,2016,290
with_subs,INTEL CORP,INTC,2367,2017,482
with_subs,INTEL CORP,INTC,2367,2018,410
with_subs,INTEL CORP,INTC,2367,2019,374
with_subs,INTEL CORP,INTC,2367,2020,453
with_subs,INTEL CORP,INTC,2367,2021,461
with_subs,INTEL CORP,INTC,2367,2022,371
with_subs,INTEL CORP,INTC,2367,2023,305
with_subs,INTEL CORP,INTC,2367,2024,261
with_subs,INTEL CORP,INTC,2367,2025,174
with_subs,INTERDIGITAL INC,IDCC,5184,2012,1
with_subs,INTERDIGITAL INC,IDCC,5184,2014,3
with_subs,INTERDIGITAL INC,IDCC,5184,2015,4
with_subs,INTERDIGITAL INC,IDCC,5184,2016,1
with_subs,INTERDIGITAL INC,IDCC,5184,2017,4
with_subs,INTERDIGITAL INC,IDCC,5184,2018,21
with_subs,INTERDIGITAL INC,IDCC,5184,2019,12
with_subs,INTERDIGITAL INC,IDCC,5184,2020,18
with_subs,INTERDIGITAL INC,IDCC,5184,2021,32
with_subs,INTERDIGITAL INC,IDCC,5184,2022,39
with_subs,INTERDIGITAL INC,IDCC,5184,2023,53
with_subs,INTERDIGITAL INC,IDCC,5184,2024,35
with_subs,INTERDIGITAL INC,IDCC,5184,2025,11
with_subs,INTERFACE INC,TILE,5925,2015,4
with_subs,INTERFACE INC,TILE,5925,2016,1
with_subs,INTERFACE INC,TILE,5925,2018,7
with_subs,INTERFACE INC,TILE,5925,2019,4
with_subs,INTERFACE INC,TILE,5925,2020,2
with_subs,INTERFACE INC,TILE,5925,2021,1
with_subs,INTERFACE INC,TILE,5925,2022,1
with_subs,INTERFACE INC,TILE,5925,2023,1
with_subs,INTUIT INC,INTU,12011,2010,5
with_subs,INTUIT INC,INTU,12011,2011,1
with_subs,INTUIT INC,INTU,12011,2012,2
with_subs,INTUIT INC,INTU,12011,2013,10
with_subs,INTUIT INC,INTU,12011,2014,11
with_subs,INTUIT INC,INTU,12011,2015,6
with_subs,INTUIT INC,INTU,12011,2016,37
with_subs,INTUIT INC,INTU,12011,2017,31
with_subs,INTUIT INC,INTU,12011,2018,25
with_subs,INTUIT INC,INTU,12011,2019,70
with_subs,INTUIT INC,INTU,12011,2020,120
with_subs,INTUIT INC,INTU,12011,2021,130
with_subs,INTUIT INC,INTU,12011,2022,82
with_subs,INTUIT INC,INTU,12011,2023,102
with_subs,INTUIT INC,INTU,12011,2024,178
with_subs,INTUIT INC,INTU,12011,2025,15
with_subs,INTUITIVE SURGICAL INC,ISRG,37727,2010,2
with_subs,INTUITIVE SURGICAL INC,ISRG,37727,2012,2
with_subs,INTUITIVE SURGICAL INC,ISRG,37727,2014,5
with_subs,INTUITIVE SURGICAL INC,ISRG,37727,2015,4
with_subs,INTUITIVE SURGICAL INC,ISRG,37727,2016,2
with_subs,INTUITIVE SURGICAL INC,ISRG,37727,2017,3
with_subs,INTUITIVE SURGICAL INC,ISRG,37727,2018,7
with_subs,INTUITIVE SURGICAL INC,ISRG,37727,2019,9
with_subs,INTUITIVE SURGICAL INC,ISRG,37727,2020,16
with_subs,INTUITIVE SURGICAL INC,ISRG,37727,2021,19
with_subs,INTUITIVE SURGICAL INC,ISRG,37727,2022,7
with_subs,INTUITIVE SURGICAL INC,ISRG,37727,2023,6
with_subs,INTUITIVE SURGICAL INC,ISRG,37727,2024,20
with_subs,INTUITIVE SURGICAL INC,ISRG,37727,2025,22
with_subs,INVITAE CORP,NVTA,55184,2013,1
with_subs,INVITAE CORP,NVTA,55184,2021,1
with_subs,INVITAE CORP,NVTA,55184,2022,5
with_subs,INVITAE CORP,NVTA,55184,2023,2
with_subs,IONQ INC,IONQ,57538,2018,1
with_subs,IONQ INC,IONQ,57538,2019,2
with_subs,IONQ INC,IONQ,57538,2020,3
with_subs,IONQ INC,IONQ,57538,2021,6
with_subs,IONQ INC,IONQ,57538,2022,3
with_subs,IONQ INC,IONQ,57538,2023,5
with_subs,IONQ INC,IONQ,57538,2024,4
with_subs,IONQ INC,IONQ,57538,2025,2
with_subs,IQIYI INC,IQ,56299,2017,2
with_subs,ITAMAR MEDICAL LTD,ITMR,56652,2022,2
with_subs,ITAMAR MEDICAL LTD,ITMR,56652,2023,1
with_subs,ITAMAR MEDICAL LTD,ITMR,56652,2024,2
with_subs,JOHNSON & JOHNSON,JNJ,21018,2010,1
with_subs,JOHNSON & JOHNSON,JNJ,21018,2012,1
with_subs,JOHNSON & JOHNSON,JNJ,21018,2013,2
with_subs,JOHNSON & JOHNSON,JNJ,21018,2014,2
with_subs,JOHNSON & JOHNSON,JNJ,21018,2016,2
with_subs,JOHNSON & JOHNSON,JNJ,21018,2017,1
with_subs,JOHNSON & JOHNSON,JNJ,21018,2018,3
with_subs,JOHNSON & JOHNSON,JNJ,21018,2019,1
with_subs,JOHNSON & JOHNSON,JNJ,21018,2020,2
with_subs,JOHNSON & JOHNSON,JNJ,21018,2021,6
with_subs,JOHNSON & JOHNSON,JNJ,21018,2022,5
with_subs,JOHNSON & JOHNSON,JNJ,21018,2023,7
with_subs,JOHNSON & JOHNSON,JNJ,21018,2024,8
with_subs,JOHNSON & JOHNSON,JNJ,21018,2025,3
with_subs,JOHNSON CONTROLS INC,JCI,21019,2010,2
with_subs,JOHNSON CONTROLS INC,JCI,21019,2012,2
with_subs,JOHNSON CONTROLS INC,JCI,21019,2013,6
with_subs,JOHNSON CONTROLS INC,JCI,21019,2014,4
with_subs,JOHNSON CONTROLS INC,JCI,21019,2015,8
with_subs,JOHNSON CONTROLS INC,JCI,21019,2016,26
with_subs,JOHNSON CONTROLS INC,JCI,21019,2017,11
with_subs,JOHNSON CONTROLS INC,JCI,21019,2018,62
with_subs,JOHNSON CONTROLS INC,JCI,21019,2019,77
with_subs,JOHNSON CONTROLS INC,JCI,21019,2020,60
with_subs,JOHNSON CONTROLS INC,JCI,21019,2021,72
with_subs,JOHNSON CONTROLS INC,JCI,21019,2022,69
with_subs,JOHNSON CONTROLS INC,JCI,21019,2023,68
with_subs,JOHNSON CONTROLS INC,JCI,21019,2024,17
with_subs,JOHNSON CONTROLS INC,JCI,21019,2025,1
with_subs,JPMORGAN CHASE & CO,JPM,20436,2010,1
with_subs,JPMORGAN CHASE & CO,JPM,20436,2012,1
with_subs,JPMORGAN CHASE & CO,JPM,20436,2013,4
with_subs,JPMORGAN CHASE & CO,JPM,20436,2014,3
with_subs,JPMORGAN CHASE & CO,JPM,20436,2015,2
with_subs,JPMORGAN CHASE & CO,JPM,20436,2016,6
with_subs,JPMORGAN CHASE & CO,JPM,20436,2017,14
with_subs,JPMORGAN CHASE & CO,JPM,20436,2018,39
with_subs,JPMORGAN CHASE & CO,JPM,20436,2019,50
with_subs,JPMORGAN CHASE & CO,JPM,20436,2020,69
with_subs,JPMORGAN CHASE & CO,JPM,20436,2021,118
with_subs,JPMORGAN CHASE & CO,JPM,20436,2022,122
with_subs,JPMORGAN CHASE & CO,JPM,20436,2023,193
with_subs,JPMORGAN CHASE & CO,JPM,20436,2024,105
with_subs,JPMORGAN CHASE & CO,JPM,20436,2025,26
with_subs,JUNIPER NETWORKS INC,JNPR,16614,2010,1
with_subs,JUNIPER NETWORKS INC,JNPR,16614,2011,3
with_subs,JUNIPER NETWORKS INC,JNPR,16614,2012,1
with_subs,JUNIPER NETWORKS INC,JNPR,16614,2013,3
with_subs,JUNIPER NETWORKS INC,JNPR,16614,2014,6
with_subs,JUNIPER NETWORKS INC,JNPR,16614,2015,4
with_subs,JUNIPER NETWORKS INC,JNPR,16614,2016,7
with_subs,JUNIPER NETWORKS INC,JNPR,16614,2017,7
with_subs,JUNIPER NETWORKS INC,JNPR,16614,2018,13
with_subs,JUNIPER NETWORKS INC,JNPR,16614,2019,15
with_subs,JUNIPER NETWORKS INC,JNPR,16614,2020,16
with_subs,JUNIPER NETWORKS INC,JNPR,16614,2021,24
with_subs,JUNIPER NETWORKS INC,JNPR,16614,2022,33
with_subs,JUNIPER NETWORKS INC,JNPR,16614,2023,35
with_subs,JUNIPER NETWORKS INC,JNPR,16614,2024,31
with_subs,JUNIPER NETWORKS INC,JNPR,16614,2025,17
with_subs,KEYSIGHT TECHNOLOGIES INC,KEYS,55033,2015,1
with_subs,KEYSIGHT TECHNOLOGIES INC,KEYS,55033,2016,1
with_subs,KEYSIGHT TECHNOLOGIES INC,KEYS,55033,2017,2
with_subs,KEYSIGHT TECHNOLOGIES INC,KEYS,55033,2019,1
with_subs,KEYSIGHT TECHNOLOGIES INC,KEYS,55033,2020,1
with_subs,KEYSIGHT TECHNOLOGIES INC,KEYS,55033,2021,4
with_subs,KEYSIGHT TECHNOLOGIES INC,KEYS,55033,2023,8
with_subs,KEYSIGHT TECHNOLOGIES INC,KEYS,55033,2024,6
with_subs,KEYSIGHT TECHNOLOGIES INC,KEYS,55033,2025,3
with_subs,KOREA ELECTRIC POWER CO,KEP,30497,2011,2
with_subs,KOREA ELECTRIC POWER CO,KEP,30497,2012,1
with_subs,KOREA ELECTRIC POWER CO,KEP,30497,2016,2
with_subs,KOREA ELECTRIC POWER CO,KEP,30497,2018,1
with_subs,KOREA ELECTRIC POWER CO,KEP,30497,2022,1
with_subs,LATTICE SEMICONDUCTOR CORP,LSCC,10359,2016,1
with_subs,LATTICE SEMICONDUCTOR CORP,LSCC,10359,2019,1
with_subs,LATTICE SEMICONDUCTOR CORP,LSCC,10359,2023,1
with_subs,LATTICE SEMICONDUCTOR CORP,LSCC,10359,2024,1
with_subs,LATTICE SEMICONDUCTOR CORP,LSCC,10359,2025,1
with_subs,LEAR CORP,LEA,30388,2013,1
with_subs,LEAR CORP,LEA,30388,2015,1
with_subs,LEAR CORP,LEA,30388,2016,1
with_subs,LEAR CORP,LEA,30388,2017,5
with_subs,LEAR CORP,LEA,30388,2018,3
with_subs,LEAR CORP,LEA,30388,2019,6
with_subs,LEAR CORP,LEA,30388,2020,6
with_subs,LEAR CORP,LEA,30388,2021,1
with_subs,LEAR CORP,LEA,30388,2022,1
with_subs,LEAR CORP,LEA,30388,2024,2
with_subs,LINDE PLC,LIN,56540,2018,1
with_subs,LINDE PLC,LIN,56540,2021,1
with_subs,LINDE PLC,LIN,56540,2022,1
with_subs,LINE CORP,LN,55609,2015,4
with_subs,LINE CORP,LN,55609,2016,8
with_subs,LINE CORP,LN,55609,2017,5
with_subs,LINE CORP,LN,55609,2018,6
with_subs,LINE CORP,LN,55609,2019,13
with_subs,LINE CORP,LN,55609,2020,17
with_subs,LINE CORP,LN,55609,2021,22
with_subs,LINE CORP,LN,55609,2022,16
with_subs,LINE CORP,LN,55609,2023,4
with_subs,LINE CORP,LN,55609,2024,2
with_subs,LINE CORP,LN,55609,2025,8
with_subs,LINKEDIN CORP,LNKD,53751,2011,3
with_subs,LINKEDIN CORP,LNKD,53751,2012,2
with_subs,LINKEDIN CORP,LNKD,53751,2013,24
with_subs,LINKEDIN CORP,LNKD,53751,2014,49
with_subs,LINKEDIN CORP,LNKD,53751,2015,120
with_subs,LINKEDIN CORP,LNKD,53751,2016,148
with_subs,LINKEDIN CORP,LNKD,53751,2017,62
with_subs,LINKEDIN CORP,LNKD,53751,2018,1
with_subs,LOCKHEED MARTIN CORP,LMT,21110,2010,11
with_subs,LOCKHEED MARTIN CORP,LMT,21110,2011,10
with_subs,LOCKHEED MARTIN CORP,LMT,21110,2012,15
with_subs,LOCKHEED MARTIN CORP,LMT,21110,2013,15
with_subs,LOCKHEED MARTIN CORP,LMT,21110,2014,9
with_subs,LOCKHEED MARTIN CORP,LMT,21110,2015,16
with_subs,LOCKHEED MARTIN CORP,LMT,21110,2016,17
with_subs,LOCKHEED MARTIN CORP,LMT,21110,2017,8
with_subs,LOCKHEED MARTIN CORP,LMT,21110,2018,6
with_subs,LOCKHEED MARTIN CORP,LMT,21110,2019,6
with_subs,LOCKHEED MARTIN CORP,LMT,21110,2020,4
with_subs,LOCKHEED MARTIN CORP,LMT,21110,2021,10
with_subs,LOCKHEED MARTIN CORP,LMT,21110,2022,13
with_subs,LOCKHEED MARTIN CORP,LMT,21110,2023,5
with_subs,LOCKHEED MARTIN CORP,LMT,21110,2024,7
with_subs,LYFT INC,LYFT,56673,2016,1
with_subs,LYFT INC,LYFT,56673,2017,20
with_subs,LYFT INC,LYFT,56673,2018,27
with_subs,LYFT INC,LYFT,56673,2019,69
with_subs,LYFT INC,LYFT,56673,2020,53
with_subs,LYFT INC,LYFT,56673,2021,15
with_subs,LYFT INC,LYFT,56673,2022,14
with_subs,LYFT INC,LYFT,56673,2023,13
with_subs,LYFT INC,LYFT,56673,2024,25
with_subs,LYFT INC,LYFT,56673,2025,21
with_subs,MASTERCARD INC,MA,50700,2012,1
with_subs,MASTERCARD INC,MA,50700,2013,11
with_subs,MASTERCARD INC,MA,50700,2014,18
with_subs,MASTERCARD INC,MA,50700,2015,28
with_subs,MASTERCARD INC,MA,50700,2016,58
with_subs,MASTERCARD INC,MA,50700,2017,59
with_subs,MASTERCARD INC,MA,50700,2018,42
with_subs,MASTERCARD INC,MA,50700,2019,43
with_subs,MASTERCARD INC,MA,50700,2020,44
with_subs,MASTERCARD INC,MA,50700,2021,70
with_subs,MASTERCARD INC,MA,50700,2022,46
with_subs,MASTERCARD INC,MA,50700,2023,51
with_subs,MASTERCARD INC,MA,50700,2024,55
with_subs,MASTERCARD INC,MA,50700,2025,21
with_subs,MEDTRONIC PLC,MDT,2850,2010,10
with_subs,MEDTRONIC PLC,MDT,2850,2011,8
with_subs,MEDTRONIC PLC,MDT,2850,2012,4
with_subs,MEDTRONIC PLC,MDT,2850,2013,7
with_subs,MEDTRONIC PLC,MDT,2850,2014,7
with_subs,MEDTRONIC PLC,MDT,2850,2015,13
with_subs,MEDTRONIC PLC,MDT,2850,2016,8
with_subs,MEDTRONIC PLC,MDT,2850,2017,10
with_subs,MEDTRONIC PLC,MDT,2850,2018,27
with_subs,MEDTRONIC PLC,MDT,2850,2019,25
with_subs,MEDTRONIC PLC,MDT,2850,2020,61
with_subs,MEDTRONIC PLC,MDT,2850,2021,58
with_subs,MEDTRONIC PLC,MDT,2850,2022,52
with_subs,MEDTRONIC PLC,MDT,2850,2023,62
with_subs,MEDTRONIC PLC,MDT,2850,2024,36
with_subs,MEDTRONIC PLC,MDT,2850,2025,32
with_subs,MELLANOX TECHNOLOGIES LTD,MLNX,51810,2015,2
with_subs,MELLANOX TECHNOLOGIES LTD,MLNX,51810,2017,2
with_subs,MELLANOX TECHNOLOGIES LTD,MLNX,51810,2019,2
with_subs,MELLANOX TECHNOLOGIES LTD,MLNX,51810,2020,2
with_subs,MELLANOX TECHNOLOGIES LTD,MLNX,51810,2021,9
with_subs,MELLANOX TECHNOLOGIES LTD,MLNX,51810,2022,23
with_subs,MELLANOX TECHNOLOGIES LTD,MLNX,51810,2023,14
with_subs,MELLANOX TECHNOLOGIES LTD,MLNX,51810,2024,19
with_subs,MELLANOX TECHNOLOGIES LTD,MLNX,51810,2025,6
with_subs,MICROSEMI CORP,MSCC,3047,2016,1
with_subs,MICROSEMI CORP,MSCC,3047,2019,1
with_subs,MICROSEMI CORP,MSCC,3047,2021,1
with_subs,MICROSOFT CORP,MSFT,8048,2010,609
with_subs,MICROSOFT CORP,MSFT,8048,2011,586
with_subs,MICROSOFT CORP,MSFT,8048,2012,465
with_subs,MICROSOFT CORP,MSFT,8048,2013,504
with_subs,MICROSOFT CORP,MSFT,8048,2014,579
with_subs,MICROSOFT CORP,MSFT,8048,2015,606
with_subs,MICROSOFT CORP,MSFT,8048,2016,791
with_subs,MICROSOFT CORP,MSFT,8048,2017,940
with_subs,MICROSOFT CORP,MSFT,8048,2018,948
with_subs,MICROSOFT CORP,MSFT,8048,2019,871
with_subs,MICROSOFT CORP,MSFT,8048,2020,602
with_subs,MICROSOFT CORP,MSFT,8048,2021,717
with_subs,MICROSOFT CORP,MSFT,8048,2022,856
with_subs,MICROSOFT CORP,MSFT,8048,2023,890
with_subs,MICROSOFT CORP,MSFT,8048,2024,699
with_subs,MICROSOFT CORP,MSFT,8048,2025,199
with_subs,MONDELEZ INTERNATIONAL INC,MDLZ,41680,2019,2
with_subs,MONDELEZ INTERNATIONAL INC,MDLZ,41680,2020,2
with_subs,MONDELEZ INTERNATIONAL INC,MDLZ,41680,2024,1
with_subs,MOOG INC,MOGB,21219,2018,3
with_subs,MOOG INC,MOGB,21219,2019,1
with_subs,MOTOROLA SOLUTIONS INC,MSI,21230,2010,7
with_subs,MOTOROLA SOLUTIONS INC,MSI,21230,2011,6
with_subs,MOTOROLA SOLUTIONS INC,MSI,21230,2012,9
with_subs,MOTOROLA SOLUTIONS INC,MSI,21230,2013,7
with_subs,MOTOROLA SOLUTIONS INC,MSI,21230,2014,10
with_subs,MOTOROLA SOLUTIONS INC,MSI,21230,2015,13
with_subs,MOTOROLA SOLUTIONS INC,MSI,21230,2016,34
with_subs,MOTOROLA SOLUTIONS INC,MSI,21230,2017,37
with_subs,MOTOROLA SOLUTIONS INC,MSI,21230,2018,34
with_subs,MOTOROLA SOLUTIONS INC,MSI,21230,2019,42
with_subs,MOTOROLA SOLUTIONS INC,MSI,21230,2020,59
with_subs,MOTOROLA SOLUTIONS INC,MSI,21230,2021,45
with_subs,MOTOROLA SOLUTIONS INC,MSI,21230,2022,61
with_subs,MOTOROLA SOLUTIONS INC,MSI,21230,2023,38
with_subs,MOTOROLA SOLUTIONS INC,MSI,21230,2024,20
with_subs,MYRIAD GENETICS INC,MYGN,14031,2011,2
with_subs,MYRIAD GENETICS INC,MYGN,14031,2015,1
with_subs,MYRIAD GENETICS INC,MYGN,14031,2016,1
with_subs,MYRIAD GENETICS INC,MYGN,14031,2017,1
with_subs,MYRIAD GENETICS INC,MYGN,14031,2018,1
with_subs,MYRIAD GENETICS INC,MYGN,14031,2019,2
with_subs,MYRIAD GENETICS INC,MYGN,14031,2021,2
with_subs,MYRIAD GENETICS INC,MYGN,14031,2022,1
with_subs,MYRIAD GENETICS INC,MYGN,14031,2024,1
with_subs,NASDAQ INC,NDAQ,46282,2012,3
with_subs,NASDAQ INC,NDAQ,46282,2016,4
with_subs,NASDAQ INC,NDAQ,46282,2017,2
with_subs,NASDAQ INC,NDAQ,46282,2018,4
with_subs,NASDAQ INC,NDAQ,46282,2019,9
with_subs,NASDAQ INC,NDAQ,46282,2020,7
with_subs,NASDAQ INC,NDAQ,46282,2021,9
with_subs,NASDAQ INC,NDAQ,46282,2022,12
with_subs,NASDAQ INC,NDAQ,46282,2023,23
with_subs,NASDAQ INC,NDAQ,46282,2024,12
with_subs,NASDAQ INC,NDAQ,46282,2025,13
with_subs,NETAPP INC,NTAP,14152,2011,2
with_subs,NETAPP INC,NTAP,14152,2012,1
with_subs,NETAPP INC,NTAP,14152,2013,8
with_subs,NETAPP INC,NTAP,14152,2014,15
with_subs,NETAPP INC,NTAP,14152,2015,24
with_subs,NETAPP INC,NTAP,14152,2016,10
with_subs,NETAPP INC,NTAP,14152,2017,5
with_subs,NETAPP INC,NTAP,14152,2018,7
with_subs,NETAPP INC,NTAP,14152,2019,12
with_subs,NETAPP INC,NTAP,14152,2020,12
with_subs,NETAPP INC,NTAP,14152,2021,12
with_subs,NETAPP INC,NTAP,14152,2022,8
with_subs,NETAPP INC,NTAP,14152,2023,10
with_subs,NETAPP INC,NTAP,14152,2024,18
with_subs,NETAPP INC,NTAP,14152,2025,6
with_subs,NETEASE INC,NTES,37733,2017,1
with_subs,NETEASE INC,NTES,37733,2019,3
with_subs,NETEASE INC,NTES,37733,2020,4
with_subs,NETEASE INC,NTES,37733,2021,3
with_subs,NETEASE INC,NTES,37733,2022,13
with_subs,NETEASE INC,NTES,37733,2023,1
with_subs,NETFLIX INC,NFLX,43145,2012,2
with_subs,NETFLIX INC,NFLX,43145,2013,4
with_subs,NETFLIX INC,NFLX,43145,2014,4
with_subs,NETFLIX INC,NFLX,43145,2015,5
with_subs,NETFLIX INC,NFLX,43145,2016,13
with_subs,NETFLIX INC,NFLX,43145,2017,6
with_subs,NETFLIX INC,NFLX,43145,2018,6
with_subs,NETFLIX INC,NFLX,43145,2019,18
with_subs,NETFLIX INC,NFLX,43145,2020,15
with_subs,NETFLIX INC,NFLX,43145,2021,17
with_subs,NETFLIX INC,NFLX,43145,2022,19
with_subs,NETFLIX INC,NFLX,43145,2023,22
with_subs,NETFLIX INC,NFLX,43145,2024,20
with_subs,NETFLIX INC,NFLX,43145,2025,16
with_subs,NEXTERA ENERGY INC,NEE,20684,2017,3
with_subs,NEXTERA ENERGY INC,NEE,20684,2018,3
with_subs,NEXTERA ENERGY INC,NEE,20684,2019,3
with_subs,NEXTERA ENERGY INC,NEE,20684,2020,5
with_subs,NEXTERA ENERGY INC,NEE,20684,2022,3
with_subs,NEXTERA ENERGY INC,NEE,20684,2023,3
with_subs,NEXTERA ENERGY INC,NEE,20684,2024,6
with_subs,NIKE INC,NKE,3194,2010,3
with_subs,NIKE INC,NKE,3194,2011,6
with_subs,NIKE INC,NKE,3194,2012,3
with_subs,NIKE INC,NKE,3194,2013,9
with_subs,NIKE INC,NKE,3194,2014,16
with_subs,NIKE INC,NKE,3194,2015,14
with_subs,NIKE INC,NKE,3194,2016,14
with_subs,NIKE INC,NKE,3194,2017,21
with_subs,NIKE INC,NKE,3194,2018,11
with_subs,NIKE INC,NKE,3194,2019,8
with_subs,NIKE INC,NKE,3194,2020,19
with_subs,NIKE INC,NKE,3194,2021,11
with_subs,NIKE INC,NKE,3194,2022,19
with_subs,NIKE INC,NKE,3194,2023,20
with_subs,NIKE INC,NKE,3194,2024,11
with_subs,NIKE INC,NKE,3194,2025,9
with_subs,NOKIA CORP,NOK,30453,2010,62
with_subs,NOKIA CORP,NOK,30453,2011,63
with_subs,NOKIA CORP,NOK,30453,2012,78
with_subs,NOKIA CORP,NOK,30453,2013,55
with_subs,NOKIA CORP,NOK,30453,2014,67
with_subs,NOKIA CORP,NOK,30453,2015,69
with_subs,NOKIA CORP,NOK,30453,2016,52
with_subs,NOKIA CORP,NOK,30453,2017,58
with_subs,NOKIA CORP,NOK,30453,2018,87
with_subs,NOKIA CORP,NOK,30453,2019,68
with_subs,NOKIA CORP,NOK,30453,2020,102
with_subs,NOKIA CORP,NOK,30453,2021,127
with_subs,NOKIA CORP,NOK,30453,2022,130
with_subs,NOKIA CORP,NOK,30453,2023,131
with_subs,NOKIA CORP,NOK,30453,2024,138
with_subs,NOKIA CORP,NOK,30453,2025,46
with_subs,NORTHROP GRUMMAN CORP,NOC,21303,2013,5
with_subs,NORTHROP GRUMMAN CORP,NOC,21303,2014,8
with_subs,NORTHROP GRUMMAN CORP,NOC,21303,2015,15
with_subs,NORTHROP GRUMMAN CORP,NOC,21303,2016,9
with_subs,NORTHROP GRUMMAN CORP,NOC,21303,2017,5
with_subs,NORTHROP GRUMMAN CORP,NOC,21303,2018,8
with_subs,NORTHROP GRUMMAN CORP,NOC,21303,2019,10
with_subs,NORTHROP GRUMMAN CORP,NOC,21303,2020,11
with_subs,NORTHROP GRUMMAN CORP,NOC,21303,2021,7
with_subs,NORTHROP GRUMMAN CORP,NOC,21303,2022,5
with_subs,NORTHROP GRUMMAN CORP,NOC,21303,2023,5
with_subs,NORTHROP GRUMMAN CORP,NOC,21303,2024,3
with_subs,NUANCE COMMUNICATIONS INC,NUAN,14205,2010,19
with_subs,NUANCE COMMUNICATIONS INC,NUAN,14205,2011,44
with_subs,NUANCE COMMUNICATIONS INC,NUAN,14205,2012,94
with_subs,NUANCE COMMUNICATIONS INC,NUAN,14205,2013,109
with_subs,NUANCE COMMUNICATIONS INC,NUAN,14205,2014,96
with_subs,NUANCE COMMUNICATIONS INC,NUAN,14205,2015,60
with_subs,NUANCE COMMUNICATIONS INC,NUAN,14205,2016,29
with_subs,NUANCE COMMUNICATIONS INC,NUAN,14205,2017,58
with_subs,NUANCE COMMUNICATIONS INC,NUAN,14205,2018,66
with_subs,NUANCE COMMUNICATIONS INC,NUAN,14205,2019,43
with_subs,NUANCE COMMUNICATIONS INC,NUAN,14205,2020,23
with_subs,NUANCE COMMUNICATIONS INC,NUAN,14205,2021,48
with_subs,NUANCE COMMUNICATIONS INC,NUAN,14205,2022,56
with_subs,NUANCE COMMUNICATIONS INC,NUAN,14205,2023,10
with_subs,NUTANIX INC,NTNX,55697,2016,8
with_subs,NUTANIX INC,NTNX,55697,2017,42
with_subs,NUTANIX INC,NTNX,55697,2018,17
with_subs,NUTANIX INC,NTNX,55697,2019,5
with_subs,NUTANIX INC,NTNX,55697,2020,5
with_subs,NUTANIX INC,NTNX,55697,2021,7
with_subs,NUTANIX INC,NTNX,55697,2022,13
with_subs,NUTANIX INC,NTNX,55697,2023,5
with_subs,NUTANIX INC,NTNX,55697,2024,5
with_subs,NUTANIX INC,NTNX,55697,2025,4
with_subs,NUVASIVE INC,NUVA,45197,2020,6
with_subs,NUVASIVE INC,NUVA,45197,2021,4
with_subs,NUVASIVE INC,NUVA,45197,2023,2
with_subs,NUVASIVE INC,NUVA,45197,2024,3
with_subs,NUVASIVE INC,NUVA,45197,2025,2
with_subs,NVIDIA CORP,NVDA,16382,2010,1
with_subs,NVIDIA CORP,NVDA,16382,2012,12
with_subs,NVIDIA CORP,NVDA,16382,2013,25
with_subs,NVIDIA CORP,NVDA,16382,2014,6
with_subs,NVIDIA CORP,NVDA,16382,2015,7
with_subs,NVIDIA CORP,NVDA,16382,2016,4
with_subs,NVIDIA CORP,NVDA,16382,2017,23
with_subs,NVIDIA CORP,NVDA,16382,2018,64
with_subs,NVIDIA CORP,NVDA,16382,2019,170
with_subs,NVIDIA CORP,NVDA,16382,2020,242
with_subs,NVIDIA CORP,NVDA,16382,2021,318
with_subs,NVIDIA CORP,NVDA,16382,2022,352
with_subs,NVIDIA CORP,NVDA,16382,2023,445
with_subs,NVIDIA CORP,NVDA,16382,2024,499
with_subs,NVIDIA CORP,NVDA,16382,2025,261
with_subs,OMNIVISION TECHNOLOGIES INC,OVTI,37949,2011,4
with_subs,OMNIVISION TECHNOLOGIES INC,OVTI,37949,2012,1
with_subs,OMNIVISION TECHNOLOGIES INC,OVTI,37949,2013,3
with_subs,OMNIVISION TECHNOLOGIES INC,OVTI,37949,2014,4
with_subs,OMNIVISION TECHNOLOGIES INC,OVTI,37949,2015,2
with_subs,OMNIVISION TECHNOLOGIES INC,OVTI,37949,2016,2
with_subs,OMNIVISION TECHNOLOGIES INC,OVTI,37949,2017,3
with_subs,OMNIVISION TECHNOLOGIES INC,OVTI,37949,2018,1
with_subs,OMNIVISION TECHNOLOGIES INC,OVTI,37949,2019,1
with_subs,OMNIVISION TECHNOLOGIES INC,OVTI,37949,2020,1
with_subs,OMNIVISION TECHNOLOGIES INC,OVTI,37949,2021,8
with_subs,OMNIVISION TECHNOLOGIES INC,OVTI,37949,2022,9
with_subs,OMNIVISION TECHNOLOGIES INC,OVTI,37949,2023,4
with_subs,OMNIVISION TECHNOLOGIES INC,OVTI,37949,2024,5
with_subs,OMNIVISION TECHNOLOGIES INC,OVTI,37949,2025,1
with_subs,OPEN TEXT CORP,OTEX,14305,2011,3
with_subs,OPEN TEXT CORP,OTEX,14305,2012,3
with_subs,OPEN TEXT CORP,OTEX,14305,2013,8
with_subs,OPEN TEXT CORP,OTEX,14305,2014,12
with_subs,OPEN TEXT CORP,OTEX,14305,2015,12
with_subs,OPEN TEXT CORP,OTEX,14305,2016,16
with_subs,OPEN TEXT CORP,OTEX,14305,2017,22
with_subs,OPEN TEXT CORP,OTEX,14305,2018,38
with_subs,OPEN TEXT CORP,OTEX,14305,2019,41
with_subs,OPEN TEXT CORP,OTEX,14305,2020,37
with_subs,OPEN TEXT CORP,OTEX,14305,2021,58
with_subs,OPEN TEXT CORP,OTEX,14305,2022,56
with_subs,OPEN TEXT CORP,OTEX,14305,2023,76
with_subs,OPEN TEXT CORP,OTEX,14305,2024,46
with_subs,OPEN TEXT CORP,OTEX,14305,2025,31
with_subs,ORACLE CORP,ORCL,8045,2010,31
with_subs,ORACLE CORP,ORCL,8045,2011,39
with_subs,ORACLE CORP,ORCL,8045,2012,52
with_subs,ORACLE CORP,ORCL,8045,2013,110
with_subs,ORACLE CORP,ORCL,8045,2014,87
with_subs,ORACLE CORP,ORCL,8045,2015,110
with_subs,ORACLE CORP,ORCL,8045,2016,105
with_subs,ORACLE CORP,ORCL,8045,2017,136
with_subs,ORACLE CORP,ORCL,8045,2018,178
with_subs,ORACLE CORP,ORCL,8045,2019,197
with_subs,ORACLE CORP,ORCL,8045,2020,276
with_subs,ORACLE CORP,ORCL,8045,2021,236
with_subs,ORACLE CORP,ORCL,8045,2022,265
with_subs,ORACLE CORP,ORCL,8045,2023,256
with_subs,ORACLE CORP,ORCL,8045,2024,267
with_subs,ORACLE CORP,ORCL,8045,2025,130
with_subs,ORANGE,ORAN,32109,2010,2
with_subs,ORANGE,ORAN,32109,2011,9
with_subs,ORANGE,ORAN,32109,2012,1
with_subs,ORANGE,ORAN,32109,2013,2
with_subs,ORANGE,ORAN,32109,2014,4
with_subs,ORANGE,ORAN,32109,2015,3
with_subs,ORANGE,ORAN,32109,2016,5
with_subs,ORANGE,ORAN,32109,2017,7
with_subs,ORANGE,ORAN,32109,2018,4
with_subs,ORANGE,ORAN,32109,2019,12
with_subs,ORANGE,ORAN,32109,2020,9
with_subs,ORANGE,ORAN,32109,2021,15
with_subs,ORANGE,ORAN,32109,2022,20
with_subs,ORANGE,ORAN,32109,2023,29
with_subs,ORANGE,ORAN,32109,2024,2
with_subs,ORANGE,ORAN,32109,2025,7
with_subs,PALO ALTO NETWORKS INC,PANW,54139,2015,1
with_subs,PALO ALTO NETWORKS INC,PANW,54139,2016,1
with_subs,PALO ALTO NETWORKS INC,PANW,54139,2017,2
with_subs,PALO ALTO NETWORKS INC,PANW,54139,2018,9
with_subs,PALO ALTO NETWORKS INC,PANW,54139,2019,15
with_subs,PALO ALTO NETWORKS INC,PANW,54139,2020,6
with_subs,PALO ALTO NETWORKS INC,PANW,54139,2021,20
with_subs,PALO ALTO NETWORKS INC,PANW,54139,2022,34
with_subs,PALO ALTO NETWORKS INC,PANW,54139,2023,49
with_subs,PALO ALTO NETWORKS INC,PANW,54139,2024,75
with_subs,PALO ALTO NETWORKS INC,PANW,54139,2025,28
with_subs,PANASONIC CORP,PC,21167,2010,27
with_subs,PANASONIC CORP,PC,21167,2011,41
with_subs,PANASONIC CORP,PC,21167,2012,48
with_subs,PANASONIC CORP,PC,21167,2013,65
with_subs,PANASONIC CORP,PC,21167,2014,96
with_subs,PANASONIC CORP,PC,21167,2015,145
with_subs,PANASONIC CORP,PC,21167,2016,171
with_subs,PANASONIC CORP,PC,21167,2017,238
with_subs,PANASONIC CORP,PC,21167,2018,250
with_subs,PANASONIC CORP,PC,21167,2019,259
with_subs,PANASONIC CORP,PC,21167,2020,239
with_subs,PANASONIC CORP,PC,21167,2021,229
with_subs,PANASONIC CORP,PC,21167,2022,191
with_subs,PANASONIC CORP,PC,21167,2023,206
with_subs,PANASONIC CORP,PC,21167,2024,207
with_subs,PANASONIC CORP,PC,21167,2025,130
with_subs,PEARSON PLC,PSO,39138,2012,1
with_subs,PEARSON PLC,PSO,39138,2013,1
with_subs,PEARSON PLC,PSO,39138,2014,7
with_subs,PEARSON PLC,PSO,39138,2015,8
with_subs,PEARSON PLC,PSO,39138,2016,17
with_subs,PEARSON PLC,PSO,39138,2017,38
with_subs,PEARSON PLC,PSO,39138,2018,53
with_subs,PEARSON PLC,PSO,39138,2019,30
with_subs,PEARSON PLC,PSO,39138,2020,15
with_subs,PEARSON PLC,PSO,39138,2021,6
with_subs,PEARSON PLC,PSO,39138,2022,1
with_subs,PEARSON PLC,PSO,39138,2023,2
with_subs,PEARSON PLC,PSO,39138,2024,3
with_subs,PEARSON PLC,PSO,39138,2025,3
with_subs,PERSONALIS INC,PSNL,56798,2014,1
with_subs,PERSONALIS INC,PSNL,56798,2015,1
with_subs,PERSONALIS INC,PSNL,56798,2016,1
with_subs,PERSONALIS INC,PSNL,56798,2017,1
with_subs,PERSONALIS INC,PSNL,56798,2020,3
with_subs,PERSONALIS INC,PSNL,56798,2021,1
with_subs,PERSONALIS INC,PSNL,56798,2022,7
with_subs,PERSONALIS INC,PSNL,56798,2024,2
with_subs,PERSONALIS INC,PSNL,56798,2025,2
with_subs,PFIZER INC,PFE,21394,2021,2
with_subs,PFIZER INC,PFE,21394,2022,3
with_subs,PFIZER INC,PFE,21394,2023,3
with_subs,PFIZER INC,PFE,21394,2025,2
with_subs,PINTEREST INC,PINS,56691,2014,1
with_subs,PINTEREST INC,PINS,56691,2015,1
with_subs,PINTEREST INC,PINS,56691,2016,1
with_subs,PINTEREST INC,PINS,56691,2017,6
with_subs,PINTEREST INC,PINS,56691,2018,3
with_subs,PINTEREST INC,PINS,56691,2019,6
with_subs,PINTEREST INC,PINS,56691,2020,2
with_subs,PINTEREST INC,PINS,56691,2021,10
with_subs,PINTEREST INC,PINS,56691,2022,17
with_subs,PINTEREST INC,PINS,56691,2023,19
with_subs,PINTEREST INC,PINS,56691,2024,13
with_subs,PINTEREST INC,PINS,56691,2025,14
with_subs,POLARIS INDUSTRIES INC,PII,21425,2015,1
with_subs,POLARIS INDUSTRIES INC,PII,21425,2017,1
with_subs,POLARIS INDUSTRIES INC,PII,21425,2018,2
with_subs,POLARIS INDUSTRIES INC,PII,21425,2019,1
with_subs,POLARIS INDUSTRIES INC,PII,21425,2020,3
with_subs,POLARIS INDUSTRIES INC,PII,21425,2021,5
with_subs,POLARIS INDUSTRIES INC,PII,21425,2022,5
with_subs,POLARIS INDUSTRIES INC,PII,21425,2023,4
with_subs,POLARIS INDUSTRIES INC,PII,21425,2024,4
with_subs,POLARIS INDUSTRIES INC,PII,21425,2025,3
with_subs,PROCTER & GAMBLE CO,PG,21446,2011,1
with_subs,PROCTER & GAMBLE CO,PG,21446,2012,3
with_subs,PROCTER & GAMBLE CO,PG,21446,2013,4
with_subs,PROCTER & GAMBLE CO,PG,21446,2014,4
with_subs,PROCTER & GAMBLE CO,PG,21446,2015,1
with_subs,PROCTER & GAMBLE CO,PG,21446,2016,2
with_subs,PROCTER & GAMBLE CO,PG,21446,2017,10
with_subs,PROCTER & GAMBLE CO,PG,21446,2018,8
with_subs,PROCTER & GAMBLE CO,PG,21446,2019,20
with_subs,PROCTER & GAMBLE CO,PG,21446,2020,15
with_subs,PROCTER & GAMBLE CO,PG,21446,2021,8
with_subs,PROCTER & GAMBLE CO,PG,21446,2022,13
with_subs,PROCTER & GAMBLE CO,PG,21446,2023,11
with_subs,PROCTER & GAMBLE CO,PG,21446,2024,7
with_subs,PROCTER & GAMBLE CO,PG,21446,2025,5
with_subs,QUALCOMM INC,QCOM,11253,2010,31
with_subs,QUALCOMM INC,QCOM,11253,2011,62
with_subs,QUALCOMM INC,QCOM,11253,2012,88
with_subs,QUALCOMM INC,QCOM,11253,2013,170
with_subs,QUALCOMM INC,QCOM,11253,2014,206
with_subs,QUALCOMM INC,QCOM,11253,2015,177
with_subs,QUALCOMM INC,QCOM,11253,2016,154
with_subs,QUALCOMM INC,QCOM,11253,2017,199
with_subs,QUALCOMM INC,QCOM,11253,2018,159
with_subs,QUALCOMM INC,QCOM,11253,2019,160
with_subs,QUALCOMM INC,QCOM,11253,2020,216
with_subs,QUALCOMM INC,QCOM,11253,2021,432
with_subs,QUALCOMM INC,QCOM,11253,2022,405
with_subs,QUALCOMM INC,QCOM,11253,2023,531
with_subs,QUALCOMM INC,QCOM,11253,2024,421
with_subs,QUALCOMM INC,QCOM,11253,2025,91
with_subs,QUANTUM CORP,QTM,5722,2010,2
with_subs,QUANTUM CORP,QTM,5722,2011,4
with_subs,QUANTUM CORP,QTM,5722,2012,2
with_subs,QUANTUM CORP,QTM,5722,2013,4
with_subs,QUANTUM CORP,QTM,5722,2014,2
with_subs,QUANTUM CORP,QTM,5722,2015,2
with_subs,QUANTUM CORP,QTM,5722,2016,5
with_subs,QUANTUM CORP,QTM,5722,2017,3
with_subs,QUANTUM CORP,QTM,5722,2018,4
with_subs,QUANTUM CORP,QTM,5722,2019,21
with_subs,QUANTUM CORP,QTM,5722,2020,13
with_subs,QUANTUM CORP,QTM,5722,2021,17
with_subs,QUANTUM CORP,QTM,5722,2022,17
with_subs,QUANTUM CORP,QTM,5722,2023,15
with_subs,QUANTUM CORP,QTM,5722,2024,20
with_subs,QUANTUM CORP,QTM,5722,2025,4
with_subs,REALNETWORKS INC,RNWK,15843,2010,2
with_subs,REALNETWORKS INC,RNWK,15843,2011,1
with_subs,REALNETWORKS INC,RNWK,15843,2012,3
with_subs,REALNETWORKS INC,RNWK,15843,2014,3
with_subs,REALNETWORKS INC,RNWK,15843,2015,1
with_subs,REALNETWORKS INC,RNWK,15843,2016,2
with_subs,REALNETWORKS INC,RNWK,15843,2017,1
with_subs,REALNETWORKS INC,RNWK,15843,2019,4
with_subs,REALNETWORKS INC,RNWK,15843,2020,1
with_subs,REALNETWORKS INC,RNWK,15843,2021,5
with_subs,REALNETWORKS INC,RNWK,15843,2022,3
with_subs,REALNETWORKS INC,RNWK,15843,2023,2
with_subs,RED HAT INC,RHT,16753,2010,2
with_subs,RED HAT INC,RHT,16753,2011,1
with_subs,RED HAT INC,RHT,16753,2012,7
with_subs,RED HAT INC,RHT,16753,2013,9
with_subs,RED HAT INC,RHT,16753,2014,14
with_subs,RED HAT INC,RHT,16753,2015,14
with_subs,RED HAT INC,RHT,16753,2016,16
with_subs,RED HAT INC,RHT,16753,2017,15
with_subs,RED HAT INC,RHT,16753,2018,21
with_subs,RED HAT INC,RHT,16753,2019,19
with_subs,RED HAT INC,RHT,16753,2020,22
with_subs,RED HAT INC,RHT,16753,2021,35
with_subs,RED HAT INC,RHT,16753,2022,36
with_subs,RED HAT INC,RHT,16753,2023,19
with_subs,RED HAT INC,RHT,16753,2024,18
with_subs,RED HAT INC,RHT,16753,2025,2
with_subs,RELX PLC,RELX,30501,2018,1
with_subs,RELX PLC,RELX,30501,2019,2
with_subs,RELX PLC,RELX,30501,2020,8
with_subs,RELX PLC,RELX,30501,2021,5
with_subs,RELX PLC,RELX,30501,2022,3
with_subs,RELX PLC,RELX,30501,2024,6
with_subs,RESMED INC,RMD,13753,2010,4
with_subs,RESMED INC,RMD,13753,2012,1
with_subs,RESMED INC,RMD,13753,2013,4
with_subs,RESMED INC,RMD,13753,2014,4
with_subs,RESMED INC,RMD,13753,2015,1
with_subs,RESMED INC,RMD,13753,2016,8
with_subs,RESMED INC,RMD,13753,2017,4
with_subs,RESMED INC,RMD,13753,2018,3
with_subs,RESMED INC,RMD,13753,2019,5
with_subs,RESMED INC,RMD,13753,2020,18
with_subs,RESMED INC,RMD,13753,2021,25
with_subs,RESMED INC,RMD,13753,2022,20
with_subs,RESMED INC,RMD,13753,2023,13
with_subs,RESMED INC,RMD,13753,2024,8
with_subs,RESMED INC,RMD,13753,2025,13
with_subs,RIGETTI COMPUTING INC,RGTI,58063,2015,4
with_subs,RIGETTI COMPUTING INC,RGTI,58063,2016,1
with_subs,RIGETTI COMPUTING INC,RGTI,58063,2017,1
with_subs,RIGETTI COMPUTING INC,RGTI,58063,2018,2
with_subs,RIGETTI COMPUTING INC,RGTI,58063,2019,4
with_subs,RIGETTI COMPUTING INC,RGTI,58063,2020,2
with_subs,RIGETTI COMPUTING INC,RGTI,58063,2021,3
with_subs,RIGETTI COMPUTING INC,RGTI,58063,2023,1
with_subs,RIGETTI COMPUTING INC,RGTI,58063,2024,1
with_subs,RIGETTI COMPUTING INC,RGTI,58063,2025,2
with_subs,ROGERS CORP,ROG,21526,2019,1
with_subs,ROSETTA GENOMICS LTD,ROSG,51816,2012,1
with_subs,ROYAL DUTCH SHELL PLC,RDS,47003,2015,1
with_subs,ROYAL DUTCH SHELL PLC,RDS,47003,2018,1
with_subs,ROYAL DUTCH SHELL PLC,RDS,47003,2019,9
with_subs,ROYAL DUTCH SHELL PLC,RDS,47003,2020,3
with_subs,ROYAL DUTCH SHELL PLC,RDS,47003,2021,8
with_subs,ROYAL DUTCH SHELL PLC,RDS,47003,2022,2
with_subs,ROYAL DUTCH SHELL PLC,RDS,47003,2023,6
with_subs,ROYAL DUTCH SHELL PLC,RDS,47003,2024,1
with_subs,ROYAL DUTCH SHELL PLC,RDS,47003,2025,1
with_subs,SALESFORCE COM INC,CRM,45288,2010,25
with_subs,SALESFORCE COM INC,CRM,45288,2011,54
with_subs,SALESFORCE COM INC,CRM,45288,2012,50
with_subs,SALESFORCE COM INC,CRM,45288,2013,84
with_subs,SALESFORCE COM INC,CRM,45288,2014,67
with_subs,SALESFORCE COM INC,CRM,45288,2015,71
with_subs,SALESFORCE COM INC,CRM,45288,2016,100
with_subs,SALESFORCE COM INC,CRM,45288,2017,148
with_subs,SALESFORCE COM INC,CRM,45288,2018,180
with_subs,SALESFORCE COM INC,CRM,45288,2019,172
with_subs,SALESFORCE COM INC,CRM,45288,2020,218
with_subs,SALESFORCE COM INC,CRM,45288,2021,211
with_subs,SALESFORCE COM INC,CRM,45288,2022,152
with_subs,SALESFORCE COM INC,CRM,45288,2023,136
with_subs,SALESFORCE COM INC,CRM,45288,2024,150
with_subs,SALESFORCE COM INC,CRM,45288,2025,81
with_subs,SANOFI,SNY,43351,2011,1
with_subs,SANOFI,SNY,43351,2014,3
with_subs,SANOFI,SNY,43351,2015,8
with_subs,SANOFI,SNY,43351,2016,3
with_subs,SANOFI,SNY,43351,2017,2
with_subs,SANOFI,SNY,43351,2018,4
with_subs,SANOFI,SNY,43351,2019,2
with_subs,SANOFI,SNY,43351,2020,10
with_subs,SANOFI,SNY,43351,2021,9
with_subs,SANOFI,SNY,43351,2022,7
with_subs,SANOFI,SNY,43351,2023,11
with_subs,SANOFI,SNY,43351,2024,11
with_subs,SANOFI,SNY,43351,2025,7
with_subs,SCHLUMBERGER LTD,SLB,21576,2010,3
with_subs,SCHLUMBERGER LTD,SLB,21576,2012,2
with_subs,SCHLUMBERGER LTD,SLB,21576,2013,10
with_subs,SCHLUMBERGER LTD,SLB,21576,2014,13
with_subs,SCHLUMBERGER LTD,SLB,21576,2015,10
with_subs,SCHLUMBERGER LTD,SLB,21576,2016,26
with_subs,SCHLUMBERGER LTD,SLB,21576,2017,9
with_subs,SCHLUMBERGER LTD,SLB,21576,2018,26
with_subs,SCHLUMBERGER LTD,SLB,21576,2019,35
with_subs,SCHLUMBERGER LTD,SLB,21576,2020,66
with_subs,SCHLUMBERGER LTD,SLB,21576,2021,46
with_subs,SCHLUMBERGER LTD,SLB,21576,2022,86
with_subs,SCHLUMBERGER LTD,SLB,21576,2023,85
with_subs,SCHLUMBERGER LTD,SLB,21576,2024,123
with_subs,SCHLUMBERGER LTD,SLB,21576,2025,72
with_subs,SERVICENOW INC,NOW,54109,2015,1
with_subs,SERVICENOW INC,NOW,54109,2016,2
with_subs,SERVICENOW INC,NOW,54109,2017,52
with_subs,SERVICENOW INC,NOW,54109,2018,51
with_subs,SERVICENOW INC,NOW,54109,2019,70
with_subs,SERVICENOW INC,NOW,54109,2020,76
with_subs,SERVICENOW INC,NOW,54109,2021,63
with_subs,SERVICENOW INC,NOW,54109,2022,52
with_subs,SERVICENOW INC,NOW,54109,2023,48
with_subs,SERVICENOW INC,NOW,54109,2024,45
with_subs,SERVICENOW INC,NOW,54109,2025,20
with_subs,SKYWORKS SOLUTIONS INC,SWKS,20058,2017,1
with_subs,SKYWORKS SOLUTIONS INC,SWKS,20058,2019,1
with_subs,SKYWORKS SOLUTIONS INC,SWKS,20058,2021,1
with_subs,SKYWORKS SOLUTIONS INC,SWKS,20058,2023,4
with_subs,SKYWORKS SOLUTIONS INC,SWKS,20058,2024,4
with_subs,SKYWORKS SOLUTIONS INC,SWKS,20058,2025,3
with_subs,SNAP INC,SNAP,55867,2016,3
with_subs,SNAP INC,SNAP,55867,2017,13
with_subs,SNAP INC,SNAP,55867,2018,13
with_subs,SNAP INC,SNAP,55867,2019,56
with_subs,SNAP INC,SNAP,55867,2020,114
with_subs,SNAP INC,SNAP,55867,2021,211
with_subs,SNAP INC,SNAP,55867,2022,251
with_subs,SNAP INC,SNAP,55867,2023,269
with_subs,SNAP INC,SNAP,55867,2024,231
with_subs,SNAP INC,SNAP,55867,2025,215
with_subs,SONY CORP,SNE,21633,2010,129
with_subs,SONY CORP,SNE,21633,2011,138
with_subs,SONY CORP,SNE,21633,2012,177
with_subs,SONY CORP,SNE,21633,2013,258
with_subs,SONY CORP,SNE,21633,2014,283
with_subs,SONY CORP,SNE,21633,2015,265
with_subs,SONY CORP,SNE,21633,2016,337
with_subs,SONY CORP,SNE,21633,2017,409
with_subs,SONY CORP,SNE,21633,2018,511
with_subs,SONY CORP,SNE,21633,2019,626
with_subs,SONY CORP,SNE,21633,2020,684
with_subs,SONY CORP,SNE,21633,2021,610
with_subs,SONY CORP,SNE,21633,2022,540
with_subs,SONY CORP,SNE,21633,2023,455
with_subs,SONY CORP,SNE,21633,2024,235
with_subs,SONY CORP,SNE,21633,2025,122
with_subs,SPLUNK INC,SPLK,54064,2011,2
with_subs,SPLUNK INC,SPLK,54064,2012,14
with_subs,SPLUNK INC,SPLK,54064,2013,9
with_subs,SPLUNK INC,SPLK,54064,2014,39
with_subs,SPLUNK INC,SPLK,54064,2015,93
with_subs,SPLUNK INC,SPLK,54064,2016,70
with_subs,SPLUNK INC,SPLK,54064,2017,107
with_subs,SPLUNK INC,SPLK,54064,2018,72
with_subs,SPLUNK INC,SPLK,54064,2019,71
with_subs,SPLUNK INC,SPLK,54064,2020,57
with_subs,SPLUNK INC,SPLK,54064,2021,33
with_subs,SPLUNK INC,SPLK,54064,2022,21
with_subs,SPLUNK INC,SPLK,54064,2023,17
with_subs,SPLUNK INC,SPLK,54064,2024,11
with_subs,SPLUNK INC,SPLK,54064,2025,16
with_subs,SYMANTEC CORP,SYMC,10224,2010,6
with_subs,SYMANTEC CORP,SYMC,10224,2011,2
with_subs,SYMANTEC CORP,SYMC,10224,2012,3
with_subs,SYMANTEC CORP,SYMC,10224,2013,4
with_subs,SYMANTEC CORP,SYMC,10224,2014,2
with_subs,SYMANTEC CORP,SYMC,10224,2015,6
with_subs,SYMANTEC CORP,SYMC,10224,2016,5
with_subs,SYMANTEC CORP,SYMC,10224,2017,2
with_subs,SYMANTEC CORP,SYMC,10224,2018,1
with_subs,SYMANTEC CORP,SYMC,10224,2020,4
with_subs,SYMANTEC CORP,SYMC,10224,2021,2
with_subs,SYMANTEC CORP,SYMC,10224,2022,1
with_subs,SYMANTEC CORP,SYMC,10224,2023,1
with_subs,SYMANTEC CORP,SYMC,10224,2024,2
with_subs,SYMANTEC CORP,SYMC,10224,2025,1
with_subs,SYNOPSYS INC,SNPS,11361,2012,1
with_subs,SYNOPSYS INC,SNPS,11361,2013,4
with_subs,SYNOPSYS INC,SNPS,11361,2014,3
with_subs,SYNOPSYS INC,SNPS,11361,2015,4
with_subs,SYNOPSYS INC,SNPS,11361,2016,1
with_subs,SYNOPSYS INC,SNPS,11361,2017,5
with_subs,SYNOPSYS INC,SNPS,11361,2018,2
with_subs,SYNOPSYS INC,SNPS,11361,2019,5
with_subs,SYNOPSYS INC,SNPS,11361,2020,11
with_subs,SYNOPSYS INC,SNPS,11361,2021,17
with_subs,SYNOPSYS INC,SNPS,11361,2022,14
with_subs,SYNOPSYS INC,SNPS,11361,2023,14
with_subs,SYNOPSYS INC,SNPS,11361,2024,9
with_subs,SYNOPSYS INC,SNPS,11361,2025,2
with_subs,TABLEAU SOFTWARE INC,DATA,54402,2014,5
with_subs,TABLEAU SOFTWARE INC,DATA,54402,2015,3
with_subs,TABLEAU SOFTWARE INC,DATA,54402,2016,3
with_subs,TABLEAU SOFTWARE INC,DATA,54402,2017,6
with_subs,TABLEAU SOFTWARE INC,DATA,54402,2018,15
with_subs,TABLEAU SOFTWARE INC,DATA,54402,2019,14
with_subs,TABLEAU SOFTWARE INC,DATA,54402,2020,18
with_subs,TABLEAU SOFTWARE INC,DATA,54402,2021,25
with_subs,TABLEAU SOFTWARE INC,DATA,54402,2022,28
with_subs,TABLEAU SOFTWARE INC,DATA,54402,2023,18
with_subs,TABLEAU SOFTWARE INC,DATA,54402,2024,14
with_subs,TABLEAU SOFTWARE INC,DATA,54402,2025,5
with_subs,TARGET CORP,TGT,20561,2011,2
with_subs,TARGET CORP,TGT,20561,2012,1
with_subs,TARGET CORP,TGT,20561,2013,3
with_subs,TARGET CORP,TGT,20561,2014,1
with_subs,TARGET CORP,TGT,20561,2015,1
with_subs,TARGET CORP,TGT,20561,2016,7
with_subs,TARGET CORP,TGT,20561,2017,6
with_subs,TARGET CORP,TGT,20561,2018,15
with_subs,TARGET CORP,TGT,20561,2019,7
with_subs,TARGET CORP,TGT,20561,2020,23
with_subs,TARGET CORP,TGT,20561,2021,13
with_subs,TARGET CORP,TGT,20561,2022,30
with_subs,TARGET CORP,TGT,20561,2023,20
with_subs,TARGET CORP,TGT,20561,2024,15
with_subs,TARGET CORP,TGT,20561,2025,12
with_subs,TECHNICOLOR,TCH,36381,2010,12
with_subs,TECHNICOLOR,TCH,36381,2011,11
with_subs,TECHNICOLOR,TCH,36381,2012,26
with_subs,TECHNICOLOR,TCH,36381,2013,49
with_subs,TECHNICOLOR,TCH,36381,2014,50
with_subs,TECHNICOLOR,TCH,36381,2015,74
with_subs,TECHNICOLOR,TCH,36381,2016,42
with_subs,TECHNICOLOR,TCH,36381,2017,22
with_subs,TECHNICOLOR,TCH,36381,2018,6
with_subs,TECHNICOLOR,TCH,36381,2020,2
with_subs,TECHNICOLOR,TCH,36381,2021,3
with_subs,TELEDYNE TECHNOLOGIES,TDY,36380,2013,1
with_subs,TELEDYNE TECHNOLOGIES,TDY,36380,2015,1
with_subs,TELEDYNE TECHNOLOGIES,TDY,36380,2017,1
with_subs,TELEDYNE TECHNOLOGIES,TDY,36380,2020,2
with_subs,TELEDYNE TECHNOLOGIES,TDY,36380,2021,1
with_subs,TELEDYNE TECHNOLOGIES,TDY,36380,2022,2
with_subs,TESLA INC,TSLA,53453,2017,4
with_subs,TESLA INC,TSLA,53453,2018,10
with_subs,TESLA INC,TSLA,53453,2019,13
with_subs,TESLA INC,TSLA,53453,2020,6
with_subs,TESLA INC,TSLA,53453,2021,9
with_subs,TESLA INC,TSLA,53453,2022,14
with_subs,TESLA INC,TSLA,53453,2023,37
with_subs,TESLA INC,TSLA,53453,2024,15
with_subs,TESLA INC,TSLA,53453,2025,13
with_subs,TETRA TECH INC,TTEK,4589,2015,1
with_subs,TETRA TECH INC,TTEK,4589,2018,1
with_subs,TETRA TECH INC,TTEK,4589,2019,5
with_subs,TETRA TECH INC,TTEK,4589,2020,4
with_subs,TETRA TECH INC,TTEK,4589,2021,3
with_subs,TEXAS INSTRUMENTS INC,TXN,21737,2010,7
with_subs,TEXAS INSTRUMENTS INC,TXN,21737,2011,5
with_subs,TEXAS INSTRUMENTS INC,TXN,21737,2012,9
with_subs,TEXAS INSTRUMENTS INC,TXN,21737,2013,18
with_subs,TEXAS INSTRUMENTS INC,TXN,21737,2014,14
with_subs,TEXAS INSTRUMENTS INC,TXN,21737,2015,17
with_subs,TEXAS INSTRUMENTS INC,TXN,21737,2016,26
with_subs,TEXAS INSTRUMENTS INC,TXN,21737,2017,26
with_subs,TEXAS INSTRUMENTS INC,TXN,21737,2018,26
with_subs,TEXAS INSTRUMENTS INC,TXN,21737,2019,40
with_subs,TEXAS INSTRUMENTS INC,TXN,21737,2020,37
with_subs,TEXAS INSTRUMENTS INC,TXN,21737,2021,51
with_subs,TEXAS INSTRUMENTS INC,TXN,21737,2022,39
with_subs,TEXAS INSTRUMENTS INC,TXN,21737,2023,38
with_subs,TEXAS INSTRUMENTS INC,TXN,21737,2024,39
with_subs,TEXAS INSTRUMENTS INC,TXN,21737,2025,21
with_subs,THERMO FISHER SCIENTIFIC INC,TMO,4557,2012,1
with_subs,THERMO FISHER SCIENTIFIC INC,TMO,4557,2013,4
with_subs,THERMO FISHER SCIENTIFIC INC,TMO,4557,2015,1
with_subs,THERMO FISHER SCIENTIFIC INC,TMO,4557,2017,2
with_subs,THERMO FISHER SCIENTIFIC INC,TMO,4557,2018,4
with_subs,THERMO FISHER SCIENTIFIC INC,TMO,4557,2019,1
with_subs,THERMO FISHER SCIENTIFIC INC,TMO,4557,2020,2
with_subs,THERMO FISHER SCIENTIFIC INC,TMO,4557,2021,2
with_subs,THERMO FISHER SCIENTIFIC INC,TMO,4557,2022,9
with_subs,THERMO FISHER SCIENTIFIC INC,TMO,4557,2023,8
with_subs,THERMO FISHER SCIENTIFIC INC,TMO,4557,2024,12
with_subs,THOMSON REUTERS CORP,TRI,28754,2010,1
with_subs,THOMSON REUTERS CORP,TRI,28754,2011,1
with_subs,THOMSON REUTERS CORP,TRI,28754,2013,2
with_subs,THOMSON REUTERS CORP,TRI,28754,2014,6
with_subs,THOMSON REUTERS CORP,TRI,28754,2015,11
with_subs,THOMSON REUTERS CORP,TRI,28754,2016,10
with_subs,THOMSON REUTERS CORP,TRI,28754,2017,7
with_subs,THOMSON REUTERS CORP,TRI,28754,2018,10
with_subs,THOMSON REUTERS CORP,TRI,28754,2019,9
with_subs,THOMSON REUTERS CORP,TRI,28754,2020,3
with_subs,THOMSON REUTERS CORP,TRI,28754,2021,13
with_subs,THOMSON REUTERS CORP,TRI,28754,2022,4
with_subs,THOMSON REUTERS CORP,TRI,28754,2023,16
with_subs,THOMSON REUTERS CORP,TRI,28754,2024,9
with_subs,THOMSON REUTERS CORP,TRI,28754,2025,6
with_subs,TOYOTA MOTOR CORP,TM,4521,2010,45
with_subs,TOYOTA MOTOR CORP,TM,4521,2011,97
with_subs,TOYOTA MOTOR CORP,TM,4521,2012,59
with_subs,TOYOTA MOTOR CORP,TM,4521,2013,49
with_subs,TOYOTA MOTOR CORP,TM,4521,2014,106
with_subs,TOYOTA MOTOR CORP,TM,4521,2015,170
with_subs,TOYOTA MOTOR CORP,TM,4521,2016,264
with_subs,TOYOTA MOTOR CORP,TM,4521,2017,340
with_subs,TOYOTA MOTOR CORP,TM,4521,2018,578
with_subs,TOYOTA MOTOR CORP,TM,4521,2019,708
with_subs,TOYOTA MOTOR CORP,TM,4521,2020,872
with_subs,TOYOTA MOTOR CORP,TM,4521,2021,874
with_subs,TOYOTA MOTOR CORP,TM,4521,2022,760
with_subs,TOYOTA MOTOR CORP,TM,4521,2023,737
with_subs,TOYOTA MOTOR CORP,TM,4521,2024,766
with_subs,TOYOTA MOTOR CORP,TM,4521,2025,318
with_subs,TRIMBLE INC,TRMB,10691,2010,2
with_subs,TRIMBLE INC,TRMB,10691,2011,2
with_subs,TRIMBLE INC,TRMB,10691,2012,8
with_subs,TRIMBLE INC,TRMB,10691,2013,13
with_subs,TRIMBLE INC,TRMB,10691,2014,11
with_subs,TRIMBLE INC,TRMB,10691,2015,12
with_subs,TRIMBLE INC,TRMB,10691,2016,8
with_subs,TRIMBLE INC,TRMB,10691,2017,6
with_subs,TRIMBLE INC,TRMB,10691,2018,6
with_subs,TRIMBLE INC,TRMB,10691,2019,9
with_subs,TRIMBLE INC,TRMB,10691,2020,12
with_subs,TRIMBLE INC,TRMB,10691,2021,9
with_subs,TRIMBLE INC,TRMB,10691,2022,14
with_subs,TRIMBLE INC,TRMB,10691,2023,7
with_subs,TRIMBLE INC,TRMB,10691,2024,2
with_subs,TRIMBLE INC,TRMB,10691,2025,3
with_subs,TWITTER INC,TWTR,54638,2013,1
with_subs,TWITTER INC,TWTR,54638,2014,1
with_subs,TWITTER INC,TWTR,54638,2015,5
with_subs,TWITTER INC,TWTR,54638,2016,5
with_subs,TWITTER INC,TWTR,54638,2017,12
with_subs,TWITTER INC,TWTR,54638,2018,5
with_subs,TWITTER INC,TWTR,54638,2019,8
with_subs,TWITTER INC,TWTR,54638,2020,17
with_subs,TWITTER INC,TWTR,54638,2021,4
with_subs,TWITTER INC,TWTR,54638,2022,16
with_subs,TYSON FOODS INC,TSN,4620,2020,1
with_subs,UNISYS CORP,UIS,21814,2010,4
with_subs,UNISYS CORP,UIS,21814,2013,2
with_subs,UNISYS CORP,UIS,21814,2015,3
with_subs,UNISYS CORP,UIS,21814,2016,1
with_subs,UNISYS CORP,UIS,21814,2017,1
with_subs,UNISYS CORP,UIS,21814,2018,2
with_subs,UNISYS CORP,UIS,21814,2019,5
with_subs,UNISYS CORP,UIS,21814,2020,3
with_subs,UNISYS CORP,UIS,21814,2021,20
with_subs,UNISYS CORP,UIS,21814,2024,2
with_subs,UNITED MICROELECTRONICS CORP,UMC,39148,2014,1
with_subs,UNITED MICROELECTRONICS CORP,UMC,39148,2017,1
with_subs,UNITED MICROELECTRONICS CORP,UMC,39148,2018,2
with_subs,UNITED MICROELECTRONICS CORP,UMC,39148,2019,3
with_subs,UNITED MICROELECTRONICS CORP,UMC,39148,2020,4
with_subs,UNITED MICROELECTRONICS CORP,UMC,39148,2021,6
with_subs,UNITED MICROELECTRONICS CORP,UMC,39148,2022,7
with_subs,UNITED MICROELECTRONICS CORP,UMC,39148,2023,3
with_subs,UNITED MICROELECTRONICS CORP,UMC,39148,2024,2
with_subs,UNITED MICROELECTRONICS CORP,UMC,39148,2025,1
with_subs,UNITED PARCEL SERVICE INC,UPS,36383,2010,1
with_subs,UNITED PARCEL SERVICE INC,UPS,36383,2011,1
with_subs,UNITED PARCEL SERVICE INC,UPS,36383,2013,5
with_subs,UNITED PARCEL SERVICE INC,UPS,36383,2014,5
with_subs,UNITED PARCEL SERVICE INC,UPS,36383,2015,2
with_subs,UNITED PARCEL SERVICE INC,UPS,36383,2016,6
with_subs,UNITED PARCEL SERVICE INC,UPS,36383,2017,15
with_subs,UNITED PARCEL SERVICE INC,UPS,36383,2018,17
with_subs,UNITED PARCEL SERVICE INC,UPS,36383,2019,8
with_subs,UNITED PARCEL SERVICE INC,UPS,36383,2020,11
with_subs,UNITED PARCEL SERVICE INC,UPS,36383,2021,6
with_subs,UNITED PARCEL SERVICE INC,UPS,36383,2022,11
with_subs,UNITED PARCEL SERVICE INC,UPS,36383,2023,5
with_subs,UNITED PARCEL SERVICE INC,UPS,36383,2024,7
with_subs,UNITED PARCEL SERVICE INC,UPS,36383,2025,3
with_subs,UNITED TECHNOLOGIES CORP,UTX,21832,2011,1
with_subs,UNITED TECHNOLOGIES CORP,UTX,21832,2013,1
with_subs,UNITED TECHNOLOGIES CORP,UTX,21832,2014,3
with_subs,UNITED TECHNOLOGIES CORP,UTX,21832,2015,4
with_subs,UNITED TECHNOLOGIES CORP,UTX,21832,2016,6
with_subs,UNITED TECHNOLOGIES CORP,UTX,21832,2017,7
with_subs,UNITED TECHNOLOGIES CORP,UTX,21832,2018,8
with_subs,UNITED TECHNOLOGIES CORP,UTX,21832,2019,8
with_subs,UNITED TECHNOLOGIES CORP,UTX,21832,2020,4
with_subs,UNITED TECHNOLOGIES CORP,UTX,21832,2021,4
with_subs,UNITED TECHNOLOGIES CORP,UTX,21832,2022,9
with_subs,UNITED TECHNOLOGIES CORP,UTX,21832,2023,8
with_subs,VERISK ANALYTICS INC,VRSK,53256,2014,1
with_subs,VERISK ANALYTICS INC,VRSK,53256,2016,2
with_subs,VERISK ANALYTICS INC,VRSK,53256,2017,1
with_subs,VERISK ANALYTICS INC,VRSK,53256,2018,1
with_subs,VERISK ANALYTICS INC,VRSK,53256,2019,2
with_subs,VERISK ANALYTICS INC,VRSK,53256,2020,2
with_subs,VERISK ANALYTICS INC,VRSK,53256,2021,3
with_subs,VERISK ANALYTICS INC,VRSK,53256,2023,2
with_subs,VERISK ANALYTICS INC,VRSK,53256,2025,10
with_subs,VISA INC,V,52983,2011,3
with_subs,VISA INC,V,52983,2012,1
with_subs,VISA INC,V,52983,2013,5
with_subs,VISA INC,V,52983,2014,6
with_subs,VISA INC,V,52983,2015,4
with_subs,VISA INC,V,52983,2016,8
with_subs,VISA INC,V,52983,2017,27
with_subs,VISA INC,V,52983,2018,43
with_subs,VISA INC,V,52983,2019,103
with_subs,VISA INC,V,52983,2020,44
with_subs,VISA INC,V,52983,2021,61
with_subs,VISA INC,V,52983,2022,91
with_subs,VISA INC,V,52983,2023,72
with_subs,VISA INC,V,52983,2024,48
with_subs,VISA INC,V,52983,2025,14
with_subs,VMWARE INC,VMW,52705,2010,2
with_subs,VMWARE INC,VMW,52705,2011,5
with_subs,VMWARE INC,VMW,52705,2012,3
with_subs,VMWARE INC,VMW,52705,2013,9
with_subs,VMWARE INC,VMW,52705,2014,12
with_subs,VMWARE INC,VMW,52705,2015,18
with_subs,VMWARE INC,VMW,52705,2016,21
with_subs,VMWARE INC,VMW,52705,2017,25
with_subs,VMWARE INC,VMW,52705,2018,45
with_subs,VMWARE INC,VMW,52705,2019,87
with_subs,VMWARE INC,VMW,52705,2020,86
with_subs,VMWARE INC,VMW,52705,2021,105
with_subs,VMWARE INC,VMW,52705,2022,81
with_subs,VMWARE INC,VMW,52705,2023,66
with_subs,VMWARE INC,VMW,52705,2024,4
with_subs,VMWARE INC,VMW,52705,2025,2
with_subs,WAL MART STORES INC,WMT,21880,2010,1
with_subs,WAL MART STORES INC,WMT,21880,2011,5
with_subs,WAL MART STORES INC,WMT,21880,2012,32
with_subs,WAL MART STORES INC,WMT,21880,2013,35
with_subs,WAL MART STORES INC,WMT,21880,2014,25
with_subs,WAL MART STORES INC,WMT,21880,2015,27
with_subs,WAL MART STORES INC,WMT,21880,2016,79
with_subs,WAL MART STORES INC,WMT,21880,2017,138
with_subs,WAL MART STORES INC,WMT,21880,2018,180
with_subs,WAL MART STORES INC,WMT,21880,2019,192
with_subs,WAL MART STORES INC,WMT,21880,2020,110
with_subs,WAL MART STORES INC,WMT,21880,2021,140
with_subs,WAL MART STORES INC,WMT,21880,2022,105
with_subs,WAL MART STORES INC,WMT,21880,2023,131
with_subs,WAL MART STORES INC,WMT,21880,2024,114
with_subs,WAL MART STORES INC,WMT,21880,2025,45
with_subs,WESTERN DIGITAL CORP,WDC,4879,2013,1
with_subs,WESTERN DIGITAL CORP,WDC,4879,2014,1
with_subs,WESTERN DIGITAL CORP,WDC,4879,2015,1
with_subs,WESTERN DIGITAL CORP,WDC,4879,2016,1
with_subs,WESTERN DIGITAL CORP,WDC,4879,2017,18
with_subs,WESTERN DIGITAL CORP,WDC,4879,2018,30
with_subs,WESTERN DIGITAL CORP,WDC,4879,2019,30
with_subs,WESTERN DIGITAL CORP,WDC,4879,2020,28
with_subs,WESTERN DIGITAL CORP,WDC,4879,2021,56
with_subs,WESTERN DIGITAL CORP,WDC,4879,2022,36
with_subs,WESTERN DIGITAL CORP,WDC,4879,2023,28
with_subs,WESTERN DIGITAL CORP,WDC,4879,2024,14
with_subs,WESTERN DIGITAL CORP,WDC,4879,2025,2
with_subs,WIPRO LTD,WIT,40160,2013,3
with_subs,WIPRO LTD,WIT,40160,2014,19
with_subs,WIPRO LTD,WIT,40160,2015,25
with_subs,WIPRO LTD,WIT,40160,2016,57
with_subs,WIPRO LTD,WIT,40160,2017,87
with_subs,WIPRO LTD,WIT,40160,2018,80
with_subs,WIPRO LTD,WIT,40160,2019,91
with_subs,WIPRO LTD,WIT,40160,2020,70
with_subs,WIPRO LTD,WIT,40160,2021,14
with_subs,WIPRO LTD,WIT,40160,2022,6
with_subs,WIPRO LTD,WIT,40160,2023,5
with_subs,WIPRO LTD,WIT,40160,2024,3
with_subs,WOODWARD INC,WWD,27497,2011,1
with_subs,WOODWARD INC,WWD,27497,2012,2
with_subs,WOODWARD INC,WWD,27497,2018,1
with_subs,WOODWARD INC,WWD,27497,2023,1
with_subs,WORKDAY INC,WDAY,54213,2011,2
with_subs,WORKDAY INC,WDAY,54213,2015,6
with_subs,WORKDAY INC,WDAY,54213,2016,4
with_subs,WORKDAY INC,WDAY,54213,2018,4
with_subs,WORKDAY INC,WDAY,54213,2019,3
with_subs,WORKDAY INC,WDAY,54213,2020,4
with_subs,WORKDAY INC,WDAY,54213,2021,4
with_subs,WORKDAY INC,WDAY,54213,2022,8
with_subs,WORKDAY INC,WDAY,54213,2023,3
with_subs,WORKDAY INC,WDAY,54213,2024,7
with_subs,WORKDAY INC,WDAY,54213,2025,8
with_subs,XEROX CORP,XRX,21945,2010,56
with_subs,XEROX CORP,XRX,21945,2011,76
with_subs,XEROX CORP,XRX,21945,2012,115
with_subs,XEROX CORP,XRX,21945,2013,133
with_subs,XEROX CORP,XRX,21945,2014,131
with_subs,XEROX CORP,XRX,21945,2015,116
with_subs,XEROX CORP,XRX,21945,2016,86
with_subs,XEROX CORP,XRX,21945,2017,46
with_subs,XEROX CORP,XRX,21945,2018,9
with_subs,XEROX CORP,XRX,21945,2019,7
with_subs,XEROX CORP,XRX,21945,2020,9
with_subs,XEROX CORP,XRX,21945,2021,18
with_subs,XEROX CORP,XRX,21945,2022,8
with_subs,XEROX CORP,XRX,21945,2023,16
with_subs,XEROX CORP,XRX,21945,2024,7
with_subs,XEROX CORP,XRX,21945,2025,3
with_subs,XILINX INC,XLNX,10634,2013,2
with_subs,XILINX INC,XLNX,10634,2016,1
with_subs,XILINX INC,XLNX,10634,2017,10
with_subs,XILINX INC,XLNX,10634,2018,3
with_subs,XILINX INC,XLNX,10634,2019,7
with_subs,XILINX INC,XLNX,10634,2020,1
with_subs,XILINX INC,XLNX,10634,2021,10
with_subs,XILINX INC,XLNX,10634,2022,24
with_subs,XILINX INC,XLNX,10634,2023,7
with_subs,XILINX INC,XLNX,10634,2024,19
with_subs,XILINX INC,XLNX,10634,2025,2
with_subs,XPERI INC,XPER,59381,2010,29
with_subs,XPERI INC,XPER,59381,2011,22
with_subs,XPERI INC,XPER,59381,2017,1
with_subs,XPERI INC,XPER,59381,2018,2
with_subs,XPERI INC,XPER,59381,2019,2
with_subs,XPERI INC,XPER,59381,2020,5
with_subs,XPERI INC,XPER,59381,2021,2
with_subs,XPERI INC,XPER,59381,2022,2
with_subs,XPERI INC,XPER,59381,2023,3
with_subs,YAHOO INC,YHOO,14521,2010,114
with_subs,YAHOO INC,YHOO,14521,2011,71
with_subs,YAHOO INC,YHOO,14521,2012,85
with_subs,YAHOO INC,YHOO,14521,2013,121
with_subs,YAHOO INC,YHOO,14521,2014,145
with_subs,YAHOO INC,YHOO,14521,2015,130
with_subs,YAHOO INC,YHOO,14521,2016,104
with_subs,YAHOO INC,YHOO,14521,2017,81
with_subs,YAHOO INC,YHOO,14521,2018,16
with_subs,YAHOO INC,YHOO,14521,2019,8
with_subs,YAHOO INC,YHOO,14521,2020,1
with_subs,YAHOO INC,YHOO,14521,2021,20
with_subs,YAHOO INC,YHOO,14521,2022,57
with_subs,YAHOO INC,YHOO,14521,2023,81
with_subs,YAHOO INC,YHOO,14521,2024,48
with_subs,YAHOO INC,YHOO,14521,2025,14
with_subs,ZEBRA TECHNOLOGIES CORP,ZBRA,11092,2018,22
with_subs,ZEBRA TECHNOLOGIES CORP,ZBRA,11092,2019,27
with_subs,ZEBRA TECHNOLOGIES CORP,ZBRA,11092,2020,40
with_subs,ZEBRA TECHNOLOGIES CORP,ZBRA,11092,2021,42
with_subs,ZEBRA TECHNOLOGIES CORP,ZBRA,11092,2022,46
with_subs,ZEBRA TECHNOLOGIES CORP,ZBRA,11092,2023,44
with_subs,ZEBRA TECHNOLOGIES CORP,ZBRA,11092,2024,35
with_subs,ZEBRA TECHNOLOGIES CORP,ZBRA,11092,2025,3
with_subs,ZILLOW GROUP INC,ZG,53853,2017,2
with_subs,ZILLOW GROUP INC,ZG,53853,2018,1
with_subs,ZILLOW GROUP INC,ZG,53853,2019,2
with_subs,ZILLOW GROUP INC,ZG,53853,2020,8
with_subs,ZILLOW GROUP INC,ZG,53853,2021,7
with_subs,ZILLOW GROUP INC,ZG,53853,2022,3
