permco,primary_ticker,primary_name,matched_from_name,assignee_name,assignee_core,n_publications,first_filing_year,last_filing_year,tier,risky_short_name
36364,A,AGILENT TECHNOLOGIES INC,AGILENT TECH,AGILENT TECHNOLOGIES INC,AGILENT TECH,916,2010,2025,T1_EXACT,0
36364,A,AGILENT TECHNOLOGIES INC,AGILENT TECH,AGILENT TECH LDA UK LIMITED,AGILENT TECH LDA UK,5,2020,2025,T2_PREFIX,0
36364,A,AGILENT TECHNOLOGIES INC,AGILENT TECH,AGILENT TECH BELGIUM NV,AGILENT TECH BELGIUM,3,2016,2020,T2_PREFIX,0
7,AAPL,APPLE INC,APPLE,APPLE INC,APPLE,33929,2010,2025,T1_EXACT,1
54287,ABBV,ABBVIE INC,ABBVIE,ABBVIE INC,ABBVIE,1204,2011,2025,T1_EXACT,0
54287,ABBV,ABBVIE INC,ABBVIE,ABBVIE DEUTSCHLAND,ABBVIE DEUTSCHLAND,203,2011,2025,T2_PREFIX,0
54287,ABBV,ABBVIE INC,ABBVIE,ABBVIE BIOTECHNOLOGY LTD,ABBVIE BIOTECHNOLOGY,130,2013,2023,T2_PREFIX,0
54287,ABBV,ABBVIE INC,ABBVIE,ABBVIE BIOTHERAPEUTICS INC,ABBVIE BIOTHERAPEUTICS,78,2012,2024,T2_PREFIX,0
54287,ABBV,ABBVIE INC,ABBVIE,ABBVIE STEMCENTRX LLC,ABBVIE STEMCENTRX,52,2015,2025,T2_PREFIX,0
54287,ABBV,ABBVIE INC,ABBVIE,ABBVIE SARL,ABBVIE,14,2017,2019,T1_EXACT,0
54287,ABBV,ABBVIE INC,ABBVIE,ABBVIE BV,ABBVIE,10,2011,2020,T1_EXACT,0
54287,ABBV,ABBVIE INC,ABBVIE,AbbVie Pharmaceuticals GmbH,ABBVIE PHARMACEUTICALS,6,2020,2024,T2_PREFIX,0
54287,ABBV,ABBVIE INC,ABBVIE,ABBVIE OVERSEAS SARL,ABBVIE OVERSEAS,6,2020,2021,T2_PREFIX,0
54287,ABBV,ABBVIE INC,ABBVIE,ABBVIE GLOBAL ENTPR LTD,ABBVIE GLOBAL ENTPR,5,2021,2023,T2_PREFIX,0
42385,ABCO,ADVISORY BOARD CO,ADVISORY BOARD,THE ADVISORY BOARD COMPANY,ADVISORY BOARD,4,2018,2020,T1_EXACT,0
57588,ABNB,AIRBNB INC,AIRBNB,AIRBNB INC,AIRBNB,149,2013,2025,T1_EXACT,0
8476,ADBE,ADOBE SYSTEMS INC,ADOBE SYS,ADOBE SYSTEMS INC,ADOBE SYS,2184,2010,2018,T1_EXACT,0
8476,ADBE,ADOBE SYSTEMS INC,ADOBE SYS,ADOBE SYSTEMS INC A DELAWARE CORP,ADOBE SYS INC A DELAWARE,4,2011,2012,T2_PREFIX,0
7623,ADSK,AUTODESK INC,AUTODESK,AUTODESK INC,AUTODESK,856,2010,2025,T1_EXACT,0
42936,ALC,ALCON INC,ALCON,ALCON INC,ALCON,1184,2010,2025,T1_EXACT,0
42936,ALC,ALCON INC,ALCON,ALCON RES LTD,ALCON RES,274,2010,2019,T2_PREFIX,0
42936,ALC,ALCON INC,ALCON,ALCON LENSX INC,ALCON LENSX,20,2011,2019,T2_PREFIX,0
42936,ALC,ALCON INC,ALCON,ALCON PHARMACEUTICALS LTD,ALCON PHARMACEUTICALS,18,2011,2023,T2_PREFIX,0
42936,ALC,ALCON INC,ALCON,ALCON COMPONENTS LTD,ALCON COMPONENTS,6,2016,2023,T2_PREFIX,0
41154,ALGN,ALIGN TECHNOLOGY INC,ALIGN TECH,ALIGN TECHNOLOGY INC,ALIGN TECH,1563,2010,2025,T1_EXACT,0
29870,ALL,ALLSTATE CORP,ALLSTATE,ALLSTATE INSURANCE CO,ALLSTATE INSURANCE,743,2011,2025,T2_PREFIX,0
29870,ALL,ALLSTATE CORP,ALLSTATE,ALLSTATE SOLUTIONS PRIVATE LTD,ALLSTATE SOLUTIONS PRIVATE,25,2016,2024,T2_PREFIX,0
29870,ALL,ALLSTATE CORP,ALLSTATE,ALLSTATE INDIA PRIVATE LTD,ALLSTATE INDIA PRIVATE,4,2024,2025,T2_PREFIX,0
29870,ALL,ALLSTATE CORP,ALLSTATE,Allstate Garden Supply,ALLSTATE GARDEN SUPPLY,3,2018,2018,T2_PREFIX,0
29487,ALU,ALCATEL LUCENT,ALCATEL LUCENT,ALCATEL LUCENT,ALCATEL LUCENT,1639,2010,2023,T1_EXACT,0
29487,ALU,ALCATEL LUCENT,ALCATEL LUCENT,ALCATEL LUCENT USA INC,ALCATEL LUCENT USA,1307,2010,2021,T2_PREFIX,0
29487,ALU,ALCATEL LUCENT,ALCATEL LUCENT,ALCATEL LUCENT CANADA INC,ALCATEL LUCENT CANADA,307,2010,2018,T2_PREFIX,0
29487,ALU,ALCATEL LUCENT,ALCATEL LUCENT,ALCATEL-LUCENT CANADA INC,ALCATEL LUCENT CANADA,27,2014,2016,T2_PREFIX,0
29487,ALU,ALCATEL LUCENT,ALCATEL LUCENT,ALCATEL LUCENT INDIA LTD,ALCATEL LUCENT INDIA,13,2010,2016,T2_PREFIX,0
29487,ALU,ALCATEL LUCENT,ALCATEL LUCENT,ALCATEL LUCENT SHANGHAI BELL CO LTD,ALCATEL LUCENT SHANGHAI BELL,13,2012,2016,T2_PREFIX,0
29487,ALU,ALCATEL LUCENT,ALCATEL LUCENT,ALCATEL LUCENT TELECOM LTD,ALCATEL LUCENT TELECOM,13,2010,2014,T2_PREFIX,0
29487,ALU,ALCATEL LUCENT,ALCATEL LUCENT,ALCATEL LUCENT BELL N V,ALCATEL LUCENT BELL N V,11,2010,2017,T2_PREFIX,0
29487,ALU,ALCATEL LUCENT,ALCATEL LUCENT,ALCATEL LUCENT IRELAND LTD,ALCATEL LUCENT IRELAND,10,2010,2018,T2_PREFIX,0
29487,ALU,ALCATEL LUCENT,ALCATEL LUCENT,Alcatel Lucent Bell Labs France,ALCATEL LUCENT BELL LAB FRANCE,6,2012,2017,T2_PREFIX,0
29487,ALU,ALCATEL LUCENT,ALCATEL LUCENT,ALCATEL LUCENT U S A INC,ALCATEL LUCENT U S A,5,2011,2015,T2_PREFIX,0
29487,ALU,ALCATEL LUCENT,ALCATEL LUCENT,ALCATEL LUCENT DEUTSCHLAND AG,ALCATEL LUCENT DEUTSCHLAND,4,2012,2016,T2_PREFIX,0
29487,ALU,ALCATEL LUCENT,ALCATEL LUCENT,ALCATEL LUCENT CANADA,ALCATEL LUCENT CANADA,4,2010,2010,T2_PREFIX,0
29487,ALU,ALCATEL LUCENT,ALCATEL LUCENT,ALCATEL LUCENT ISRAEL LTD,ALCATEL LUCENT ISRAEL,4,2013,2014,T2_PREFIX,0
29487,ALU,ALCATEL LUCENT,ALCATEL LUCENT,ALCATEL-LUCENT BELL N V,ALCATEL LUCENT BELL N V,3,2015,2016,T2_PREFIX,0
29487,ALU,ALCATEL LUCENT,ALCATEL LUCENT,ALCATEL LUCENT USA,ALCATEL LUCENT USA,3,2010,2013,T2_PREFIX,0
29487,ALU,ALCATEL LUCENT,ALCATEL LUCENT,ALCATEL LUCENT ESPANA S A,ALCATEL LUCENT ESPANA S A,3,2017,2022,T2_PREFIX,0
31946,ALV,AUTOLIV INC,AUTOLIV,AUTOLIV DEV,AUTOLIV DEV,703,2010,2025,T2_PREFIX,0
31946,ALV,AUTOLIV INC,AUTOLIV,AUTOLIV ASP INC,AUTOLIV ASP,407,2010,2025,T2_PREFIX,0
31946,ALV,AUTOLIV INC,AUTOLIV,AUTOLIV NISSIN BRAKE SYSTEMS JAPAN CO LTD,AUTOLIV NISSIN BRAKE SYS JAPAN,12,2016,2019,T2_PREFIX,0
31946,ALV,AUTOLIV INC,AUTOLIV,AUTOLIV DEVELOPEMENT AB,AUTOLIV DEVELOPEMENT,3,2010,2012,T2_PREFIX,0
31946,ALV,AUTOLIV INC,AUTOLIV,Autoliv Develpement AB,AUTOLIV DEVELPEMENT,3,2012,2012,T2_PREFIX,0
194,AMAT,APPLIED MATERIALS INC,APPLIED MATERIALS,APPLIED MATERIALS INC,APPLIED MATERIALS,11659,2010,2025,T1_EXACT,0
194,AMAT,APPLIED MATERIALS INC,APPLIED MATERIALS,APPLIED MATERIALS ISRAEL LTD,APPLIED MATERIALS ISRAEL,450,2010,2025,T2_PREFIX,0
194,AMAT,APPLIED MATERIALS INC,APPLIED MATERIALS,APPLIED MATERIALS ITALIA SRL,APPLIED MATERIALS ITALIA,9,2011,2012,T2_PREFIX,0
211,AMD,ADVANCED MICRO DEVICES INC,ADVANCED MICRO DEVICES,ADVANCED MICRO DEVICES INC,ADVANCED MICRO DEVICES,3846,2010,2025,T1_EXACT,0
211,AMD,ADVANCED MICRO DEVICES INC,ADVANCED MICRO DEVICES,ADVANCED MICRO DEVICES SHANGHAI CO LTD,ADVANCED MICRO DEVICES SHANGHAI,11,2014,2022,T2_PREFIX,0
216,AMGN,AMGEN INC,AMGEN,AMGEN INC,AMGEN,1848,2010,2025,T1_EXACT,0
216,AMGN,AMGEN INC,AMGEN,AMGEN RES MUNICH GMBH,AMGEN RES MUNICH,120,2011,2025,T2_PREFIX,0
216,AMGN,AMGEN INC,AMGEN,AMGEN FREMONT INC,AMGEN FREMONT,41,2010,2020,T2_PREFIX,0
216,AMGN,AMGEN INC,AMGEN,AMGEN,AMGEN,5,2010,2018,T1_EXACT,0
216,AMGN,AMGEN INC,AMGEN,AMGEN K A INC,AMGEN K A,5,2018,2023,T2_PREFIX,0
216,AMGN,AMGEN INC,AMGEN,AMGEN RES MUNICH,AMGEN RES MUNICH,3,2020,2022,T2_PREFIX,0
11248,AMSC,AMERICAN SUPERCONDUCTOR CORP,AMER SUPERCONDUCTOR,AMERICAN SUPERCONDUCTOR CORP,AMER SUPERCONDUCTOR,37,2010,2024,T1_EXACT,0
15473,AMZN,AMAZON COM INC,AMAZON COM,AMAZON COM INC,AMAZON COM,12,2010,2014,T1_EXACT,0
14744,ANSS,ANSYS INC,ANSYS,ANSYS INC,ANSYS,86,2013,2025,T1_EXACT,0
42273,ANTM,ANTHEM INC,ELEVANCE HEALTH,ELEVANCE HEALTH INC,ELEVANCE HEALTH,24,2022,2025,T1_EXACT,0
42273,ANTM,ANTHEM INC,WELLPOINT,WELLPOINT INC,WELLPOINT,15,2012,2013,T1_EXACT,0
42273,ANTM,ANTHEM INC,ANTHEM,ANTHEM INC,ANTHEM,6,2017,2022,T1_EXACT,0
42273,ANTM,ANTHEM INC,ANTHEM,ANTHEM DISPLAYS LLC,ANTHEM DISPLAYS,4,2017,2020,T2_PREFIX,0
42273,ANTM,ANTHEM INC,ANTHEM,ANTHEM BIOSCIENCES PRIVATE LTD,ANTHEM BIOSCIENCES PRIVATE,4,2010,2022,T2_PREFIX,0
42273,ANTM,ANTHEM INC,ANTHEM,ANTHEM BIOSCIENCES PVT LTD,ANTHEM BIOSCIENCES PVT,3,2012,2014,T2_PREFIX,0
53927,APTV,APTIV PLC,APTIV,APTIV TECH LTD,APTIV TECH,1175,2017,2024,T2_PREFIX,0
53927,APTV,APTIV PLC,APTIV,Aptiv Technologies AG,APTIV TECH,352,2023,2025,T2_PREFIX,0
53927,APTV,APTIV PLC,DELPHI AUTOMOTIVE,DELPHI AUTOMOTIVE SYSTEMS LUX,DELPHI AUTOMOTIVE SYS LUX,30,2012,2019,T2_PREFIX,0
53927,APTV,APTIV PLC,APTIV,APTIV TECH 2 S A R L,APTIV TECH 2 S A R L,20,2023,2023,T2_PREFIX,0
53927,APTV,APTIV PLC,APTIV,APTIV ELECTRICAL CENTERS SHANGHAI CO LTD,APTIV ELECTRICAL CENTERS SHANGHAI,13,2018,2025,T2_PREFIX,0
53927,APTV,APTIV PLC,APTIV,APTIV CONNECTION SYSTEMS NANTONG LTD,APTIV CONNECTION SYS NANTONG,9,2023,2025,T2_PREFIX,0
53927,APTV,APTIV PLC,APTIV,APTIV DIGITAL INC,APTIV DIGITAL,7,2010,2014,T2_PREFIX,0
53927,APTV,APTIV PLC,APTIV,APTIV ELEC SYS CO LTD,APTIV ELEC SYS,4,2018,2023,T2_PREFIX,0
53927,APTV,APTIV PLC,DELPHI AUTOMOTIVE,DELPHI AUTOMOTIVE SYSTEMS LUXEMBOURG S A,DELPHI AUTOMOTIVE SYS LUXEMBOURG S A,4,2018,2019,T2_PREFIX,0
53927,APTV,APTIV PLC,APTIV,APTIV ELECTRIC SYSTEMS COMPANY LTD,APTIV ELEC SYS,3,2023,2025,T2_PREFIX,0
53927,APTV,APTIV PLC,APTIV,APTIV TECH AG,APTIV TECH,3,2024,2025,T2_PREFIX,0
59796,AS,AMER SPORTS INC,AMER SPORTS,AMER SPORTS CANADA INC,AMER SPORTS CANADA,36,2015,2025,T2_PREFIX,0
59796,AS,AMER SPORTS INC,AMER SPORTS,AMER SPORTS DIGITAL SERVICES OY,AMER SPORTS DIGITAL SERVICES,22,2018,2022,T2_PREFIX,0
57887,ATC,ATOTECH LTD,ATOTECH,ATOTECH DEUTSCHLAND GMBH,ATOTECH DEUTSCHLAND,184,2010,2021,T2_PREFIX,0
57887,ATC,ATOTECH LTD,ATOTECH,ATOTECH DEUTSCHLAND GMBH & CO KG,ATOTECH DEUTSCHLAND,57,2020,2025,T2_PREFIX,0
42120,ATE,ADVANTEST CORP,ADVANTEST,ADVANTEST CORP,ADVANTEST,844,2010,2025,T1_EXACT,0
42120,ATE,ADVANTEST CORP,ADVANTEST,ADVANTEST TEST SOLUTIONS INC,ADVANTEST TEST SOLUTIONS,42,2020,2025,T2_PREFIX,0
42120,ATE,ADVANTEST CORP,ADVANTEST,ADVANTEST SINGAPORE PTE LTD,ADVANTEST SINGAPORE,16,2011,2014,T2_PREFIX,0
42120,ATE,ADVANTEST CORP,ADVANTEST,ADVANTEST AMERICA INC,ADVANTEST AMER,4,2013,2023,T2_PREFIX,0
10860,ATML,ATMEL CORP,ATMEL,ATMEL CORP,ATMEL,387,2010,2025,T1_EXACT,0
10860,ATML,ATMEL CORP,ATMEL,ATMEL ROUSSET SAS,ATMEL ROUSSET,13,2010,2012,T2_PREFIX,0
10860,ATML,ATMEL CORP,ATMEL,ATMEL NANTES S A S,ATMEL NANTES S A S,5,2011,2012,T2_PREFIX,0
10860,ATML,ATMEL CORP,ATMEL,ATMEL AUTOMOTIVE GMBH,ATMEL AUTOMOTIVE,4,2011,2012,T2_PREFIX,0
10860,ATML,ATMEL CORP,ATMEL,ATMEL UK,ATMEL UK,3,2010,2010,T2_PREFIX,0
53196,AVGO,BROADCOM INC,BROADCOM,BROADCOM CORP,BROADCOM,4682,2010,2017,T1_EXACT,0
53196,AVGO,BROADCOM INC,AVAGO TECH,AVAGO TECHNOLOGIES GENERAL IP,AVAGO TECH GEN IP,814,2010,2019,T2_PREFIX,0
53196,AVGO,BROADCOM INC,AVAGO TECH,AVAGO TECH INT SALES PTE LID,AVAGO TECH INT SALES PTE LID,738,2017,2025,T2_PREFIX,0
53196,AVGO,BROADCOM INC,AVAGO TECH,AVAGO TECH ECBU IP SG PTE LTD,AVAGO TECH ECBU IP SG,93,2010,2012,T2_PREFIX,0
53196,AVGO,BROADCOM INC,AVAGO TECH,AVAGO TECHNOLOGIES WIRELESS IP,AVAGO TECH WIRELESS IP,87,2010,2014,T2_PREFIX,0
53196,AVGO,BROADCOM INC,AVAGO TECH,AVAGO TECH FIBER IP SG PTE LTD,AVAGO TECH FIBER IP SG,87,2010,2015,T2_PREFIX,0
53196,AVGO,BROADCOM INC,AVAGO TECH,AVAGO TECHNOLOGIES ENTPR IP SINGAPORE PTE LTD,AVAGO TECH ENTPR IP SINGAPORE,21,2010,2012,T2_PREFIX,0
53196,AVGO,BROADCOM INC,AVAGO TECH,AVAGO TECHNOLOGIES ECBU SINGAPORE PTE LTD,AVAGO TECH ECBU SINGAPORE,19,2010,2011,T2_PREFIX,0
53196,AVGO,BROADCOM INC,BROADCOM,BROADCOM EUROPE LTD,BROADCOM EUROPE,15,2010,2016,T2_PREFIX,0
53196,AVGO,BROADCOM INC,BROADCOM,BROADCOM INT PTE LTD,BROADCOM INT,13,2021,2022,T2_PREFIX,0
53196,AVGO,BROADCOM INC,AVAGO TECH,AVAGO TECH INTERNATIONAL SALES PTE LTD,AVAGO TECH INT SALES,11,2018,2025,T2_PREFIX,0
53196,AVGO,BROADCOM INC,BROADCOM,BROADCOM INNOVISION LTD,BROADCOM INNOVISION,8,2013,2014,T2_PREFIX,0
53196,AVGO,BROADCOM INC,AVAGO TECH,AVAGO TECH INTERNATIONAL SALES PTE LIMITED,AVAGO TECH INT SALES,6,2024,2025,T2_PREFIX,0
53196,AVGO,BROADCOM INC,BROADCOM,BROADCOM COPORATION,BROADCOM COPORATION,5,2012,2015,T2_PREFIX,0
53196,AVGO,BROADCOM INC,AVAGO TECH,AVAGO TECHNOLOGIES LTD,AVAGO TECH,4,2014,2015,T1_EXACT,0
53196,AVGO,BROADCOM INC,AVAGO TECH,AVAGO TECH INTERNATIONAL SALES PTE LIMITE,AVAGO TECH INT SALES PTE LIMITE,4,2018,2018,T2_PREFIX,0
53196,AVGO,BROADCOM INC,AVAGO TECH,AVAGO TECHNOLOGIES ECBU SINGAP,AVAGO TECH ECBU SINGAP,4,2010,2010,T2_PREFIX,0
53196,AVGO,BROADCOM INC,AVAGO TECH,AVAGO TECHNOLOGIES GENERAL LP SINGAPORE PTE LTD,AVAGO TECH GEN LP SINGAPORE,4,2013,2014,T2_PREFIX,0
53196,AVGO,BROADCOM INC,BROADCOM,BROADCOM CORP IRVINE CA,BROADCOM CORP IRVINE CA,3,2010,2012,T2_PREFIX,0
53196,AVGO,BROADCOM INC,BROADCOM,BROADCOM CORPORATON,BROADCOM CORPORATON,3,2011,2013,T2_PREFIX,0
53196,AVGO,BROADCOM INC,BROADCOM,BROADCOM CORPORTION,BROADCOM CORPORTION,3,2011,2013,T2_PREFIX,0
53196,AVGO,BROADCOM INC,AVAGO TECH,AVAGO TECH GENERAL IP SINGAPORE PTD LTD,AVAGO TECH GEN IP SINGAPORE PTD,3,2017,2018,T2_PREFIX,0
53196,AVGO,BROADCOM INC,AVAGO TECH,AVAGO TECH INTEMATIONAL SALES PTE LIMITED,AVAGO TECH INTEMATIONAL SALES,3,2022,2023,T2_PREFIX,0
14889,AWRE,AWARE INC,AWARE,AWARE INC,AWARE,172,2010,2025,T1_EXACT,0
14889,AWRE,AWARE INC,AWARE,Aware Mobility LLC,AWARE MOBILITY,7,2018,2018,T2_PREFIX,0
90,AXP,AMERICAN EXPRESS CO,AMER EXPRESS,AMERICAN EXPRESS TRAVEL RELATED SERVICES CO INC,AMER EXPRESS TRAVEL RELATED SERVICES,727,2015,2025,T2_PREFIX,0
90,AXP,AMERICAN EXPRESS CO,AMER EXPRESS,AMERICAN EXPRESS TRAVEL RELATE,AMER EXPRESS TRAVEL RELATE,604,2010,2016,T2_PREFIX,0
90,AXP,AMERICAN EXPRESS CO,AMER EXPRESS,AMERICAN EXPRESS KABBAGE INC,AMER EXPRESS KABBAGE,10,2022,2024,T2_PREFIX,0
90,AXP,AMERICAN EXPRESS CO,AMER EXPRESS,AMERICAN EXPRESS TRAVEL RELATED SERVICES COMPANY,AMER EXPRESS TRAVEL RELATED SERVICES,7,2015,2019,T2_PREFIX,0
90,AXP,AMERICAN EXPRESS CO,AMER EXPRESS,AMERICAN EXPRESS AUSTRALIA LTD,AMER EXPRESS AUSTRALIA,6,2024,2025,T2_PREFIX,0
90,AXP,AMERICAN EXPRESS CO,AMER EXPRESS,AMERICAN EXPRESS SERVICES EUROPE LTD,AMER EXPRESS SERVICES EUROPE,4,2024,2025,T2_PREFIX,0
90,AXP,AMERICAN EXPRESS CO,AMER EXPRESS,AMERICA EXPRESS TRAVEL RELATED SERVICES COMPANY INC,AMER EXPRESS TRAVEL RELATED SERVICES,3,2010,2016,T2_PREFIX,0
29908,AZN,ASTRAZENECA PLC,ASTRAZENECA,ASTRAZENECA AB,ASTRAZENECA,801,2010,2025,T1_EXACT,0
29908,AZN,ASTRAZENECA PLC,ASTRAZENECA,ASTRAZENECA UK LTD,ASTRAZENECA UK,88,2010,2025,T2_PREFIX,0
29908,AZN,ASTRAZENECA PLC,ASTRAZENECA,ASTRAZENECA PHARMACEUTICALS LP,ASTRAZENECA PHARMACEUTICALS,52,2011,2024,T2_PREFIX,0
29908,AZN,ASTRAZENECA PLC,ASTRAZENECA,ASTRAZENECA INTELLECTUAL PROPERTY,ASTRAZENECA INTELLECTUAL PROPERTY,5,2011,2013,T2_PREFIX,0
29908,AZN,ASTRAZENECA PLC,ASTRAZENECA,ASTRAZENECA IRELAND LTD,ASTRAZENECA IRELAND,4,2022,2023,T2_PREFIX,0
29908,AZN,ASTRAZENECA PLC,ASTRAZENECA,ASTRAZENECA COLLABORATION VENTURES LLC,ASTRAZENECA COLLABORATION VENTURES,4,2019,2022,T2_PREFIX,0
20315,BA,BOEING CO,BOEING,BOEING CO,BOEING,13706,2010,2025,T1_EXACT,0
20315,BA,BOEING CO,BOEING,BOEING CORP,BOEING,7,2013,2016,T1_EXACT,0
20315,BA,BOEING CO,BOEING,THE BOEING COMPANY,BOEING,6,2024,2025,T1_EXACT,0
20315,BA,BOEING CO,BOEING,THE BOEING COMPAY,BOEING COMPAY,4,2018,2023,T2_PREFIX,0
20315,BA,BOEING CO,BOEING,THE BOEING COMAPNY,BOEING COMAPNY,4,2017,2024,T2_PREFIX,0
20315,BA,BOEING CO,BOEING,THE BOEING COMPNAY,BOEING COMPNAY,3,2015,2019,T2_PREFIX,0
16396,BB,BLACKBERRY LTD,RES IN MOTION,RESEARCH IN MOTION LTD,RES IN MOTION,4187,2010,2014,T1_EXACT,0
16396,BB,BLACKBERRY LTD,BLACKBERRY,BLACKBERRY LTD,BLACKBERRY,2583,2011,2025,T1_EXACT,0
16396,BB,BLACKBERRY LTD,RES IN MOTION,RESEARCH IN MOTION CORP,RES IN MOTION,35,2010,2013,T1_EXACT,0
16396,BB,BLACKBERRY LTD,RES IN MOTION,RES IN MOTION LTD A CORP ORGANIZED UNDER THE LAWS OF THE PROVINCE OF,RES IN MOTION LTD A CORP ORGANIZED UNDER THE LAWS OF THE PROVINCE,22,2010,2012,T2_PREFIX,0
16396,BB,BLACKBERRY LTD,RES IN MOTION,RESEARCH IN MOTION RF INC,RES IN MOTION RF,18,2012,2013,T2_PREFIX,0
16396,BB,BLACKBERRY LTD,RES IN MOTION,RES IN MOTION TAT AB,RES IN MOTION TAT,12,2011,2012,T2_PREFIX,0
16396,BB,BLACKBERRY LTD,RES IN MOTION,RESEARCH IN MOTION,RES IN MOTION,5,2010,2013,T1_EXACT,0
16396,BB,BLACKBERRY LTD,RES IN MOTION,RES IN MOTION LTD A CORP ORGANIZED UNDER THE LAWS OF THE PROVINCE,RES IN MOTION LTD A CORP ORGANIZED UNDER THE LAWS OF THE PROVINCE,5,2010,2011,T2_PREFIX,0
16396,BB,BLACKBERRY LTD,RES IN MOTION,RES IN MOTION LTD A CORP ORGANIZED UNDER THE LAWS OF THE,RES IN MOTION LTD A CORP ORGANIZED UNDER THE LAWS,3,2010,2011,T2_PREFIX,0
16396,BB,BLACKBERRY LTD,RES IN MOTION,RES IN MOTION LIMTED,RES IN MOTION LIMTED,3,2010,2012,T2_PREFIX,0
16396,BB,BLACKBERRY LTD,RES IN MOTION,RES IN MOTION LTD A CORP ORGANIZED UNDER THE LAWS,RES IN MOTION LTD A CORP ORGANIZED UNDER THE LAWS,3,2011,2011,T2_PREFIX,0
21963,BBVA,BANCO BILBAO VIZCAYA ARGENTARIA,BANCO BILBAO VIZCAYA ARGENTARIA,BANCO BILBAO VIZCAYA ARGENTARIA SA,BANCO BILBAO VIZCAYA ARGENTARIA,14,2012,2022,T1_EXACT,0
20344,BC,BRUNSWICK CORP,BRUNSWICK,BRUNSWICK CORP,BRUNSWICK,229,2010,2025,T1_EXACT,0
20344,BC,BRUNSWICK CORP,BRUNSWICK,BRUNSWICK BOWLING PRODUCTS LLC,BRUNSWICK BOWLING PRODUCTS,6,2018,2024,T2_PREFIX,0
20344,BC,BRUNSWICK CORP,BRUNSWICK,BRUNSWICK BOWLING,BRUNSWICK BOWLING,5,2013,2014,T2_PREFIX,0
20269,BCS,BARCLAYS PLC,BARCLAYS,BARCLAYS BANK PLC,BARCLAYS BANK,55,2010,2018,T2_PREFIX,0
20269,BCS,BARCLAYS PLC,BARCLAYS,BARCLAYS EXECUTION SERVICES LTD,BARCLAYS EXECUTION SERVICES,33,2019,2025,T2_PREFIX,0
20269,BCS,BARCLAYS PLC,BARCLAYS,BARCLAYS CAPITAL INC,BARCLAYS CAPITAL,19,2010,2014,T2_PREFIX,0
20269,BCS,BARCLAYS PLC,BARCLAYS,BARCLAYS SERVICES LTD,BARCLAYS SERVICES,7,2018,2019,T2_PREFIX,0
20269,BCS,BARCLAYS PLC,BARCLAYS,BARCLAYS BANK DELAWARE,BARCLAYS BANK DELAWARE,4,2010,2012,T2_PREFIX,0
20269,BCS,BARCLAYS PLC,BARCLAYS,BARCLAYS SERVICES CORP,BARCLAYS SERVICES,3,2017,2024,T2_PREFIX,0
20253,BHI,BAKER HUGHES INC,BAKER HUGHES,BAKER HUGHES INC,BAKER HUGHES,3625,2010,2022,T1_EXACT,0
20253,BHI,BAKER HUGHES INC,BAKER HUGHES,BAKER HUGHES OILFIELD OPERATIONS LLC,BAKER HUGHES OILFIELD OPERATIONS,1139,2017,2025,T2_PREFIX,0
20253,BHI,BAKER HUGHES INC,BAKER HUGHES,BAKER HUGHES A GE CO LLC,BAKER HUGHES A GE,766,2015,2025,T2_PREFIX,0
20253,BHI,BAKER HUGHES INC,BAKER HUGHES,BAKER HUGHES HOLDINGS LLC,BAKER HUGHES,150,2018,2025,T1_EXACT,0
20253,BHI,BAKER HUGHES INC,BAKER HUGHES,Baker Hughes Energy Technology UK Ltd,BAKER HUGHES ENERGY TECH UK,47,2018,2025,T2_PREFIX,0
20253,BHI,BAKER HUGHES INC,BAKER HUGHES,BAKER HUGHES INCOPORATED,BAKER HUGHES INCOPORATED,8,2013,2016,T2_PREFIX,0
20253,BHI,BAKER HUGHES INC,BAKER HUGHES,BAKER HUGHES CORP,BAKER HUGHES,3,2012,2013,T1_EXACT,0
20253,BHI,BAKER HUGHES INC,BAKER HUGHES,BAKER HUGHES OILFIELD OPERATION LLC,BAKER HUGHES OILFIELD OPERATION,3,2023,2023,T2_PREFIX,0
20253,BHI,BAKER HUGHES INC,BAKER HUGHES,BAKER HUGHES OILFIELDS OPERATIONS INC,BAKER HUGHES OILFIELDS OPERATIONS,3,2018,2023,T2_PREFIX,0
47204,BIDU,BAIDU INC,BAIDU,Baidu online network technology beijing co ltd,BAIDU ONLINE NETWORK TECH BEIJING,1265,2012,2025,T2_PREFIX,0
47204,BIDU,BAIDU INC,BAIDU,BAIDU USA LLC,BAIDU USA,992,2015,2025,T2_PREFIX,0
47204,BIDU,BAIDU INC,BAIDU,BAIDU COM TIMES TECH BEIJING CO LTD,BAIDU COM TIMES TECH BEIJING,116,2016,2025,T2_PREFIX,0
47204,BIDU,BAIDU INC,BAIDU,BAIDU INTERNATIONAL TECH SHENZHEN CO LTD,BAIDU INT TECH SHENZHEN,23,2018,2025,T2_PREFIX,0
47204,BIDU,BAIDU INC,BAIDU,BAIDU CHINA CO LTD,BAIDU CHINA,4,2014,2022,T2_PREFIX,0
11112,BIIB,BIOGEN INC,BIOGEN,BIOGEN MA INC,BIOGEN MA,439,2013,2025,T2_PREFIX,0
11112,BIIB,BIOGEN INC,BIOGEN,BIOGEN IDEC INC,BIOGEN IDEC,219,2010,2017,T2_PREFIX,0
11112,BIIB,BIOGEN INC,BIOGEN,BIOGEN INC,BIOGEN,21,2010,2021,T1_EXACT,0
11112,BIIB,BIOGEN INC,BIOGEN,BIOGEN INT NEUROSCIENCE GMBH,BIOGEN INT NEUROSCIENCE,20,2015,2025,T2_PREFIX,0
11112,BIIB,BIOGEN INC,BIOGEN,BIOGEN CHESAPEAKE LLC,BIOGEN CHESAPEAKE,19,2016,2023,T2_PREFIX,0
11112,BIIB,BIOGEN INC,BIOGEN,BIOGEN HEMOPHILIA INC,BIOGEN HEMOPHILIA,12,2015,2016,T2_PREFIX,0
11112,BIIB,BIOGEN INC,BIOGEN,BIOGEN IDEC HEMOPHILIA INC,BIOGEN IDEC HEMOPHILIA,11,2010,2014,T2_PREFIX,0
11112,BIIB,BIOGEN INC,BIOGEN,BIOGEN SWISS MFG GMBH,BIOGEN SWISS MFG,7,2018,2022,T2_PREFIX,0
11112,BIIB,BIOGEN INC,BIOGEN,BIOGEN IDEC INTERNAT NEUROSCIENCE GMBH,BIOGEN IDEC INTERNAT NEUROSCIENCE,5,2012,2015,T2_PREFIX,0
11112,BIIB,BIOGEN INC,BIOGEN,BIOGEN IDEC INTERNAT GMBH,BIOGEN IDEC INTERNAT,4,2011,2015,T2_PREFIX,0
20265,BK,BANK OF NEW YORK MELLON CORP,BANK OF NEW YORK MELLON,BANK OF NEW YORK MELLON,BANK OF NEW YORK MELLON,139,2010,2025,T1_EXACT,0
20265,BK,BANK OF NEW YORK MELLON CORP,BANK OF NEW YORK MELLON,BANK OF NEW YORK MELLON CORP,BANK OF NEW YORK MELLON,6,2011,2012,T1_EXACT,0
20265,BK,BANK OF NEW YORK MELLON CORP,BANK OF NEW YORK MELLON,BANK OF NEW YORK MELLON A NEW YORK BANKING CORP,BANK OF NEW YORK MELLON A NEW YORK BANKING,3,2011,2012,T2_PREFIX,0
36336,BLK,BLACKROCK INC,BLACKROCK,BLACKROCK INC,BLACKROCK,14,2010,2024,T1_EXACT,0
36336,BLK,BLACKROCK INC,BLACKROCK,BLACKROCK MICROSYSTEMS INC,BLACKROCK MICROSYSTEMS,5,2023,2025,T2_PREFIX,0
36336,BLK,BLACKROCK INC,BLACKROCK,BLACKROCK FUND ADVISORS,BLACKROCK FUND ADVISORS,4,2013,2016,T2_PREFIX,0
36336,BLK,BLACKROCK INC,BLACKROCK,BLACKROCK FINANCIAL MAN INC,BLACKROCK FINANCIAL MAN,4,2016,2022,T2_PREFIX,0
36336,BLK,BLACKROCK INC,BLACKROCK,BLACKROCK INSTITUTIONAL TRUST COMPANY N A,BLACKROCK INSTITUTIONAL TRUST COMPANY N A,3,2011,2012,T2_PREFIX,0
36336,BLK,BLACKROCK INC,BLACKROCK,BLACKROCK INDEX SERVICES LLC,BLACKROCK INDEX SERVICES,3,2013,2014,T2_PREFIX,0
16056,BRCM,BROADCOM CORP,BROADCOM,BROADCOM CORP,BROADCOM,4682,2010,2017,T1_EXACT,0
16056,BRCM,BROADCOM CORP,BROADCOM,BROADCOM EUROPE LTD,BROADCOM EUROPE,15,2010,2016,T2_PREFIX,0
16056,BRCM,BROADCOM CORP,BROADCOM,BROADCOM INT PTE LTD,BROADCOM INT,13,2021,2022,T2_PREFIX,0
16056,BRCM,BROADCOM CORP,BROADCOM,BROADCOM INNOVISION LTD,BROADCOM INNOVISION,8,2013,2014,T2_PREFIX,0
16056,BRCM,BROADCOM CORP,BROADCOM,BROADCOM COPORATION,BROADCOM COPORATION,5,2012,2015,T2_PREFIX,0
16056,BRCM,BROADCOM CORP,BROADCOM,BROADCOM CORP IRVINE CA,BROADCOM CORP IRVINE CA,3,2010,2012,T2_PREFIX,0
16056,BRCM,BROADCOM CORP,BROADCOM,BROADCOM CORPORATON,BROADCOM CORPORATON,3,2011,2013,T2_PREFIX,0
16056,BRCM,BROADCOM CORP,BROADCOM,BROADCOM CORPORTION,BROADCOM CORPORTION,3,2011,2013,T2_PREFIX,0
38406,BRKR,BRUKER CORP,BRUKER,BRUKER DALTONIK GMBH,BRUKER DALTONIK,150,2010,2021,T2_PREFIX,0
38406,BRKR,BRUKER CORP,BRUKER,BRUKER NANO INC,BRUKER NANO,109,2010,2025,T2_PREFIX,0
38406,BRKR,BRUKER CORP,BRUKER,BRUKER BIOSPIN GMBH,BRUKER BIOSPIN,65,2010,2024,T2_PREFIX,0
38406,BRKR,BRUKER CORP,BRUKER,BRUKER BIOSPIN AG,BRUKER BIOSPIN,53,2010,2019,T2_PREFIX,0
38406,BRKR,BRUKER CORP,BRUKER,BRUKER SWITZERLAND AG,BRUKER SWITZERLAND,43,2019,2025,T2_PREFIX,0
38406,BRKR,BRUKER CORP,BRUKER,BRUKER DALTONICS GMBH & CO KG,BRUKER DALTONICS,37,2021,2025,T2_PREFIX,0
38406,BRKR,BRUKER CORP,BRUKER,BRUKER DALTONICS INC,BRUKER DALTONICS,35,2010,2018,T2_PREFIX,0
38406,BRKR,BRUKER CORP,BRUKER,BRUKER BIOSPIN MRI GMBH,BRUKER BIOSPIN MRI,30,2010,2023,T2_PREFIX,0
38406,BRKR,BRUKER CORP,BRUKER,BRUKER NANO GMBH,BRUKER NANO,27,2010,2024,T2_PREFIX,0
38406,BRKR,BRUKER CORP,BRUKER,BRUKER AXS GMBH,BRUKER AXS,27,2010,2023,T2_PREFIX,0
38406,BRKR,BRUKER CORP,BRUKER,BRUKER CELLULAR ANALYSIS INC,BRUKER CELLULAR ANALYSIS,22,2021,2025,T2_PREFIX,0
38406,BRKR,BRUKER CORP,BRUKER,BRUKER HTS GMBH,BRUKER HTS,22,2010,2019,T2_PREFIX,0
38406,BRKR,BRUKER CORP,BRUKER,BRUKER AXS INC,BRUKER AXS,17,2010,2018,T2_PREFIX,0
38406,BRKR,BRUKER CORP,BRUKER,BRUKER BIOSPIN CORP,BRUKER BIOSPIN,17,2011,2021,T2_PREFIX,0
38406,BRKR,BRUKER CORP,BRUKER,BRUKER SCIENT LLC,BRUKER SCIENT,15,2019,2025,T2_PREFIX,0
38406,BRKR,BRUKER CORP,BRUKER,BRUKER OPTIK GMBH,BRUKER OPTIK,14,2011,2021,T2_PREFIX,0
38406,BRKR,BRUKER CORP,BRUKER,BRUKER EAS GMBH,BRUKER EAS,14,2013,2023,T2_PREFIX,0
38406,BRKR,BRUKER CORP,BRUKER,BRUKER TECH LTD,BRUKER TECH,12,2019,2025,T2_PREFIX,0
38406,BRKR,BRUKER CORP,BRUKER,BRUKER JV ISRAEL LTD,BRUKER JV ISRAEL,10,2017,2019,T2_PREFIX,0
38406,BRKR,BRUKER CORP,BRUKER,BRUKER SPATIAL BIOLOGY INC,BRUKER SPATIAL BIOLOGY,9,2023,2025,T2_PREFIX,0
38406,BRKR,BRUKER CORP,BRUKER,BRUKER BIOSPIN GMBH & CO KG,BRUKER BIOSPIN,8,2023,2025,T2_PREFIX,0
38406,BRKR,BRUKER CORP,BRUKER,BRUKER CHEMICAL ANALYSIS BV,BRUKER CHEM ANALYSIS,6,2010,2013,T2_PREFIX,0
38406,BRKR,BRUKER CORP,BRUKER,BRUKER BIOSPIN,BRUKER BIOSPIN,5,2010,2014,T2_PREFIX,0
38406,BRKR,BRUKER CORP,BRUKER,BRUKER AXS LLC,BRUKER AXS,4,2019,2022,T2_PREFIX,0
38406,BRKR,BRUKER CORP,BRUKER,BRUKER OPTICS GMBH & CO KG,BRUKER OPTICS,4,2022,2024,T2_PREFIX,0
38406,BRKR,BRUKER CORP,BRUKER,BRUKER FRANCE SAS,BRUKER FRANCE,4,2019,2023,T2_PREFIX,0
38406,BRKR,BRUKER CORP,BRUKER,BRUKER AXS HANDHELD INC,BRUKER AXS HANDHELD,4,2010,2017,T2_PREFIX,0
38406,BRKR,BRUKER CORP,BRUKER,BRUKER FRANCE S A S,BRUKER FRANCE S A S,3,2024,2025,T2_PREFIX,0
38406,BRKR,BRUKER CORP,BRUKER,BRUKER ELEMENTAL GMBH,BRUKER ELEMENTAL,3,2011,2014,T2_PREFIX,0
38406,BRKR,BRUKER CORP,BRUKER,BRUKER BELGIUM N V,BRUKER BELGIUM N V,3,2023,2025,T2_PREFIX,0
29489,BSX,BOSTON SCIENTIFIC CORP,BOSTON SCIENT,BOSTON SCIENT SCIMED INC,BOSTON SCIENT SCIMED,6355,2010,2025,T2_PREFIX,0
29489,BSX,BOSTON SCIENTIFIC CORP,BOSTON SCIENT,BOSTON SCIENT NEUROMODULATION CORP,BOSTON SCIENT NEUROMODULATION,1081,2016,2025,T2_PREFIX,0
29489,BSX,BOSTON SCIENTIFIC CORP,BOSTON SCIENT,BOSTON SCIENT NEUROMODULATION,BOSTON SCIENT NEUROMODULATION,754,2010,2016,T2_PREFIX,0
29489,BSX,BOSTON SCIENTIFIC CORP,BOSTON SCIENT,Boston Scientific Medical Device Limited,BOSTON SCIENT MEDICAL DEVICE,332,2020,2025,T2_PREFIX,0
29489,BSX,BOSTON SCIENTIFIC CORP,BOSTON SCIENT,BOSTON SCIENT LTD,BOSTON SCIENT,146,2011,2025,T1_EXACT,0
29489,BSX,BOSTON SCIENTIFIC CORP,BOSTON SCIENT,BOSTON SCIENT CORP,BOSTON SCIENT,12,2010,2016,T1_EXACT,0
29489,BSX,BOSTON SCIENTIFIC CORP,BOSTON SCIENT,BOSTON SCIENT CARDIAC DIAGNOSTICS INC,BOSTON SCIENT CARDIAC DIAGNOSTICS,8,2023,2025,T2_PREFIX,0
29489,BSX,BOSTON SCIENTIFIC CORP,BOSTON SCIENT,BOSTON SCIENT SCIMED,BOSTON SCIENT SCIMED,4,2010,2012,T2_PREFIX,0
29489,BSX,BOSTON SCIENTIFIC CORP,BOSTON SCIENT,BOSTON SCIENT CORPORATION,BOSTON SCIENT,3,2020,2023,T1_EXACT,0
29489,BSX,BOSTON SCIENTIFIC CORP,BOSTON SCIENT,BOSTON SCIENT SCHIMED INC,BOSTON SCIENT SCHIMED,3,2010,2014,T2_PREFIX,0
29489,BSX,BOSTON SCIENTIFIC CORP,BOSTON SCIENT,BOSTON SCIENT SCIMED INC A MINNESOTA CORP,BOSTON SCIENT SCIMED INC A MINNESOTA,3,2010,2011,T2_PREFIX,0
29489,BSX,BOSTON SCIENTIFIC CORP,BOSTON SCIENT,BOSTON SCIENT MIAMI CORP,BOSTON SCIENT MIAMI,3,2010,2014,T2_PREFIX,0
57336,BSY,BENTLEY SYSTEMS INC,BENTLEY SYS,BENTLEY SYS INC,BENTLEY SYS,59,2015,2025,T1_EXACT,0
57336,BSY,BENTLEY SYSTEMS INC,BENTLEY SYS,BENTLEY SYSTEMS INC,BENTLEY SYS,4,2012,2014,T1_EXACT,0
52388,BX,BLACKSTONE GROUP LP,BLACKSTONE,BLACKSTONE MEDICAL INC,BLACKSTONE MEDICAL,59,2010,2017,T2_PREFIX,0
6262,CAH,CARDINAL HEALTH INC,CARDINAL HEALTH,CARDINAL HEALTH 414 LLC,CARDINAL HEALTH 414,25,2011,2025,T2_PREFIX,0
6262,CAH,CARDINAL HEALTH INC,CARDINAL HEALTH,CARDINAL HEALTH 515 GMBH,CARDINAL HEALTH 515,21,2016,2022,T2_PREFIX,0
6262,CAH,CARDINAL HEALTH INC,CARDINAL HEALTH,CARDINAL HEALTH COMMERCIAL TECH LLC,CARDINAL HEALTH COMMERCIAL TECH,8,2016,2021,T2_PREFIX,0
748,CAJ,CANON INC,CANON,CANON KK,CANON,55258,2010,2025,T1_EXACT,0
748,CAJ,CANON INC,CANON,CANON MEDICAL SYSTEMS CORP,CANON MEDICAL SYS,1766,2018,2025,T2_PREFIX,0
748,CAJ,CANON INC,CANON,CANON USA INC,CANON USA,377,2010,2025,T2_PREFIX,0
748,CAJ,CANON INC,CANON,CANON ANELVA CORP,CANON ANELVA,352,2010,2025,T2_PREFIX,0
748,CAJ,CANON INC,CANON,CANON FINETECH NISCA INC,CANON FINETECH NISCA,184,2016,2025,T2_PREFIX,0
748,CAJ,CANON INC,CANON,CANON PRODUCTION PRINTING HOLDING BV,CANON PRODUCTION PRINTING,180,2020,2025,T2_PREFIX,0
748,CAJ,CANON INC,CANON,CANON FINETECH INC,CANON FINETECH,135,2010,2017,T2_PREFIX,0
748,CAJ,CANON INC,CANON,CANON US LIFE SCIENCES INC,CANON US LIFE SCIENT,108,2010,2019,T2_PREFIX,0
748,CAJ,CANON INC,CANON,CANON COMPONENTS KK,CANON COMPONENTS,97,2010,2022,T2_PREFIX,0
748,CAJ,CANON INC,CANON,CANON DENSHI KK,CANON DENSHI,89,2010,2025,T2_PREFIX,0
748,CAJ,CANON INC,CANON,CANON VIRGINIA INC,CANON VIRGINIA,76,2016,2025,T2_PREFIX,0
748,CAJ,CANON INC,CANON,CANON ELECTRON TUBES & DEVICES CO LTD,CANON ELECTRON TUBES DEVICES,44,2018,2025,T2_PREFIX,0
748,CAJ,CANON INC,CANON,CANON INFORMATION & IMAGING SOLUTIONS INC,CANON INFORMATION IMAGING SOLUTIONS,39,2012,2020,T2_PREFIX,0
748,CAJ,CANON INC,CANON,CANON EUROPA NV,CANON EUROPA,33,2010,2022,T2_PREFIX,0
748,CAJ,CANON INC,CANON,CANON MARKETING JAPAN KK,CANON MARKETING JAPAN,19,2012,2022,T2_PREFIX,0
748,CAJ,CANON INC,CANON,CANON PRECISION INC,CANON PREC,18,2010,2021,T2_PREFIX,0
748,CAJ,CANON INC,CANON,CANON OPTRON INC,CANON OPTRON,14,2022,2025,T2_PREFIX,0
748,CAJ,CANON INC,CANON,CANON IMAGING SYSTEMS INC,CANON IMAGING SYS,12,2010,2017,T2_PREFIX,0
748,CAJ,CANON INC,CANON,CANON NANOTECHNOLOGIES INC,CANON NANOTECHNOLOGIES,12,2014,2019,T2_PREFIX,0
748,CAJ,CANON INC,CANON,CANON KASEI KK,CANON KASEI,10,2010,2020,T2_PREFIX,0
748,CAJ,CANON INC,CANON,CANON KABUSHKI KAISHA,CANON KABUSHKI KAISHA,10,2010,2021,T2_PREFIX,0
748,CAJ,CANON INC,CANON,CANON SOLUTIONS AMERICA INC,CANON SOLUTIONS AMER,10,2020,2024,T2_PREFIX,0
748,CAJ,CANON INC,CANON,CANON TOKKI CORP,CANON TOKKI,6,2016,2022,T2_PREFIX,0
748,CAJ,CANON INC,CANON,CANON MARKETING JAPAN KABUSHIKI KAISH,CANON MARKETING JAPAN KABUSHIKI KAISH,5,2012,2012,T2_PREFIX,0
748,CAJ,CANON INC,CANON,CANON IT SOLUTIONS KK,CANON IT SOLUTIONS,4,2018,2022,T2_PREFIX,0
748,CAJ,CANON INC,CANON,CANON MACHINERY INC,CANON MACHINERY,4,2014,2022,T2_PREFIX,0
748,CAJ,CANON INC,CANON,CANON KAUSHIKI KAISHA,CANON KAUSHIKI KAISHA,3,2012,2013,T2_PREFIX,0
748,CAJ,CANON INC,CANON,CANON CANADA INC,CANON CANADA,3,2016,2017,T2_PREFIX,0
748,CAJ,CANON INC,CANON,CANON KABUSHI KAISHA,CANON KABUSHI KAISHA,3,2013,2015,T2_PREFIX,0
20374,CBT,CABOT CORP,CABOT,CABOT CORP,CABOT,214,2010,2025,T1_EXACT,0
20374,CBT,CABOT CORP,CABOT,CABOT MICROELECTRONICS CORP,CABOT MICROELECTRONICS,139,2010,2020,T2_PREFIX,0
20374,CBT,CABOT CORP,CABOT,CABOT SECURITY MATERIALS INC,CABOT SECURITY MATERIALS,11,2010,2014,T2_PREFIX,0
57431,CCCC,C4 THERAPEUTICS INC,C4 THERAPEUTICS,C4 THERAPEUTICS INC,C4 THERAPEUTICS,66,2018,2025,T1_EXACT,0
53994,CCXI,CHEMOCENTRYX INC,CHEMOCENTRYX,CHEMOCENTRYX INC,CHEMOCENTRYX,218,2010,2025,T1_EXACT,0
9245,CDNS,CADENCE DESIGN SYSTEMS INC,CADENCE DESIGN SYS,CADENCE DESIGN SYSTEMS INC,CADENCE DESIGN SYS,107,2010,2024,T1_EXACT,0
53389,CDXS,CODEXIS INC,CODEXIS,CODEXIS INC,CODEXIS,566,2010,2025,T1_EXACT,0
53389,CDXS,CODEXIS INC,CODEXIS,CODEXIS MAYFLOWER HOLDINGS LLC,CODEXIS MAYFLOWER,8,2011,2014,T2_PREFIX,0
54507,CGIX,CANCER GENETICS INC,CANCER GENETICS,CANCER GENETICS INC,CANCER GENETICS,8,2010,2015,T1_EXACT,0
32104,CHL,CHINA MOBILE LTD,CHINA MOBILE,CHINA MOBILE COMMUNICATIONS GROUP CO LTD,CHINA MOBILE COMMUNICATIONS,306,2016,2025,T2_PREFIX,0
32104,CHL,CHINA MOBILE LTD,CHINA MOBILE,CHINA MOBILE COMM CO LTD RES INST,CHINA MOBILE COMM CO LTD RES INST,262,2017,2025,T2_PREFIX,0
32104,CHL,CHINA MOBILE LTD,CHINA MOBILE,CHINA MOBILE COMM CORP,CHINA MOBILE COMM,108,2010,2017,T2_PREFIX,0
32104,CHL,CHINA MOBILE LTD,CHINA MOBILE,CHINA MOBILE COMMUNICATION LTD RES INST,CHINA MOBILE COMMUNICATION LTD RES INST,20,2017,2019,T2_PREFIX,0
32104,CHL,CHINA MOBILE LTD,CHINA MOBILE,CHINA MOBILE GROUP DESIGN INST,CHINA MOBILE GROUP DESIGN INST,8,2012,2024,T2_PREFIX,0
32104,CHL,CHINA MOBILE LTD,CHINA MOBILE,CHINA MOBILE SUZHOU SOFTWARE TECH CO LTD,CHINA MOBILE SUZHOU SOFTWARE TECH,7,2020,2023,T2_PREFIX,0
32104,CHL,CHINA MOBILE LTD,CHINA MOBILE,China mobile communication group co ltd,CHINA MOBILE COMMUNICATION,5,2019,2022,T2_PREFIX,0
32104,CHL,CHINA MOBILE LTD,CHINA MOBILE,CHINA MOBILE SHANGHAI ICT CO LTD,CHINA MOBILE SHANGHAI ICT,5,2020,2022,T2_PREFIX,0
32104,CHL,CHINA MOBILE LTD,CHINA MOBILE,CHINA MOBILE COMMUNICATION CORP,CHINA MOBILE COMMUNICATION,4,2015,2018,T2_PREFIX,0
32104,CHL,CHINA MOBILE LTD,CHINA MOBILE,CHINA MOBILE COMMUNICATIONS GROUP CO LTD RES INSTITUTE,CHINA MOBILE COMMUNICATIONS GROUP CO LTD RES INSTITUTE,4,2018,2019,T2_PREFIX,0
55105,CHRS,COHERUS BIOSCIENCES INC,COHERUS BIOSCIENCES,COHERUS BIOSCIENCES INC,COHERUS BIOSCIENCES,106,2012,2023,T1_EXACT,0
15321,CIEN,CIENA CORP,CIENA,CIENA CORP,CIENA,1304,2010,2025,T1_EXACT,0
34775,CLS,CELESTICA INC,CELESTICA,CELESTICA TECHNOLOGY CONSULTANCY SHANGHAI CO LTD,CELESTICA TECH CONSULTANCY SHANGHAI,39,2013,2023,T2_PREFIX,0
34775,CLS,CELESTICA INC,CELESTICA,CELESTICA TECH CONSULTANCY (SHANGHAI) CO LTD,CELESTICA TECH CONSULTANCY SHANGHAI,6,2015,2016,T2_PREFIX,0
34775,CLS,CELESTICA INC,CELESTICA,CELESTICA INT INC,CELESTICA INT,4,2013,2022,T2_PREFIX,0
53931,CLVS,CLOVIS ONCOLOGY INC,CLOVIS ONCOLOGY,CLOVIS ONCOLOGY INC,CLOVIS ONCOLOGY,8,2012,2021,T1_EXACT,0
20543,CMI,CUMMINS INC,CUMMINS,CUMMINS INC,CUMMINS,1472,2010,2025,T1_EXACT,0
20543,CMI,CUMMINS INC,CUMMINS,CUMMINS FILTRATION IP INC,CUMMINS FILTRATION IP,421,2010,2025,T2_PREFIX,0
20543,CMI,CUMMINS INC,CUMMINS,CUMMINS EMISSION SOLUTIONS INC,CUMMINS EMISSION SOLUTIONS,366,2012,2025,T2_PREFIX,0
20543,CMI,CUMMINS INC,CUMMINS,CUMMINS IP INC,CUMMINS IP,179,2010,2019,T2_PREFIX,0
20543,CMI,CUMMINS INC,CUMMINS,CUMMINS LTD,CUMMINS,98,2011,2025,T1_EXACT,0
20543,CMI,CUMMINS INC,CUMMINS,CUMMINS POWER GENERATION IP,CUMMINS POWER GENERATION IP,90,2012,2022,T2_PREFIX,0
20543,CMI,CUMMINS INC,CUMMINS,CUMMINS POWER GENERATION INC,CUMMINS POWER GENERATION,83,2010,2025,T2_PREFIX,0
20543,CMI,CUMMINS INC,CUMMINS,CUMMINS FILTRATION INC,CUMMINS FILTRATION,54,2019,2025,T2_PREFIX,0
20543,CMI,CUMMINS INC,CUMMINS,CUMMINS ALLISON CORP,CUMMINS ALLISON,48,2010,2023,T2_PREFIX,0
20543,CMI,CUMMINS INC,CUMMINS,CUMMINS GENERATOR TECHNOLOGIES,CUMMINS GENERATOR TECH,21,2012,2025,T2_PREFIX,0
20543,CMI,CUMMINS INC,CUMMINS,CUMMINS TURBO TECH LTD,CUMMINS TURBO TECH,20,2012,2016,T2_PREFIX,0
20543,CMI,CUMMINS INC,CUMMINS,CUMMINS FILTRATION SARL,CUMMINS FILTRATION,18,2015,2025,T2_PREFIX,0
20543,CMI,CUMMINS INC,CUMMINS,CUMMINS CHRISTY,CUMMINS CHRISTY,17,2010,2024,T2_PREFIX,0
20543,CMI,CUMMINS INC,CUMMINS,CUMMINS POWER GENERATION LTD,CUMMINS POWER GENERATION,17,2016,2024,T2_PREFIX,0
20543,CMI,CUMMINS INC,CUMMINS,CUMMINS ENTPR LLC,CUMMINS ENTPR,12,2018,2021,T2_PREFIX,0
20543,CMI,CUMMINS INC,CUMMINS,CUMMINS ORAN,CUMMINS ORAN,8,2011,2012,T2_PREFIX,0
20543,CMI,CUMMINS INC,CUMMINS,CUMMINS DAVID PRESTON,CUMMINS DAVID PRESTON,7,2011,2011,T2_PREFIX,0
20543,CMI,CUMMINS INC,CUMMINS,CUMMINS LNC,CUMMINS LNC,5,2018,2020,T2_PREFIX,0
20543,CMI,CUMMINS INC,CUMMINS,CUMMINS EMISSION SOLUTION INC,CUMMINS EMISSION SOLUTION,3,2014,2019,T2_PREFIX,0
20543,CMI,CUMMINS INC,CUMMINS,CUMMINS SCANIA HPCR SYSTEM LLC,CUMMINS SCANIA HPCR SYSTEM,3,2022,2025,T2_PREFIX,0
45557,COGT,COGENT INC,COGENT,COGENT ENERGY SYSTEMS INC,COGENT ENERGY SYS,7,2016,2025,T2_PREFIX,0
45557,COGT,COGENT INC,COGENT,COGENT BIOSCIENCES INC,COGENT BIOSCIENCES,6,2023,2025,T2_PREFIX,0
45557,COGT,COGENT INC,COGENT,COGENT SPINE LLC,COGENT SPINE,6,2013,2021,T2_PREFIX,0
45288,CRM,SALESFORCE COM INC,SALESFORCE COM,SALESFORCE COM INC,SALESFORCE COM,4251,2010,2025,T1_EXACT,0
45288,CRM,SALESFORCE COM INC,SALESFORCE COM,SALESFORCE COM,SALESFORCE COM,14,2010,2012,T1_EXACT,0
10210,CRUS,CIRRUS LOGIC INC,CIRRUS LOGIC,CIRRUS LOGIC INT SEMICONDUCTOR LTD,CIRRUS LOGIC INT SEMICONDUCTOR,1373,2013,2025,T2_PREFIX,0
10210,CRUS,CIRRUS LOGIC INC,CIRRUS LOGIC,CIRRUS LOGIC INC,CIRRUS LOGIC,190,2011,2018,T1_EXACT,0
10210,CRUS,CIRRUS LOGIC INC,CIRRUS LOGIC,CIRRUS LOGIC INTERNAT UK LTD,CIRRUS LOGIC INTERNAT UK,6,2013,2015,T2_PREFIX,0
42125,CS,CREDIT SUISSE GROUP,CREDIT SUISSE,CREDIT SUISSE SECURITIES USA LLC,CREDIT SUISSE SECURITIES USA,6,2011,2019,T2_PREFIX,0
42125,CS,CREDIT SUISSE GROUP,CREDIT SUISSE,CREDIT SUISSE AG,CREDIT SUISSE,4,2011,2016,T1_EXACT,0
10486,CSCO,CISCO SYSTEMS INC,CISCO SYS,CISCO SYSTEMS INC,CISCO SYS,14,2010,2023,T1_EXACT,0
56723,CTVA,CORTEVA INC,CORTEVA,CORTEVA AGRISCIENCE LLC,CORTEVA AGRISCIENCE,126,2019,2025,T2_PREFIX,0
56723,CTVA,CORTEVA INC,CORTEVA,CORTEVA AGRISCIENCE,CORTEVA AGRISCIENCE,3,2019,2022,T2_PREFIX,0
9632,CYBE,CYBEROPTICS CORP,CYBEROPTICS,CYBEROPTICS CORP,CYBEROPTICS,15,2014,2024,T1_EXACT,0
20569,DAL,DELTA AIR LINES INC,DELTA AIR LINES,DELTA AIR LINES INC,DELTA AIR LINES,14,2014,2024,T1_EXACT,0
52956,DAN,DANA INC,DANA,DANA LTD,DANA,127,2013,2024,T1_EXACT,1
52956,DAN,DANA INC,DANA,DANA LLC,DANA,3,2011,2012,T1_EXACT,1
54402,DATA,TABLEAU SOFTWARE INC,TABLEAU SOFTWARE,TABLEAU SOFTWARE INC,TABLEAU SOFTWARE,125,2014,2025,T1_EXACT,0
54402,DATA,TABLEAU SOFTWARE INC,TABLEAU SOFTWARE,TABLEAU SOFTWARE LLC,TABLEAU SOFTWARE,83,2020,2025,T1_EXACT,0
9833,DELL,DELL INC,DELL,DELL INC,DELL,18,2013,2014,T1_EXACT,1
52396,DFS,DISCOVER FINANCIAL SERVICES,DISCOVER FINANCIAL SERVICES,DISCOVER FINANCIAL SERVICES,DISCOVER FINANCIAL SERVICES,64,2011,2025,T1_EXACT,0
52396,DFS,DISCOVER FINANCIAL SERVICES,DISCOVER FINANCIAL SERVICES,DISCOVER FINANCIAL SERVICES LLC,DISCOVER FINANCIAL SERVICES,3,2012,2014,T1_EXACT,0
20557,DHR,DANAHER CORP,DANAHER,DANAHER SHANGHAI IND INSTRUMENTATION TECHNOLOGIES R & D CO LTD,DANAHER SHANGHAI IND INSTRUMENTATION TECH R D,7,2013,2015,T2_PREFIX,0
20597,DOW,DOW CHEMICAL CO,DOW CHEM,DOW CHEMICAL CO,DOW CHEM,42,2010,2023,T1_EXACT,0
20597,DOW,DOW CHEMICAL CO,DOW CHEM,DOW CHEMICAL KOREA LTD,DOW CHEM KOREA,5,2018,2021,T2_PREFIX,0
20597,DOW,DOW CHEMICAL CO,DOW CHEM,DOW CHEMICAL (CHINA) INVEST COMPANY LTD,DOW CHEM CHINA INVEST,3,2013,2014,T2_PREFIX,0
20597,DOW,DOW CHEMICAL CO,DOW CHEM,DOW CHEMICAL CHINA INVEST COMPANY LTD,DOW CHEM CHINA INVEST,3,2012,2012,T2_PREFIX,0
20597,DOW,DOW CHEMICAL CO,DOW CHEM,DOW CHEMICAL MALAYSIA SDN BHD,DOW CHEM MALAYSIA SDN BHD,3,2013,2019,T2_PREFIX,0
10303,EA,ELECTRONIC ARTS INC,ELECTRONIC ARTS,ELECTRONIC ARTS INC,ELECTRONIC ARTS,470,2010,2025,T1_EXACT,0
16285,EBAY,EBAY INC,EBAY,EBAY INC,EBAY,3980,2010,2025,T1_EXACT,1
51421,EBS,EMERGENT BIOSOLUTIONS INC,EMERGENT BIOSOLUTIONS,EMERGENT BIOSOLUTIONS CANADA INC,EMERGENT BIOSOLUTIONS CANADA,4,2016,2021,T2_PREFIX,0
51421,EBS,EMERGENT BIOSOLUTIONS INC,EMERGENT BIOSOLUTIONS,EMERGENT BIOSOLUTIONS INC,EMERGENT BIOSOLUTIONS,3,2011,2022,T1_EXACT,0
1467,ECL,ECOLAB INC,ECOLAB,ECOLAB USA INC,ECOLAB USA,2330,2010,2025,T2_PREFIX,0
1467,ECL,ECOLAB INC,ECOLAB,ECOLAB INC,ECOLAB,26,2010,2014,T1_EXACT,0
1467,ECL,ECOLAB INC,ECOLAB,Ecolab USA,ECOLAB USA,6,2010,2010,T2_PREFIX,0
30070,EMN,EASTMAN CHEMICAL CO,EASTMAN CHEM,EASTMAN CHEM CO,EASTMAN CHEM,1178,2010,2025,T1_EXACT,0
30070,EMN,EASTMAN CHEMICAL CO,EASTMAN CHEM,EASTMAN CHEMICAL CHINA CO LTD,EASTMAN CHEM CHINA,12,2018,2022,T2_PREFIX,0
1577,ERIC,ERICSSON,ERICSSON,ERICSSON TELEFON AB L M,ERICSSON TELEFON AB L M,20441,2010,2025,T2_PREFIX,0
1577,ERIC,ERICSSON,ERICSSON,ERICSSON TELEFON AB L M (publ),ERICSSON TELEFON AB L M PUBL,1853,2013,2017,T2_PREFIX,0
1577,ERIC,ERICSSON,ERICSSON,ERICSSON AB,ERICSSON,92,2010,2025,T1_EXACT,0
1577,ERIC,ERICSSON,ERICSSON,ERICSSON TELEVISION INC,ERICSSON TELEVISION,48,2012,2017,T2_PREFIX,0
1577,ERIC,ERICSSON,ERICSSON,ERICSSON PUBL TELEFONAKTIEBOLAGET L M,ERICSSON PUBL TELEFONAKTIEBOLAGET L M,20,2012,2013,T2_PREFIX,0
1577,ERIC,ERICSSON,ERICSSON,ERICSSON MODEMS SA,ERICSSON MODEMS,16,2011,2015,T2_PREFIX,0
1577,ERIC,ERICSSON,ERICSSON,ERICSSON LG CO LTD,ERICSSON LG,5,2013,2015,T2_PREFIX,0
1577,ERIC,ERICSSON,ERICSSON,ERICSSON TELEKOMMUNIKATION GMBH,ERICSSON TELEKOMMUNIKATION,4,2019,2021,T2_PREFIX,0
1577,ERIC,ERICSSON,ERICSSON,ERICSSON INC,ERICSSON,3,2012,2014,T1_EXACT,0
15192,ESLT,ELBIT SYSTEMS LTD,ELBIT SYS,ELBIT SYSTEMS LTD,ELBIT SYS,137,2010,2025,T1_EXACT,0
15192,ESLT,ELBIT SYSTEMS LTD,ELBIT SYS,ELBIT SYSTEMS AMERICA LLC,ELBIT SYS AMER,51,2010,2025,T2_PREFIX,0
15192,ESLT,ELBIT SYSTEMS LTD,ELBIT SYS,ELBIT SYSTEMS LAND & C4I LTD,ELBIT SYS LAND C4I,30,2010,2022,T2_PREFIX,0
15192,ESLT,ELBIT SYSTEMS LTD,ELBIT SYS,ELBIT SYSTEMS ELECTRO OPTICS ELOP LTD,ELBIT SYS ELECTRO OPTICS ELOP,26,2010,2025,T2_PREFIX,0
15192,ESLT,ELBIT SYSTEMS LTD,ELBIT SYS,ELBIT SYSTEMS C4I & CYBER LTD,ELBIT SYS C4I CYBER,19,2020,2025,T2_PREFIX,0
15192,ESLT,ELBIT SYSTEMS LTD,ELBIT SYS,ELBIT SYSTEMS EW AND SIGINT ELISRA LTD,ELBIT SYS EW AND SIGINT ELISRA,6,2011,2024,T2_PREFIX,0
20627,ETN,EATON CORP PLC,EATON,EATON CORP,EATON,1536,2010,2019,T1_EXACT,1
20627,ETN,EATON CORP PLC,EATON,EATON SRL,EATON,22,2010,2019,T1_EXACT,1
20627,ETN,EATON CORP PLC,EATON,EATON LTD,EATON,15,2012,2016,T1_EXACT,1
20627,ETN,EATON CORP PLC,EATON,EATON GMBH,EATON,4,2011,2011,T1_EXACT,1
55229,ETSY,ETSY INC,ETSY,ETSY INC,ETSY,44,2010,2025,T1_EXACT,1
36952,EW,EDWARDS LIFESCIENCES CORP,EDWARDS LIFESCIENCES,EDWARDS LIFESCIENCES CORP,EDWARDS LIFESCIENCES,2344,2010,2025,T1_EXACT,0
36952,EW,EDWARDS LIFESCIENCES CORP,EDWARDS LIFESCIENCES,EDWARDS LIFESCIENCES CARDIAQ LLC,EDWARDS LIFESCIENCES CARDIAQ,99,2016,2025,T2_PREFIX,0
36952,EW,EDWARDS LIFESCIENCES CORP,EDWARDS LIFESCIENCES,EDWARDS LIFESCIENCES INNOVATION ISRAEL LTD,EDWARDS LIFESCIENCES INNOVATION ISRAEL,51,2022,2025,T2_PREFIX,0
36952,EW,EDWARDS LIFESCIENCES CORP,EDWARDS LIFESCIENCES,EDWARDS LIFESCIENCES AG,EDWARDS LIFESCIENCES,29,2010,2025,T1_EXACT,0
36952,EW,EDWARDS LIFESCIENCES CORP,EDWARDS LIFESCIENCES,EDWARDS LIFESCIENCES PVT INC,EDWARDS LIFESCIENCES PVT,16,2010,2018,T2_PREFIX,0
36952,EW,EDWARDS LIFESCIENCES CORP,EDWARDS LIFESCIENCES,EDWARDS LIFESCIENCES LLC,EDWARDS LIFESCIENCES,12,2010,2024,T1_EXACT,0
36952,EW,EDWARDS LIFESCIENCES CORP,EDWARDS LIFESCIENCES,EDWARDS LIFESCIENCES IPRM AG,EDWARDS LIFESCIENCES IPRM,7,2011,2014,T2_PREFIX,0
36952,EW,EDWARDS LIFESCIENCES CORP,EDWARDS LIFESCIENCES,EDWARDS LIFESCIENCES,EDWARDS LIFESCIENCES,4,2013,2022,T1_EXACT,0
41157,EXAS,EXACT SCIENCES CORP,EXACT SCIENT,EXACT SCIENCES CORP,EXACT SCIENT,120,2011,2025,T1_EXACT,0
41157,EXAS,EXACT SCIENCES CORP,EXACT SCIENT,EXACT SCIENCES DEV CO LLC,EXACT SCIENT DEV,60,2017,2022,T2_PREFIX,0
37154,EXEL,EXELIXIS INC,EXELIXIS,EXELIXIS INC,EXELIXIS,197,2010,2025,T1_EXACT,0
37154,EXEL,EXELIXIS INC,EXELIXIS,EXELIXIS PATENT CO LLC,EXELIXIS PATENT,9,2010,2016,T2_PREFIX,0
10724,EXPO,EXPONENT INC,EXPONENT,EXPONENT BEAUTY INC,EXPONENT BEAUTY,4,2021,2025,T2_PREFIX,0
54084,FB,FACEBOOK INC,FACEBOOK,FACEBOOK INC,FACEBOOK,4711,2010,2022,T1_EXACT,0
54084,FB,FACEBOOK INC,META PLATFORMS,META PLATFORMS TECH LLC,META PLATFORMS TECH,2021,2018,2025,T2_PREFIX,0
54084,FB,FACEBOOK INC,FACEBOOK,FACEBOOK TECH LLC,FACEBOOK TECH,1415,2016,2022,T2_PREFIX,0
54084,FB,FACEBOOK INC,META PLATFORMS,META PLATFORMS INC,META PLATFORMS,585,2018,2025,T1_EXACT,0
54084,FB,FACEBOOK INC,FACEBOOK,FACEBOOK TECHNOLOGIES LLC,FACEBOOK TECH,33,2017,2020,T2_PREFIX,0
54084,FB,FACEBOOK INC,FACEBOOK,FACEBOOK INC A DELAWARE CORP,FACEBOOK INC A DELAWARE,6,2013,2014,T2_PREFIX,0
54084,FB,FACEBOOK INC,FACEBOOK,Facebook,FACEBOOK,3,2012,2016,T1_EXACT,0
54556,FEYE,FIREEYE INC,FIREEYE,FIREEYE INC,FIREEYE,46,2012,2020,T1_EXACT,0
12930,FLEX,FLEX LTD,FLEX,FLEX LTD,FLEX,143,2016,2024,T1_EXACT,1
12930,FLEX,FLEX LTD,FLEXTRONICS INT,FLEXTRONICS INT KFT,FLEXTRONICS INT KFT,12,2011,2018,T2_PREFIX,0
12930,FLEX,FLEX LTD,FLEX,THE FLEX COMPANY,FLEX,8,2018,2024,T1_EXACT,1
12930,FLEX,FLEX LTD,FLEXTRONICS INT,FLEXTRONICS INT USA INC,FLEXTRONICS INT USA,5,2012,2015,T2_PREFIX,0
55833,FTI,TECHNIPFMC PLC,TECHNIPFMC,TECHNIPFMC SUBSEA FRANCE,TECHNIPFMC SUBSEA FRANCE,8,2021,2023,T2_PREFIX,0
53286,FTNT,FORTINET INC,FORTINET,FORTINET INC,FORTINET,985,2010,2025,T1_EXACT,0
53286,FTNT,FORTINET INC,FORTINET,FORTINET INC A DELAWARE CORP,FORTINET INC A DELAWARE,3,2011,2012,T2_PREFIX,0
52708,G,GENPACT LTD,GENPACT,GENPACT LUXEMBOURG S A R L II,GENPACT LUXEMBOURG S A R L II,28,2021,2023,T2_PREFIX,0
52708,G,GENPACT LTD,GENPACT,GENPACT LUXEMBOURG S A R L,GENPACT LUXEMBOURG S A R L,15,2014,2020,T2_PREFIX,0
52708,G,GENPACT LTD,GENPACT,GENPACT USA INC,GENPACT USA,9,2022,2024,T2_PREFIX,0
20791,GD,GENERAL DYNAMICS CORP,GEN DYNAMICS,GENERAL DYNAMICS MISSION SYSTEMS INC,GEN DYNAMICS MISSION SYS,54,2016,2024,T2_PREFIX,0
20791,GD,GENERAL DYNAMICS CORP,GEN DYNAMICS,GEN DYNAMICS C4 SYSTEMS INC,GEN DYNAMICS C4 SYS,19,2010,2016,T2_PREFIX,0
20791,GD,GENERAL DYNAMICS CORP,GEN DYNAMICS,GEN DYNAMICS BROADBAND INC,GEN DYNAMICS BROADBAND,17,2012,2014,T2_PREFIX,0
20791,GD,GENERAL DYNAMICS CORP,GEN DYNAMICS,GEN DYNAMICS ADVANCED INF SYS,GEN DYNAMICS ADVANCED INF SYS,16,2010,2014,T2_PREFIX,0
20791,GD,GENERAL DYNAMICS CORP,GEN DYNAMICS,GEN DYNAMICS ORDNANCE & TACTIC,GEN DYNAMICS ORDNANCE TACTIC,14,2011,2025,T2_PREFIX,0
20791,GD,GENERAL DYNAMICS CORP,GEN DYNAMICS,GEN DYNAMICS ARMAMENT & TECH,GEN DYNAMICS ARMAMENT TECH,11,2010,2013,T2_PREFIX,0
20791,GD,GENERAL DYNAMICS CORP,GEN DYNAMICS,GENERAL DYNAMICS OTS INC,GEN DYNAMICS OTS,4,2016,2020,T2_PREFIX,0
20791,GD,GENERAL DYNAMICS CORP,GEN DYNAMICS,GENERAL DYNAMICS OTS CANADA INC,GEN DYNAMICS OTS CANADA,4,2014,2020,T2_PREFIX,0
20791,GD,GENERAL DYNAMICS CORP,GEN DYNAMICS,GEN DYNAMICS LAND SYSTEMS CANADA CORP,GEN DYNAMICS LAND SYS CANADA,3,2010,2013,T2_PREFIX,0
20791,GD,GENERAL DYNAMICS CORP,GEN DYNAMICS,GEN DYNAMICS OTS INC,GEN DYNAMICS OTS,3,2013,2014,T2_PREFIX,0
20791,GD,GENERAL DYNAMICS CORP,GEN DYNAMICS,GENERAL DYNAMICS LAND SYSTEMS CANADA CORP D B A GENERAL DYNAMICS MISSION SYSTEMS CANADA,GEN DYNAMICS LAND SYS CANADA CORP D B A GEN DYNAMICS MISSION SYS CANADA,3,2019,2022,T2_PREFIX,0
20792,GE,GENERAL ELECTRIC CO,GEN ELEC,GEN ELECTRIC,GEN ELEC,23212,2010,2025,T1_EXACT,0
20792,GE,GENERAL ELECTRIC CO,GEN ELEC,GENERAL ELECTRIC TECHNOLOGY GMBH,GEN ELEC TECH,548,2013,2024,T2_PREFIX,0
20792,GE,GENERAL ELECTRIC CO,GEN ELEC,GENERAL ELECTRIC RENOVABLES ESPANA SL,GEN ELEC RENOVABLES ESPANA SL,206,2018,2024,T2_PREFIX,0
20792,GE,GENERAL ELECTRIC CO,GEN ELEC,GENERAL ELECTRIC COMPANY POLSKA SP ZOO,GEN ELEC COMPANY POLSKA SP ZOO,81,2018,2025,T2_PREFIX,0
20792,GE,GENERAL ELECTRIC CO,GEN ELEC,GENERAL ELECTRIC DEUTSCHLAND HOLDING GMBH,GEN ELEC DEUTSCHLAND,61,2021,2025,T2_PREFIX,0
20792,GE,GENERAL ELECTRIC CO,GEN ELEC,GEN ELECTRIC TECHNOLOGY GMBH,GEN ELEC TECH,39,2014,2016,T2_PREFIX,0
20792,GE,GENERAL ELECTRIC CO,GEN ELEC,GENERAL ELECTRIC COMPANY,GEN ELEC,9,2024,2025,T1_EXACT,0
20792,GE,GENERAL ELECTRIC CO,GEN ELEC,GEN ELECTRIC COMPANY GLOBAL RES,GEN ELEC COMPANY GLOBAL RES,7,2010,2015,T2_PREFIX,0
20792,GE,GENERAL ELECTRIC CO,GEN ELEC,GENERAL ELECTRIC COMPNAY,GEN ELEC COMPNAY,3,2015,2022,T2_PREFIX,0
20792,GE,GENERAL ELECTRIC CO,GEN ELEC,GENERAL ELECTRIC COMANY,GEN ELEC COMANY,3,2015,2018,T2_PREFIX,0
20792,GE,GENERAL ELECTRIC CO,GEN ELEC,GENERAL ELECTRIC COMPANY POLSKA SP ZO O,GEN ELEC COMPANY POLSKA SP ZO O,3,2018,2018,T2_PREFIX,0
58856,GFS,GLOBALFOUNDRIES INC,GLOBALFOUNDRIES,GLOBALFOUNDRIES INC,GLOBALFOUNDRIES,3918,2010,2022,T1_EXACT,0
58856,GFS,GLOBALFOUNDRIES INC,GLOBALFOUNDRIES,GLOBALFOUNDRIES US INC,GLOBALFOUNDRIES US,1049,2019,2025,T2_PREFIX,0
58856,GFS,GLOBALFOUNDRIES INC,GLOBALFOUNDRIES,GLOBALFOUNDRIES SG PTE LTD,GLOBALFOUNDRIES SG,986,2010,2025,T2_PREFIX,0
58856,GFS,GLOBALFOUNDRIES INC,GLOBALFOUNDRIES,GLOBALFOUNDRIES DRESDEN MOD 1,GLOBALFOUNDRIES DRESDEN MOD 1,24,2011,2024,T2_PREFIX,0
58856,GFS,GLOBALFOUNDRIES INC,GLOBALFOUNDRIES,Globalfoundries,GLOBALFOUNDRIES,6,2010,2013,T1_EXACT,0
58856,GFS,GLOBALFOUNDRIES INC,GLOBALFOUNDRIES,GLOBALFOUNDRIES U S INC,GLOBALFOUNDRIES U S,5,2024,2024,T2_PREFIX,0
58856,GFS,GLOBALFOUNDRIES INC,GLOBALFOUNDRIES,GLOBALFOUNDRIES SINGAPORE PTE,GLOBALFOUNDRIES SINGAPORE,4,2010,2010,T2_PREFIX,0
58856,GFS,GLOBALFOUNDRIES INC,GLOBALFOUNDRIES,GLOBALFOUNDRIES US 2 LLC,GLOBALFOUNDRIES US 2,3,2014,2015,T2_PREFIX,0
11300,GILD,GILEAD SCIENCES INC,GILEAD SCIENT,GILEAD SCIENCES INC,GILEAD SCIENT,1072,2010,2025,T1_EXACT,0
11300,GILD,GILEAD SCIENCES INC,GILEAD SCIENT,GILEAD SCIENCE INC,GILEAD SCIENT,4,2012,2025,T1_EXACT,0
20798,GIS,GENERAL MILLS INC,GEN MILLS,GEN MILLS INC,GEN MILLS,344,2010,2025,T1_EXACT,0
20798,GIS,GENERAL MILLS INC,GEN MILLS,GEN MILLS MARKETING INC,GEN MILLS MARKETING,7,2010,2014,T2_PREFIX,0
20798,GIS,GENERAL MILLS INC,GEN MILLS,GEN MILLS IP HOLDINGS II LLC,GEN MILLS IP HOLDINGS II,5,2010,2012,T2_PREFIX,0
20523,GLW,CORNING INC,CORNING,CORNING INC,CORNING,5188,2010,2025,T1_EXACT,0
20523,GLW,CORNING INC,CORNING,CORNING RES & DEV CORP,CORNING RES DEV,770,2015,2025,T2_PREFIX,0
20523,GLW,CORNING INC,CORNING,Corning Optical Communications LLC,CORNING OPTICAL COMMUNICATIONS,478,2014,2025,T2_PREFIX,0
20523,GLW,CORNING INC,CORNING,CORNING OPTICAL COMM LLC,CORNING OPTICAL COMM,217,2014,2016,T2_PREFIX,0
20523,GLW,CORNING INC,CORNING,CORNING OPTICAL COMMUNICATIONS WIRELESS LTD,CORNING OPTICAL COMMUNICATIONS WIRELESS,132,2015,2019,T2_PREFIX,0
20523,GLW,CORNING INC,CORNING,CORNING CABLE SYS LLC,CORNING CABLE SYS,110,2011,2014,T2_PREFIX,0
20523,GLW,CORNING INC,CORNING,CORNING PREC MATERIALS CO LTD,CORNING PREC MATERIALS,93,2013,2025,T2_PREFIX,0
20523,GLW,CORNING INC,CORNING,CORNING OPTICAL COMM RF LLC,CORNING OPTICAL COMM RF,64,2014,2025,T2_PREFIX,0
20523,GLW,CORNING INC,CORNING,CORNING OPTICAL COMM WIRELESS LTD,CORNING OPTICAL COMM WIRELESS,32,2014,2016,T2_PREFIX,0
20523,GLW,CORNING INC,CORNING,CORNING MOBILEACCESS LTD,CORNING MOBILEACCESS,14,2012,2014,T2_PREFIX,0
20523,GLW,CORNING INC,CORNING,CORNING GILBERT INC,CORNING GILBERT,9,2011,2016,T2_PREFIX,0
20523,GLW,CORNING INC,CORNING,CORNING INCORPORATED,CORNING,5,2023,2025,T1_EXACT,0
20523,GLW,CORNING INC,CORNING,Corning Museum of Glass,CORNING MUSEUM OF GLASS,5,2014,2014,T2_PREFIX,0
20523,GLW,CORNING INC,CORNING,CORNING INC A NEW YORK CORP,CORNING INC A NEW YORK,4,2011,2012,T2_PREFIX,0
20523,GLW,CORNING INC,CORNING,CORNING OPTICAL COMMUNICATION LLC,CORNING OPTICAL COMMUNICATION,4,2015,2020,T2_PREFIX,0
20523,GLW,CORNING INC,CORNING,CORNING OPTICAL FIBER CABLE CHENGDU CO LTD,CORNING OPTICAL FIBER CABLE CHENGDU,3,2018,2021,T2_PREFIX,0
20523,GLW,CORNING INC,CORNING,CORNING LASER TECH GMBH,CORNING LASER TECH,3,2014,2019,T2_PREFIX,0
20523,GLW,CORNING INC,CORNING,CORNING RES AND DEVELOPMENT CORPORATION,CORNING RES AND DEV,3,2017,2019,T2_PREFIX,0
53554,GM,GENERAL MOTORS CO,GEN MOTORS,GEN MOTORS LLC,GEN MOTORS,401,2010,2021,T1_EXACT,0
53554,GM,GENERAL MOTORS CO,GEN MOTORS,GEN MOTORS CORP,GEN MOTORS,8,2010,2022,T1_EXACT,0
45483,GOOGL,ALPHABET INC,GOOGLE,GOOGLE LLC,GOOGLE,14443,2012,2025,T1_EXACT,0
45483,GOOGL,ALPHABET INC,GOOGLE,GOOGLE INC,GOOGLE,10659,2010,2022,T1_EXACT,0
45483,GOOGL,ALPHABET INC,GOOGLE,Google Technology Holdings LLC,GOOGLE TECH,477,2012,2025,T2_PREFIX,0
45483,GOOGL,ALPHABET INC,ALPHABET,ALPHABET ENERGY INC,ALPHABET ENERGY,24,2010,2016,T2_PREFIX,0
45483,GOOGL,ALPHABET INC,GOOGLE,GOOGLE INC A DELAWARE CORP,GOOGLE INC A DELAWARE,9,2010,2013,T2_PREFIX,0
45483,GOOGL,ALPHABET INC,ALPHABET,ALPHABET COMMUNICATIONS INC,ALPHABET COMMUNICATIONS,7,2017,2025,T2_PREFIX,0
45483,GOOGL,ALPHABET INC,GOOGLE,GOOGLE INC A CALIFORNIA CORP,GOOGLE INC A CALIFORNIA,5,2011,2012,T2_PREFIX,0
45483,GOOGL,ALPHABET INC,ALPHABET,ALPHABET 1 LLC M,ALPHABET 1 LLC M,3,2011,2014,T2_PREFIX,0
45483,GOOGL,ALPHABET INC,GOOGLE,GOOGLE,GOOGLE,3,2010,2022,T1_EXACT,0
54888,GPRO,GOPRO INC,GOPRO,GOPRO INC,GOPRO,1402,2014,2025,T1_EXACT,0
1973,GSK,GLAXOSMITHKLINE PLC,GLAXOSMITHKLINE,GLAXOSMITHKLINE BIOLOGICALS SA,GLAXOSMITHKLINE BIOLOGICALS,502,2014,2025,T2_PREFIX,0
1973,GSK,GLAXOSMITHKLINE PLC,GLAXOSMITHKLINE,GLAXOSMITHKLINE IP DEV LTD,GLAXOSMITHKLINE IP DEV,437,2011,2025,T2_PREFIX,0
1973,GSK,GLAXOSMITHKLINE PLC,GLAXOSMITHKLINE,GLAXOSMITHKLINE LLC,GLAXOSMITHKLINE,276,2010,2023,T1_EXACT,0
1973,GSK,GLAXOSMITHKLINE PLC,GLAXOSMITHKLINE,GLAXOSMITHKLINE BIOLOG SA,GLAXOSMITHKLINE BIOLOG,151,2010,2016,T2_PREFIX,0
1973,GSK,GLAXOSMITHKLINE PLC,GLAXOSMITHKLINE,GLAXOSMITHKLINE IP NO 2 LTD,GLAXOSMITHKLINE IP NO 2,117,2011,2025,T2_PREFIX,0
1973,GSK,GLAXOSMITHKLINE PLC,GLAXOSMITHKLINE,GLAXOSMITHKLINE INTELLECTUAL PROPERTY (NO 2) LTD,GLAXOSMITHKLINE INTELLECTUAL PROPERTY NO 2,30,2014,2020,T2_PREFIX,0
1973,GSK,GLAXOSMITHKLINE PLC,GLAXOSMITHKLINE,GLAXOSMITHKLINE CONSUMER HEALTHCARE HOLDINGS US LLC,GLAXOSMITHKLINE CONSUMER HEALTHCARE HOLDINGS US,29,2016,2022,T2_PREFIX,0
1973,GSK,GLAXOSMITHKLINE PLC,GLAXOSMITHKLINE,GlaxoSmithKline Consumer Healthcare UK IP Ltd,GLAXOSMITHKLINE CONSUMER HEALTHCARE UK IP,20,2016,2023,T2_PREFIX,0
1973,GSK,GLAXOSMITHKLINE PLC,GLAXOSMITHKLINE,GLAXOSMITHKLINE INTELLECTUAL PROPERTY NO 4 LTD,GLAXOSMITHKLINE INTELLECTUAL PROPERTY NO 4,13,2020,2025,T2_PREFIX,0
1973,GSK,GLAXOSMITHKLINE PLC,GLAXOSMITHKLINE,GLAXOSMITHKLINE INTELLECTUAL PROPERTY MAN LIMITED,GLAXOSMITHKLINE INTELLECTUAL PROPERTY MAN,8,2016,2025,T2_PREFIX,0
1973,GSK,GLAXOSMITHKLINE PLC,GLAXOSMITHKLINE,GLAXOSMITHKLINE INTELLECTUAL PROPERTY NO 3 LTD,GLAXOSMITHKLINE INTELLECTUAL PROPERTY NO 3,8,2022,2024,T2_PREFIX,0
1973,GSK,GLAXOSMITHKLINE PLC,GLAXOSMITHKLINE,GLAXOSMITHKLINE,GLAXOSMITHKLINE,7,2011,2013,T1_EXACT,0
1973,GSK,GLAXOSMITHKLINE PLC,GLAXOSMITHKLINE,GLAXOSMITHKLINE CONSUMER HEALT,GLAXOSMITHKLINE CONSUMER HEALT,5,2011,2013,T2_PREFIX,0
1973,GSK,GLAXOSMITHKLINE PLC,GLAXOSMITHKLINE,GLAXOSMITHKLINE AUSTRALIA PTY LTD,GLAXOSMITHKLINE AUSTRALIA,5,2011,2015,T2_PREFIX,0
1973,GSK,GLAXOSMITHKLINE PLC,GLAXOSMITHKLINE,GLAXOSMITHKLINE INTELLECTUAL PROPERTY LTD,GLAXOSMITHKLINE INTELLECTUAL PROPERTY,4,2012,2025,T2_PREFIX,0
1973,GSK,GLAXOSMITHKLINE PLC,GLAXOSMITHKLINE,GLAXOSMITHKLINE INTELLECTUAL PROPERTY MAN LTD,GLAXOSMITHKLINE INTELLECTUAL PROPERTY MAN,3,2012,2015,T2_PREFIX,0
1973,GSK,GLAXOSMITHKLINE PLC,GLAXOSMITHKLINE,GLAXOSMITHKLINE CONSUMER HEALTHCARE HOLDINGS (US) LLC,GLAXOSMITHKLINE CONSUMER HEALTHCARE HOLDINGS US,3,2016,2017,T2_PREFIX,0
5085,HD,HOME DEPOT INC,HOME DEPOT,HOME DEPOT PRODUCT AUTHORITY LLC,HOME DEPOT PRODUCT AUTHORITY,138,2015,2025,T2_PREFIX,0
20064,HES,HESS CORP,HESS,HESS CORP,HESS,4,2015,2022,T1_EXACT,1
2153,HIT,HITACHI LTD,HITACHI,HITACHI LTD,HITACHI,9938,2010,2025,T1_EXACT,0
2153,HIT,HITACHI LTD,HITACHI,HITACHI HIGH TECH CORP,HITACHI HIGH TECH,3379,2010,2025,T2_PREFIX,0
2153,HIT,HITACHI LTD,HITACHI,HITACHI AUTOMOTIVE SYSTEMS LTD,HITACHI AUTOMOTIVE SYS,2865,2010,2021,T2_PREFIX,0
2153,HIT,HITACHI LTD,HITACHI,HITACHI METALS LTD,HITACHI METALS,1461,2010,2023,T2_PREFIX,0
2153,HIT,HITACHI LTD,HITACHI,HITACHI ASTEMO LTD,HITACHI ASTEMO,1390,2018,2025,T2_PREFIX,0
2153,HIT,HITACHI LTD,HITACHI,HITACHI INT ELECTRIC INC,HITACHI INT ELEC,961,2010,2023,T2_PREFIX,0
2153,HIT,HITACHI LTD,HITACHI,HITACHI CHEMICAL CO LTD,HITACHI CHEM,874,2010,2021,T2_PREFIX,0
2153,HIT,HITACHI LTD,HITACHI,HITACHI CONSTRUCTION MACH CO,HITACHI CONSTRUCTION MACH,695,2013,2025,T2_PREFIX,0
2153,HIT,HITACHI LTD,HITACHI,HITACHI DISPLAYS LTD,HITACHI DISPLAYS,427,2010,2013,T2_PREFIX,0
2153,HIT,HITACHI LTD,HITACHI,HITACHI CABLE,HITACHI CABLE,398,2010,2014,T2_PREFIX,0
2153,HIT,HITACHI LTD,HITACHI,HITACHI CONSTRUCTION MACHINERY,HITACHI CONSTRUCTION MACHINERY,381,2010,2016,T2_PREFIX,0
2153,HIT,HITACHI LTD,HITACHI,HITACHI KOKI KK,HITACHI KOKI,344,2010,2018,T2_PREFIX,0
2153,HIT,HITACHI LTD,HITACHI,HITACHI MAXELL,HITACHI MAXELL,331,2010,2018,T2_PREFIX,0
2153,HIT,HITACHI LTD,HITACHI,HITACHI INDUSTRY EQUIPMENT SYSTEMS CO LTD,HITACHI INDUSTRY EQUIP SYS,329,2014,2025,T2_PREFIX,0
2153,HIT,HITACHI LTD,HITACHI,HITACHI CONSUMER ELECTRONICS,HITACHI CONSUMER ELECTRONICS,267,2010,2015,T2_PREFIX,0
2153,HIT,HITACHI LTD,HITACHI,HITACHI MEDICAL CORP,HITACHI MEDICAL,248,2010,2016,T2_PREFIX,0
2153,HIT,HITACHI LTD,HITACHI,HITACHI ENERGY SWITZERLAND AG,HITACHI ENERGY SWITZERLAND,242,2019,2023,T2_PREFIX,0
2153,HIT,HITACHI LTD,HITACHI,HITACHI HIGH TECH SCIENCE CORP,HITACHI HIGH TECH SCIENT,210,2011,2024,T2_PREFIX,0
2153,HIT,HITACHI LTD,HITACHI,HITACHI ENERGY LTD,HITACHI ENERGY,200,2019,2025,T2_PREFIX,0
2153,HIT,HITACHI LTD,HITACHI,HITACHI GLOBAL STORAGE TECH NL,HITACHI GLOBAL STORAGE TECH NL,186,2010,2012,T2_PREFIX,0
2153,HIT,HITACHI LTD,HITACHI,HITACHI LG DATA STORAGE INC,HITACHI LG DATA STORAGE,182,2010,2025,T2_PREFIX,0
2153,HIT,HITACHI LTD,HITACHI,HITACHI SHIPBUILDING ENG CO,HITACHI SHIPBUILDING ENG,173,2010,2020,T2_PREFIX,0
2153,HIT,HITACHI LTD,HITACHI,HITACHI GE NUCLEAR ENERGY LTD,HITACHI GE NUCLEAR ENERGY,169,2010,2025,T2_PREFIX,0
2153,HIT,HITACHI LTD,HITACHI,HITACHI SOLUTIONS LTD,HITACHI SOLUTIONS,118,2010,2025,T2_PREFIX,0
2153,HIT,HITACHI LTD,HITACHI,HITACHI VEHICLE ENERGY LTD,HITACHI VEHICLE ENERGY,106,2010,2014,T2_PREFIX,0
2153,HIT,HITACHI LTD,HITACHI,HITACHI VANTARA LTD,HITACHI VANTARA,104,2024,2025,T2_PREFIX,0
2153,HIT,HITACHI LTD,HITACHI,HITACHI IND EQUIPMENT SYS,HITACHI IND EQUIP SYS,102,2010,2016,T2_PREFIX,0
2153,HIT,HITACHI LTD,HITACHI,HITACHI ALOKA MEDICAL LTD,HITACHI ALOKA MEDICAL,94,2010,2015,T2_PREFIX,0
2153,HIT,HITACHI LTD,HITACHI,HITACHI MEDIA ELECTRON KK,HITACHI MEDIA ELECTRON,85,2010,2014,T2_PREFIX,0
2153,HIT,HITACHI LTD,HITACHI,HITACHI JOHNSON CONTROLS AIR CONDITIONING INC,HITACHI JOHNSON CONTROLS AIR CONDITIONING,76,2015,2025,T2_PREFIX,0
2153,HIT,HITACHI LTD,HITACHI,HITACHI POWER SEMICONDUCTOR DEVICE LTD,HITACHI POWER SEMICONDUCTOR DEVICE,63,2013,2025,T2_PREFIX,0
2153,HIT,HITACHI LTD,HITACHI,HITACHI PLANT TECHNOLOGIES LTD,HITACHI PLANT TECH,61,2010,2013,T2_PREFIX,0
2153,HIT,HITACHI LTD,HITACHI,HITACHI CONSTRUCTION MACHINERY TIERRA CO LTD,HITACHI CONSTRUCTION MACHINERY TIERRA,59,2015,2023,T2_PREFIX,0
2153,HIT,HITACHI LTD,HITACHI,HITACHI SYSTEMS LTD,HITACHI SYS,57,2012,2024,T2_PREFIX,0
2153,HIT,HITACHI LTD,HITACHI,HITACHI POWER SOLUTIONS CO LTD,HITACHI POWER SOLUTIONS,56,2011,2025,T2_PREFIX,0
2153,HIT,HITACHI LTD,HITACHI,HITACHI DATA SYSTEMS CORP,HITACHI DATA SYS,49,2010,2017,T2_PREFIX,0
2153,HIT,HITACHI LTD,HITACHI,HITACHI AUTOMOTIVE SYSTEMS STEERING LTD,HITACHI AUTOMOTIVE SYS STEERING,49,2012,2018,T2_PREFIX,0
2153,HIT,HITACHI LTD,HITACHI,HITACHI VANTARA LLC,HITACHI VANTARA,46,2018,2024,T2_PREFIX,0
2153,HIT,HITACHI LTD,HITACHI,HITACHI HIGH-TECH SCIENCE CORP,HITACHI HIGH TECH SCIENT,46,2015,2020,T2_PREFIX,0
2153,HIT,HITACHI LTD,HITACHI,HITACHI IND & CONTROL SOLUTIONS LTD,HITACHI IND CONTROL SOLUTIONS,43,2014,2025,T2_PREFIX,0
2153,HIT,HITACHI LTD,HITACHI,HITACHI APPLIANCES INC,HITACHI APPLIANCES,42,2010,2016,T2_PREFIX,0
2153,HIT,HITACHI LTD,HITACHI,HITACHI OMRON TERMINAL SOLUTIONS CORP,HITACHI OMRON TERMINAL SOLUTIONS,38,2010,2019,T2_PREFIX,0
2153,HIT,HITACHI LTD,HITACHI,HITACHI ZOSEN CORP,HITACHI ZOSEN,35,2017,2023,T2_PREFIX,0
2153,HIT,HITACHI LTD,HITACHI,HITACHI INDUSTRIAL PRODUCTS LTD,HITACHI IND PRODUCTS,34,2018,2023,T2_PREFIX,0
2153,HIT,HITACHI LTD,HITACHI,HITACHI-LG DATA STORAGE INC,HITACHI LG DATA STORAGE,33,2014,2017,T2_PREFIX,0
2153,HIT,HITACHI LTD,HITACHI,HITACHI HIGH TECH INSTR CO LTD,HITACHI HIGH TECH INSTR,33,2010,2015,T2_PREFIX,0
2153,HIT,HITACHI LTD,HITACHI,HITACHI CABLE FINE TECH LTD,HITACHI CABLE FINE TECH,29,2010,2013,T2_PREFIX,0
2153,HIT,HITACHI LTD,HITACHI,HITACHI ZOSEN INOVA AG,HITACHI ZOSEN INOVA,29,2012,2025,T2_PREFIX,0
2153,HIT,HITACHI LTD,HITACHI,HITACHI ULSI SYS CO LTD,HITACHI ULSI SYS,29,2010,2014,T2_PREFIX,0
2153,HIT,HITACHI LTD,HITACHI,HITACHI TRANSPORT SYSTEM,HITACHI TRANSPORT SYSTEM,28,2011,2021,T2_PREFIX,0
2153,HIT,HITACHI LTD,HITACHI,HITACHI INFORMATION & TELECOMMUNICATION ENG LTD,HITACHI INFORMATION TELECOMMUNICATION ENG,24,2013,2022,T2_PREFIX,0
2153,HIT,HITACHI LTD,HITACHI,HITACHI INFO & TELECOMM ENG,HITACHI INFO TELECOMM ENG,24,2012,2015,T2_PREFIX,0
2153,HIT,HITACHI LTD,HITACHI,HITACHI LG DATA STORAGE KOREA,HITACHI LG DATA STORAGE KOREA,24,2010,2015,T2_PREFIX,0
2153,HIT,HITACHI LTD,HITACHI,HITACHI DATA SYSTEMS ENGINEERING UK LTD,HITACHI DATA SYS ENGINEERING UK,24,2012,2016,T2_PREFIX,0
2153,HIT,HITACHI LTD,HITACHI,HITACHI POWDERED METALS,HITACHI POWDERED METALS,23,2010,2016,T2_PREFIX,0
2153,HIT,HITACHI LTD,HITACHI,HITACHI METALS TECHNO LTD,HITACHI METALS TECHNO,22,2011,2015,T2_PREFIX,0
2153,HIT,HITACHI LTD,HITACHI,HITACHI COMP PERIPHERALS CO,HITACHI COMP PERIPHERALS,21,2010,2012,T2_PREFIX,0
2153,HIT,HITACHI LTD,HITACHI,HITACHI ASTEMO FRANCE,HITACHI ASTEMO FRANCE,20,2020,2023,T2_PREFIX,0
2153,HIT,HITACHI LTD,HITACHI,HITACHI AUTOMOTIVE SYSTEMS AMERICAS INC,HITACHI AUTOMOTIVE SYS AMERICAS,20,2011,2020,T2_PREFIX,0
2153,HIT,HITACHI LTD,HITACHI,HITACHI MAGNET WIRE CORP,HITACHI MAGNET WIRE,17,2010,2013,T2_PREFIX,0
2153,HIT,HITACHI LTD,HITACHI,HITACHI CHEMICAL RES CT INC,HITACHI CHEM RES CT,17,2010,2015,T2_PREFIX,0
2153,HIT,HITACHI LTD,HITACHI,HITACHI INDUSTRY & CONTROL SOLUTIONS LTD,HITACHI INDUSTRY CONTROL SOLUTIONS,15,2013,2015,T2_PREFIX,0
2153,HIT,HITACHI LTD,HITACHI,HITACHI TOOL ENG,HITACHI TOOL ENG,15,2010,2013,T2_PREFIX,0
2153,HIT,HITACHI LTD,HITACHI,HITACHI LG DATA STORAGE KOREA INC,HITACHI LG DATA STORAGE KOREA,15,2018,2023,T2_PREFIX,0
2153,HIT,HITACHI LTD,HITACHI,HITACHI AUTOMOTIVE SYSTEMS KYUSHU LTD,HITACHI AUTOMOTIVE SYS KYUSHU,14,2013,2019,T2_PREFIX,0
2153,HIT,HITACHI LTD,HITACHI,HITACHI DEVICE ENG,HITACHI DEVICE ENG,13,2010,2014,T2_PREFIX,0
2153,HIT,HITACHI LTD,HITACHI,HITACHI CHEMICAL CO AMERICA LTD,HITACHI CHEM CO AMER,13,2013,2018,T2_PREFIX,0
2153,HIT,HITACHI LTD,HITACHI,HITACHI RAIL STS S P A,HITACHI RAIL STS S P A,13,2018,2025,T2_PREFIX,0
2153,HIT,HITACHI LTD,HITACHI,HITACHI AUTOMOTIVE SYSTEM LTD,HITACHI AUTOMOTIVE SYSTEM,12,2010,2017,T2_PREFIX,0
2153,HIT,HITACHI LTD,HITACHI,HITACHI MITSUBISHI HYDRO CORPORATION,HITACHI MITSUBISHI HYDRO,12,2014,2022,T2_PREFIX,0
2153,HIT,HITACHI LTD,HITACHI,HITACHI SUMITOMO HEAVY IND CONSTRUCTION CRANE CO LTD,HITACHI SUMITOMO HEAVY IND CONSTRUCTION CRANE,12,2010,2018,T2_PREFIX,0
2153,HIT,HITACHI LTD,HITACHI,HITACHI CHEM DUPONT MICROSYS,HITACHI CHEM DUPONT MICROSYS,10,2010,2014,T2_PREFIX,0
2153,HIT,HITACHI LTD,HITACHI,HITACHI VANTARA CORP,HITACHI VANTARA,9,2015,2018,T2_PREFIX,0
2153,HIT,HITACHI LTD,HITACHI,HITACHI GLOBAL STORAGE TECH,HITACHI GLOBAL STORAGE TECH,9,2010,2010,T2_PREFIX,0
2153,HIT,HITACHI LTD,HITACHI,HITACHI ASTEMO UEDA LTD,HITACHI ASTEMO UEDA,9,2020,2024,T2_PREFIX,0
2153,HIT,HITACHI LTD,HITACHI,HITACHI AUTOMOTIVE SYSTEMS ENG LTD,HITACHI AUTOMOTIVE SYS ENG,8,2016,2017,T2_PREFIX,0
2153,HIT,HITACHI LTD,HITACHI,HITACHI GLOBAL LIFE SOLUTIONS INC,HITACHI GLOBAL LIFE SOLUTIONS,8,2019,2023,T2_PREFIX,0
2153,HIT,HITACHI LTD,HITACHI,HITACHI SOFTWARE ENG,HITACHI SOFTWARE ENG,8,2010,2010,T2_PREFIX,0
2153,HIT,HITACHI LTD,HITACHI,HITACHI MAXELL ENERGY LTD,HITACHI MAXELL ENERGY,8,2010,2012,T2_PREFIX,0
2153,HIT,HITACHI LTD,HITACHI,HITACHI CHANNEL SOLUTIONS CORP,HITACHI CHANNEL SOLUTIONS,8,2022,2025,T2_PREFIX,0
2153,HIT,HITACHI LTD,HITACHI,HITACHI PLANT SERVICES CO LTD,HITACHI PLANT SERVICES,8,2015,2023,T2_PREFIX,0
2153,HIT,HITACHI LTD,HITACHI,HITACHI HIGH TECH FINE SYSTEMS CORP,HITACHI HIGH TECH FINE SYS,7,2015,2020,T2_PREFIX,0
2153,HIT,HITACHI LTD,HITACHI,HITACHI ZOSEN FUKUI CORP,HITACHI ZOSEN FUKUI,7,2013,2015,T2_PREFIX,0
2153,HIT,HITACHI LTD,HITACHI,HITACHI HIGH TECH ANALYTICAL SCIENCE FINLAND OY,HITACHI HIGH TECH ANALYTICAL SCIENT FINLAND,7,2019,2023,T2_PREFIX,0
2153,HIT,HITACHI LTD,HITACHI,HITACHI METALS MMC SUPERALLOY LTD,HITACHI METALS MMC SUPERALLOY,7,2013,2016,T2_PREFIX,0
2153,HIT,HITACHI LTD,HITACHI,HITACHI DATA SYSTEMS ENG UK LTD,HITACHI DATA SYS ENG UK,6,2013,2016,T2_PREFIX,0
2153,HIT,HITACHI LTD,HITACHI,HITACHI INF & COMM ENG LTD,HITACHI INF COMM ENG,6,2011,2012,T2_PREFIX,0
2153,HIT,HITACHI LTD,HITACHI,HITACHI HIGH TECH ANALYTICAL SCIENCE GMBH,HITACHI HIGH TECH ANALYTICAL SCIENT,6,2020,2023,T2_PREFIX,0
2153,HIT,HITACHI LTD,HITACHI,HITACHI ASTEMO ELECTRIC MOTOR SYSTEMS LTD,HITACHI ASTEMO ELEC MOTOR SYS,6,2019,2023,T2_PREFIX,0
2153,HIT,HITACHI LTD,HITACHI,HITACHI TOBU SEMICONDUCTOR LTD,HITACHI TOBU SEMICONDUCTOR,6,2010,2013,T2_PREFIX,0
2153,HIT,HITACHI LTD,HITACHI,HITACHI POWER EUROPE GMBH,HITACHI POWER EUROPE,6,2010,2012,T2_PREFIX,0
2153,HIT,HITACHI LTD,HITACHI,HITACHI AUTOMATIVE SYSTEMS LTD,HITACHI AUTOMATIVE SYS,6,2011,2019,T2_PREFIX,0
2153,HIT,HITACHI LTD,HITACHI,HITACHI VIA MECHANICS LTD,HITACHI VIA MECHANICS,6,2010,2013,T2_PREFIX,0
2153,HIT,HITACHI LTD,HITACHI,HITACHI CHEMICAL DUPONT MICROSYSTEMS LTD,HITACHI CHEM DUPONT MICROSYSTEMS,6,2016,2018,T2_PREFIX,0
2153,HIT,HITACHI LTD,HITACHI,HITACHI HIGH TECH ANALYSIS CORP,HITACHI HIGH TECH ANALYSIS,6,2025,2025,T2_PREFIX,0
2153,HIT,HITACHI LTD,HITACHI,HITACHI ASIA LTD,HITACHI ASIA,5,2010,2011,T2_PREFIX,0
2153,HIT,HITACHI LTD,HITACHI,HITACHI ENERGY USA INC,HITACHI ENERGY USA,5,2022,2024,T2_PREFIX,0
2153,HIT,HITACHI LTD,HITACHI,HITACHI CAR ENG CO LTD,HITACHI CAR ENG,5,2010,2015,T2_PREFIX,0
2153,HIT,HITACHI LTD,HITACHI,HITACHI LTD INTELLECTUAL PROPERTY GROUP,HITACHI LTD INTELLECTUAL PROPERTY,5,2012,2014,T2_PREFIX,0
2153,HIT,HITACHI LTD,HITACHI,HITACHI AUTOMOTIVES SYSTEMS LTD,HITACHI AUTOMOTIVES SYS,5,2010,2015,T2_PREFIX,0
2153,HIT,HITACHI LTD,HITACHI,HITACHI YONEZAWA ELECTRONICS,HITACHI YONEZAWA ELECTRONICS,4,2010,2013,T2_PREFIX,0
2153,HIT,HITACHI LTD,HITACHI,HITACHI PLANT MECH CO LTD,HITACHI PLANT MECH,4,2016,2017,T2_PREFIX,0
2153,HIT,HITACHI LTD,HITACHI,HITACHI ASTEMO HEILBRONN GMBH,HITACHI ASTEMO HEILBRONN,4,2022,2023,T2_PREFIX,0
2153,HIT,HITACHI LTD,HITACHI,HITACHI DISPLAY DEVICES LTD,HITACHI DISPLAY DEVICES,4,2010,2010,T2_PREFIX,0
2153,HIT,HITACHI LTD,HITACHI,HITACHI BUILDING SYST CO LTD,HITACHI BUILDING SYS,4,2019,2020,T2_PREFIX,0
2153,HIT,HITACHI LTD,HITACHI,HITACHI CHEMICAL DIAGNOSTICS SYSTEMS CO LTD,HITACHI CHEM DIAGNOSTICS SYS,4,2018,2024,T2_PREFIX,0
2153,HIT,HITACHI LTD,HITACHI,HITACHI AUTOMOTIVE SYSTEMS INC,HITACHI AUTOMOTIVE SYS,4,2010,2016,T2_PREFIX,0
2153,HIT,HITACHI LTD,HITACHI,HITACHI CABLE AMERICA INC,HITACHI CABLE AMER,4,2016,2020,T2_PREFIX,0
2153,HIT,HITACHI LTD,HITACHI,HITACHI HOKKAI SEMICONDUCTOR,HITACHI HOKKAI SEMICONDUCTOR,4,2010,2013,T2_PREFIX,0
2153,HIT,HITACHI LTD,HITACHI,HITACHI AUTOMOTIVE SYSTEMS HANSHIN LTD,HITACHI AUTOMOTIVE SYS HANSHIN,4,2016,2017,T2_PREFIX,0
2153,HIT,HITACHI LTD,HITACHI,HITACHI HIGH-TECH CORP,HITACHI HIGH TECH,4,2018,2020,T2_PREFIX,0
2153,HIT,HITACHI LTD,HITACHI,HITACHI GLOBAL AIR POWER US LLC,HITACHI GLOBAL AIR POWER US,4,2021,2022,T2_PREFIX,0
2153,HIT,HITACHI LTD,HITACHI,HITACHI RAIL ITALY S P A,HITACHI RAIL ITALY S P A,4,2015,2018,T2_PREFIX,0
2153,HIT,HITACHI LTD,HITACHI,HITACHI INFORMATION SYS LTD,HITACHI INFORMATION SYS,4,2010,2011,T2_PREFIX,0
2153,HIT,HITACHI LTD,HITACHI,HITACHI ASTEMO NETHERLANDS B V,HITACHI ASTEMO NETHERLANDS B V,4,2021,2022,T2_PREFIX,0
2153,HIT,HITACHI LTD,HITACHI,HITACHI WIRE AND ROD LTD,HITACHI WIRE AND ROD,3,2010,2011,T2_PREFIX,0
2153,HIT,HITACHI LTD,HITACHI,HITACHI HIGH TECH SOLUTIONS CORP,HITACHI HIGH TECH SOLUTIONS,3,2018,2023,T2_PREFIX,0
2153,HIT,HITACHI LTD,HITACHI,HITACHI AUTOMOTIVE SYTEMS LTD,HITACHI AUTOMOTIVE SYTEMS,3,2012,2013,T2_PREFIX,0
2153,HIT,HITACHI LTD,HITACHI,HITACHI SOLUTIONS CREATE LTD,HITACHI SOLUTIONS CREATE,3,2022,2022,T2_PREFIX,0
2153,HIT,HITACHI LTD,HITACHI,HITACHI GE VERNOVA NUCLEAR ENERGY LTD,HITACHI GE VERNOVA NUCLEAR ENERGY,3,2025,2025,T2_PREFIX,0
2153,HIT,HITACHI LTD,HITACHI,HITACHI CONSTUCTION MACHINERY CO LTD,HITACHI CONSTUCTION MACHINERY,3,2012,2017,T2_PREFIX,0
2153,HIT,HITACHI LTD,HITACHI,HITACHI ASTEMO AMERICAS INC,HITACHI ASTEMO AMERICAS,3,2020,2024,T2_PREFIX,0
2153,HIT,HITACHI LTD,HITACHI,HITACHI COMM TECH LTD,HITACHI COMM TECH,3,2010,2010,T2_PREFIX,0
2153,HIT,HITACHI LTD,HITACHI,HITACHI COMM TECHNOLOGIES AMERICA INC,HITACHI COMM TECH AMER,3,2013,2015,T2_PREFIX,0
2153,HIT,HITACHI LTD,HITACHI,HITACHI RAIL STS USA INC,HITACHI RAIL STS USA,3,2019,2021,T2_PREFIX,0
2153,HIT,HITACHI LTD,HITACHI,HITACHI RAIL S P A,HITACHI RAIL S P A,3,2020,2021,T2_PREFIX,0
2153,HIT,HITACHI LTD,HITACHI,HITACHI TERMINAL SOLUTIONS KOREA CO LTD,HITACHI TERMINAL SOLUTIONS KOREA,3,2015,2019,T2_PREFIX,0
2153,HIT,HITACHI LTD,HITACHI,HITACHI HIGH TECHNOLGIES CORP,HITACHI HIGH TECHNOLGIES,3,2011,2013,T2_PREFIX,0
2153,HIT,HITACHI LTD,HITACHI,HITACHI INF & CONTROL SYST,HITACHI INF CONTROL SYS,3,2011,2011,T2_PREFIX,0
2153,HIT,HITACHI LTD,HITACHI,HITACHI METALS NEOMATERIAL LTD,HITACHI METALS NEOMATERIAL,3,2016,2016,T2_PREFIX,0
13739,HLIT,HARMONIC INC,HARMONIC,HARMONIC DRIVE SYSTEMS,HARMONIC DRIVE SYS,189,2010,2025,T2_PREFIX,0
13739,HLIT,HARMONIC INC,HARMONIC,HARMONIC INC,HARMONIC,92,2010,2025,T1_EXACT,0
13739,HLIT,HARMONIC INC,HARMONIC,HARMONIC BIONICS INC,HARMONIC BIONICS,8,2020,2025,T2_PREFIX,0
13739,HLIT,HARMONIC INC,HARMONIC,HARMONIC INNOVATION TECHNOLOGY CO LTD,HARMONIC INNOVATION TECH,6,2013,2014,T2_PREFIX,0
13739,HLIT,HARMONIC INC,HARMONIC,HARMONIC DRIVE SE,HARMONIC DRIVE,3,2021,2023,T2_PREFIX,0
13739,HLIT,HARMONIC INC,HARMONIC,HARMONIC DESIGN INC,HARMONIC DESIGN,3,2010,2010,T2_PREFIX,0
10504,HOLX,HOLOGIC INC,HOLOGIC,HOLOGIC INC,HOLOGIC,570,2010,2025,T1_EXACT,0
55421,HPE,HEWLETT PACKARD ENTERPRISE CO,HEWLETT PACKARD ENTPR,HEWLETT PACKARD ENTPR DEV LP,HEWLETT PACKARD ENTPR DEV,5504,2013,2025,T2_PREFIX,0
55421,HPE,HEWLETT PACKARD ENTERPRISE CO,HEWLETT PACKARD ENTPR,HEWLETT-PACKARD ENTPR DEV LP,HEWLETT PACKARD ENTPR DEV,30,2013,2015,T2_PREFIX,0
55421,HPE,HEWLETT PACKARD ENTERPRISE CO,HEWLETT PACKARD ENTPR,HEWLETT PACKARD ENTPR DEVELOPMENT LP,HEWLETT PACKARD ENTPR DEV,12,2024,2025,T2_PREFIX,0
55421,HPE,HEWLETT PACKARD ENTERPRISE CO,HEWLETT PACKARD ENTPR,HEWLETT PACKARD ENTPR DEV L P,HEWLETT PACKARD ENTPR DEV L P,7,2013,2014,T2_PREFIX,0
55421,HPE,HEWLETT PACKARD ENTERPRISE CO,HEWLETT PACKARD ENTPR,HEWLETT PACKARD ENTPR,HEWLETT PACKARD ENTPR,4,2016,2016,T1_EXACT,0
55421,HPE,HEWLETT PACKARD ENTERPRISE CO,HEWLETT PACKARD ENTPR,HEWLETT PACKARD ENTPR DEVELOPMENT L P,HEWLETT PACKARD ENTPR DEV L P,4,2015,2016,T2_PREFIX,0
55421,HPE,HEWLETT PACKARD ENTERPRISE CO,HEWLETT PACKARD ENTPR,HEWLETT PACKARD ENTPR DEVELPMENT LP,HEWLETT PACKARD ENTPR DEVELPMENT,3,2013,2016,T2_PREFIX,0
55421,HPE,HEWLETT PACKARD ENTERPRISE CO,HEWLETT PACKARD ENTPR,HEWLETT PACKARD ENTPR DEVELOPMENT COMPANY LP,HEWLETT PACKARD ENTPR DEV,3,2015,2016,T2_PREFIX,0
60422,HTFL,HEARTFLOW INC,HEARTFLOW,HEARTFLOW INC,HEARTFLOW,386,2011,2025,T1_EXACT,0
55274,HTGM,HTG MOLECULAR DIAGNOSTICS INC,HTG MOLECULAR DIAGNOSTICS,HTG MOLECULAR DIAGNOSTICS INC,HTG MOLECULAR DIAGNOSTICS,14,2011,2022,T1_EXACT,0
5184,IDCC,INTERDIGITAL INC,INTERDIGITAL,INTERDIGITAL PATENT HOLDINGS INC,INTERDIGITAL PATENT,2314,2014,2025,T2_PREFIX,0
5184,IDCC,INTERDIGITAL INC,INTERDIGITAL,INTERDIGITAL PATENT HOLDINGS,INTERDIGITAL PATENT,827,2010,2016,T2_PREFIX,0
5184,IDCC,INTERDIGITAL INC,INTERDIGITAL,INTERDIGITAL TECH CORP,INTERDIGITAL TECH,706,2010,2025,T2_PREFIX,0
5184,IDCC,INTERDIGITAL INC,INTERDIGITAL,INTERDIGITAL VC HOLDINGS INC,INTERDIGITAL VC,538,2016,2025,T2_PREFIX,0
5184,IDCC,INTERDIGITAL INC,INTERDIGITAL,INTERDIGITAL CE PATENT HOLDINGS SAS,INTERDIGITAL CE PATENT,300,2018,2025,T2_PREFIX,0
5184,IDCC,INTERDIGITAL INC,INTERDIGITAL,INTERDIGITAL CE PATENT HOLDINGS,INTERDIGITAL CE PATENT,163,2016,2025,T2_PREFIX,0
5184,IDCC,INTERDIGITAL INC,INTERDIGITAL,INTERDIGITAL MADISON PATENT HOLDINGS SAS,INTERDIGITAL MADISON PATENT,70,2016,2025,T2_PREFIX,0
5184,IDCC,INTERDIGITAL INC,INTERDIGITAL,INTERDIGITAL VC HOLDINGS FRANCE SAS,INTERDIGITAL VC HOLDINGS FRANCE,59,2019,2023,T2_PREFIX,0
5184,IDCC,INTERDIGITAL INC,INTERDIGITAL,INTERDIGITAL VC HOLDINGS FRANCE,INTERDIGITAL VC HOLDINGS FRANCE,21,2020,2021,T2_PREFIX,0
5184,IDCC,INTERDIGITAL INC,INTERDIGITAL,INTERDIGITAL PATENT HOLDING INC,INTERDIGITAL PATENT,18,2012,2023,T2_PREFIX,0
5184,IDCC,INTERDIGITAL INC,INTERDIGITAL,INTERDIGITAL VC HOLDING INC,INTERDIGITAL VC,10,2017,2020,T2_PREFIX,0
5184,IDCC,INTERDIGITAL INC,INTERDIGITAL,INTERDIGITAL CE INTERMEDIATE SAS,INTERDIGITAL CE INTERMEDIATE,4,2020,2022,T2_PREFIX,0
5184,IDCC,INTERDIGITAL INC,INTERDIGITAL,INTERDIGITAL VC HOLDINGS LNC,INTERDIGITAL VC HOLDINGS LNC,3,2019,2019,T2_PREFIX,0
5184,IDCC,INTERDIGITAL INC,INTERDIGITAL,INTERDIGITAL COMM CORP,INTERDIGITAL COMM,3,2010,2012,T2_PREFIX,0
22075,IEX,IDEX CORP,IDEX,IDEX ASA,IDEX,57,2010,2020,T1_EXACT,1
16697,IIJI,INTERNET INITIATIVE JAPAN INC,INTERNET INITIATIVE JAPAN,INTERNET INITIATIVE JAPAN INC,INTERNET INITIATIVE JAPAN,3,2020,2023,T1_EXACT,0
9558,IIVI,II VI INC,II VI,II VI DELAWARE INC,II VI DELAWARE,456,2018,2025,T2_PREFIX,0
9558,IIVI,II VI INC,COHERENT,COHERENT LOGIX INC,COHERENT LOGIX,141,2012,2024,T2_PREFIX,0
9558,IIVI,II VI INC,COHERENT,COHERENT INC,COHERENT,137,2010,2025,T1_EXACT,0
9558,IIVI,II VI INC,II VI,II VI INC,II VI,62,2010,2020,T1_EXACT,0
9558,IIVI,II VI INC,COHERENT,COHERENT LASERSYSTEMS GMBH & CO KG,COHERENT LASERSYSTEMS,32,2013,2024,T2_PREFIX,0
9558,IIVI,II VI INC,COHERENT,COHERENT GMBH,COHERENT,12,2010,2013,T1_EXACT,0
9558,IIVI,II VI INC,II VI,II VI PHOTONICS INC,II VI PHOTONICS,9,2023,2025,T2_PREFIX,0
9558,IIVI,II VI INC,II VI,II VI ADVANCED MAT LLC,II VI ADVANCED MAT,8,2024,2024,T2_PREFIX,0
9558,IIVI,II VI INC,COHERENT,Coherent Kaiserslautern GmbH,COHERENT KAISERSLAUTERN,8,2013,2024,T2_PREFIX,0
9558,IIVI,II VI INC,COHERENT,COHERENT SCOTLAND LTD,COHERENT SCOTLAND,7,2015,2023,T2_PREFIX,0
9558,IIVI,II VI INC,COHERENT,Coherent AI LLC,COHERENT AI,5,2018,2021,T2_PREFIX,0
9558,IIVI,II VI INC,COHERENT,COHERENT BIOPHARMA SUZHOU LTD,COHERENT BIOPHARMA SUZHOU,5,2020,2023,T2_PREFIX,0
9558,IIVI,II VI INC,COHERENT,COHERENT NAVIGATION INC,COHERENT NAVIGATION,5,2010,2014,T2_PREFIX,0
9558,IIVI,II VI INC,II VI,II VI SUWTECH INC,II VI SUWTECH,4,2016,2019,T2_PREFIX,0
9558,IIVI,II VI INC,II VI,II-VI Delaware Inc,II VI DELAWARE,3,2019,2020,T2_PREFIX,0
9558,IIVI,II VI INC,COHERENT,COHERENT TECHNICAL SERVICES INC,COHERENT TECHNICAL SERVICES,3,2013,2017,T2_PREFIX,0
37938,ILMN,ILLUMINA INC,ILLUMINA,ILLUMINA INC,ILLUMINA,1529,2010,2025,T1_EXACT,0
37938,ILMN,ILLUMINA INC,ILLUMINA,ILLUMINA CAMBRIDGE LTD,ILLUMINA CAMBRIDGE,433,2010,2025,T2_PREFIX,0
37938,ILMN,ILLUMINA INC,ILLUMINA,ILLUMINA SINGAPORE PTE LTD,ILLUMINA SINGAPORE,51,2017,2025,T2_PREFIX,0
37938,ILMN,ILLUMINA INC,ILLUMINA,ILLUMINA SOFTWARE INC,ILLUMINA SOFTWARE,43,2021,2023,T2_PREFIX,0
37938,ILMN,ILLUMINA INC,ILLUMINA,ILLUMINA CORP,ILLUMINA,3,2010,2014,T1_EXACT,0
58576,IMRX,IMMUNEERING CORP,IMMUNEERING,IMMUNEERING CORP,IMMUNEERING,7,2010,2025,T1_EXACT,0
30033,INCY,INCYTE CORP,INCYTE,INCYTE CORP,INCYTE,826,2010,2025,T1_EXACT,0
30033,INCY,INCYTE CORP,INCYTE,INCYTE HOLDINGS CORP,INCYTE,128,2015,2025,T1_EXACT,0
30033,INCY,INCYTE CORP,INCYTE,INCYTE CORP A DELAWARE CORP,INCYTE CORP A DELAWARE,8,2011,2011,T2_PREFIX,0
52376,INFN,INFINERA CORP,INFINERA,INFINERA CORP,INFINERA,515,2010,2025,T1_EXACT,0
16435,INFY,INFOSYS LTD,INFOSYS,INFOSYS LTD,INFOSYS,492,2010,2025,T1_EXACT,0
16435,INFY,INFOSYS LTD,INFOSYS,INFOSYS TECHNOLOGIES LTD,INFOSYS TECH,169,2010,2014,T2_PREFIX,0
2367,INTC,INTEL CORP,INTEL,INTEL CORP,INTEL,30030,2010,2025,T1_EXACT,0
2367,INTC,INTEL CORP,INTEL,INTEL IP CORP,INTEL IP,2257,2012,2023,T2_PREFIX,0
2367,INTC,INTEL CORP,INTEL,INTEL MOBILE COMM GMBH,INTEL MOBILE COMM,249,2011,2017,T2_PREFIX,0
2367,INTC,INTEL CORP,INTEL,INTEL DEUTSCHLAND GMBH,INTEL DEUTSCHLAND,71,2015,2022,T2_PREFIX,0
2367,INTC,INTEL CORP,INTEL,Intel NDTM US LLC,INTEL NDTM US,58,2022,2025,T2_PREFIX,0
2367,INTC,INTEL CORP,INTEL,INTEL GE CARE INNOVATIONS LLC,INTEL GE CARE INNOVATIONS,28,2011,2014,T2_PREFIX,0
2367,INTC,INTEL CORP,INTEL,INTEL CORPORTATION,INTEL CORPORTATION,14,2017,2023,T2_PREFIX,0
2367,INTC,INTEL CORP,INTEL,INTEL MOBILE COMM TECHNOLOGY DRESDEN GMBH,INTEL MOBILE COMM TECH DRESDEN,12,2011,2012,T2_PREFIX,0
2367,INTC,INTEL CORP,INTEL,INTEL MOBILE COMM TECH GMBH,INTEL MOBILE COMM TECH,11,2010,2015,T2_PREFIX,0
2367,INTC,INTEL CORP,INTEL,INTEL CORP AND INTEL IP CORP,INTEL CORP AND INTEL IP,6,2016,2018,T2_PREFIX,0
2367,INTC,INTEL CORP,INTEL,THE INTEL CORP,INTEL,4,2022,2022,T1_EXACT,0
2367,INTC,INTEL CORP,INTEL,INTEL CORPORATON,INTEL CORPORATON,4,2012,2015,T2_PREFIX,0
2367,INTC,INTEL CORP,INTEL,INTEL CORP INC,INTEL,3,2010,2015,T1_EXACT,0
2367,INTC,INTEL CORP,INTEL,INTEL CORPROATION,INTEL CORPROATION,3,2015,2017,T2_PREFIX,0
2367,INTC,INTEL CORP,INTEL,INTEL CORPORTION,INTEL CORPORTION,3,2017,2021,T2_PREFIX,0
2367,INTC,INTEL CORP,INTEL,INTEL COPRORATION,INTEL COPRORATION,3,2015,2017,T2_PREFIX,0
2367,INTC,INTEL CORP,INTEL,INTEL CORORATION,INTEL CORORATION,3,2014,2018,T2_PREFIX,0
2367,INTC,INTEL CORP,INTEL,INTEL CORPRATION,INTEL CORPRATION,3,2017,2023,T2_PREFIX,0
12011,INTU,INTUIT INC,INTUIT,INTUIT INC,INTUIT,1382,2010,2025,T1_EXACT,0
57538,IONQ,IONQ INC,IONQ,IONQ INC,IONQ,206,2018,2025,T1_EXACT,1
20996,IRF,INTERNATIONAL RECTIFIER CORP,INT RECTIFIER,INT RECTIFIER CORP,INT RECTIFIER,326,2010,2015,T1_EXACT,0
14377,IRIX,IRIDEX CORP,IRIDEX,IRIDEX CORP,IRIDEX,44,2012,2025,T1_EXACT,0
37727,ISRG,INTUITIVE SURGICAL INC,INTUITIVE SURGICAL,INTUITIVE SURGICAL OPERATIONS,INTUITIVE SURGICAL OPERATIONS,2949,2010,2025,T2_PREFIX,0
37727,ISRG,INTUITIVE SURGICAL INC,INTUITIVE SURGICAL,INTUITIVE SURGICAL INC,INTUITIVE SURGICAL,26,2010,2015,T1_EXACT,0
37727,ISRG,INTUITIVE SURGICAL INC,INTUITIVE SURGICAL,INTUITIVE SURGICAL OPERATION INC,INTUITIVE SURGICAL OPERATION,6,2013,2019,T2_PREFIX,0
56652,ITMR,ITAMAR MEDICAL LTD,ITAMAR MEDICAL,ITAMAR MEDICAL LTD,ITAMAR MEDICAL,10,2010,2025,T1_EXACT,0
56652,ITMR,ITAMAR MEDICAL LTD,ITAMAR MEDICAL,ITAMAR MEDICAL SPRY 2021 LP,ITAMAR MEDICAL SPRY 2021,7,2022,2024,T2_PREFIX,0
21019,JCI,JOHNSON CONTROLS INC,JOHNSON CONTROLS,JOHNSON CONTROLS TECH CO,JOHNSON CONTROLS TECH,2174,2010,2025,T2_PREFIX,0
21019,JCI,JOHNSON CONTROLS INC,JOHNSON CONTROLS,Johnson Controls Tyco IP Holdings LLP,JOHNSON CONTROLS TYCO IP,707,2019,2024,T2_PREFIX,0
21019,JCI,JOHNSON CONTROLS INC,JOHNSON CONTROLS,JOHNSON CONTROLS GMBH,JOHNSON CONTROLS,131,2010,2016,T1_EXACT,0
21019,JCI,JOHNSON CONTROLS INC,JOHNSON CONTROLS,JOHNSON CONTROLS COMPONENTS GMBH & CO KG,JOHNSON CONTROLS COMPONENTS,60,2012,2016,T2_PREFIX,0
21019,JCI,JOHNSON CONTROLS INC,JOHNSON CONTROLS,JOHNSON CONTROLS FIRE PROT LP,JOHNSON CONTROLS FIRE PROT,41,2016,2024,T2_PREFIX,0
21019,JCI,JOHNSON CONTROLS INC,JOHNSON CONTROLS,JOHNSON CONTROLS AUTOBATTERIE GMBH & CO KGAA,JOHNSON CONTROLS AUTOBATTERIE,31,2011,2019,T2_PREFIX,0
21019,JCI,JOHNSON CONTROLS INC,JOHNSON CONTROLS,JOHNSON CONTROLS TECH LLC,JOHNSON CONTROLS TECH,24,2012,2016,T2_PREFIX,0
21019,JCI,JOHNSON CONTROLS INC,JOHNSON CONTROLS,JOHNSON CONTROLS-HITACHI AIR CONDITIONING TECH (HONG KONG) LTD,JOHNSON CONTROLS HITACHI AIR CONDITIONING TECH HONG KONG,19,2014,2016,T2_PREFIX,0
21019,JCI,JOHNSON CONTROLS INC,JOHNSON CONTROLS,JOHNSON CONTROLS AIR CONDITIONING AND REFRIGERATION WUXI CO LTD,JOHNSON CONTROLS AIR CONDITIONING AND REFRIGERATION WUXI,17,2015,2024,T2_PREFIX,0
21019,JCI,JOHNSON CONTROLS INC,JOHNSON CONTROLS,JOHNSON CONTROLS ADVANCED POWER SOLUTIONS GMBH,JOHNSON CONTROLS ADVANCED POWER SOLUTIONS,17,2012,2018,T2_PREFIX,0
21019,JCI,JOHNSON CONTROLS INC,JOHNSON CONTROLS,JOHNSON CONTROLS SAFT ADVANCED,JOHNSON CONTROLS SAFT ADVANCED,14,2010,2015,T2_PREFIX,0
21019,JCI,JOHNSON CONTROLS INC,JOHNSON CONTROLS,JOHNSON CONTROLS SAFT ADVANCED POWER SOLUTIONS LLC,JOHNSON CONTROLS SAFT ADVANCED POWER SOLUTIONS,10,2010,2011,T2_PREFIX,0
21019,JCI,JOHNSON CONTROLS INC,JOHNSON CONTROLS,JOHNSON CONTROLS HYBRID & RECYCLING GMBH,JOHNSON CONTROLS HYBRID RECYCLING,9,2010,2017,T2_PREFIX,0
21019,JCI,JOHNSON CONTROLS INC,JOHNSON CONTROLS,JOHNSON CONTROLS AUTOMOTIVE ELECTRONICS SAS,JOHNSON CONTROLS AUTOMOTIVE ELECTRONICS,9,2013,2015,T2_PREFIX,0
21019,JCI,JOHNSON CONTROLS INC,JOHNSON CONTROLS,JOHNSON CONTROLS INC,JOHNSON CONTROLS,8,2012,2022,T1_EXACT,0
21019,JCI,JOHNSON CONTROLS INC,JOHNSON CONTROLS,Johnson Controls Advanced Power Solutions LLC,JOHNSON CONTROLS ADVANCED POWER SOLUTIONS,8,2011,2020,T2_PREFIX,0
21019,JCI,JOHNSON CONTROLS INC,JOHNSON CONTROLS,JOHNSON CONTROLS DENMARK APS,JOHNSON CONTROLS DENMARK,6,2011,2022,T2_PREFIX,0
21019,JCI,JOHNSON CONTROLS INC,JOHNSON CONTROLS,JOHNSON CONTROLS HITACHI AIR CONDITIONING TECH HONG KONG LIMITED,JOHNSON CONTROLS HITACHI AIR CONDITIONING TECH HONG KONG,5,2015,2017,T2_PREFIX,0
21019,JCI,JOHNSON CONTROLS INC,JOHNSON CONTROLS,JOHNSON CONTROLS METALS & MECHANISMS GMBH & CO KG,JOHNSON CONTROLS METALS MECHANISMS,4,2012,2014,T2_PREFIX,0
21019,JCI,JOHNSON CONTROLS INC,JOHNSON CONTROLS,JOHNSON CONTROLS BUILDING EFFICIENCY TECHNOLOGY WUXI COMPANY LTD,JOHNSON CONTROLS BUILDING EFFICIENCY TECH WUXI,3,2011,2014,T2_PREFIX,0
21019,JCI,JOHNSON CONTROLS INC,JOHNSON CONTROLS,JOHNSON CONTROLS IND SAS,JOHNSON CONTROLS IND,3,2019,2021,T2_PREFIX,0
21019,JCI,JOHNSON CONTROLS INC,JOHNSON CONTROLS,JOHNSON CONTROLS BUILDING EFFICIENCY TECH WUXI CO LTD,JOHNSON CONTROLS BUILDING EFFICIENCY TECH WUXI,3,2019,2021,T2_PREFIX,0
21019,JCI,JOHNSON CONTROLS INC,JOHNSON CONTROLS,JOHNSON CONTROLS AIR CONDITIONING AND REFRIGERATION WUXI COMPANY LTD,JOHNSON CONTROLS AIR CONDITIONING AND REFRIGERATION WUXI,3,2012,2024,T2_PREFIX,0
21019,JCI,JOHNSON CONTROLS INC,JOHNSON CONTROLS,Johnson Controls Tyco Holdings LLP,JOHNSON CONTROLS TYCO,3,2022,2023,T2_PREFIX,0
21018,JNJ,JOHNSON & JOHNSON,JOHNSON JOHNSON,JOHNSON & JOHNSON VISION CARE,JOHNSON JOHNSON VISION CARE,707,2012,2025,T2_PREFIX,0
21018,JNJ,JOHNSON & JOHNSON,JOHNSON JOHNSON,JOHNSON & JOHNSON CONSUMER INC,JOHNSON JOHNSON CONSUMER,415,2014,2024,T2_PREFIX,0
21018,JNJ,JOHNSON & JOHNSON,JOHNSON JOHNSON,JOHNSON & JOHNSON SURGICAL VISION INC,JOHNSON JOHNSON SURGICAL VISION,250,2018,2025,T2_PREFIX,0
21018,JNJ,JOHNSON & JOHNSON,JOHNSON JOHNSON,JOHNSON & JOHNSON CONSUMER,JOHNSON JOHNSON CONSUMER,100,2010,2015,T2_PREFIX,0
21018,JNJ,JOHNSON & JOHNSON,JOHNSON JOHNSON,JOHNSON & JOHNSON GMBH,JOHNSON JOHNSON,20,2012,2024,T1_EXACT,0
21018,JNJ,JOHNSON & JOHNSON,JOHNSON JOHNSON,JOHNSON & JOHNSON MEDICAL,JOHNSON JOHNSON MEDICAL,11,2013,2018,T2_PREFIX,0
21018,JNJ,JOHNSON & JOHNSON,JOHNSON JOHNSON,JOHNSON & JOHNSON,JOHNSON JOHNSON,10,2010,2016,T1_EXACT,0
21018,JNJ,JOHNSON & JOHNSON,JOHNSON JOHNSON,JOHNSON & JOHNSON ENTPR INNOVATION INC,JOHNSON JOHNSON ENTPR INNOVATION,8,2021,2023,T2_PREFIX,0
21018,JNJ,JOHNSON & JOHNSON,JOHNSON JOHNSON,JOHNSON & JOHNSON AB,JOHNSON JOHNSON,3,2014,2016,T1_EXACT,0
21018,JNJ,JOHNSON & JOHNSON,JOHNSON JOHNSON,JOHNSON & JOHNSON SERVICES INC,JOHNSON JOHNSON SERVICES,3,2014,2025,T2_PREFIX,0
21018,JNJ,JOHNSON & JOHNSON,JOHNSON JOHNSON,Johnson & Johnson Innovation LLC,JOHNSON JOHNSON INNOVATION,3,2014,2016,T2_PREFIX,0
21018,JNJ,JOHNSON & JOHNSON,JOHNSON JOHNSON,JOHNSON & JOHNSON CHINA LTD,JOHNSON JOHNSON CHINA,3,2018,2022,T2_PREFIX,0
16614,JNPR,JUNIPER NETWORKS INC,JUNIPER NETWORKS,JUNIPER NETWORKS INC,JUNIPER NETWORKS,2432,2010,2025,T1_EXACT,0
20436,JPM,JPMORGAN CHASE & CO,JPMORGAN CHASE,JPMORGAN CHASE BANK NA,JPMORGAN CHASE BANK NA,2232,2010,2025,T2_PREFIX,0
20436,JPM,JPMORGAN CHASE & CO,JPMORGAN CHASE,JPMORGAN CHASE BANK N A,JPMORGAN CHASE BANK N A,8,2024,2025,T2_PREFIX,0
20436,JPM,JPMORGAN CHASE & CO,JPMORGAN CHASE,JPMORGAN CHASE BANK,JPMORGAN CHASE BANK,4,2011,2012,T2_PREFIX,0
30497,KEP,KOREA ELECTRIC POWER CO,KOREA ELEC POWER,KOREA ELECTRIC POWER CORP,KOREA ELEC POWER,137,2010,2025,T1_EXACT,0
55033,KEYS,KEYSIGHT TECHNOLOGIES INC,KEYSIGHT TECH,KEYSIGHT TECHNOLOGIES INC,KEYSIGHT TECH,427,2013,2025,T1_EXACT,0
55033,KEYS,KEYSIGHT TECHNOLOGIES INC,KEYSIGHT TECH,KEYSIGHT TECH RO SRL,KEYSIGHT TECH RO,11,2018,2023,T2_PREFIX,0
55033,KEYS,KEYSIGHT TECHNOLOGIES INC,KEYSIGHT TECH,KEYSIGHT TECH SINGAPORE HOLDINGS PTE LTD,KEYSIGHT TECH SINGAPORE,8,2017,2019,T2_PREFIX,0
55033,KEYS,KEYSIGHT TECHNOLOGIES INC,KEYSIGHT TECH,KEYSIGHT TECH SINGAPORE SALES PTE LTD,KEYSIGHT TECH SINGAPORE SALES,6,2018,2024,T2_PREFIX,0
55033,KEYS,KEYSIGHT TECHNOLOGIES INC,KEYSIGHT TECH,KEYSIGHT TECH SINGAPORE (HOLDINGS) PTE LTD,KEYSIGHT TECH SINGAPORE,3,2015,2016,T2_PREFIX,0
56339,LASR,NLIGHT INC,NLIGHT,NLIGHT INC,NLIGHT,213,2015,2025,T1_EXACT,0
56339,LASR,NLIGHT INC,NLIGHT,NLIGHT PHOTONICS CORP,NLIGHT PHOTONICS,43,2010,2016,T2_PREFIX,0
30388,LEA,LEAR CORP,LEAR,LEAR CORP,LEAR,1293,2010,2025,T1_EXACT,1
30388,LEA,LEAR CORP,LEAR,LEAR CORP GMBH,LEAR,4,2010,2012,T1_EXACT,1
56540,LIN,LINDE PLC,LINDE,LINDE AG,LINDE,479,2010,2022,T1_EXACT,0
56540,LIN,LINDE PLC,LINDE,LINDE GMBH,LINDE,218,2018,2025,T1_EXACT,0
56540,LIN,LINDE PLC,LINDE,LINDE HYDRAULICS GMBH & CO KG,LINDE HYDRAULICS,28,2013,2016,T2_PREFIX,0
56540,LIN,LINDE PLC,LINDE,LINDE MATERIAL HANDLING GMBH,LINDE MATERIAL HANDLING,14,2010,2023,T2_PREFIX,0
56540,LIN,LINDE PLC,LINDE,LINDE JOAKIM,LINDE JOAKIM,7,2011,2012,T2_PREFIX,0
56540,LIN,LINDE PLC,LINDE,LINDE WIEMANN SE & CO KG,LINDE WIEMANN,7,2017,2023,T2_PREFIX,0
56540,LIN,LINDE PLC,LINDE,LINDE ENG NORTH AMERICA INC,LINDE ENG NORTH AMER,5,2017,2019,T2_PREFIX,0
56540,LIN,LINDE PLC,LINDE,LINDE KCA DRESDEN GMBH,LINDE KCA DRESDEN,4,2010,2010,T2_PREFIX,0
21110,LMT,LOCKHEED MARTIN CORP,LOCKHEED MARTIN,LOCKHEED MARTIN ADVANCED ENERGY STORAGE LLC,LOCKHEED MARTIN ADVANCED ENERGY STORAGE,49,2014,2019,T2_PREFIX,0
21110,LMT,LOCKHEED MARTIN CORP,LOCKHEED MARTIN,LOCKHEED MARTIN ENERGY LLC,LOCKHEED MARTIN ENERGY,33,2017,2025,T2_PREFIX,0
21110,LMT,LOCKHEED MARTIN CORP,LOCKHEED MARTIN,LOCKHEED MARTIN AERONAUTICS COMPANY,LOCKHEED MARTIN AERONAUTICS,3,2018,2018,T2_PREFIX,0
55609,LN,LINE CORP,LINE,LINE CORP,LINE,246,2012,2023,T1_EXACT,1
53751,LNKD,LINKEDIN CORP,LINKEDIN,LINKEDIN CORP,LINKEDIN,802,2011,2018,T1_EXACT,0
10359,LSCC,LATTICE SEMICONDUCTOR CORP,LATTICE SEMICONDUCTOR,LATTICE SEMICONDUCTOR CORP,LATTICE SEMICONDUCTOR,169,2013,2025,T1_EXACT,0
50864,LUNA,LUNA INNOVATIONS INC,LUNA INNOVATIONS,LUNA INNOVATIONS INC,LUNA INNOVATIONS,44,2010,2023,T1_EXACT,0
37167,LXRX,LEXICON PHARMACEUTICALS INC,LEXICON PHARMACEUTICALS,LEXICON PHARMACEUTICALS INC,LEXICON PHARMACEUTICALS,47,2010,2025,T1_EXACT,0
56673,LYFT,LYFT INC,LYFT,LYFT INC,LYFT,658,2013,2025,T1_EXACT,1
50700,MA,MASTERCARD INC,MASTERCARD,MASTERCARD INTERNATIONAL INC,MASTERCARD INT,3982,2010,2025,T2_PREFIX,0
50700,MA,MASTERCARD INC,MASTERCARD,MASTERCARD ASIA PACIFIC PTE LTD,MASTERCARD ASIA PACIFIC,180,2014,2025,T2_PREFIX,0
50700,MA,MASTERCARD INC,MASTERCARD,MASTERCARD TECH CANADA ULC,MASTERCARD TECH CANADA ULC,82,2017,2025,T2_PREFIX,0
50700,MA,MASTERCARD INC,MASTERCARD,MASTERCARD MOBILE TRANSACTIONS SOLUTIONS INC,MASTERCARD MOBILE TRANSACTIONS SOLUTIONS,22,2015,2019,T2_PREFIX,0
50700,MA,MASTERCARD INC,MASTERCARD,MASTERCARD INTERNAT CORP,MASTERCARD INTERNAT,4,2013,2013,T2_PREFIX,0
50700,MA,MASTERCARD INC,MASTERCARD,MASTERCARD INT INCORPORATED,MASTERCARD INT,4,2024,2024,T2_PREFIX,0
50700,MA,MASTERCARD INC,MASTERCARD,MASTERCARD INTERNAT INCORPORATE,MASTERCARD INTERNAT INCORPORATE,3,2012,2013,T2_PREFIX,0
50700,MA,MASTERCARD INC,MASTERCARD,MASTERCARD INT INCOPORATED,MASTERCARD INT INCOPORATED,3,2017,2017,T2_PREFIX,0
50700,MA,MASTERCARD INC,MASTERCARD,MASTERCARD INT INCORPORATION,MASTERCARD INT INCORPORATION,3,2022,2024,T2_PREFIX,0
55315,MCRB,SERES THERAPEUTICS INC,SERES THERAPEUTICS,SERES THERAPEUTICS INC,SERES THERAPEUTICS,48,2014,2025,T1_EXACT,0
41680,MDLZ,MONDELEZ INTERNATIONAL INC,KRAFT FOODS,KRAFT FOODS GROUP BRANDS LLC,KRAFT FOODS GROUP BRANDS,149,2011,2025,T2_PREFIX,0
41680,MDLZ,MONDELEZ INTERNATIONAL INC,KRAFT FOODS,KRAFT FOODS GLOBAL BRANDS LLC,KRAFT FOODS GLOBAL BRANDS,94,2010,2013,T2_PREFIX,0
41680,MDLZ,MONDELEZ INTERNATIONAL INC,KRAFT FOODS,KRAFT FOODS R & D INC,KRAFT FOODS R D,73,2010,2019,T2_PREFIX,0
41680,MDLZ,MONDELEZ INTERNATIONAL INC,KRAFT FOODS,KRAFT FOODS R&D INC,KRAFT FOODS R D,32,2014,2018,T2_PREFIX,0
41680,MDLZ,MONDELEZ INTERNATIONAL INC,KRAFT FOODS,KRAFT FOODS SCHWEIZ HOLDING GMBH,KRAFT FOODS SCHWEIZ,6,2020,2023,T2_PREFIX,0
2850,MDT,MEDTRONIC PLC,MEDTRONIC,MEDTRONIC INC,MEDTRONIC,4943,2010,2025,T1_EXACT,0
2850,MDT,MEDTRONIC PLC,MEDTRONIC,MEDTRONIC MINIMED INC,MEDTRONIC MINIMED,1257,2010,2025,T2_PREFIX,0
2850,MDT,MEDTRONIC PLC,MEDTRONIC,MEDTRONIC VASCULAR INC,MEDTRONIC VASCULAR,825,2010,2025,T2_PREFIX,0
2850,MDT,MEDTRONIC PLC,MEDTRONIC,MEDTRONIC NAVIGATION INC,MEDTRONIC NAVIGATION,382,2010,2025,T2_PREFIX,0
2850,MDT,MEDTRONIC PLC,MEDTRONIC,MEDTRONIC XOMED INC,MEDTRONIC XOMED,328,2010,2025,T2_PREFIX,0
2850,MDT,MEDTRONIC PLC,MEDTRONIC,MEDTRONIC ARDIAN LUXEMBOURG,MEDTRONIC ARDIAN LUXEMBOURG,287,2011,2023,T2_PREFIX,0
2850,MDT,MEDTRONIC PLC,MEDTRONIC,MEDTRONIC CRYOCATH LP,MEDTRONIC CRYOCATH,185,2010,2025,T2_PREFIX,0
2850,MDT,MEDTRONIC PLC,MEDTRONIC,MEDTRONIC ADVANCED ENERGY LLC,MEDTRONIC ADVANCED ENERGY,91,2011,2025,T2_PREFIX,0
2850,MDT,MEDTRONIC PLC,MEDTRONIC,MEDTRONIC ABLATION FRONTIERS,MEDTRONIC ABLATION FRONTIERS,91,2010,2025,T2_PREFIX,0
2850,MDT,MEDTRONIC PLC,MEDTRONIC,MEDTRONIC IRELAND MFG UNLIMITED COMPANY,MEDTRONIC IRELAND MFG UNLIMITED,81,2022,2025,T2_PREFIX,0
2850,MDT,MEDTRONIC PLC,MEDTRONIC,MEDTRONIC VASCULAR GALWAY LTD,MEDTRONIC VASCULAR GALWAY,73,2011,2024,T2_PREFIX,0
2850,MDT,MEDTRONIC PLC,MEDTRONIC,MEDTRONIC PS MEDICAL INC,MEDTRONIC PS MEDICAL,64,2011,2025,T2_PREFIX,0
2850,MDT,MEDTRONIC PLC,MEDTRONIC,MEDTRONIC HOLDING CO SARL,MEDTRONIC,46,2017,2025,T1_EXACT,0
2850,MDT,MEDTRONIC PLC,MEDTRONIC,MEDTRONIC CV LUXEMBOURG S A R L,MEDTRONIC CV LUXEMBOURG S A R L,41,2011,2025,T2_PREFIX,0
2850,MDT,MEDTRONIC PLC,MEDTRONIC,MEDTRONIC MONITORING INC,MEDTRONIC MONITORING,35,2014,2024,T2_PREFIX,0
2850,MDT,MEDTRONIC PLC,MEDTRONIC,MEDTRONIC XOMED LLC,MEDTRONIC XOMED,26,2020,2025,T2_PREFIX,0
2850,MDT,MEDTRONIC PLC,MEDTRONIC,MEDTRONIC ARDIAN LUXEMBOURG S A R I,MEDTRONIC ARDIAN LUXEMBOURG S A R I,21,2011,2021,T2_PREFIX,0
2850,MDT,MEDTRONIC PLC,MEDTRONIC,MEDTRONIC COREVALVE LLC,MEDTRONIC COREVALVE,19,2011,2017,T2_PREFIX,0
2850,MDT,MEDTRONIC PLC,MEDTRONIC,MEDTRONIC VENTOR TECH LTD,MEDTRONIC VENTOR TECH,19,2016,2025,T2_PREFIX,0
2850,MDT,MEDTRONIC PLC,MEDTRONIC,Medtronic Ventor Technologies Ltd,MEDTRONIC VENTOR TECH,18,2010,2014,T2_PREFIX,0
2850,MDT,MEDTRONIC PLC,MEDTRONIC,MEDTRONIC BAKKEN RES CT B V,MEDTRONIC BAKKEN RES CT B V,13,2015,2016,T2_PREFIX,0
2850,MDT,MEDTRONIC PLC,MEDTRONIC,MEDTRONIC BAKKEN RES CENTER B V,MEDTRONIC BAKKEN RES CENTER B V,12,2017,2025,T2_PREFIX,0
2850,MDT,MEDTRONIC PLC,MEDTRONIC,MEDTRONIC SG LLC,MEDTRONIC SG,8,2020,2024,T2_PREFIX,0
2850,MDT,MEDTRONIC PLC,MEDTRONIC,MEDTRONIC 3F THERAPEUTICS INC,MEDTRONIC 3F THERAPEUTICS,7,2013,2019,T2_PREFIX,0
2850,MDT,MEDTRONIC PLC,MEDTRONIC,MEDTRONIC URINARY SOLUTIONS INC,MEDTRONIC URINARY SOLUTIONS,7,2010,2017,T2_PREFIX,0
2850,MDT,MEDTRONIC PLC,MEDTRONIC,MEDTRONIC ARDIAN LUXEMBOURG SARL,MEDTRONIC ARDIAN LUXEMBOURG,6,2013,2013,T2_PREFIX,0
2850,MDT,MEDTRONIC PLC,MEDTRONIC,MEDTRONIC ATS MEDICAL INC,MEDTRONIC ATS MEDICAL,6,2011,2021,T2_PREFIX,0
2850,MDT,MEDTRONIC PLC,MEDTRONIC,MEDTRONIC PHYSIO CONTROL MFG,MEDTRONIC PHYSIO CONTROL MFG,4,2010,2011,T2_PREFIX,0
2850,MDT,MEDTRONIC PLC,MEDTRONIC,MEDTRONIC VASCULAR GALWAY UNLIMITED COMPANY,MEDTRONIC VASCULAR GALWAY UNLIMITED,3,2022,2023,T2_PREFIX,0
2850,MDT,MEDTRONIC PLC,MEDTRONIC,MEDTRONIC ADRIAN LUXEMBOURG S A R L,MEDTRONIC ADRIAN LUXEMBOURG S A R L,3,2011,2019,T2_PREFIX,0
2850,MDT,MEDTRONIC PLC,MEDTRONIC,MEDTRONIC-XOMED INC,MEDTRONIC XOMED,3,2015,2017,T2_PREFIX,0
51810,MLNX,MELLANOX TECHNOLOGIES LTD,MELLANOX TECH,MELLANOX TECHNOLOGIES LTD,MELLANOX TECH,1191,2010,2025,T1_EXACT,0
51810,MLNX,MELLANOX TECHNOLOGIES LTD,MELLANOX TECH,MELLANOX TECH TLV LTD,MELLANOX TECH TLV,137,2015,2021,T2_PREFIX,0
51810,MLNX,MELLANOX TECHNOLOGIES LTD,MELLANOX TECH,MELLANOX TECH SILICON PHOTONICS INC,MELLANOX TECH SILICON PHOTONICS,10,2016,2017,T2_PREFIX,0
51810,MLNX,MELLANOX TECHNOLOGIES LTD,MELLANOX TECH,MELLANOX TECH DENMARK APS,MELLANOX TECH DENMARK,8,2016,2020,T2_PREFIX,0
51810,MLNX,MELLANOX TECHNOLOGIES LTD,MELLANOX TECH,MELLANOX TECH LTD,MELLANOX TECH,4,2024,2025,T1_EXACT,0
51810,MLNX,MELLANOX TECHNOLOGIES LTD,MELLANOX TECH,MELLANOX TECHNOLOGIES DENMARK APS,MELLANOX TECH DENMARK,3,2012,2015,T2_PREFIX,0
54459,MNK,MALLINCKRODT PLC,MALLINCKRODT,MALLINCKRODT LLC,MALLINCKRODT,137,2010,2020,T1_EXACT,0
54459,MNK,MALLINCKRODT PLC,MALLINCKRODT,MALLINCKRODT HOSPITAL PRODUCTS IP LTD,MALLINCKRODT HOSPITAL PRODUCTS IP,72,2016,2024,T2_PREFIX,0
54459,MNK,MALLINCKRODT PLC,MALLINCKRODT,MALLINCKRODT INC,MALLINCKRODT,54,2010,2012,T1_EXACT,0
54459,MNK,MALLINCKRODT PLC,MALLINCKRODT,MALLINCKRODT PHARMACEUTICALS IRELAND LTD,MALLINCKRODT PHARMACEUTICALS IRELAND,52,2020,2025,T2_PREFIX,0
54459,MNK,MALLINCKRODT PLC,MALLINCKRODT,MALLINCKRODT NUCLEAR MEDICINE LLC,MALLINCKRODT NUCLEAR MEDICINE,20,2016,2018,T2_PREFIX,0
54459,MNK,MALLINCKRODT PLC,MALLINCKRODT,Mallinckrodt Hospital Products IP Unlimited Company,MALLINCKRODT HOSPITAL PRODUCTS IP UNLIMITED,11,2019,2025,T2_PREFIX,0
54459,MNK,MALLINCKRODT PLC,MALLINCKRODT,MALLINCKRODT PHARMA IP TRADING D A C,MALLINCKRODT PHARMA IP TRADING D A C,10,2016,2019,T2_PREFIX,0
54459,MNK,MALLINCKRODT PLC,MALLINCKRODT,MALLINCKRODT ARD IP LTD,MALLINCKRODT ARD IP,3,2018,2019,T2_PREFIX,0
54459,MNK,MALLINCKRODT PLC,MALLINCKRODT,MALLINCKRODT IP,MALLINCKRODT IP,3,2016,2018,T2_PREFIX,0
21219,MOGB,MOOG INC,MOOG,MOOG INC,MOOG,140,2010,2025,T1_EXACT,1
21219,MOGB,MOOG INC,MOOG,MOOG GMBH,MOOG,26,2011,2021,T1_EXACT,1
21219,MOGB,MOOG INC,MOOG,MOOG BV,MOOG,14,2013,2019,T1_EXACT,1
3047,MSCC,MICROSEMI CORP,MICROSEMI,MICROSEMI CORP,MICROSEMI,101,2010,2020,T1_EXACT,0
3047,MSCC,MICROSEMI CORP,MICROSEMI,MICROSEMI SOC CORP,MICROSEMI SOC,88,2013,2025,T2_PREFIX,0
3047,MSCC,MICROSEMI CORP,MICROSEMI,MICROSEMI SEMICONDUCTOR ULC,MICROSEMI SEMICONDUCTOR ULC,32,2013,2022,T2_PREFIX,0
3047,MSCC,MICROSEMI CORP,MICROSEMI,MICROSEMI CORP ANALOG MIXED SI,MICROSEMI CORP ANALOG MIXED SI,24,2010,2015,T2_PREFIX,0
3047,MSCC,MICROSEMI CORP,MICROSEMI,MICROSEMI STORAGE SOLUTIONS INC,MICROSEMI STORAGE SOLUTIONS,15,2016,2023,T2_PREFIX,0
3047,MSCC,MICROSEMI CORP,MICROSEMI,MICROSEMI STORAGE SOLUTIONS (U S ) INC,MICROSEMI STORAGE SOLUTIONS U S,11,2016,2017,T2_PREFIX,0
3047,MSCC,MICROSEMI CORP,MICROSEMI,MICROSEMI P O E LTD,MICROSEMI P O E,8,2016,2019,T2_PREFIX,0
3047,MSCC,MICROSEMI CORP,MICROSEMI,MICROSEMI FREQUENCY AND TIME CORP,MICROSEMI FREQUENCY AND TIME,7,2014,2017,T2_PREFIX,0
3047,MSCC,MICROSEMI CORP,MICROSEMI,MICROSEMI SEMICONDUCTOR LTD,MICROSEMI SEMICONDUCTOR,6,2012,2019,T2_PREFIX,0
3047,MSCC,MICROSEMI CORP,MICROSEMI,MICROSEMI SEMICONDUCTOR U S INC,MICROSEMI SEMICONDUCTOR U S,5,2012,2018,T2_PREFIX,0
3047,MSCC,MICROSEMI CORP,MICROSEMI,MICROSEMI SEMICONDUCTOR (U S ) INC,MICROSEMI SEMICONDUCTOR U S,4,2016,2017,T2_PREFIX,0
3047,MSCC,MICROSEMI CORP,MICROSEMI,MICROSEMI SEMICONDUCTOR CORP,MICROSEMI SEMICONDUCTOR,4,2011,2012,T2_PREFIX,0
3047,MSCC,MICROSEMI CORP,MICROSEMI,MICROSEMI COMMUNICATIONS INC,MICROSEMI COMMUNICATIONS,3,2015,2017,T2_PREFIX,0
3047,MSCC,MICROSEMI CORP,MICROSEMI,MICROSEMI STORAGE SOLUTIONS (US) INC,MICROSEMI STORAGE SOLUTIONS US,3,2016,2017,T2_PREFIX,0
3047,MSCC,MICROSEMI CORP,MICROSEMI,MICROSEMI SOLUTIONS (U S ) INC,MICROSEMI SOLUTIONS U S,3,2017,2017,T2_PREFIX,0
8048,MSFT,MICROSOFT CORP,MICROSOFT,MICROSOFT TECHNOLOGY LICENSING LLC,MICROSOFT TECH LICENSING,23520,2013,2025,T2_PREFIX,0
8048,MSFT,MICROSOFT CORP,MICROSOFT,MICROSOFT CORP,MICROSOFT,12905,2010,2024,T1_EXACT,0
8048,MSFT,MICROSOFT CORP,MICROSOFT,MICROSOFT TECH LICENSING LLC,MICROSOFT TECH LICENSING,35,2024,2025,T2_PREFIX,0
8048,MSFT,MICROSOFT CORP,MICROSOFT,MICROSOFT TECHNOLOGY LICENSING,MICROSOFT TECH LICENSING,14,2014,2015,T2_PREFIX,0
8048,MSFT,MICROSOFT CORP,MICROSOFT,MICROSOFT TECH LICENSING,MICROSOFT TECH LICENSING,8,2014,2019,T2_PREFIX,0
8048,MSFT,MICROSOFT CORP,MICROSOFT,MICROSOFT TECH LICESNING LLC,MICROSOFT TECH LICESNING,5,2016,2021,T2_PREFIX,0
8048,MSFT,MICROSOFT CORP,MICROSOFT,MICROSOFT INT HOLDINGS BV,MICROSOFT INT,5,2011,2015,T2_PREFIX,0
8048,MSFT,MICROSOFT CORP,MICROSOFT,MICROSOFT CORPORTION,MICROSOFT CORPORTION,5,2010,2014,T2_PREFIX,0
8048,MSFT,MICROSOFT CORP,MICROSOFT,MICROSOFT COPORATION,MICROSOFT COPORATION,5,2011,2014,T2_PREFIX,0
8048,MSFT,MICROSOFT CORP,MICROSOFT,MICROSOFT MICROSOFT TECHNOLOGY LICENSING LLC,MICROSOFT MICROSOFT TECH LICENSING,4,2015,2015,T2_PREFIX,0
8048,MSFT,MICROSOFT CORP,MICROSOFT,MICROSOFT TECHNOLGY LICENSING LLC,MICROSOFT TECHNOLGY LICENSING,4,2015,2025,T2_PREFIX,0
8048,MSFT,MICROSOFT CORP,MICROSOFT,MICROSOFT TECH LICENSING INC,MICROSOFT TECH LICENSING,3,2014,2021,T2_PREFIX,0
8048,MSFT,MICROSOFT CORP,MICROSOFT,MICROSOFT TECH LICENSING LLP,MICROSOFT TECH LICENSING,3,2015,2016,T2_PREFIX,0
8048,MSFT,MICROSOFT CORP,MICROSOFT,MICROSOFT LICENSING TECH LLC,MICROSOFT LICENSING TECH,3,2015,2022,T2_PREFIX,0
8048,MSFT,MICROSOFT CORP,MICROSOFT,MICROSOFT CORPRATION,MICROSOFT CORPRATION,3,2012,2013,T2_PREFIX,0
21230,MSI,MOTOROLA SOLUTIONS INC,MOTOROLA SOLUTIONS,MOTOROLA SOLUTIONS INC,MOTOROLA SOLUTIONS,1808,2010,2024,T1_EXACT,0
14031,MYGN,MYRIAD GENETICS INC,MYRIAD GENETICS,MYRIAD GENETICS INC,MYRIAD GENETICS,98,2010,2025,T1_EXACT,0
46282,NDAQ,NASDAQ INC,NASDAQ,NASDAQ INC,NASDAQ,229,2015,2025,T1_EXACT,0
46282,NDAQ,NASDAQ INC,NASDAQ,NASDAQ TECH AB,NASDAQ TECH,108,2016,2025,T2_PREFIX,0
46282,NDAQ,NASDAQ INC,NASDAQ,NASDAQ OMX GROUP INC,NASDAQ OMX,24,2011,2015,T2_PREFIX,0
46282,NDAQ,NASDAQ INC,NASDAQ,NASDAQ OMX GROUP INC A DELAWARE CORP,NASDAQ OMX GROUP INC A DELAWARE,3,2010,2011,T2_PREFIX,0
46282,NDAQ,NASDAQ INC,NASDAQ,NASDAQ PRIVATE MARKET LLC,NASDAQ PRIVATE MARKET,3,2015,2024,T2_PREFIX,0
43145,NFLX,NETFLIX INC,NETFLIX,NETFLIX INC,NETFLIX,574,2011,2025,T1_EXACT,0
43145,NFLX,NETFLIX INC,NETFLIX,NETFLIX CORP,NETFLIX,3,2011,2020,T1_EXACT,0
3194,NKE,NIKE INC,NIKE,NIKE INC,NIKE,6230,2010,2025,T1_EXACT,1
3194,NKE,NIKE INC,NIKE,NIKE INCORPORATED,NIKE,5,2015,2016,T1_EXACT,1
21303,NOC,NORTHROP GRUMMAN CORP,NORTHROP GRUMMAN,NORTHROP GRUMMAN SYSTEMS CORP,NORTHROP GRUMMAN SYS,982,2010,2025,T2_PREFIX,0
21303,NOC,NORTHROP GRUMMAN CORP,NORTHROP GRUMMAN,NORTHROP GRUMMAN INNOVATION SYSTEMS INC,NORTHROP GRUMMAN INNOVATION SYS,46,2017,2020,T2_PREFIX,0
21303,NOC,NORTHROP GRUMMAN CORP,NORTHROP GRUMMAN,NORTHROP GRUMMAN LITEF GMBH,NORTHROP GRUMMAN LITEF,32,2012,2023,T2_PREFIX,0
21303,NOC,NORTHROP GRUMMAN CORP,NORTHROP GRUMMAN,NORTHROP GRUMMAN CORP,NORTHROP GRUMMAN,8,2010,2022,T1_EXACT,0
21303,NOC,NORTHROP GRUMMAN CORP,NORTHROP GRUMMAN,NORTHROP GRUMMAN GUIDANCE & EL,NORTHROP GRUMMAN GUIDANCE EL,3,2010,2013,T2_PREFIX,0
30453,NOK,NOKIA CORP,NOKIA,NOKIA TECHNOLOGIES OY,NOKIA TECH,7161,2012,2025,T2_PREFIX,0
30453,NOK,NOKIA CORP,NOKIA,NOKIA CORP,NOKIA,3406,2010,2018,T1_EXACT,0
30453,NOK,NOKIA CORP,NOKIA,NOKIA SOLUTIONS & NETWORKS OY,NOKIA SOLUTIONS NETWORKS,2918,2011,2025,T2_PREFIX,0
30453,NOK,NOKIA CORP,NOKIA,NOKIA SIEMENS NETWORKS OY,NOKIA SIEMENS NETWORKS,576,2010,2014,T2_PREFIX,0
30453,NOK,NOKIA CORP,NOKIA,NOKIA SHANGHAI BELL CO LTD,NOKIA SHANGHAI BELL,70,2016,2024,T2_PREFIX,0
30453,NOK,NOKIA CORP,NOKIA,NOKIA AMERICA CORP,NOKIA AMER,25,2017,2022,T2_PREFIX,0
30453,NOK,NOKIA CORP,NOKIA,NOKIA SOLUTIONS & NETWORKS GMBH & CO KG,NOKIA SOLUTIONS NETWORKS,19,2013,2021,T2_PREFIX,0
30453,NOK,NOKIA CORP,NOKIA,NOKIA SIEMENS NETWORKS GMBH,NOKIA SIEMENS NETWORKS,18,2010,2016,T2_PREFIX,0
30453,NOK,NOKIA CORP,NOKIA,NOKIA SOLUTIONS AND NETWORKS,NOKIA SOLUTIONS AND NETWORKS,12,2012,2019,T2_PREFIX,0
30453,NOK,NOKIA CORP,NOKIA,NOKIA SOLUTION AND NETWORKS OY,NOKIA SOLUTION AND NETWORKS,11,2016,2022,T2_PREFIX,0
30453,NOK,NOKIA CORP,NOKIA,NOKIA SOLUTIONS AND NETWORKS MAN INT GMBH,NOKIA SOLUTIONS AND NETWORKS MAN INT,10,2013,2014,T2_PREFIX,0
30453,NOK,NOKIA CORP,NOKIA,Nokia Solutions and Network OY,NOKIA SOLUTIONS AND NETWORK,9,2012,2024,T2_PREFIX,0
30453,NOK,NOKIA CORP,NOKIA,NOKIA TECH OY,NOKIA TECH,9,2022,2025,T2_PREFIX,0
30453,NOK,NOKIA CORP,NOKIA,NOKIA INC,NOKIA,7,2011,2014,T1_EXACT,0
30453,NOK,NOKIA CORP,NOKIA,NOKIA TECH,NOKIA TECH,7,2014,2022,T2_PREFIX,0
30453,NOK,NOKIA CORP,NOKIA,NOKIA CORP OY,NOKIA,6,2012,2013,T1_EXACT,0
30453,NOK,NOKIA CORP,NOKIA,NOKIA TECHNOLOGY OY,NOKIA TECH,6,2012,2014,T2_PREFIX,0
30453,NOK,NOKIA CORP,NOKIA,NOKIA CORP A CORP,NOKIA CORP A,6,2011,2012,T2_PREFIX,0
30453,NOK,NOKIA CORP,NOKIA,NOKIA CORP AND NOKIA SIEMENS NETWORKS OY,NOKIA CORP AND NOKIA SIEMENS NETWORKS,4,2010,2012,T2_PREFIX,0
30453,NOK,NOKIA CORP,NOKIA,NOKIA SIEMENS NETWORK OY,NOKIA SIEMENS NETWORK,4,2010,2011,T2_PREFIX,0
30453,NOK,NOKIA CORP,NOKIA,NOKIA SIEMENS NETWORKS ETHERNET SOLUTIONS LTD,NOKIA SIEMENS NETWORKS ETHERNET SOLUTIONS,4,2010,2011,T2_PREFIX,0
30453,NOK,NOKIA CORP,NOKIA,Nokia Solutions and Networkds Oy,NOKIA SOLUTIONS AND NETWORKDS,4,2011,2016,T2_PREFIX,0
30453,NOK,NOKIA CORP,NOKIA,NOKIA SOLUTIONS AND NETWORKS OY,NOKIA SOLUTIONS AND NETWORKS,4,2024,2025,T2_PREFIX,0
30453,NOK,NOKIA CORP,NOKIA,NOKIA SOLUTIONS AND NETWORKS MAN INTERNATIONAL GMBH,NOKIA SOLUTIONS AND NETWORKS MAN INT,4,2014,2016,T2_PREFIX,0
30453,NOK,NOKIA CORP,NOKIA,NOKIA,NOKIA,3,2010,2013,T1_EXACT,0
30453,NOK,NOKIA CORP,NOKIA,NOKIA SOLUTIONS AND NETWORKS GMBH AND CO KG,NOKIA SOLUTIONS AND NETWORKS,3,2015,2019,T2_PREFIX,0
30453,NOK,NOKIA CORP,NOKIA,NOKIA SIEMENS NETWORKS US LLC,NOKIA SIEMENS NETWORKS US,3,2011,2012,T2_PREFIX,0
30453,NOK,NOKIA CORP,NOKIA,NOKIA SOLUTIONS AND NETWORKS MAN INTERNAT GMBH,NOKIA SOLUTIONS AND NETWORKS MAN INTERNAT,3,2013,2013,T2_PREFIX,0
30453,NOK,NOKIA CORP,NOKIA,NOKIA SIEMENS NETWORKS,NOKIA SIEMENS NETWORKS,3,2010,2011,T2_PREFIX,0
30453,NOK,NOKIA CORP,NOKIA,NOKIA SOLUTIONS AND NETWORKS SYSTEM TECH BEIJING CO LTD,NOKIA SOLUTIONS AND NETWORKS SYSTEM TECH BEIJING,3,2016,2021,T2_PREFIX,0
30453,NOK,NOKIA CORP,NOKIA,NOKIA COPORATION,NOKIA COPORATION,3,2010,2014,T2_PREFIX,0
30453,NOK,NOKIA CORP,NOKIA,NOKIA TECHOLOGIES OY,NOKIA TECHOLOGIES,3,2012,2021,T2_PREFIX,0
30453,NOK,NOKIA CORP,NOKIA,NOKIA USA INC,NOKIA USA,3,2018,2018,T2_PREFIX,0
54109,NOW,SERVICENOW INC,SERVICENOW,SERVICENOW INC,SERVICENOW,1272,2014,2025,T1_EXACT,0
54109,NOW,SERVICENOW INC,SERVICENOW,SERVICENOW CANADA INC,SERVICENOW CANADA,20,2020,2025,T2_PREFIX,0
14152,NTAP,NETAPP INC,NETAPP,NETAPP INC,NETAPP,2248,2010,2025,T1_EXACT,0
14152,NTAP,NETAPP INC,NETAPP,NETAPP,NETAPP,3,2010,2025,T1_EXACT,0
37733,NTES,NETEASE INC,NETEASE,NETEASE HANGZHOU NETWORK CO LTD,NETEASE HANGZHOU NETWORK,265,2015,2023,T2_PREFIX,0
37733,NTES,NETEASE INC,NETEASE,NETEASE INFORMATION TECH CORPORATION,NETEASE INFORMATION TECH,5,2023,2025,T2_PREFIX,0
55697,NTNX,NUTANIX INC,NUTANIX,NUTANIX INC,NUTANIX,696,2012,2025,T1_EXACT,0
14205,NUAN,NUANCE COMMUNICATIONS INC,NUANCE COMMUNICATIONS,NUANCE COMMUNICATIONS INC,NUANCE COMMUNICATIONS,1015,2010,2023,T1_EXACT,0
45197,NUVA,NUVASIVE INC,NUVASIVE,NUVASIVE INC,NUVASIVE,576,2010,2025,T1_EXACT,0
45197,NUVA,NUVASIVE INC,NUVASIVE,NUVASIVE SPECIALIZED ORTHOPEDICS INC,NUVASIVE SPECIALIZED ORTHOPEDICS,132,2016,2025,T2_PREFIX,0
45197,NUVA,NUVASIVE INC,NUVASIVE,NUVASIVE,NUVASIVE,7,2019,2020,T1_EXACT,0
16382,NVDA,NVIDIA CORP,NVIDIA,NVIDIA CORP,NVIDIA,5770,2010,2025,T1_EXACT,0
16382,NVDA,NVIDIA CORP,NVIDIA,NVIDIA TECHNOLOGY UK LTD,NVIDIA TECH UK,13,2010,2015,T2_PREFIX,0
16382,NVDA,NVIDIA CORP,NVIDIA,NVIDIA,NVIDIA,5,2012,2022,T1_EXACT,0
16382,NVDA,NVIDIA CORP,NVIDIA,NVIDIA CORPORTION,NVIDIA CORPORTION,3,2015,2015,T2_PREFIX,0
55095,NVRO,NEVRO CORP,NEVRO,NEVRO CORP,NEVRO,219,2010,2025,T1_EXACT,0
55184,NVTA,INVITAE CORP,INVITAE,INVITAE CORP,INVITAE,26,2013,2023,T1_EXACT,0
37145,OCLR,OCLARO INC,OCLARO,OCLARO JAPAN INC,OCLARO JAPAN,101,2012,2019,T2_PREFIX,0
37145,OCLR,OCLARO INC,OCLARO,OCLARO TECHNOLOGY LTD,OCLARO TECH,25,2010,2014,T2_PREFIX,0
37145,OCLR,OCLARO INC,OCLARO,OCLARO TECH LTD,OCLARO TECH,16,2015,2018,T2_PREFIX,0
37145,OCLR,OCLARO INC,OCLARO,OCLARO INC,OCLARO,6,2013,2013,T1_EXACT,0
37176,ON,ON SEMICONDUCTOR CORP,ON SEMICONDUCTOR,ON SEMICONDUCTOR TRADING LTD,ON SEMICONDUCTOR TRADING,81,2010,2012,T2_PREFIX,0
37176,ON,ON SEMICONDUCTOR CORP,ON SEMICONDUCTOR,ON SEMICONDUCTOR TRADING LTD A BERMUDA LTD LIABILITY COMPANY,ON SEMICONDUCTOR TRADING LTD A BERMUDA LTD LIABILITY,4,2011,2011,T2_PREFIX,0
55173,ONCE,SPARK THERAPEUTICS INC,SPARK THERAPEUTICS,SPARK THERAPEUTICS INC,SPARK THERAPEUTICS,43,2016,2025,T1_EXACT,0
32109,ORAN,ORANGE,ORANGE,ORANGE,ORANGE,1558,2012,2025,T1_EXACT,1
32109,ORAN,ORANGE,FRANCE TELECOM,FRANCE TELECOM,FRANCE TELECOM,261,2010,2014,T1_EXACT,0
32109,ORAN,ORANGE,ORANGE,ORANGE SA,ORANGE,20,2010,2022,T1_EXACT,1
8045,ORCL,ORACLE CORP,ORACLE,ORACLE INT CORP,ORACLE INT,9601,2010,2025,T2_PREFIX,0
8045,ORCL,ORACLE CORP,ORACLE,ORACLE AMERICA INC,ORACLE AMER,93,2010,2024,T2_PREFIX,0
8045,ORCL,ORACLE CORP,ORACLE,ORACLE FINANCIAL SERVICES SOFTWARE LTD,ORACLE FINANCIAL SERVICES SOFTWARE,63,2012,2025,T2_PREFIX,0
8045,ORCL,ORACLE CORP,ORACLE,ORACLE INT CORPORATION,ORACLE INT,14,2024,2025,T2_PREFIX,0
8045,ORCL,ORACLE CORP,ORACLE,ORACLE DOWNHOLE SERVICES LTD,ORACLE DOWNHOLE SERVICES,8,2019,2023,T2_PREFIX,0
8045,ORCL,ORACLE CORP,ORACLE,ORACLE OTC SUBSIDIARY LLC,ORACLE OTC SUBSIDIARY,7,2013,2014,T2_PREFIX,0
8045,ORCL,ORACLE CORP,ORACLE,ORACLE ARMS LLC,ORACLE ARMS,6,2023,2023,T2_PREFIX,0
8045,ORCL,ORACLE CORP,ORACLE,ORACLE AMERICA INC FORMERLY KNOWN AS SUN MICROSYSTEMS INC,ORACLE AMER INC FORMERLY KNOWN AS SUN MICROSYSTEMS,6,2011,2013,T2_PREFIX,0
8045,ORCL,ORACLE CORP,ORACLE,ORACLE INT COPORATION,ORACLE INT COPORATION,4,2016,2025,T2_PREFIX,0
8045,ORCL,ORACLE CORP,ORACLE,ORACLE HEALTH INC,ORACLE HEALTH,4,2020,2025,T2_PREFIX,0
8045,ORCL,ORACLE CORP,ORACLE,ORACLE CORP,ORACLE,3,2011,2017,T1_EXACT,0
8045,ORCL,ORACLE CORP,ORACLE,ORACLE SYSTEMS CORP,ORACLE SYS,3,2020,2022,T2_PREFIX,0
8045,ORCL,ORACLE CORP,ORACLE,ORACLE INT CORPOATION,ORACLE INT CORPOATION,3,2018,2023,T2_PREFIX,0
8045,ORCL,ORACLE CORP,ORACLE,ORACLE INTERNAT CORPORATON,ORACLE INTERNAT CORPORATON,3,2010,2014,T2_PREFIX,0
14305,OTEX,OPEN TEXT CORP,OPEN TEXT,OPEN TEXT SA ULC,OPEN TEXT SA ULC,455,2016,2025,T2_PREFIX,0
14305,OTEX,OPEN TEXT CORP,OPEN TEXT,OPEN TEXT CORP,OPEN TEXT,353,2010,2025,T1_EXACT,0
14305,OTEX,OPEN TEXT CORP,OPEN TEXT,OPEN TEXT HOLDINGS INC,OPEN TEXT,240,2017,2025,T1_EXACT,0
14305,OTEX,OPEN TEXT CORP,OPEN TEXT,Open Text SA,OPEN TEXT,164,2011,2016,T1_EXACT,0
14305,OTEX,OPEN TEXT CORP,OPEN TEXT,OPEN TEXT INC,OPEN TEXT,65,2011,2025,T1_EXACT,0
14305,OTEX,OPEN TEXT CORP,OPEN TEXT,Open Text GXS ULC,OPEN TEXT GXS ULC,33,2016,2024,T2_PREFIX,0
14305,OTEX,OPEN TEXT CORP,OPEN TEXT,OPEN TEXT SOFTWARE GMBH,OPEN TEXT SOFTWARE,3,2014,2023,T2_PREFIX,0
37949,OVTI,OMNIVISION TECHNOLOGIES INC,OMNIVISION TECH,OMNIVISION TECH INC,OMNIVISION TECH,1063,2010,2025,T1_EXACT,0
37949,OVTI,OMNIVISION TECHNOLOGIES INC,OMNIVISION TECH,OMNIVISION TECH SHANGHAI CO,OMNIVISION TECH SHANGHAI,8,2012,2014,T2_PREFIX,0
37949,OVTI,OMNIVISION TECHNOLOGIES INC,OMNIVISION TECH,OMNIVISION TECH SHANGHAI CO LTD,OMNIVISION TECH SHANGHAI,3,2020,2022,T2_PREFIX,0
54139,PANW,PALO ALTO NETWORKS INC,PALO ALTO NETWORKS,PALO ALTO NETWORKS INC,PALO ALTO NETWORKS,857,2011,2025,T1_EXACT,0
54139,PANW,PALO ALTO NETWORKS INC,PALO ALTO NETWORKS,PALO ALTO NETWORKS ISRAEL ANALYTICS LTD,PALO ALTO NETWORKS ISRAEL ANALYTICS,45,2018,2024,T2_PREFIX,0
54139,PANW,PALO ALTO NETWORKS INC,PALO ALTO NETWORKS,Palo Alto Networks,PALO ALTO NETWORKS,4,2019,2019,T1_EXACT,0
21167,PC,PANASONIC CORP,PANASONIC,PANASONIC IP MAN CO LTD,PANASONIC IP MAN,15816,2012,2025,T2_PREFIX,0
21167,PC,PANASONIC CORP,PANASONIC,PANASONIC CORP,PANASONIC,10160,2010,2025,T1_EXACT,0
21167,PC,PANASONIC CORP,PANASONIC,PANASONIC IP CORP AMERICA,PANASONIC IP CORP AMER,4353,2012,2025,T2_PREFIX,0
21167,PC,PANASONIC CORP,PANASONIC,PANASONIC LIQUID CRYSTAL DISPL,PANASONIC LIQUID CRYSTAL DISPL,801,2010,2023,T2_PREFIX,0
21167,PC,PANASONIC CORP,PANASONIC,PANASONIC AUTOMOTIVE SYSTEMS CO LTD,PANASONIC AUTOMOTIVE SYS,457,2024,2025,T2_PREFIX,0
21167,PC,PANASONIC CORP,PANASONIC,PANASONIC HOLDINGS CORP,PANASONIC,393,2020,2025,T1_EXACT,0
21167,PC,PANASONIC CORP,PANASONIC,PANASONIC AUTOMOTIVE SYSTEMS CO AMERICA DIV PANASONIC CORP NORTH AMERICA,PANASONIC AUTOMOTIVE SYS CO AMER DIV PANASONIC CORP NORTH AMER,246,2017,2025,T2_PREFIX,0
21167,PC,PANASONIC CORP,PANASONIC,PANASONIC AVIONICS CORP,PANASONIC AVIONICS,245,2010,2025,T2_PREFIX,0
21167,PC,PANASONIC CORP,PANASONIC,PANASONIC ENERGY CO LTD,PANASONIC ENERGY,197,2021,2025,T2_PREFIX,0
21167,PC,PANASONIC CORP,PANASONIC,PANASONIC ELEC WORKS CO LTD,PANASONIC ELEC WORKS,159,2010,2011,T2_PREFIX,0
21167,PC,PANASONIC CORP,PANASONIC,PANASONIC HEALTHCARE HOLDINGS CO LTD,PANASONIC HEALTHCARE,150,2013,2018,T2_PREFIX,0
21167,PC,PANASONIC CORP,PANASONIC,PANASONIC I PRO SENSING SOLUTIONS CO LTD,PANASONIC I PRO SENSING SOLUTIONS,82,2019,2022,T2_PREFIX,0
21167,PC,PANASONIC CORP,PANASONIC,PANASONIC HEALTHCARE CO LTD,PANASONIC HEALTHCARE,73,2011,2017,T2_PREFIX,0
21167,PC,PANASONIC CORP,PANASONIC,PANASONIC AUTOMOTIVE SYS CO AM,PANASONIC AUTOMOTIVE SYS CO AM,70,2010,2015,T2_PREFIX,0
21167,PC,PANASONIC CORP,PANASONIC,PANASONIC AUTOMOTIVE SYSTEMS CO AMERICA DIVISION OF PANASONIC CORP NORTH AMERICA,PANASONIC AUTOMOTIVE SYS CO AMER DIVISION OF PANASONIC CORP NORTH AMER,55,2010,2017,T2_PREFIX,0
21167,PC,PANASONIC CORP,PANASONIC,PANASONIC ECO SYS GUANGDONG CO,PANASONIC ECO SYS GUANGDONG,52,2010,2021,T2_PREFIX,0
21167,PC,PANASONIC CORP,PANASONIC,PANASONIC SEMICONDUCTOR SOLUTIONS CO LTD,PANASONIC SEMICONDUCTOR SOLUTIONS,29,2018,2021,T2_PREFIX,0
21167,PC,PANASONIC CORP,PANASONIC,PANASONIC INTELLECTUAL PROPERTY MANAGMENT CO LTD,PANASONIC INTELLECTUAL PROPERTY MANAGMENT,22,2013,2021,T2_PREFIX,0
21167,PC,PANASONIC CORP,PANASONIC,PANASONIC CORP NORTH AMERICA,PANASONIC CORP NORTH AMER,21,2012,2015,T2_PREFIX,0
21167,PC,PANASONIC CORP,PANASONIC,PANASONIC ELECTRIC WORKS POWER,PANASONIC ELEC WORKS POWER,19,2010,2011,T2_PREFIX,0
21167,PC,PANASONIC CORP,PANASONIC,PANASONIC INTELLECTUAL PROPERTY MAN CO LTD,PANASONIC INTELLECTUAL PROPERTY MAN,17,2023,2025,T2_PREFIX,0
21167,PC,PANASONIC CORP,PANASONIC,PANASONIC WELL LLC,PANASONIC WELL,17,2024,2025,T2_PREFIX,0
21167,PC,PANASONIC CORP,PANASONIC,PANASONIC IND DEVICES SUNX CO,PANASONIC IND DEVICES SUNX,16,2011,2019,T2_PREFIX,0
21167,PC,PANASONIC CORP,PANASONIC,PANASONIC INTELLECTUAL PROPERTY MANGEMENT CO LTD,PANASONIC INTELLECTUAL PROPERTY MANGEMENT,15,2013,2025,T2_PREFIX,0
21167,PC,PANASONIC CORP,PANASONIC,PANASONIC INTELLECTUAL PROPERTY CORP OF AME,PANASONIC INTELLECTUAL PROPERTY CORP OF AME,12,2014,2019,T2_PREFIX,0
21167,PC,PANASONIC CORP,PANASONIC,PANASONIC APPLIANCES REFRIGERATION DEVICES SINGAPORE,PANASONIC APPLIANCES REFRIGERATION DEVICES SINGAPORE,11,2017,2021,T2_PREFIX,0
21167,PC,PANASONIC CORP,PANASONIC,PANASONIC SEMICONDUCTOR ASIA PTE LTD,PANASONIC SEMICONDUCTOR ASIA,11,2010,2011,T2_PREFIX,0
21167,PC,PANASONIC CORP,PANASONIC,PANASONIC LNTELLECTUAL PROPERTY MAN CO LTD,PANASONIC LNTELLECTUAL PROPERTY MAN,10,2019,2020,T2_PREFIX,0
21167,PC,PANASONIC CORP,PANASONIC,PANASONIC AUTOMOTIVE SYSTEMS CO AMERICA DIVISION O,PANASONIC AUTOMOTIVE SYS CO AMER DIVISION O,9,2014,2016,T2_PREFIX,0
21167,PC,PANASONIC CORP,PANASONIC,PANASONIC INTELLECTUAL PROPERTY CORP OF AME RICA,PANASONIC INTELLECTUAL PROPERTY CORP OF AME RICA,9,2013,2019,T2_PREFIX,0
21167,PC,PANASONIC CORP,PANASONIC,PANASONIC EV ENERGY CO LTD,PANASONIC EV ENERGY,8,2010,2011,T2_PREFIX,0
21167,PC,PANASONIC CORP,PANASONIC,PANASONIC INTELECTUAL PROPERTY MAN CO LTD,PANASONIC INTELECTUAL PROPERTY MAN,8,2014,2019,T2_PREFIX,0
21167,PC,PANASONIC CORP,PANASONIC,PANASONIC CORP OF NORTH AMERICA,PANASONIC CORP OF NORTH AMER,8,2018,2025,T2_PREFIX,0
21167,PC,PANASONIC CORP,PANASONIC,PANASONIC INTELLECTUAL PROPERLY MAN CO LTD,PANASONIC INTELLECTUAL PROPERLY MAN,7,2017,2022,T2_PREFIX,0
21167,PC,PANASONIC CORP,PANASONIC,Panasonic Coporation,PANASONIC COPORATION,6,2010,2013,T2_PREFIX,0
21167,PC,PANASONIC CORP,PANASONIC,PANASONIC INTELLECTUAL PROPERTY MAN,PANASONIC INTELLECTUAL PROPERTY MAN,6,2012,2015,T2_PREFIX,0
21167,PC,PANASONIC CORP,PANASONIC,PANASONIC CORPORATON,PANASONIC CORPORATON,6,2010,2013,T2_PREFIX,0
21167,PC,PANASONIC CORP,PANASONIC,PANASONIC FACTORY SOLUTIONS ASIA PACIFIC PTE LTD,PANASONIC FACTORY SOLUTIONS ASIA PACIFIC,5,2021,2023,T2_PREFIX,0
21167,PC,PANASONIC CORP,PANASONIC,PANASONIC CONNECT CO LTD,PANASONIC CONNECT,5,2023,2024,T2_PREFIX,0
21167,PC,PANASONIC CORP,PANASONIC,PANASONIC INTELLECTUAL PROPERTY CORP OF AMERICA,PANASONIC INTELLECTUAL PROPERTY CORP OF AMER,5,2023,2025,T2_PREFIX,0
21167,PC,PANASONIC CORP,PANASONIC,PANASONIC MOBILE COMM CO LTD,PANASONIC MOBILE COMM,5,2010,2014,T2_PREFIX,0
21167,PC,PANASONIC CORP,PANASONIC,PANASONIC PROJECTOR & DISPLAY CORP,PANASONIC PROJECTOR DISPLAY,5,2025,2025,T2_PREFIX,0
21167,PC,PANASONIC CORP,PANASONIC,PANASONIC I-PRO SENSING SOLUTIONS CO LTD,PANASONIC I PRO SENSING SOLUTIONS,5,2020,2020,T2_PREFIX,0
21167,PC,PANASONIC CORP,PANASONIC,PANASONIC AUTOMOTIVE SYSTEMS AMERICA LLC,PANASONIC AUTOMOTIVE SYS AMER,4,2025,2025,T2_PREFIX,0
21167,PC,PANASONIC CORP,PANASONIC,PANASONIC INTELLECUTAL PROPERTY MAN CO LTD,PANASONIC INTELLECUTAL PROPERTY MAN,4,2016,2019,T2_PREFIX,0
21167,PC,PANASONIC CORP,PANASONIC,PANASONIC INTELLECTUAL PROPERTY MAN GO LTD,PANASONIC INTELLECTUAL PROPERTY MAN GO,4,2019,2020,T2_PREFIX,0
21167,PC,PANASONIC CORP,PANASONIC,PANASONIC HEATHCARE CO LTD,PANASONIC HEATHCARE,4,2012,2014,T2_PREFIX,0
21167,PC,PANASONIC CORP,PANASONIC,PANASONIC AUTOMOTIVE SYSTEM COMPANY OF AMERICA DIV OF PANASONIC CORPORATION OF NORTH AMERICA,PANASONIC AUTOMOTIVE SYSTEM COMPANY OF AMER DIV OF PANASONIC CORPORATION OF NORTH AMER,3,2019,2021,T2_PREFIX,0
21167,PC,PANASONIC CORP,PANASONIC,PANASONIC WANBAO APPLIANCES COMPRESSOR GUANGZHOU CO LTD,PANASONIC WANBAO APPLIANCES COMPRESSOR GUANGZHOU,3,2019,2021,T2_PREFIX,0
21167,PC,PANASONIC CORP,PANASONIC,PANASONIC INTELLECTUAL PROPERTY MAN CO LID,PANASONIC INTELLECTUAL PROPERTY MAN CO LID,3,2020,2024,T2_PREFIX,0
21167,PC,PANASONIC CORP,PANASONIC,PANASONIC INTELLECTUAL MAN CO LTD,PANASONIC INTELLECTUAL MAN,3,2014,2016,T2_PREFIX,0
21167,PC,PANASONIC CORP,PANASONIC,PANASONIC INTELLECTURAL PROPERTY MAN CO LTD,PANASONIC INTELLECTURAL PROPERTY MAN,3,2013,2016,T2_PREFIX,0
21167,PC,PANASONIC CORP,PANASONIC,PANASONIC ELECTRIC WORKS SUNX,PANASONIC ELEC WORKS SUNX,3,2010,2010,T2_PREFIX,0
21167,PC,PANASONIC CORP,PANASONIC,PANASONIC INTELLECTUAL PROPERTY CORP OF AMERICAN,PANASONIC INTELLECTUAL PROPERTY CORP OF AMER,3,2020,2022,T2_PREFIX,0
21167,PC,PANASONIC CORP,PANASONIC,PANASONIC AUTOMATIC SYSTEMS COMPANY OF AMERICA DIV OF PANASONIC CORPORATION OF NORTH AMERICA,PANASONIC AUTOMATIC SYS COMPANY OF AMER DIV OF PANASONIC CORPORATION OF NORTH AMER,3,2017,2018,T2_PREFIX,0
21167,PC,PANASONIC CORP,PANASONIC,Panasonic Factory Solutions Asia Pacific,PANASONIC FACTORY SOLUTIONS ASIA PACIFIC,3,2015,2022,T2_PREFIX,0
21167,PC,PANASONIC CORP,PANASONIC,PANASONIC INTELLECTUAL PROPERY MAN CO LTD,PANASONIC INTELLECTUAL PROPERY MAN,3,2016,2019,T2_PREFIX,0
21167,PC,PANASONIC CORP,PANASONIC,PANASONIC IND DEVICES EUROPE GMBH,PANASONIC IND DEVICES EUROPE,3,2017,2018,T2_PREFIX,0
21167,PC,PANASONIC CORP,PANASONIC,PANASONIC INTELLECTUAL PROPERTY MAMAGEMENT CO LTD,PANASONIC INTELLECTUAL PROPERTY MAMAGEMENT,3,2014,2016,T2_PREFIX,0
21167,PC,PANASONIC CORP,PANASONIC,PANASONIC INTELLECTUAL PROPERTY MANAGEMANT CO LTD,PANASONIC INTELLECTUAL PROPERTY MANAGEMANT,3,2013,2021,T2_PREFIX,0
21167,PC,PANASONIC CORP,PANASONIC,PANASONIC INTELLECTUAL PROPETY MAN CO LTD,PANASONIC INTELLECTUAL PROPETY MAN,3,2013,2018,T2_PREFIX,0
21167,PC,PANASONIC CORP,PANASONIC,PANASONIC INTELLECTUAL PROPERTY MAN LTD,PANASONIC INTELLECTUAL PROPERTY MAN,3,2016,2020,T2_PREFIX,0
21167,PC,PANASONIC CORP,PANASONIC,PANASONIC PHOTO & LIGHTING CO,PANASONIC PHOTO LIGHTING,3,2018,2018,T2_PREFIX,0
21167,PC,PANASONIC CORP,PANASONIC,PANASONIC INTELLECUAL PROPERTY MAN CO LTD,PANASONIC INTELLECUAL PROPERTY MAN,3,2013,2018,T2_PREFIX,0
21394,PFE,PFIZER INC,PFIZER,PFIZER,PFIZER,1304,2010,2025,T1_EXACT,0
21394,PFE,PFIZER INC,PFIZER,PFIZER LTD,PFIZER,50,2010,2021,T1_EXACT,0
21394,PFE,PFIZER INC,PFIZER,PFIZER VACCINES LLC,PFIZER VACCINES,11,2010,2018,T2_PREFIX,0
21394,PFE,PFIZER INC,PFIZER,PFIZER IRELAND PHARMACEUTICALS,PFIZER IRELAND PHARMACEUTICALS,7,2013,2022,T2_PREFIX,0
21394,PFE,PFIZER INC,PFIZER,PFIZER ITALIA SRL,PFIZER ITALIA,5,2010,2017,T2_PREFIX,0
21446,PG,PROCTER & GAMBLE CO,PROCTER GAMBLE,PROCTER & GAMBLE,PROCTER GAMBLE,8205,2010,2025,T1_EXACT,0
21446,PG,PROCTER & GAMBLE CO,PROCTER GAMBLE,THE PROCTER & GAMBLE COMPANY,PROCTER GAMBLE,6,2025,2025,T1_EXACT,0
21446,PG,PROCTER & GAMBLE CO,PROCTER GAMBLE,PROCTER & GAMBLE COMAPNY,PROCTER GAMBLE COMAPNY,3,2010,2013,T2_PREFIX,0
56691,PINS,PINTEREST INC,PINTEREST,PINTEREST INC,PINTEREST,117,2013,2025,T1_EXACT,0
56798,PSNL,PERSONALIS INC,PERSONALIS,PERSONALIS INC,PERSONALIS,57,2013,2025,T1_EXACT,0
39138,PSO,PEARSON PLC,PEARSON,PEARSON INCORPORATED,PEARSON,4,2019,2020,T1_EXACT,1
55526,PTI,PROTEOSTASIS THERAPEUTICS INC,PROTEOSTASIS THERAPEUTICS,PROTEOSTASIS THERAPEUTICS INC,PROTEOSTASIS THERAPEUTICS,44,2012,2025,T1_EXACT,0
55526,PTI,PROTEOSTASIS THERAPEUTICS INC,KINETA,KINETA INC,KINETA,29,2011,2023,T1_EXACT,0
55526,PTI,PROTEOSTASIS THERAPEUTICS INC,YUMANITY THERAPEUTICS,YUMANITY THERAPEUTICS INC,YUMANITY THERAPEUTICS,12,2017,2022,T1_EXACT,0
55526,PTI,PROTEOSTASIS THERAPEUTICS INC,KINETA,KINETA ONE LLC,KINETA ONE,9,2012,2016,T2_PREFIX,0
55526,PTI,PROTEOSTASIS THERAPEUTICS INC,KINETA,KINETA TWO LLC,KINETA TWO,8,2012,2013,T2_PREFIX,0
55526,PTI,PROTEOSTASIS THERAPEUTICS INC,KINETA,KINETA CHRONIC PAIN LLC,KINETA CHRONIC PAIN,3,2015,2020,T2_PREFIX,0
11253,QCOM,QUALCOMM INC,QUALCOMM,QUALCOMM INC,QUALCOMM,48474,2010,2025,T1_EXACT,0
11253,QCOM,QUALCOMM INC,QUALCOMM,QUALCOMM MEMS TECHNOLOGIES INC,QUALCOMM MEMS TECH,662,2010,2017,T2_PREFIX,0
11253,QCOM,QUALCOMM INC,QUALCOMM,QUALCOMM INNOVATION CT INC,QUALCOMM INNOVATION CT,142,2010,2023,T2_PREFIX,0
11253,QCOM,QUALCOMM INC,QUALCOMM,QUALCOMM ATHEROS INC,QUALCOMM ATHEROS,128,2011,2017,T2_PREFIX,0
11253,QCOM,QUALCOMM INC,QUALCOMM,QUALCOMM TECHNOLOGIES INC,QUALCOMM TECH,125,2012,2025,T2_PREFIX,0
11253,QCOM,QUALCOMM INC,QUALCOMM,QUALCOMM INCORPORATED,QUALCOMM,89,2022,2025,T1_EXACT,0
11253,QCOM,QUALCOMM INC,QUALCOMM,QUALCOMM TECHNOLOGIES INT LTD,QUALCOMM TECH INT,47,2014,2017,T2_PREFIX,0
11253,QCOM,QUALCOMM INC,QUALCOMM,QUALCOMM INCORPORTED,QUALCOMM INCORPORTED,24,2010,2021,T2_PREFIX,0
11253,QCOM,QUALCOMM INC,QUALCOMM,QUALCOMM lncorporated,QUALCOMM LNCORPORATED,20,2015,2022,T2_PREFIX,0
11253,QCOM,QUALCOMM INC,QUALCOMM,QUALCOMM CONNECTED EXPERIENCES INC,QUALCOMM CONNECTED EXPERIENCES,17,2013,2017,T2_PREFIX,0
11253,QCOM,QUALCOMM INC,QUALCOMM,QUALCOMM SWITCH CORP,QUALCOMM SWITCH,9,2014,2016,T2_PREFIX,0
11253,QCOM,QUALCOMM INC,QUALCOMM,QUALCOMM ISKOOT INC,QUALCOMM ISKOOT,9,2011,2013,T2_PREFIX,0
11253,QCOM,QUALCOMM INC,QUALCOMM,QUALCOMM INCORPOATED,QUALCOMM INCORPOATED,7,2011,2021,T2_PREFIX,0
11253,QCOM,QUALCOMM INC,QUALCOMM,QUALCOMM LABS INC,QUALCOMM LAB,5,2012,2012,T2_PREFIX,0
11253,QCOM,QUALCOMM INC,QUALCOMM,QUALCOMM INCORPRATED,QUALCOMM INCORPRATED,5,2019,2023,T2_PREFIX,0
11253,QCOM,QUALCOMM INC,QUALCOMM,QUALCOMM INCORPORATE,QUALCOMM INCORPORATE,4,2011,2023,T2_PREFIX,0
11253,QCOM,QUALCOMM INC,QUALCOMM,QUALCOMM MEMS TECHNOLOGIES,QUALCOMM MEMS TECH,4,2011,2011,T2_PREFIX,0
11253,QCOM,QUALCOMM INC,QUALCOMM,QUALCOMM INC INC,QUALCOMM,3,2014,2014,T1_EXACT,0
11253,QCOM,QUALCOMM INC,QUALCOMM,QUALCOMM INCRPORATED,QUALCOMM INCRPORATED,3,2013,2019,T2_PREFIX,0
11253,QCOM,QUALCOMM INC,QUALCOMM,QUALCOMM INCORORATED,QUALCOMM INCORORATED,3,2011,2020,T2_PREFIX,0
11253,QCOM,QUALCOMM INC,QUALCOMM,QUALCOMM INCORPORATD,QUALCOMM INCORPORATD,3,2011,2013,T2_PREFIX,0
11253,QCOM,QUALCOMM INC,QUALCOMM,QUALCOMM lncornorated,QUALCOMM LNCORNORATED,3,2020,2020,T2_PREFIX,0
11253,QCOM,QUALCOMM INC,QUALCOMM,QUALCOMM INCORPARATED,QUALCOMM INCORPARATED,3,2019,2023,T2_PREFIX,0
5722,QTM,QUANTUM CORP,QUANTUM,QUANTUM CORP,QUANTUM,231,2010,2024,T1_EXACT,0
5722,QTM,QUANTUM CORP,QUANTUM,QUANTUM SI INC,QUANTUM SI,220,2014,2025,T2_PREFIX,0
5722,QTM,QUANTUM CORP,QUANTUM,Quantum Machines,QUANTUM MACH,52,2019,2024,T2_PREFIX,0
5722,QTM,QUANTUM CORP,QUANTUM,THE QUANTUM GROUP INC,QUANTUM,34,2016,2024,T1_EXACT,0
5722,QTM,QUANTUM CORP,QUANTUM,QUANTUM INTERFACE LLC,QUANTUM INTERFACE,33,2012,2024,T2_PREFIX,0
5722,QTM,QUANTUM CORP,QUANTUM,QUANTUM METRIC INC,QUANTUM METRIC,32,2019,2025,T2_PREFIX,0
5722,QTM,QUANTUM CORP,QUANTUM,QUANTUM VALLEY INVEST FUND LP,QUANTUM VALLEY INVEST FUND,24,2013,2025,T2_PREFIX,0
5722,QTM,QUANTUM CORP,QUANTUM,Quantum Valley Ideas Laboratories,QUANTUM VALLEY IDEAS LAB,23,2019,2025,T2_PREFIX,0
5722,QTM,QUANTUM CORP,QUANTUM,Quantum Surgical,QUANTUM SURGICAL,18,2018,2023,T2_PREFIX,0
5722,QTM,QUANTUM CORP,QUANTUM,QUANTUM BASE LTD,QUANTUM BASE,17,2015,2024,T2_PREFIX,0
5722,QTM,QUANTUM CORP,QUANTUM,QUANTUM FUEL SYSTEMS TECHNOLOGIES WORLDWIDE INC,QUANTUM FUEL SYS TECH WORLDWIDE,15,2012,2015,T2_PREFIX,0
5722,QTM,QUANTUM CORP,QUANTUM,QUANTUM BIOSYSTEMS INC,QUANTUM BIOSYSTEMS,15,2016,2021,T2_PREFIX,0
5722,QTM,QUANTUM CORP,QUANTUM,QUANTUM ELECTRO OPTO SYS SDN,QUANTUM ELECTRO OPTO SYS SDN,14,2010,2014,T2_PREFIX,0
5722,QTM,QUANTUM CORP,QUANTUM,QUANTUM GROUP INC,QUANTUM,13,2011,2015,T1_EXACT,0
5722,QTM,QUANTUM CORP,QUANTUM,QUANTUM ELEMENTS DEV INC,QUANTUM ELEMENTS DEV,13,2020,2024,T2_PREFIX,0
5722,QTM,QUANTUM CORP,QUANTUM,Quantum-Si Incorporated,QUANTUM SI,13,2016,2017,T2_PREFIX,0
5722,QTM,QUANTUM CORP,QUANTUM,QUANTUM IR TECH LLC,QUANTUM IR TECH,12,2016,2024,T2_PREFIX,0
5722,QTM,QUANTUM CORP,QUANTUM,QUANTUM FUEL SYSTEMS LLC,QUANTUM FUEL SYS,12,2016,2025,T2_PREFIX,0
5722,QTM,QUANTUM CORP,QUANTUM,QUANTUM SPATIAL INC,QUANTUM SPATIAL,12,2017,2021,T2_PREFIX,0
5722,QTM,QUANTUM CORP,QUANTUM,QUANTUM SEMICONDUCTOR LLC,QUANTUM SEMICONDUCTOR,12,2013,2025,T2_PREFIX,0
5722,QTM,QUANTUM CORP,QUANTUM,QUANTUM DIGITAL SOLUTIONS CORP,QUANTUM DIGITAL SOLUTIONS,12,2021,2025,T2_PREFIX,0
5722,QTM,QUANTUM CORP,QUANTUM,QUANTUM SILICON INC,QUANTUM SILICON,12,2017,2022,T2_PREFIX,0
5722,QTM,QUANTUM CORP,QUANTUM,QUANTUM SOURCE LABS LTD,QUANTUM SOURCE LAB,11,2023,2023,T2_PREFIX,0
5722,QTM,QUANTUM CORP,QUANTUM,QUANTUM SIGNAL LLC,QUANTUM SIGNAL,11,2010,2018,T2_PREFIX,0
5722,QTM,QUANTUM CORP,QUANTUM,QUANTUM INNOVATIONS INC,QUANTUM INNOVATIONS,11,2012,2024,T2_PREFIX,0
5722,QTM,QUANTUM CORP,QUANTUM,QUANTUM IP LLC,QUANTUM IP,10,2024,2025,T2_PREFIX,0
5722,QTM,QUANTUM CORP,QUANTUM,QUANTUM MOTION TECH LIMITED,QUANTUM MOTION TECH,10,2020,2023,T2_PREFIX,0
5722,QTM,QUANTUM CORP,QUANTUM,QUANTUM TRANSISTORS TECH LTD,QUANTUM TRANSISTORS TECH,9,2023,2025,T2_PREFIX,0
5722,QTM,QUANTUM CORP,QUANTUM,QUANTUM DEVICES LLC,QUANTUM DEVICES,9,2012,2015,T2_PREFIX,0
5722,QTM,QUANTUM CORP,QUANTUM,QUANTUM GENOMICS,QUANTUM GENOMICS,8,2012,2021,T2_PREFIX,0
5722,QTM,QUANTUM CORP,QUANTUM,QUANTUM DESIGN INC,QUANTUM DESIGN,7,2010,2013,T2_PREFIX,0
5722,QTM,QUANTUM CORP,QUANTUM,QUANTUM INFORMATION SECURITY LLC,QUANTUM INFORMATION SECURITY,7,2020,2025,T2_PREFIX,0
5722,QTM,QUANTUM CORP,QUANTUM,QUANTUM TECH SCIENCES INC,QUANTUM TECH SCIENT,7,2016,2024,T2_PREFIX,0
5722,QTM,QUANTUM CORP,QUANTUM,QUANTUM GENERATIVE MAT LLC,QUANTUM GENERATIVE MAT,7,2023,2024,T2_PREFIX,0
5722,QTM,QUANTUM CORP,QUANTUM,QUANTUM TECH GMBH,QUANTUM TECH,7,2021,2025,T2_PREFIX,0
5722,QTM,QUANTUM CORP,QUANTUM,QUANTUM SERVO PUMPING TECH PTY LTD,QUANTUM SERVO PUMPING TECH,7,2018,2023,T2_PREFIX,0
5722,QTM,QUANTUM CORP,QUANTUM,QUANTUM GLOBAL TECH LLC,QUANTUM GLOBAL TECH,6,2012,2016,T2_PREFIX,0
5722,QTM,QUANTUM CORP,QUANTUM,QUANTUM PHOTONICS CORP,QUANTUM PHOTONICS,6,2019,2023,T2_PREFIX,0
5722,QTM,QUANTUM CORP,QUANTUM,QUANTUM METRIC LLC,QUANTUM METRIC,6,2015,2018,T2_PREFIX,0
5722,QTM,QUANTUM CORP,QUANTUM,QUANTUM DIAMOND TECH INC,QUANTUM DIAMOND TECH,6,2017,2022,T2_PREFIX,0
5722,QTM,QUANTUM CORP,QUANTUM,QUANTUM MEDICAL INNOVATIONS LLC,QUANTUM MEDICAL INNOVATIONS,5,2015,2019,T2_PREFIX,0
5722,QTM,QUANTUM CORP,QUANTUM,QUANTUM TECH UG HAFTUNGSBESCHRAENKT,QUANTUM TECH UG HAFTUNGSBESCHRAENKT,5,2020,2020,T2_PREFIX,0
5722,QTM,QUANTUM CORP,QUANTUM,Quantum Optics Jena GmbH,QUANTUM OPTICS JENA,5,2022,2024,T2_PREFIX,0
5722,QTM,QUANTUM CORP,QUANTUM,QUANTUM IND DEVELOPMENT CORPORATION,QUANTUM IND DEV,5,2018,2024,T2_PREFIX,0
5722,QTM,QUANTUM CORP,QUANTUM,QUANTUM IMPACT LLC,QUANTUM IMPACT,4,2019,2024,T2_PREFIX,0
5722,QTM,QUANTUM CORP,QUANTUM,QUANTUM MICROMATERIALS INC,QUANTUM MICROMATERIALS,4,2021,2024,T2_PREFIX,0
5722,QTM,QUANTUM CORP,QUANTUM,QUANTUM PROPERTIES TECH LLC,QUANTUM PROPERTIES TECH,4,2022,2025,T2_PREFIX,0
5722,QTM,QUANTUM CORP,QUANTUM,QUANTUM STAR TECH INC,QUANTUM STAR TECH,4,2021,2024,T2_PREFIX,0
5722,QTM,QUANTUM CORP,QUANTUM,QUANTUM MAT LLC,QUANTUM MAT,4,2019,2023,T2_PREFIX,0
5722,QTM,QUANTUM CORP,QUANTUM,QUANTUM CAT CO LTD,QUANTUM CAT,4,2020,2025,T2_PREFIX,0
5722,QTM,QUANTUM CORP,QUANTUM,QUANTUM ENERGY STORAGE CORP,QUANTUM ENERGY STORAGE,4,2014,2015,T2_PREFIX,0
5722,QTM,QUANTUM CORP,QUANTUM,QUANTUM BENCHMARK INC,QUANTUM BENCHMARK,4,2018,2021,T2_PREFIX,0
5722,QTM,QUANTUM CORP,QUANTUM,QUANTUM GATE INC,QUANTUM GATE,4,2020,2022,T2_PREFIX,0
5722,QTM,QUANTUM CORP,QUANTUM,QUANTUM DESIGNED MAT LTD,QUANTUM DESIGNED MAT,4,2018,2024,T2_PREFIX,0
5722,QTM,QUANTUM CORP,QUANTUM,QUANTUM TECHNOLOGIE DEUTSCHLAND GMBH,QUANTUM TECHNOLOGIE DEUTSCHLAND,4,2014,2014,T2_PREFIX,0
5722,QTM,QUANTUM CORP,QUANTUM,QUANTUM WORKHEALTH PROGRAMMES PTY LTD,QUANTUM WORKHEALTH PROGRAMMES,3,2015,2019,T2_PREFIX,0
5722,QTM,QUANTUM CORP,QUANTUM,QUANTUM DESIGN INT INC,QUANTUM DESIGN INT,3,2016,2025,T2_PREFIX,0
5722,QTM,QUANTUM CORP,QUANTUM,QUANTUM DOWNHOLE SYSTEMS INC,QUANTUM DOWNHOLE SYS,3,2014,2019,T2_PREFIX,0
5722,QTM,QUANTUM CORP,QUANTUM,QUANTUM NUMBERS CORP,QUANTUM NUMBERS,3,2015,2018,T2_PREFIX,0
5722,QTM,QUANTUM CORP,QUANTUM,QUANTUM LOOPHOLE INC,QUANTUM LOOPHOLE,3,2021,2025,T2_PREFIX,0
5722,QTM,QUANTUM CORP,QUANTUM,QUANTUM BLUE INC,QUANTUM BLUE,3,2022,2024,T2_PREFIX,0
5722,QTM,QUANTUM CORP,QUANTUM,QUANTUM ADVANCED SOLUTIONS LTD,QUANTUM ADVANCED SOLUTIONS,3,2021,2023,T2_PREFIX,0
5722,QTM,QUANTUM CORP,QUANTUM,QUANTUM LEAP RES INC,QUANTUM LEAP RES,3,2010,2011,T2_PREFIX,0
5722,QTM,QUANTUM CORP,QUANTUM,QUANTUM CONDUCTORS LTD,QUANTUM CONDUCTORS,3,2019,2025,T2_PREFIX,0
5722,QTM,QUANTUM CORP,QUANTUM,QUANTUM STREAM INC,QUANTUM STREAM,3,2015,2017,T2_PREFIX,0
5722,QTM,QUANTUM CORP,QUANTUM,QUANTUM MAT CORP,QUANTUM MAT,3,2017,2021,T2_PREFIX,0
5722,QTM,QUANTUM CORP,QUANTUM,QUANTUM CONTROLS B V,QUANTUM CONTROLS B V,3,2015,2016,T2_PREFIX,0
5722,QTM,QUANTUM CORP,QUANTUM,QUANTUM NIL CORP,QUANTUM NIL,3,2024,2025,T2_PREFIX,0
5722,QTM,QUANTUM CORP,QUANTUM,QUANTUM MAT CORPORATION,QUANTUM MAT,3,2021,2022,T2_PREFIX,0
5722,QTM,QUANTUM CORP,QUANTUM,QUANTUM DYNAMICS LLC,QUANTUM DYNAMICS,3,2016,2020,T2_PREFIX,0
5722,QTM,QUANTUM CORP,QUANTUM,QUANTUM COMPUTING INC,QUANTUM COMPUTING,3,2022,2022,T2_PREFIX,0
5722,QTM,QUANTUM CORP,QUANTUM,QUANTUM ENERGY TECH LLC,QUANTUM ENERGY TECH,3,2023,2023,T2_PREFIX,0
5722,QTM,QUANTUM CORP,QUANTUM,QUANTUM DESIGN INTERNATIONAL INC,QUANTUM DESIGN INT,3,2013,2014,T2_PREFIX,0
5722,QTM,QUANTUM CORP,QUANTUM,QUANTUM DENTAL TECH INC,QUANTUM DENTAL TECH,3,2016,2019,T2_PREFIX,0
5722,QTM,QUANTUM CORP,QUANTUM,QUANTUM INTELLIGENCE INC,QUANTUM INTELLIGENCE,3,2011,2011,T2_PREFIX,0
5722,QTM,QUANTUM CORP,QUANTUM,QUANTUM DYNAMICS ENTPR INC,QUANTUM DYNAMICS ENTPR,3,2022,2025,T2_PREFIX,0
5722,QTM,QUANTUM CORP,QUANTUM,QUANTUM IND DEVELOPMENT CORP,QUANTUM IND DEV,3,2021,2022,T2_PREFIX,0
5722,QTM,QUANTUM CORP,QUANTUM,QUANTUM DENTAL TECHNOLOGIES INC,QUANTUM DENTAL TECH,3,2011,2013,T2_PREFIX,0
5722,QTM,QUANTUM CORP,QUANTUM,QUANTUM SCIENCE LTD,QUANTUM SCIENT,3,2020,2025,T2_PREFIX,0
30501,RELX,RELX PLC,RELX,RELX INC,RELX,27,2018,2025,T1_EXACT,1
16753,RHT,RED HAT INC,RED HAT,RED HAT INC,RED HAT,2691,2010,2025,T1_EXACT,0
16753,RHT,RED HAT INC,RED HAT,RED HAT ISRAEL LTD,RED HAT ISRAEL,545,2010,2024,T2_PREFIX,0
16753,RHT,RED HAT INC,RED HAT,RED HAT ISRAEL INC,RED HAT ISRAEL,7,2011,2017,T2_PREFIX,0
26084,RIO,RIO TINTO PLC,RIO TINTO,RIO TINTO ALCAN INT LTD,RIO TINTO ALCAN INT,65,2010,2023,T2_PREFIX,0
26084,RIO,RIO TINTO PLC,RIO TINTO,RIO TINTO TECH RESOURCES INC,RIO TINTO TECH RESOURCES,5,2020,2023,T2_PREFIX,0
26084,RIO,RIO TINTO PLC,RIO TINTO,RIO TINTO IRON AND TITANIUM CANADA INC,RIO TINTO IRON AND TITANIUM CANADA,3,2019,2022,T2_PREFIX,0
57140,RLAY,RELAY THERAPEUTICS INC,RELAY THERAPEUTICS,RELAY THERAPEUTICS INC,RELAY THERAPEUTICS,26,2017,2025,T1_EXACT,0
13753,RMD,RESMED INC,RESMED,ResMed Pty Ltd,RESMED,848,2017,2025,T1_EXACT,0
13753,RMD,RESMED INC,RESMED,RESMED LTD,RESMED,644,2010,2021,T1_EXACT,0
13753,RMD,RESMED INC,RESMED,RESMED SENSOR TECH LTD,RESMED SENSOR TECH,136,2014,2025,T2_PREFIX,0
13753,RMD,RESMED INC,RESMED,RESMED INC,RESMED,72,2017,2025,T1_EXACT,0
13753,RMD,RESMED INC,RESMED,ResMed Asia Pte Ltd,RESMED ASIA,65,2019,2025,T2_PREFIX,0
13753,RMD,RESMED INC,RESMED,RESMED MOTOR TECHNOLOGIES INC,RESMED MOTOR TECH,51,2010,2024,T2_PREFIX,0
13753,RMD,RESMED INC,RESMED,RESMED DIGITAL HEALTH INC,RESMED DIGITAL HEALTH,30,2022,2024,T2_PREFIX,0
13753,RMD,RESMED INC,RESMED,RESMED PARIS SAS,RESMED PARIS,29,2010,2024,T2_PREFIX,0
13753,RMD,RESMED INC,RESMED,RESMED R & D GERMANY GMBH,RESMED R D GERMANY,24,2012,2015,T2_PREFIX,0
13753,RMD,RESMED INC,RESMED,RESMED R&D GERMANY GMBH,RESMED R D GERMANY,20,2015,2019,T2_PREFIX,0
13753,RMD,RESMED INC,RESMED,RESMED CORP,RESMED,13,2017,2025,T1_EXACT,0
13753,RMD,RESMED INC,RESMED,RESMED SENSOR TECHNOLOGIES LTD,RESMED SENSOR TECH,11,2013,2015,T2_PREFIX,0
13753,RMD,RESMED INC,RESMED,RESMED SAS,RESMED,5,2011,2023,T1_EXACT,0
13753,RMD,RESMED INC,RESMED,RESMED PARIS,RESMED PARIS,3,2011,2011,T2_PREFIX,0
15843,RNWK,REALNETWORKS INC,REALNETWORKS,REALNETWORKS INC,REALNETWORKS,97,2010,2022,T1_EXACT,0
15843,RNWK,REALNETWORKS INC,REALNETWORKS,REALNETWORKS LLC,REALNETWORKS,3,2022,2023,T1_EXACT,0
21526,ROG,ROGERS CORP,ROGERS,ROGERS CORP,ROGERS,189,2010,2025,T1_EXACT,1
21526,ROG,ROGERS CORP,ROGERS,ROGERS BV,ROGERS,4,2019,2022,T1_EXACT,1
51816,ROSG,ROSETTA GENOMICS LTD,ROSETTA GENOMICS,ROSETTA GENOMICS LTD,ROSETTA GENOMICS,47,2010,2022,T1_EXACT,0
55591,SELB,SELECTA BIOSCIENCES INC,SELECTA BIOSCIENCES,SELECTA BIOSCIENCES INC,SELECTA BIOSCIENCES,133,2010,2023,T1_EXACT,0
55591,SELB,SELECTA BIOSCIENCES INC,CARTESIAN THERAPEUTICS,CARTESIAN THERAPEUTICS INC,CARTESIAN THERAPEUTICS,12,2017,2024,T1_EXACT,0
21576,SLB,SCHLUMBERGER LTD,SCHLUMBERGER,SCHLUMBERGER TECHNOLOGY CORP,SCHLUMBERGER TECH,6695,2010,2025,T2_PREFIX,0
21576,SLB,SCHLUMBERGER LTD,SCHLUMBERGER,SCHLUMBERGER CA LTD,SCHLUMBERGER CA,28,2011,2023,T2_PREFIX,0
21576,SLB,SCHLUMBERGER LTD,SCHLUMBERGER,SCHLUMBERGER NORGE AS,SCHLUMBERGER NORGE,27,2010,2020,T2_PREFIX,0
21576,SLB,SCHLUMBERGER LTD,SCHLUMBERGER,SCHLUMBERGER TECHNOLOGY BV,SCHLUMBERGER TECH,18,2012,2023,T2_PREFIX,0
21576,SLB,SCHLUMBERGER LTD,SCHLUMBERGER,SCHLUMBERGER SERVICES PETROL,SCHLUMBERGER SERVICES PETROL,13,2010,2014,T2_PREFIX,0
21576,SLB,SCHLUMBERGER LTD,SCHLUMBERGER,SCHLUMBERGER HOLDINGS,SCHLUMBERGER,10,2012,2014,T1_EXACT,0
21576,SLB,SCHLUMBERGER LTD,SCHLUMBERGER,Schlumberger Tech Corporation,SCHLUMBERGER TECH,7,2022,2025,T2_PREFIX,0
21576,SLB,SCHLUMBERGER LTD,SCHLUMBERGER,SCHLUMBERGER MIDDLE EAST S A,SCHLUMBERGER MIDDLE EAST S A,6,2020,2024,T2_PREFIX,0
21576,SLB,SCHLUMBERGER LTD,SCHLUMBERGER,SCHLUMBERGER TECHNOLGY CORP,SCHLUMBERGER TECHNOLGY,3,2016,2019,T2_PREFIX,0
21576,SLB,SCHLUMBERGER LTD,SCHLUMBERGER,SCHLUMBERGER TECHNOLGOY CORP,SCHLUMBERGER TECHNOLGOY,3,2014,2017,T2_PREFIX,0
21576,SLB,SCHLUMBERGER LTD,SCHLUMBERGER,SCHLUMBERGER TECH CORPORATON,SCHLUMBERGER TECH CORPORATON,3,2017,2024,T2_PREFIX,0
55867,SNAP,SNAP INC,SNAP,SNAP INC,SNAP,3323,2016,2025,T1_EXACT,1
21633,SNE,SONY CORP,SONY,SONY CORP,SONY,26343,2010,2025,T1_EXACT,1
21633,SNE,SONY CORP,SONY,SONY GROUP CORP,SONY,6689,2018,2025,T1_EXACT,1
11361,SNPS,SYNOPSYS INC,SYNOPSYS,SYNOPSYS INC,SYNOPSYS,1296,2010,2025,T1_EXACT,0
11361,SNPS,SYNOPSYS INC,SYNOPSYS,SYNOPSYS TAIWAN CO LTD,SYNOPSYS TAIWAN,23,2012,2017,T2_PREFIX,0
11361,SNPS,SYNOPSYS INC,SYNOPSYS,SYNOPSYS SHANGHAI CO LTD,SYNOPSYS SHANGHAI,3,2010,2013,T2_PREFIX,0
43351,SNY,SANOFI,SANOFI,SANOFI SA,SANOFI,1728,2010,2025,T1_EXACT,0
43351,SNY,SANOFI,SANOFI,SANOFI AVENTIS DEUTSCHLAND,SANOFI AVENTIS DEUTSCHLAND,1663,2010,2025,T2_PREFIX,0
43351,SNY,SANOFI,SANOFI,SANOFI AVENTIS,SANOFI AVENTIS,190,2010,2014,T2_PREFIX,0
43351,SNY,SANOFI,SANOFI,SANOFI BIOTECHNOLOGY,SANOFI BIOTECHNOLOGY,91,2014,2025,T2_PREFIX,0
43351,SNY,SANOFI,SANOFI,SANOFI PASTEUR INC,SANOFI PASTEUR,75,2010,2025,T2_PREFIX,0
43351,SNY,SANOFI,SANOFI,SANOFI PASTEUR,SANOFI PASTEUR,58,2010,2025,T2_PREFIX,0
43351,SNY,SANOFI,SANOFI,SANOFI PASTEUR BIOLOGICS LLC,SANOFI PASTEUR BIOLOGICS,27,2012,2022,T2_PREFIX,0
43351,SNY,SANOFI,SANOFI,SANOFI PASTEUR SA,SANOFI PASTEUR,26,2010,2020,T2_PREFIX,0
43351,SNY,SANOFI,SANOFI,SANOFI PASTEUR LTD,SANOFI PASTEUR,21,2010,2025,T2_PREFIX,0
43351,SNY,SANOFI,SANOFI,SANOFI AVENTIS US LLC,SANOFI AVENTIS US,19,2010,2025,T2_PREFIX,0
43351,SNY,SANOFI,SANOFI,SANOFI PASTEUR VAXDESIGN CORP,SANOFI PASTEUR VAXDESIGN,14,2011,2018,T2_PREFIX,0
43351,SNY,SANOFI,SANOFI,SANOFI WINTHROP IND,SANOFI WINTHROP IND,10,2019,2023,T2_PREFIX,0
43351,SNY,SANOFI,SANOFI,SANOFI PASTEUR S A,SANOFI PASTEUR S A,5,2010,2016,T2_PREFIX,0
43351,SNY,SANOFI,SANOFI,SANOFI MATURE IP,SANOFI MATURE IP,4,2020,2023,T2_PREFIX,0
43351,SNY,SANOFI,SANOFI,SANOFI AVENTS DEUTSCHLAND GMBH,SANOFI AVENTS DEUTSCHLAND,4,2010,2013,T2_PREFIX,0
43351,SNY,SANOFI,SANOFI,SANOFI AVENTIS DEUSTCHLAND GMBH,SANOFI AVENTIS DEUSTCHLAND,3,2010,2022,T2_PREFIX,0
43351,SNY,SANOFI,SANOFI,SANOFI AVENTIS DETUSCHLAND GMBH,SANOFI AVENTIS DETUSCHLAND,3,2010,2010,T2_PREFIX,0
54064,SPLK,SPLUNK INC,SPLUNK,SPLUNK INC,SPLUNK,1191,2011,2025,T1_EXACT,0
13384,SSYS,STRATASYS LTD,STRATASYS,STRATASYS INC,STRATASYS,330,2010,2025,T1_EXACT,0
13384,SSYS,STRATASYS LTD,STRATASYS,STRATASYS LTD,STRATASYS,257,2011,2025,T1_EXACT,0
13384,SSYS,STRATASYS LTD,STRATASYS,STRATASYS POWDER PRODUCTION LTD,STRATASYS POWDER PRODUCTION,33,2020,2025,T2_PREFIX,0
21664,SWK,STANLEY BLACK & DECKER INC,STANLEY BLACK DECKER,STANLEY BLACK & DECKER INC,STANLEY BLACK DECKER,237,2010,2025,T1_EXACT,0
21664,SWK,STANLEY BLACK & DECKER INC,STANLEY BLACK DECKER,STANLEY BLACK & DECKER MEA FZE,STANLEY BLACK DECKER MEA FZE,24,2015,2025,T2_PREFIX,0
20058,SWKS,SKYWORKS SOLUTIONS INC,SKYWORKS SOLUTIONS,SKYWORKS SOLUTIONS INC,SKYWORKS SOLUTIONS,3264,2010,2025,T1_EXACT,0
10224,SYMC,SYMANTEC CORP,SYMANTEC,SYMANTEC CORP,SYMANTEC,378,2010,2018,T1_EXACT,0
10224,SYMC,SYMANTEC CORP,GEN DIGITAL,GEN DIGITAL INC,GEN DIGITAL,21,2020,2025,T1_EXACT,0
10224,SYMC,SYMANTEC CORP,SYMANTEC,SYMANTEC INC,SYMANTEC,7,2013,2013,T1_EXACT,0
10224,SYMC,SYMANTEC CORP,NORTONLIFELOCK,NORTONLIFELOCK INC,NORTONLIFELOCK,6,2020,2022,T1_EXACT,0
10224,SYMC,SYMANTEC CORP,SYMANTEC,SYMANTEC,SYMANTEC,3,2012,2012,T1_EXACT,0
55113,SYNH,SYNEOS HEALTH INC,SYNEOS HEALTH,SYNEOS HEALTH INTERNATIONAL LTD,SYNEOS HEALTH INT,3,2021,2023,T2_PREFIX,0
36380,TDY,TELEDYNE TECHNOLOGIES,TELEDYNE TECH,TELEDYNE TECH INC,TELEDYNE TECH,5,2010,2014,T1_EXACT,0
55829,TIG,TIGENIX,TIGENIX,TIGENIX NV,TIGENIX,5,2010,2020,T1_EXACT,0
5925,TILE,INTERFACE INC,INTERFACE,INTERFACE OPTOELECTRONICS SHENZHEN CO LTD,INTERFACE OPTOELECTRONICS SHENZHEN,176,2014,2024,T2_PREFIX,0
5925,TILE,INTERFACE INC,INTERFACE,INTERFACE TECH CHENGDU CO LTD,INTERFACE TECH CHENGDU,165,2017,2024,T2_PREFIX,0
5925,TILE,INTERFACE INC,INTERFACE,INTERFACE OPTOELECTRONICS WUXI CO LTD,INTERFACE OPTOELECTRONICS WUXI,32,2021,2023,T2_PREFIX,0
5925,TILE,INTERFACE INC,INTERFACE,INTERFACE BIOLOGICS INC,INTERFACE BIOLOGICS,31,2010,2022,T2_PREFIX,0
5925,TILE,INTERFACE INC,INTERFACE,INTERFACE INC,INTERFACE,28,2010,2024,T1_EXACT,0
5925,TILE,INTERFACE INC,INTERFACE,INTERFACE OPTOELECTRONIC SHENZHEN CO LTD,INTERFACE OPTOELECTRONIC SHENZHEN,16,2014,2018,T2_PREFIX,0
5925,TILE,INTERFACE INC,INTERFACE,INTERFACE OPTOELECTRONICS (SHENZHEN) CO LTD,INTERFACE OPTOELECTRONICS SHENZHEN,15,2015,2019,T2_PREFIX,0
5925,TILE,INTERFACE INC,INTERFACE,INTERFACE FLUIDICS LTD,INTERFACE FLUIDICS,13,2019,2025,T2_PREFIX,0
5925,TILE,INTERFACE INC,INTERFACE,INTERFACE OPTOELECTRONIC (SHENZHEN) CO LTD,INTERFACE OPTOELECTRONIC SHENZHEN,12,2015,2016,T2_PREFIX,0
5925,TILE,INTERFACE INC,INTERFACE,INTERFACE SOLUTIONS INC,INTERFACE SOLUTIONS,5,2013,2014,T2_PREFIX,0
5925,TILE,INTERFACE INC,INTERFACE,INTERFACE ASSOCIATES INC,INTERFACE ASSOCIATES,5,2011,2015,T2_PREFIX,0
5925,TILE,INTERFACE INC,INTERFACE,INTERFACE OPTOELECTRONICS CORP,INTERFACE OPTOELECTRONICS,5,2012,2014,T2_PREFIX,0
5925,TILE,INTERFACE INC,INTERFACE,INTERFACE AUST PTY LTD,INTERFACE AUST,5,2011,2012,T2_PREFIX,0
5925,TILE,INTERFACE INC,INTERFACE,INTERFACE POLYMERS LTD,INTERFACE POLYMERS,4,2017,2023,T2_PREFIX,0
5925,TILE,INTERFACE INC,INTERFACE,INTERFACE ADVANCED TECH CHENGDU CO LTD,INTERFACE ADVANCED TECH CHENGDU,4,2023,2024,T2_PREFIX,0
5925,TILE,INTERFACE INC,INTERFACE,INTERFACE OPTOELECTRONIC CHENGDU CO LTD,INTERFACE OPTOELECTRONIC CHENGDU,4,2018,2018,T2_PREFIX,0
4521,TM,TOYOTA MOTOR CORP,TOYOTA MOTOR,TOYOTA MOTOR CO LTD,TOYOTA MOTOR,34699,2010,2025,T1_EXACT,0
4521,TM,TOYOTA MOTOR CORP,TOYOTA MOTOR,TOYOTA MOTOR NORTH AMERICA INC,TOYOTA MOTOR NORTH AMER,732,2018,2025,T2_PREFIX,0
4521,TM,TOYOTA MOTOR CORP,TOYOTA MOTOR,TOYOTA MOTOR ENG & MFG NORTH AMERICA INC,TOYOTA MOTOR ENG MFG NORTH AMER,340,2014,2017,T2_PREFIX,0
4521,TM,TOYOTA MOTOR CORP,TOYOTA MOTOR,TOYOTA MOTOR EUROPE,TOYOTA MOTOR EUROPE,140,2014,2023,T2_PREFIX,0
4521,TM,TOYOTA MOTOR CORP,TOYOTA MOTOR,TOYOTA MOTOR CORP,TOYOTA MOTOR,79,2010,2024,T1_EXACT,0
4521,TM,TOYOTA MOTOR CORP,TOYOTA MOTOR,TOYOTA MOTOR SALES USA INC,TOYOTA MOTOR SALES USA,30,2012,2023,T2_PREFIX,0
4521,TM,TOYOTA MOTOR CORP,TOYOTA MOTOR,TOYOTA MOTOR EUROPE NV SA,TOYOTA MOTOR EUROPE,22,2010,2016,T2_PREFIX,0
4521,TM,TOYOTA MOTOR CORP,TOYOTA MOTOR,TOYOTA MOTOR ENGIN & MANUFACT N A TEMA,TOYOTA MOTOR ENGIN MANUFACT N A TEMA,20,2010,2012,T2_PREFIX,0
4521,TM,TOYOTA MOTOR CORP,TOYOTA MOTOR,TOYOTA MOTOR EUROPE NV/SA,TOYOTA MOTOR EUROPE,10,2013,2022,T2_PREFIX,0
4521,TM,TOYOTA MOTOR CORP,TOYOTA MOTOR,TOYOTA MOTOR EAST JAPAN INC,TOYOTA MOTOR EAST JAPAN,8,2011,2019,T2_PREFIX,0
4521,TM,TOYOTA MOTOR CORP,TOYOTA MOTOR,TOYOTA MOTOR ENGINEERING & MFG NORTH AME RICA INC,TOYOTA MOTOR ENGINEERING MFG NORTH AME RICA,4,2016,2019,T2_PREFIX,0
4521,TM,TOYOTA MOTOR CORP,TOYOTA MOTOR,TOYOTA MOTOR ENGINEERING & MFG NORTH AMERICAN INC,TOYOTA MOTOR ENGINEERING MFG NORTH AMER,4,2018,2022,T2_PREFIX,0
4521,TM,TOYOTA MOTOR CORP,TOYOTA MOTOR,TOYOTA MOTOR ENG & MTFG NORTH AMERICA,TOYOTA MOTOR ENG MTFG NORTH AMER,3,2012,2013,T2_PREFIX,0
4521,TM,TOYOTA MOTOR CORP,TOYOTA MOTOR,TOYOTA MOTOR ENG & MANAFACTURING NORTH AMERICA INC,TOYOTA MOTOR ENG MANAFACTURING NORTH AMER,3,2020,2022,T2_PREFIX,0
4521,TM,TOYOTA MOTOR CORP,TOYOTA MOTOR,TOYOTA MOTOR CREDIT CORP,TOYOTA MOTOR CREDIT,3,2021,2023,T2_PREFIX,0
4521,TM,TOYOTA MOTOR CORP,TOYOTA MOTOR,TOYOTA MOTOR ENGINEERING & MFG NORTH AMERICA INC,TOYOTA MOTOR ENGINEERING MFG NORTH AMER,3,2024,2024,T2_PREFIX,0
4557,TMO,THERMO FISHER SCIENTIFIC INC,THERMO FISHER SCIENT,THERMO FISHER SCIENT BREMEN GMBH,THERMO FISHER SCIENT BREMEN,262,2010,2025,T2_PREFIX,0
4557,TMO,THERMO FISHER SCIENTIFIC INC,THERMO FISHER SCIENT,THERMO FISHER SCIENT BREMEN,THERMO FISHER SCIENT BREMEN,67,2010,2024,T2_PREFIX,0
4557,TMO,THERMO FISHER SCIENTIFIC INC,THERMO FISHER SCIENT,THERMO FISHER SCIENTIFIC OY,THERMO FISHER SCIENT,60,2011,2022,T1_EXACT,0
4557,TMO,THERMO FISHER SCIENTIFIC INC,THERMO FISHER SCIENT,THERMO FISHER SCIENT (BREMEN) GMBH,THERMO FISHER SCIENT BREMEN,51,2014,2020,T2_PREFIX,0
4557,TMO,THERMO FISHER SCIENTIFIC INC,THERMO FISHER SCIENT,THERMO FISHER SCIENTIFIC BALTICS UAB,THERMO FISHER SCIENT BALTICS UAB,43,2014,2023,T2_PREFIX,0
4557,TMO,THERMO FISHER SCIENTIFIC INC,THERMO FISHER SCIENT,THERMO FISHER SCIENTIFIC INC,THERMO FISHER SCIENT,42,2010,2024,T1_EXACT,0
4557,TMO,THERMO FISHER SCIENTIFIC INC,THERMO FISHER SCIENT,THERMO FISHER SCIENT GENEART GMBH,THERMO FISHER SCIENT GENEART,27,2014,2023,T2_PREFIX,0
4557,TMO,THERMO FISHER SCIENTIFIC INC,THERMO FISHER SCIENT,THERMO FISHER SCIENT ASHEVILLE,THERMO FISHER SCIENT ASHEVILLE,24,2010,2023,T2_PREFIX,0
4557,TMO,THERMO FISHER SCIENTIFIC INC,THERMO FISHER SCIENT,THERMO FISHER SCIENT MESSTECHNIK GMBH,THERMO FISHER SCIENT MESSTECHNIK,14,2016,2023,T2_PREFIX,0
4557,TMO,THERMO FISHER SCIENTIFIC INC,THERMO FISHER SCIENT,THERMO FISHER SCIENT ECUBLENS SARL,THERMO FISHER SCIENT ECUBLENS,12,2010,2023,T2_PREFIX,0
4557,TMO,THERMO FISHER SCIENTIFIC INC,THERMO FISHER SCIENT,THERMO FISHER SCIENT S P A,THERMO FISHER SCIENT S P A,11,2010,2025,T2_PREFIX,0
4557,TMO,THERMO FISHER SCIENTIFIC INC,THERMO FISHER SCIENT,THERMO FISHER SCIENT SHANGHAI INSTRUMENTS CO LTD,THERMO FISHER SCIENT SHANGHAI INSTR,7,2019,2024,T2_PREFIX,0
4557,TMO,THERMO FISHER SCIENTIFIC INC,THERMO FISHER SCIENT,THERMO FISHER SCIENT BIOSCIENCES INC,THERMO FISHER SCIENT BIOSCIENCES,7,2012,2014,T2_PREFIX,0
4557,TMO,THERMO FISHER SCIENTIFIC INC,THERMO FISHER SCIENT,THERMO FISHER SCIENT,THERMO FISHER SCIENT,5,2010,2011,T1_EXACT,0
4557,TMO,THERMO FISHER SCIENTIFIC INC,THERMO FISHER SCIENT,THERMO FISHER SCIENT SPA,THERMO FISHER SCIENT,3,2018,2019,T1_EXACT,0
4557,TMO,THERMO FISHER SCIENTIFIC INC,THERMO FISHER SCIENT,THERMO FISHER SCIENT SUZHOU INSTRUMENTS CO LTD,THERMO FISHER SCIENT SUZHOU INSTR,3,2021,2022,T2_PREFIX,0
4557,TMO,THERMO FISHER SCIENTIFIC INC,THERMO FISHER SCIENT,THERMO FISHER SCIENT (ASHEVILLE) LLC,THERMO FISHER SCIENT ASHEVILLE,3,2016,2017,T2_PREFIX,0
28754,TRI,THOMSON REUTERS CORP,THOMSON REUTERS,THOMSON REUTERS ENTPR CENTRE GMBH,THOMSON REUTERS ENTPR CENTRE,60,2020,2025,T2_PREFIX,0
28754,TRI,THOMSON REUTERS CORP,THOMSON REUTERS,THOMSON REUTERS GLO RESOURCES,THOMSON REUTERS GLO RESOURCES,47,2010,2015,T2_PREFIX,0
28754,TRI,THOMSON REUTERS CORP,THOMSON REUTERS,THOMSON REUTERS GLOBAL RESOURCES UNLIMITED CO,THOMSON REUTERS GLOBAL RESOURCES UNLIMITED,43,2017,2020,T2_PREFIX,0
28754,TRI,THOMSON REUTERS CORP,THOMSON REUTERS,THOMSON REUTERS GLOBAL RESOURCES,THOMSON REUTERS GLOBAL RESOURCES,23,2015,2019,T2_PREFIX,0
28754,TRI,THOMSON REUTERS CORP,THOMSON REUTERS,THOMSON REUTERS MARKETS LLC,THOMSON REUTERS MARKETS,18,2010,2019,T2_PREFIX,0
28754,TRI,THOMSON REUTERS CORP,THOMSON REUTERS,THOMSON REUTERS TAX & ACCOUNTING INC,THOMSON REUTERS TAX ACCOUNTING,3,2010,2018,T2_PREFIX,0
55154,TRIL,TRILLIUM THERAPEUTICS INC,TRILLIUM THERAPEUTICS,TRILLIUM THERAPEUTICS INC,TRILLIUM THERAPEUTICS,27,2011,2020,T1_EXACT,0
10691,TRMB,TRIMBLE INC,TRIMBLE,TRIMBLE NAVIGATION LTD,TRIMBLE NAVIGATION,358,2010,2021,T2_PREFIX,0
10691,TRMB,TRIMBLE INC,TRIMBLE,TRIMBLE INC,TRIMBLE,219,2016,2025,T1_EXACT,0
10691,TRMB,TRIMBLE INC,TRIMBLE,TRIMBLE AB,TRIMBLE,46,2010,2025,T1_EXACT,0
10691,TRMB,TRIMBLE INC,TRIMBLE,TRIMBLE JENA GMBH,TRIMBLE JENA,36,2010,2023,T2_PREFIX,0
10691,TRMB,TRIMBLE INC,TRIMBLE,TRIMBLE SOLUTIONS CORP,TRIMBLE SOLUTIONS,11,2016,2023,T2_PREFIX,0
10691,TRMB,TRIMBLE INC,TRIMBLE,TRIMBLE RONALD RAY,TRIMBLE RONALD RAY,5,2011,2014,T2_PREFIX,0
10691,TRMB,TRIMBLE INC,TRIMBLE,TRIMBLE NANTES S A S,TRIMBLE NANTES S A S,5,2014,2023,T2_PREFIX,0
10691,TRMB,TRIMBLE INC,TRIMBLE,TRIMBLE KAISERSLAUTERN GMBH,TRIMBLE KAISERSLAUTERN,4,2012,2021,T2_PREFIX,0
10691,TRMB,TRIMBLE INC,TRIMBLE,TRIMBLE 3D SCANNING,TRIMBLE 3D SCANNING,3,2010,2013,T2_PREFIX,0
10691,TRMB,TRIMBLE INC,TRIMBLE,TRIMBLE GERMANY GMBH,TRIMBLE GERMANY,3,2011,2013,T2_PREFIX,0
54112,TROX,TRONOX LTD,TRONOX,TRONOX LLC,TRONOX,22,2011,2023,T1_EXACT,0
53453,TSLA,TESLA INC,TESLA,TESLA INC,TESLA,580,2017,2025,T1_EXACT,0
53453,TSLA,TESLA INC,TESLA,TESLA MOTORS INC,TESLA MOTORS,291,2010,2018,T2_PREFIX,0
53453,TSLA,TESLA INC,TESLA,TESLA NANOCOATINGS INC,TESLA NANOCOATINGS,22,2012,2022,T2_PREFIX,0
53453,TSLA,TESLA INC,TESLA,TESLA LABORATORIES LLC,TESLA LAB,15,2018,2025,T2_PREFIX,0
53453,TSLA,TESLA INC,TESLA,Tesla Motors Canada ULC,TESLA MOTORS CANADA ULC,10,2017,2020,T2_PREFIX,0
53453,TSLA,TESLA INC,TESLA,TESLA ENGINEERING LTD,TESLA ENGINEERING,10,2011,2018,T2_PREFIX,0
53453,TSLA,TESLA INC,TESLA,TESLA MEDICAL S R O,TESLA MEDICAL S R O,9,2016,2023,T2_PREFIX,0
53453,TSLA,TESLA INC,TESLA,TESLA BIOHEALING INC,TESLA BIOHEALING,8,2023,2025,T2_PREFIX,0
53453,TSLA,TESLA INC,TESLA,Tesla Dynamic Coils BV,TESLA DYNAMIC COILS,5,2021,2022,T2_PREFIX,0
53453,TSLA,TESLA INC,TESLA,TESLA GROHMANN AUTOMATION GMBH,TESLA GROHMANN AUTOMATION,4,2015,2019,T2_PREFIX,0
53453,TSLA,TESLA INC,TESLA,Tesla Automation GmbH,TESLA AUTOMATION,3,2021,2025,T2_PREFIX,0
53453,TSLA,TESLA INC,TESLA,TESLA MARLON J,TESLA MARLON J,3,2019,2022,T2_PREFIX,0
4620,TSN,TYSON FOODS INC,TYSON FOODS,TYSON FOODS INC,TYSON FOODS,38,2010,2025,T1_EXACT,0
4589,TTEK,TETRA TECH INC,TETRA TECH,TETRA TECH,TETRA TECH,83,2010,2025,T1_EXACT,0
40157,TU,TELUS CORP,TELUS,TELUS COMMUNICATIONS INC,TELUS COMMUNICATIONS,9,2018,2022,T2_PREFIX,0
40157,TU,TELUS CORP,TELUS,TELUS COMM COMPANY,TELUS COMM,3,2011,2014,T2_PREFIX,0
40157,TU,TELUS CORP,TELUS,TELUS COMMUNICATIONS COMPANY,TELUS COMMUNICATIONS,3,2015,2017,T2_PREFIX,0
54638,TWTR,TWITTER INC,TWITTER,TWITTER INC,TWITTER,199,2010,2022,T1_EXACT,0
21737,TXN,TEXAS INSTRUMENTS INC,TEXAS INSTR,TEXAS INSTRUMENTS INC,TEXAS INSTR,14371,2010,2025,T1_EXACT,0
21737,TXN,TEXAS INSTRUMENTS INC,TEXAS INSTR,TEXAS INSTRUMENTS DEUTSCHLAND,TEXAS INSTR DEUTSCHLAND,240,2010,2018,T2_PREFIX,0
21737,TXN,TEXAS INSTRUMENTS INC,TEXAS INSTR,TEXAS INSTR INCOPORATED,TEXAS INSTR INCOPORATED,10,2010,2015,T2_PREFIX,0
21737,TXN,TEXAS INSTRUMENTS INC,TEXAS INSTR,TEXAS INSTR INCORPORATED,TEXAS INSTR,8,2024,2025,T1_EXACT,0
56381,UBX,UNITY BIOTECHNOLOGY INC,UNITY BIOTECHNOLOGY,UNITY BIOTECHNOLOGY INC,UNITY BIOTECHNOLOGY,66,2015,2024,T1_EXACT,0
56381,UBX,UNITY BIOTECHNOLOGY INC,UNITY BIOTECHNOLOGY,UNITY BIOTECHNOLOGY,UNITY BIOTECHNOLOGY,3,2019,2019,T1_EXACT,0
21814,UIS,UNISYS CORP,UNISYS,UNISYS CORP,UNISYS,433,2010,2025,T1_EXACT,0
21802,UL,UNILEVER PLC,UNILEVER,UNILEVER PLC,UNILEVER,20,2010,2016,T1_EXACT,0
21802,UL,UNILEVER PLC,UNILEVER,UNILEVER BCS US INC,UNILEVER BCS US,12,2015,2018,T2_PREFIX,0
21802,UL,UNILEVER PLC,UNILEVER,UNILEVER GLOBAL IP LTD,UNILEVER GLOBAL IP,8,2020,2022,T2_PREFIX,0
21802,UL,UNILEVER PLC,UNILEVER,UNILEVER IP HOLDINGS B V,UNILEVER IP HOLDINGS B V,8,2019,2022,T2_PREFIX,0
21802,UL,UNILEVER PLC,UNILEVER,UNILEVER NV,UNILEVER,7,2010,2017,T1_EXACT,0
39148,UMC,UNITED MICROELECTRONICS CORP,UNITED MICROELECTRONICS,UNITED MICROELECTRONICS CORP,UNITED MICROELECTRONICS,3944,2010,2025,T1_EXACT,0
39148,UMC,UNITED MICROELECTRONICS CORP,UNITED MICROELECTRONICS,UNITED MICROELECTRONICS CENTER CO LTD,UNITED MICROELECTRONICS CENTER,11,2020,2022,T2_PREFIX,0
39148,UMC,UNITED MICROELECTRONICS CORP,UNITED MICROELECTRONICS,UNITED MICROELECTRONICS COF,UNITED MICROELECTRONICS COF,7,2010,2010,T2_PREFIX,0
36383,UPS,UNITED PARCEL SERVICE INC,UNITED PARCEL SERVICE,United parcel service america inc,UNITED PARCEL SERVICE AMER,434,2015,2025,T2_PREFIX,0
36383,UPS,UNITED PARCEL SERVICE INC,UNITED PARCEL SERVICE,UNITED PARCEL SERVICE INC,UNITED PARCEL SERVICE,279,2010,2024,T1_EXACT,0
21832,UTX,UNITED TECHNOLOGIES CORP,UNITED TECH,UNITED TECHNOLOGIES CORP,UNITED TECH,7188,2010,2024,T1_EXACT,0
21832,UTX,UNITED TECHNOLOGIES CORP,RAYTHEON TECH,RAYTHEON TECH CORP,RAYTHEON TECH,1486,2018,2025,T1_EXACT,0
21832,UTX,UNITED TECHNOLOGIES CORP,UNITED TECH,UNITED TECH RESEARCH CENTRE IRELAND LIMITED,UNITED TECH RES CENTRE IRELAND,7,2019,2021,T2_PREFIX,0
21832,UTX,UNITED TECHNOLOGIES CORP,UNITED TECH,UNITED TECHNOLOGY CORP,UNITED TECH,4,2011,2015,T1_EXACT,0
21832,UTX,UNITED TECHNOLOGIES CORP,UNITED TECH,UNITED TECH RES CENTER,UNITED TECH RES CENTER,3,2014,2014,T2_PREFIX,0
52705,VMW,VMWARE INC,VMWARE,VMWARE INC,VMWARE,5935,2010,2025,T1_EXACT,0
52705,VMW,VMWARE INC,VMWARE,VMware LLC,VMWARE,422,2021,2025,T1_EXACT,0
54213,WDAY,WORKDAY INC,WORKDAY,WORKDAY INC,WORKDAY,187,2011,2025,T1_EXACT,0
4879,WDC,WESTERN DIGITAL CORP,WESTERN DIGITAL,WESTERN DIGITAL TECH INC,WESTERN DIGITAL TECH,3766,2010,2025,T2_PREFIX,0
4879,WDC,WESTERN DIGITAL CORP,WESTERN DIGITAL,WESTERN DIGITAL FREMONT LLC,WESTERN DIGITAL FREMONT,51,2010,2018,T2_PREFIX,0
4879,WDC,WESTERN DIGITAL CORP,WESTERN DIGITAL,WESTERN DIGITAL TECHNOLOGIES INC,WESTERN DIGITAL TECH,22,2019,2020,T2_PREFIX,0
4879,WDC,WESTERN DIGITAL CORP,WESTERN DIGITAL,WESTERN DIGITAL (FREMONT) LLC,WESTERN DIGITAL FREMONT,21,2015,2017,T2_PREFIX,0
40160,WIT,WIPRO LTD,WIPRO,WIPRO LTD,WIPRO,1064,2010,2024,T1_EXACT,0
40160,WIT,WIPRO LTD,WIPRO,WIPRO ENTPR PVT LTD,WIPRO ENTPR PVT,4,2022,2025,T2_PREFIX,0
21880,WMT,WAL MART STORES INC,WALMART,WALMART APOLLO LLC,WALMART APOLLO,2404,2015,2025,T2_PREFIX,0
21880,WMT,WAL MART STORES INC,WAL MART STORES,WAL MART STORES INC,WAL MART STORES,1660,2010,2019,T1_EXACT,0
21880,WMT,WAL MART STORES INC,WALMART,WALMART STORES INC,WALMART STORES,4,2014,2017,T2_PREFIX,0
27497,WWD,WOODWARD INC,WOODWARD,WOODWARD INC,WOODWARD,315,2011,2025,T1_EXACT,0
27497,WWD,WOODWARD INC,WOODWARD,WOODWARD HRT INC,WOODWARD HRT,14,2010,2016,T2_PREFIX,0
27497,WWD,WOODWARD INC,WOODWARD,WOODWARD GOVERNOR CO,WOODWARD GOVERNOR,13,2010,2013,T2_PREFIX,0
27497,WWD,WOODWARD INC,WOODWARD,WOODWARD MPC INC,WOODWARD MPC,10,2010,2015,T2_PREFIX,0
27497,WWD,WOODWARD INC,WOODWARD,WOODWARD KEMPEN GMBH,WOODWARD KEMPEN,9,2011,2020,T2_PREFIX,0
27497,WWD,WOODWARD INC,WOODWARD,WOODWARD ELIZABETH VERA,WOODWARD ELIZABETH VERA,7,2011,2012,T2_PREFIX,0
27497,WWD,WOODWARD INC,WOODWARD,WOODWARD LORANGE GMBH,WOODWARD LORANGE,4,2017,2020,T2_PREFIX,0
10634,XLNX,XILINX INC,XILINX,XILINX INC,XILINX,880,2010,2025,T1_EXACT,0
53890,XLS,EXELIS INC,EXELIS,EXELIS INC,EXELIS,36,2011,2016,T1_EXACT,0
9424,XRAY,DENTSPLY SIRONA INC,DENTSPLY SIRONA,DENTSPLY SIRONA INC,DENTSPLY SIRONA,471,2014,2025,T1_EXACT,0
21945,XRX,XEROX CORP,XEROX,XEROX CORP,XEROX,5991,2010,2025,T1_EXACT,0
21945,XRX,XEROX CORP,XEROX,XEROX INTERNAT PARTNERS,XEROX INTERNAT PARTNERS,15,2012,2013,T2_PREFIX,0
21945,XRX,XEROX CORP,XEROX,XEROX BUSINESS SERVICES LLC,XEROX BUS SERVICES,14,2012,2013,T2_PREFIX,0
21945,XRX,XEROX CORP,XEROX,XEROX CORPORTATION,XEROX CORPORTATION,8,2011,2015,T2_PREFIX,0
21945,XRX,XEROX CORP,XEROX,XEROX COPORATION,XEROX COPORATION,4,2012,2013,T2_PREFIX,0
53896,XYL,XYLEM INC,XYLEM,XYLEM EUROPE GMBH,XYLEM EUROPE,45,2017,2022,T2_PREFIX,0
53896,XYL,XYLEM INC,XYLEM,XYLEM IP MAN SARL,XYLEM IP MAN,39,2013,2019,T2_PREFIX,0
53896,XYL,XYLEM INC,XYLEM,XYLEM IP HOLDINGS LLC,XYLEM IP,33,2010,2019,T2_PREFIX,0
53896,XYL,XYLEM INC,XYLEM,XYLEM WATER SOLUTIONS ZELIENOPLE LLC,XYLEM WATER SOLUTIONS ZELIENOPLE,27,2011,2023,T2_PREFIX,0
53896,XYL,XYLEM INC,XYLEM,XYLEM WATER SOLUTIONS U S A INC,XYLEM WATER SOLUTIONS U S A,8,2012,2022,T2_PREFIX,0
53896,XYL,XYLEM INC,XYLEM,Xylem Water Solutions Herford GmbH,XYLEM WATER SOLUTIONS HERFORD,4,2013,2014,T2_PREFIX,0
53896,XYL,XYLEM INC,XYLEM,XYLEM IP MAN S A R I,XYLEM IP MAN S A R I,3,2016,2017,T2_PREFIX,0
14521,YHOO,YAHOO INC,YAHOO,YAHOO INC,YAHOO,1859,2010,2020,T1_EXACT,0
14521,YHOO,YAHOO INC,YAHOO,YAHOO JAPAN CORP,YAHOO JAPAN,315,2013,2022,T2_PREFIX,0
14521,YHOO,YAHOO INC,YAHOO,YAHOO ASSETS LLC,YAHOO ASSETS,268,2020,2025,T2_PREFIX,0
14521,YHOO,YAHOO INC,YAHOO,YAHOO AD TECH LLC,YAHOO AD TECH,110,2018,2025,T2_PREFIX,0
14521,YHOO,YAHOO INC,YAHOO,YAHOO HOLDINGS INC,YAHOO,93,2016,2022,T1_EXACT,0
14521,YHOO,YAHOO INC,YAHOO,YAHOO INC A DELAWARE CORP,YAHOO INC A DELAWARE,5,2010,2011,T2_PREFIX,0
11092,ZBRA,ZEBRA TECHNOLOGIES CORP,ZEBRA TECH,ZEBRA TECH CORP,ZEBRA TECH,1044,2017,2025,T1_EXACT,0
53853,ZG,ZILLOW GROUP INC,ZILLOW,ZILLOW INC,ZILLOW,29,2013,2022,T1_EXACT,0
53853,ZG,ZILLOW GROUP INC,ZILLOW,ZILLOW GROUP INC,ZILLOW,17,2017,2020,T1_EXACT,0
