permco,primary_ticker,primary_name,matched_from_name,assignee_name,assignee_core,n_publications,first_filing_year,last_filing_year,tier,risky_short_name
36364,A,AGILENT TECHNOLOGIES INC,AGILENT TECH,AGILENT TECHNOLGIES INC,AGILENT TECHNOLGIES,3,2010,2012,T3_REVIEW,0
7,AAPL,APPLE INC,APPLE,APPLE COMPUTER,APPLE COMPUTER,12,2010,2012,T3_REVIEW,1
7,AAPL,APPLE INC,APPLE,APPLE INC A CALIFORNIA CORP,APPLE INC A CALIFORNIA,6,2010,2012,T3_REVIEW,1
8476,ADBE,ADOBE SYSTEMS INC,ADOBE SYS,ADOBE INC,ADOBE,3214,2017,2025,T3_REVIEW,0
8476,ADBE,ADOBE SYSTEMS INC,ADOBE SYS,ADOBE SYSTEM INC,ADOBE SYSTEM,5,2012,2013,T3_REVIEW,0
41154,ALGN,ALIGN TECHNOLOGY INC,ALIGN TECH,ALIGN MACHINE WORKS LLC,ALIGN MACHINE WORKS,9,2019,2022,T3_REVIEW,0
41154,ALGN,ALIGN TECHNOLOGY INC,ALIGN TECH,ALIGN COMMERCE CORP,ALIGN COMMERCE,3,2015,2016,T3_REVIEW,0
56117,ALTR,ALTAIR ENGINEERING INC,ALTAIR ENGINEERING,ALTAIR ENG INC,ALTAIR ENG,76,2010,2025,T3_REVIEW,0
56117,ALTR,ALTAIR ENGINEERING INC,ALTAIR ENGINEERING,ALTAIR SEMICONDUCTOR LTD,ALTAIR SEMICONDUCTOR,16,2010,2022,T3_REVIEW,0
56117,ALTR,ALTAIR ENGINEERING INC,ALTAIR ENGINEERING,ALTAIR UK LTD,ALTAIR UK,3,2020,2023,T3_REVIEW,0
29487,ALU,ALCATEL LUCENT,ALCATEL LUCENT,ALCATEL SUBMARCOM,ALCATEL SUBMARCOM,15,2018,2025,T3_REVIEW,0
194,AMAT,APPLIED MATERIALS INC,APPLIED MATERIALS,APPLIED MED RESOURCES,APPLIED MED RESOURCES,448,2010,2025,T3_REVIEW,0
194,AMAT,APPLIED MATERIALS INC,APPLIED MATERIALS,APPLIED BIOSYSTEMS LLC,APPLIED BIOSYSTEMS,310,2010,2022,T3_REVIEW,0
194,AMAT,APPLIED MATERIALS INC,APPLIED MATERIALS,APPLIED OPTOELECTRONICS INC,APPLIED OPTOELECTRONICS,136,2010,2025,T3_REVIEW,0
194,AMAT,APPLIED MATERIALS INC,APPLIED MATERIALS,APPLIED RES ASSOCIATES INC,APPLIED RES ASSOCIATES,101,2010,2025,T3_REVIEW,0
194,AMAT,APPLIED MATERIALS INC,APPLIED MATERIALS,APPLIED MICRO CIRCUITS CORP,APPLIED MICRO CIRCUITS,84,2010,2016,T3_REVIEW,0
194,AMAT,APPLIED MATERIALS INC,APPLIED MATERIALS,APPLIED MINDS LLC,APPLIED MINDS,77,2012,2025,T3_REVIEW,0
194,AMAT,APPLIED MATERIALS INC,APPLIED MATERIALS,APPLIED NANOSTRUCTURED SOLS,APPLIED NANOSTRUCTURED SOLS,50,2010,2019,T3_REVIEW,0
194,AMAT,APPLIED MATERIALS INC,APPLIED MATERIALS,APPLIED NANOTECH HOLDINGS INC,APPLIED NANOTECH,32,2010,2013,T3_REVIEW,0
194,AMAT,APPLIED MATERIALS INC,APPLIED MATERIALS,APPLIED INVENT LLC,APPLIED INVENT,31,2016,2025,T3_REVIEW,0
194,AMAT,APPLIED MATERIALS INC,APPLIED MATERIALS,APPLIED MAT ITALIA SRL,APPLIED MAT ITALIA,30,2014,2022,T3_REVIEW,0
194,AMAT,APPLIED MATERIALS INC,APPLIED MATERIALS,APPLIED MED TECH INC,APPLIED MED TECH,26,2011,2024,T3_REVIEW,0
194,AMAT,APPLIED MATERIALS INC,APPLIED MATERIALS,APPLIED SOFTWARE TECH INC,APPLIED SOFTWARE TECH,25,2015,2022,T3_REVIEW,0
194,AMAT,APPLIED MATERIALS INC,APPLIED MATERIALS,APPLIED MOLECULAR TRANSPORT INC,APPLIED MOLECULAR TRANSPORT,25,2018,2023,T3_REVIEW,0
194,AMAT,APPLIED MATERIALS INC,APPLIED MATERIALS,APPLIED BRAIN RES INC,APPLIED BRAIN RES,24,2013,2025,T3_REVIEW,0
194,AMAT,APPLIED MATERIALS INC,APPLIED MATERIALS,APPLIED MAT INC,APPLIED MAT,23,2024,2025,T3_REVIEW,0
194,AMAT,APPLIED MATERIALS INC,APPLIED MATERIALS,APPLIED CONCEPTS INC,APPLIED CONCEPTS,23,2013,2025,T3_REVIEW,0
194,AMAT,APPLIED MATERIALS INC,APPLIED MATERIALS,APPLIED SILVER INC,APPLIED SILVER,22,2013,2024,T3_REVIEW,0
194,AMAT,APPLIED MATERIALS INC,APPLIED MATERIALS,APPLIED STEMCELL INC,APPLIED STEMCELL,19,2011,2023,T3_REVIEW,0
194,AMAT,APPLIED MATERIALS INC,APPLIED MATERIALS,APPLIED TRANSF LLC,APPLIED TRANSF,18,2016,2025,T3_REVIEW,0
194,AMAT,APPLIED MATERIALS INC,APPLIED MATERIALS,APPLIED PHARMA RES,APPLIED PHARMA RES,17,2010,2023,T3_REVIEW,0
194,AMAT,APPLIED MATERIALS INC,APPLIED MATERIALS,APPLIED BIOLOGY INC,APPLIED BIOLOGY,17,2013,2022,T3_REVIEW,0
194,AMAT,APPLIED MATERIALS INC,APPLIED MATERIALS,APPLIED DNA SCIENCES INC,APPLIED DNA SCIENT,16,2010,2024,T3_REVIEW,0
194,AMAT,APPLIED MATERIALS INC,APPLIED MATERIALS,APPLIED GENETIC TECH CORPORATION,APPLIED GENETIC TECH,15,2017,2023,T3_REVIEW,0
194,AMAT,APPLIED MATERIALS INC,APPLIED MATERIALS,APPLIED PRECISION INC,APPLIED PREC,15,2010,2017,T3_REVIEW,0
194,AMAT,APPLIED MATERIALS INC,APPLIED MATERIALS,APPLIED RES WORKS INC,APPLIED RES WORKS,13,2012,2015,T3_REVIEW,0
194,AMAT,APPLIED MATERIALS INC,APPLIED MATERIALS,APPLIED CAVITATION INC,APPLIED CAVITATION,13,2013,2025,T3_REVIEW,0
194,AMAT,APPLIED MATERIALS INC,APPLIED MATERIALS,APPLIED THIN FILMS INC,APPLIED THIN FILMS,13,2011,2025,T3_REVIEW,0
194,AMAT,APPLIED MATERIALS INC,APPLIED MATERIALS,APPLIED CELLS INC,APPLIED CELLS,12,2021,2025,T3_REVIEW,0
194,AMAT,APPLIED MATERIALS INC,APPLIED MATERIALS,APPLIED TISSUE TECH LLC,APPLIED TISSUE TECH,12,2016,2025,T3_REVIEW,0
194,AMAT,APPLIED MATERIALS INC,APPLIED MATERIALS,APPLIED FT COMPOSITE SOLUTIONS INC,APPLIED FT COMPOSITE SOLUTIONS,12,2010,2024,T3_REVIEW,0
194,AMAT,APPLIED MATERIALS INC,APPLIED MATERIALS,APPLIED VISION CORP,APPLIED VISION,12,2011,2024,T3_REVIEW,0
194,AMAT,APPLIED MATERIALS INC,APPLIED MATERIALS,APPLIED SIGNALS INTELLIGENCE INC,APPLIED SIGNALS INTELLIGENCE,12,2012,2025,T3_REVIEW,0
194,AMAT,APPLIED MATERIALS INC,APPLIED MATERIALS,APPLIED PHYSICS INC,APPLIED PHYSICS,11,2022,2025,T3_REVIEW,0
194,AMAT,APPLIED MATERIALS INC,APPLIED MATERIALS,APPLIED BIOPHOTONICS LTD,APPLIED BIOPHOTONICS,11,2013,2022,T3_REVIEW,0
194,AMAT,APPLIED MATERIALS INC,APPLIED MATERIALS,Applied Electric Vehicles Ltd,APPLIED ELEC VEHICLES,11,2024,2024,T3_REVIEW,0
194,AMAT,APPLIED MATERIALS INC,APPLIED MATERIALS,APPLIED GRAPHENE MAT UK LTD,APPLIED GRAPHENE MAT UK,10,2018,2020,T3_REVIEW,0
194,AMAT,APPLIED MATERIALS INC,APPLIED MATERIALS,APPLIED CARDIOVASCULAR SOLUTIONS LLC,APPLIED CARDIOVASCULAR SOLUTIONS,10,2014,2024,T3_REVIEW,0
194,AMAT,APPLIED MATERIALS INC,APPLIED MATERIALS,APPLIED THERAPEUTICS INC,APPLIED THERAPEUTICS,10,2018,2025,T3_REVIEW,0
194,AMAT,APPLIED MATERIALS INC,APPLIED MATERIALS,APPLIED INTUITION INC,APPLIED INTUITION,10,2019,2025,T3_REVIEW,0
194,AMAT,APPLIED MATERIALS INC,APPLIED MATERIALS,APPLIED BIOMIMETIC AS,APPLIED BIOMIMETIC,10,2015,2022,T3_REVIEW,0
194,AMAT,APPLIED MATERIALS INC,APPLIED MATERIALS,APPLIED ENERGETICS INC,APPLIED ENERGETICS,10,2012,2023,T3_REVIEW,0
194,AMAT,APPLIED MATERIALS INC,APPLIED MATERIALS,APPLIED PROTEOMICS INC,APPLIED PROTEOMICS,10,2013,2017,T3_REVIEW,0
194,AMAT,APPLIED MATERIALS INC,APPLIED MATERIALS,APPLIED OPTICAL SYSTEMS INC,APPLIED OPTICAL SYS,9,2010,2015,T3_REVIEW,0
194,AMAT,APPLIED MATERIALS INC,APPLIED MATERIALS,APPLIED BIOTECHNOLOGY INST INC,APPLIED BIOTECHNOLOGY INST,9,2012,2024,T3_REVIEW,0
194,AMAT,APPLIED MATERIALS INC,APPLIED MATERIALS,APPLIED RES LLC,APPLIED RES,8,2016,2023,T3_REVIEW,0
194,AMAT,APPLIED MATERIALS INC,APPLIED MATERIALS,APPLIED COGNITION INC,APPLIED COGNITION,8,2022,2025,T3_REVIEW,0
194,AMAT,APPLIED MATERIALS INC,APPLIED MATERIALS,APPLIED LIFESCIENCES AND SYSTEMS LLC,APPLIED LIFESCIENCES AND SYS,8,2016,2021,T3_REVIEW,0
194,AMAT,APPLIED MATERIALS INC,APPLIED MATERIALS,APPLIED FOOD SCIENCES INC,APPLIED FOOD SCIENT,8,2010,2021,T3_REVIEW,0
194,AMAT,APPLIED MATERIALS INC,APPLIED MATERIALS,APPLIED INDUSTRIAL TECH INC,APPLIED IND TECH,8,2018,2025,T3_REVIEW,0
194,AMAT,APPLIED MATERIALS INC,APPLIED MATERIALS,APPLIED ACADEMICS LLC,APPLIED ACADEMICS,8,2013,2015,T3_REVIEW,0
194,AMAT,APPLIED MATERIALS INC,APPLIED MATERIALS,APPLIED BIOLOGICS LLC,APPLIED BIOLOGICS,8,2015,2017,T3_REVIEW,0
194,AMAT,APPLIED MATERIALS INC,APPLIED MATERIALS,APPLIED HYBRID ENERGY PTY LTD,APPLIED HYBRID ENERGY,8,2010,2024,T3_REVIEW,0
194,AMAT,APPLIED MATERIALS INC,APPLIED MATERIALS,APPLIED BIOSYSTEM LLC,APPLIED BIOSYSTEM,8,2013,2019,T3_REVIEW,0
194,AMAT,APPLIED MATERIALS INC,APPLIED MATERIALS,APPLIED SYSTEM TECH INC,APPLIED SYSTEM TECH,7,2022,2024,T3_REVIEW,0
194,AMAT,APPLIED MATERIALS INC,APPLIED MATERIALS,APPLIED SYSTEMS INC,APPLIED SYS,7,2012,2015,T3_REVIEW,0
194,AMAT,APPLIED MATERIALS INC,APPLIED MATERIALS,APPLIED CARDIAC SYSTEMS INC,APPLIED CARDIAC SYS,7,2010,2021,T3_REVIEW,0
194,AMAT,APPLIED MATERIALS INC,APPLIED MATERIALS,APPLIED MATERIAL INC,APPLIED MATERIAL,7,2010,2014,T3_REVIEW,0
194,AMAT,APPLIED MATERIALS INC,APPLIED MATERIALS,APPLIED PHYSICAL SCIENCES CORP,APPLIED PHYSICAL SCIENT,7,2011,2017,T3_REVIEW,0
194,AMAT,APPLIED MATERIALS INC,APPLIED MATERIALS,APPLIED RECOGNITION INC,APPLIED RECOGNITION,7,2014,2018,T3_REVIEW,0
194,AMAT,APPLIED MATERIALS INC,APPLIED MATERIALS,APPLIED INV LLC,APPLIED INV,7,2014,2016,T3_REVIEW,0
194,AMAT,APPLIED MATERIALS INC,APPLIED MATERIALS,APPLIED RES ASS INC,APPLIED RES ASS,6,2015,2017,T3_REVIEW,0
194,AMAT,APPLIED MATERIALS INC,APPLIED MATERIALS,APPLIED COMM SCIENCES,APPLIED COMM SCIENT,6,2012,2013,T3_REVIEW,0
194,AMAT,APPLIED MATERIALS INC,APPLIED MATERIALS,APPLIED PHARMACEUTICAL SCIENCE INC,APPLIED PHARMACEUTICAL SCIENT,6,2012,2022,T3_REVIEW,0
194,AMAT,APPLIED MATERIALS INC,APPLIED MATERIALS,APPLIED WIRELESS IDENTIFICATIONS GROUP INC,APPLIED WIRELESS IDENTIFICATIONS,6,2014,2016,T3_REVIEW,0
194,AMAT,APPLIED MATERIALS INC,APPLIED MATERIALS,APPLIED FOOD BIOTECH INC,APPLIED FOOD BIOTECH,6,2014,2017,T3_REVIEW,0
194,AMAT,APPLIED MATERIALS INC,APPLIED MATERIALS,APPLIED BIOCODE INC,APPLIED BIOCODE,6,2010,2023,T3_REVIEW,0
194,AMAT,APPLIED MATERIALS INC,APPLIED MATERIALS,APPLIED NANOPARTICLE LAB CORP,APPLIED NANOPARTICLE LAB,6,2010,2013,T3_REVIEW,0
194,AMAT,APPLIED MATERIALS INC,APPLIED MATERIALS,APPLIED ELECTRONIC MAT LLC,APPLIED ELECTRONIC MAT,6,2016,2021,T3_REVIEW,0
194,AMAT,APPLIED MATERIALS INC,APPLIED MATERIALS,APPLIED BIOKINETICS LLC,APPLIED BIOKINETICS,6,2016,2024,T3_REVIEW,0
194,AMAT,APPLIED MATERIALS INC,APPLIED MATERIALS,APPLIED NANOSTRUCTURES INC,APPLIED NANOSTRUCTURES,5,2010,2016,T3_REVIEW,0
194,AMAT,APPLIED MATERIALS INC,APPLIED MATERIALS,APPLIED NANO SURFACES SWEDEN AB,APPLIED NANO SURFACES SWEDEN,5,2010,2018,T3_REVIEW,0
194,AMAT,APPLIED MATERIALS INC,APPLIED MATERIALS,APPLIED MECHATRONIC PRODUCTS LLC,APPLIED MECHATRONIC PRODUCTS,5,2018,2019,T3_REVIEW,0
194,AMAT,APPLIED MATERIALS INC,APPLIED MATERIALS,APPLIED BIOLOGICAL LABORATORIES INC,APPLIED BIOLOGICAL LAB,5,2017,2021,T3_REVIEW,0
194,AMAT,APPLIED MATERIALS INC,APPLIED MATERIALS,APPLIED NANOTECH INC,APPLIED NANOTECH,5,2010,2020,T3_REVIEW,0
194,AMAT,APPLIED MATERIALS INC,APPLIED MATERIALS,APPLIED MICROSTRUCTURES INC,APPLIED MICROSTRUCTURES,5,2010,2014,T3_REVIEW,0
194,AMAT,APPLIED MATERIALS INC,APPLIED MATERIALS,APPLIED SILICONE CORP,APPLIED SILICONE,5,2011,2014,T3_REVIEW,0
194,AMAT,APPLIED MATERIALS INC,APPLIED MATERIALS,APPLIED DESIGN & ENG LTD,APPLIED DESIGN ENG,5,2011,2014,T3_REVIEW,0
194,AMAT,APPLIED MATERIALS INC,APPLIED MATERIALS,APPLIED MEMBRANE TECH INC,APPLIED MEMBRANE TECH,5,2018,2023,T3_REVIEW,0
194,AMAT,APPLIED MATERIALS INC,APPLIED MATERIALS,APPLIED SPECTRA INC,APPLIED SPECTRA,5,2010,2023,T3_REVIEW,0
194,AMAT,APPLIED MATERIALS INC,APPLIED MATERIALS,APPLIED MAT SOLUTIONS INC,APPLIED MAT SOLUTIONS,5,2016,2020,T3_REVIEW,0
194,AMAT,APPLIED MATERIALS INC,APPLIED MATERIALS,APPLIED GENETIC TECHNOLOGIES CORP,APPLIED GENETIC TECH,4,2010,2015,T3_REVIEW,0
194,AMAT,APPLIED MATERIALS INC,APPLIED MATERIALS,APPLIED CONCEPTS AIRCRAFT SOLUTIONS INC,APPLIED CONCEPTS AIRCRAFT SOLUTIONS,4,2011,2013,T3_REVIEW,0
194,AMAT,APPLIED MATERIALS INC,APPLIED MATERIALS,APPLIED METHODS INC,APPLIED METHODS,4,2019,2020,T3_REVIEW,0
194,AMAT,APPLIED MATERIALS INC,APPLIED MATERIALS,APPLIED MOLECULAR EVOLUTION,APPLIED MOLECULAR EVOLUTION,4,2010,2013,T3_REVIEW,0
194,AMAT,APPLIED MATERIALS INC,APPLIED MATERIALS,APPLIED QUANTUM TECHNOLOGY LLC,APPLIED QUANTUM TECH,4,2010,2010,T3_REVIEW,0
194,AMAT,APPLIED MATERIALS INC,APPLIED MATERIALS,APPLIED TECH LIMITED PARTNERSHIP,APPLIED TECH LIMITED PARTNERSHIP,4,2019,2024,T3_REVIEW,0
194,AMAT,APPLIED MATERIALS INC,APPLIED MATERIALS,APPLIED UNDERWRITERS INC,APPLIED UNDERWRITERS,4,2016,2025,T3_REVIEW,0
194,AMAT,APPLIED MATERIALS INC,APPLIED MATERIALS,APPLIED TECH ASS,APPLIED TECH ASS,4,2015,2016,T3_REVIEW,0
194,AMAT,APPLIED MATERIALS INC,APPLIED MATERIALS,APPLIED MOBILITY DEVICES LLC,APPLIED MOBILITY DEVICES,4,2018,2019,T3_REVIEW,0
194,AMAT,APPLIED MATERIALS INC,APPLIED MATERIALS,APPLIED QUANTUM ENERGY LLC,APPLIED QUANTUM ENERGY,4,2012,2014,T3_REVIEW,0
194,AMAT,APPLIED MATERIALS INC,APPLIED MATERIALS,APPLIED PHYSICAL ELECTRONICS L C,APPLIED PHYSICAL ELECTRONICS L C,4,2013,2015,T3_REVIEW,0
194,AMAT,APPLIED MATERIALS INC,APPLIED MATERIALS,APPLIED CAPITAL INC,APPLIED CAPITAL,4,2013,2020,T3_REVIEW,0
194,AMAT,APPLIED MATERIALS INC,APPLIED MATERIALS,APPLIED VOICE & SPEECH TECHNOLOGIES INC,APPLIED VOICE SPEECH TECH,4,2010,2015,T3_REVIEW,0
194,AMAT,APPLIED MATERIALS INC,APPLIED MATERIALS,APPLIED BIO RES INC,APPLIED BIO RES,4,2013,2024,T3_REVIEW,0
194,AMAT,APPLIED MATERIALS INC,APPLIED MATERIALS,APPLIED SEPARATIONS INC,APPLIED SEPARATIONS,4,2011,2018,T3_REVIEW,0
194,AMAT,APPLIED MATERIALS INC,APPLIED MATERIALS,APPLIED SIGNAL TECHNOLOGY INC,APPLIED SIGNAL TECH,4,2010,2010,T3_REVIEW,0
194,AMAT,APPLIED MATERIALS INC,APPLIED MATERIALS,APPLIED CLEANTECH INC,APPLIED CLEANTECH,4,2010,2014,T3_REVIEW,0
194,AMAT,APPLIED MATERIALS INC,APPLIED MATERIALS,APPLIED THERMOELECTRIC SOLUTIONS LLC,APPLIED THERMOELECTRIC SOLUTIONS,4,2019,2023,T3_REVIEW,0
194,AMAT,APPLIED MATERIALS INC,APPLIED MATERIALS,APPLIED PARTICLE TECH INC,APPLIED PARTICLE TECH,3,2019,2020,T3_REVIEW,0
194,AMAT,APPLIED MATERIALS INC,APPLIED MATERIALS,APPLIED IMPACT ROBOTICS INC,APPLIED IMPACT ROBOTICS,3,2021,2023,T3_REVIEW,0
194,AMAT,APPLIED MATERIALS INC,APPLIED MATERIALS,APPLIED LACQUER IND INC,APPLIED LACQUER IND,3,2021,2024,T3_REVIEW,0
194,AMAT,APPLIED MATERIALS INC,APPLIED MATERIALS,APPLIED STRUCTURAL MAT LLC,APPLIED STRUCTURAL MAT,3,2017,2021,T3_REVIEW,0
194,AMAT,APPLIED MATERIALS INC,APPLIED MATERIALS,APPLIED QUANTUM TECHNOLOGIES INC,APPLIED QUANTUM TECH,3,2010,2013,T3_REVIEW,0
194,AMAT,APPLIED MATERIALS INC,APPLIED MATERIALS,APPLIED EXPLOSIVES TECHNOLOGY PTY LTD,APPLIED EXPLOSIVES TECH,3,2011,2016,T3_REVIEW,0
194,AMAT,APPLIED MATERIALS INC,APPLIED MATERIALS,APPLIED SPECTRAL IMAGING LTD,APPLIED SPECTRAL IMAGING,3,2010,2016,T3_REVIEW,0
194,AMAT,APPLIED MATERIALS INC,APPLIED MATERIALS,APPLIED PHOTOPHYSICS LTD,APPLIED PHOTOPHYSICS,3,2017,2019,T3_REVIEW,0
194,AMAT,APPLIED MATERIALS INC,APPLIED MATERIALS,APPLIED NUEROLOGICS LLC,APPLIED NUEROLOGICS,3,2016,2018,T3_REVIEW,0
194,AMAT,APPLIED MATERIALS INC,APPLIED MATERIALS,APPLIED MOTION SYSTEMS INC,APPLIED MOTION SYS,3,2019,2025,T3_REVIEW,0
194,AMAT,APPLIED MATERIALS INC,APPLIED MATERIALS,APPLIED CRYO TECH INC,APPLIED CRYO TECH,3,2018,2020,T3_REVIEW,0
194,AMAT,APPLIED MATERIALS INC,APPLIED MATERIALS,APPLIED SENSOR RES & DEV CORP,APPLIED SENSOR RES DEV,3,2012,2013,T3_REVIEW,0
194,AMAT,APPLIED MATERIALS INC,APPLIED MATERIALS,Applied Electric Vehicles Pty Ltd,APPLIED ELEC VEHICLES,3,2019,2021,T3_REVIEW,0
194,AMAT,APPLIED MATERIALS INC,APPLIED MATERIALS,APPLIED MATERIAS INC,APPLIED MATERIAS,3,2019,2022,T3_REVIEW,0
194,AMAT,APPLIED MATERIALS INC,APPLIED MATERIALS,Applied Blockchain LTD,APPLIED BLOCKCHAIN,3,2021,2025,T3_REVIEW,0
194,AMAT,APPLIED MATERIALS INC,APPLIED MATERIALS,APPLIED BIOPHYSICS INC,APPLIED BIOPHYSICS,3,2012,2015,T3_REVIEW,0
194,AMAT,APPLIED MATERIALS INC,APPLIED MATERIALS,APPLIED MAT GROUP LLC,APPLIED MAT,3,2020,2024,T3_REVIEW,0
194,AMAT,APPLIED MATERIALS INC,APPLIED MATERIALS,APPLIED BIOSENSORS LLC,APPLIED BIOSENSORS,3,2016,2018,T3_REVIEW,0
194,AMAT,APPLIED MATERIALS INC,APPLIED MATERIALS,APPLIED PLASMA INC,APPLIED PLASMA,3,2021,2022,T3_REVIEW,0
194,AMAT,APPLIED MATERIALS INC,APPLIED MATERIALS,APPLIED RESEARCH SYSTEMS,APPLIED RES SYS,3,2010,2011,T3_REVIEW,0
194,AMAT,APPLIED MATERIALS INC,APPLIED MATERIALS,APPLIED MOLECULAR EVOLUTION INC,APPLIED MOLECULAR EVOLUTION,3,2017,2021,T3_REVIEW,0
194,AMAT,APPLIED MATERIALS INC,APPLIED MATERIALS,APPLIED ENG CONCEPTS INC,APPLIED ENG CONCEPTS,3,2021,2023,T3_REVIEW,0
194,AMAT,APPLIED MATERIALS INC,APPLIED MATERIALS,APPLIED CARBON INC,APPLIED CARBON,3,2025,2025,T3_REVIEW,0
194,AMAT,APPLIED MATERIALS INC,APPLIED MATERIALS,APPLIED QUANTUM ENGERIES LLC,APPLIED QUANTUM ENGERIES,3,2016,2020,T3_REVIEW,0
194,AMAT,APPLIED MATERIALS INC,APPLIED MATERIALS,APPLIED MOLECULAR TRANSP LLC,APPLIED MOLECULAR TRANSP,3,2015,2017,T3_REVIEW,0
194,AMAT,APPLIED MATERIALS INC,APPLIED MATERIALS,APPLIED TECHNOLOGY HOLDINGS IN,APPLIED TECH HOLDINGS IN,3,2010,2010,T3_REVIEW,0
194,AMAT,APPLIED MATERIALS INC,APPLIED MATERIALS,APPLIED BIOMEDICAL SCIENCE INST,APPLIED BIOMEDICAL SCIENT INST,3,2022,2025,T3_REVIEW,0
211,AMD,ADVANCED MICRO DEVICES INC,ADVANCED MICRO DEVICES,ADVANCED RISC MACH LTD,ADVANCED RISC MACH,3256,2010,2025,T3_REVIEW,0
211,AMD,ADVANCED MICRO DEVICES INC,ADVANCED MICRO DEVICES,ADVANCED SEMICONDUCTOR ENG,ADVANCED SEMICONDUCTOR ENG,1521,2010,2025,T3_REVIEW,0
211,AMD,ADVANCED MICRO DEVICES INC,ADVANCED MICRO DEVICES,ADVANCED NEW TECHNOLOGIES CO LTD,ADVANCED NEW TECH,533,2013,2024,T3_REVIEW,0
211,AMD,ADVANCED MICRO DEVICES INC,ADVANCED MICRO DEVICES,ADVANCED OPTOELECTRONIC TECH,ADVANCED OPTOELECTRONIC TECH,464,2010,2024,T3_REVIEW,0
211,AMD,ADVANCED MICRO DEVICES INC,ADVANCED MICRO DEVICES,ADVANCED BIONICS AG,ADVANCED BIONICS,370,2010,2025,T3_REVIEW,0
211,AMD,ADVANCED MICRO DEVICES INC,ADVANCED MICRO DEVICES,ADVANCED ENERGY IND INC,ADVANCED ENERGY IND,306,2010,2025,T3_REVIEW,0
211,AMD,ADVANCED MICRO DEVICES INC,ADVANCED MICRO DEVICES,ADVANCED CONNECTEK INC,ADVANCED CONNECTEK,296,2010,2025,T3_REVIEW,0
211,AMD,ADVANCED MICRO DEVICES INC,ADVANCED MICRO DEVICES,ADVANCED NEUROMODULATION SYSTEMS INC,ADVANCED NEUROMODULATION SYS,225,2016,2025,T3_REVIEW,0
211,AMD,ADVANCED MICRO DEVICES INC,ADVANCED MICRO DEVICES,ADVANCED TECH MATERIALS,ADVANCED TECH MATERIALS,201,2010,2016,T3_REVIEW,0
211,AMD,ADVANCED MICRO DEVICES INC,ADVANCED MICRO DEVICES,ADVANCED LIQUID LOGIC INC,ADVANCED LIQUID LOGIC,131,2010,2025,T3_REVIEW,0
211,AMD,ADVANCED MICRO DEVICES INC,ADVANCED MICRO DEVICES,ADVANCED DIGITAL BROADCAST SA,ADVANCED DIGITAL BROADCAST,121,2010,2023,T3_REVIEW,0
211,AMD,ADVANCED MICRO DEVICES INC,ADVANCED MICRO DEVICES,ADVANCED CARDIOVASCULAR SYSTEM,ADVANCED CARDIOVASCULAR SYSTEM,116,2010,2015,T3_REVIEW,0
211,AMD,ADVANCED MICRO DEVICES INC,ADVANCED MICRO DEVICES,ADVANCED DRAINAGE SYST,ADVANCED DRAINAGE SYS,93,2010,2025,T3_REVIEW,0
211,AMD,ADVANCED MICRO DEVICES INC,ADVANCED MICRO DEVICES,ADVANCED NEUROMODULATION SYS,ADVANCED NEUROMODULATION SYS,78,2010,2015,T3_REVIEW,0
211,AMD,ADVANCED MICRO DEVICES INC,ADVANCED MICRO DEVICES,ADVANCED ION BEAM TECH INC,ADVANCED ION BEAM TECH,62,2010,2024,T3_REVIEW,0
211,AMD,ADVANCED MICRO DEVICES INC,ADVANCED MICRO DEVICES,ADVANCED BIONICS LLC,ADVANCED BIONICS,58,2010,2025,T3_REVIEW,0
211,AMD,ADVANCED MICRO DEVICES INC,ADVANCED MICRO DEVICES,ADVANCED ANALOGIC TECH INC,ADVANCED ANALOGIC TECH,49,2010,2016,T3_REVIEW,0
211,AMD,ADVANCED MICRO DEVICES INC,ADVANCED MICRO DEVICES,ADVANCED BIFURCATION SYSTEMS INC,ADVANCED BIFURCATION SYS,47,2011,2025,T3_REVIEW,0
211,AMD,ADVANCED MICRO DEVICES INC,ADVANCED MICRO DEVICES,ADVANCED MICRO FABRICATION EQUIPMENT INC CHINA,ADVANCED MICRO FABRICATION EQUIP INC CHINA,44,2017,2024,T3_REVIEW,0
211,AMD,ADVANCED MICRO DEVICES INC,ADVANCED MICRO DEVICES,ADVANCED SOLUTIONS LIFE SCIENCES LLC,ADVANCED SOLUTIONS LIFE SCIENT,39,2014,2023,T3_REVIEW,0
211,AMD,ADVANCED MICRO DEVICES INC,ADVANCED MICRO DEVICES,ADVANCED ARCH PRODUCTS LLC,ADVANCED ARCH PRODUCTS,38,2016,2025,T3_REVIEW,0
211,AMD,ADVANCED MICRO DEVICES INC,ADVANCED MICRO DEVICES,ADVANCED CELL DIAGNOSTICS INC,ADVANCED CELL DIAGNOSTICS,36,2010,2025,T3_REVIEW,0
211,AMD,ADVANCED MICRO DEVICES INC,ADVANCED MICRO DEVICES,ADVANCED CELL TECH INC,ADVANCED CELL TECH,35,2010,2018,T3_REVIEW,0
211,AMD,ADVANCED MICRO DEVICES INC,ADVANCED MICRO DEVICES,ADVANCED INT MULTITECH CO LTD,ADVANCED INT MULTITECH,33,2010,2024,T3_REVIEW,0
211,AMD,ADVANCED MICRO DEVICES INC,ADVANCED MICRO DEVICES,ADVANCED BIOCATALYTICS CORP,ADVANCED BIOCATALYTICS,32,2010,2023,T3_REVIEW,0
211,AMD,ADVANCED MICRO DEVICES INC,ADVANCED MICRO DEVICES,ADVANCED BIO PROSTHETIC SURFAC,ADVANCED BIO PROSTHETIC SURFAC,31,2010,2015,T3_REVIEW,0
211,AMD,ADVANCED MICRO DEVICES INC,ADVANCED MICRO DEVICES,ADVANCED LITHIUM ELECTROCHEMISTRY CO LTD,ADVANCED LITHIUM ELECTROCHEMISTRY,31,2012,2024,T3_REVIEW,0
211,AMD,ADVANCED MICRO DEVICES INC,ADVANCED MICRO DEVICES,ADVANCED BIONUTRITION CORP,ADVANCED BIONUTRITION,27,2012,2025,T3_REVIEW,0
211,AMD,ADVANCED MICRO DEVICES INC,ADVANCED MICRO DEVICES,ADVANCED ELEMENTAL TECH INC,ADVANCED ELEMENTAL TECH,27,2016,2025,T3_REVIEW,0
211,AMD,ADVANCED MICRO DEVICES INC,ADVANCED MICRO DEVICES,ADVANCED TECH EMISSION SOLUTIONS INC,ADVANCED TECH EMISSION SOLUTIONS,26,2016,2021,T3_REVIEW,0
211,AMD,ADVANCED MICRO DEVICES INC,ADVANCED MICRO DEVICES,ADVANCED MAGNET LAB INC,ADVANCED MAGNET LAB,26,2011,2024,T3_REVIEW,0
211,AMD,ADVANCED MICRO DEVICES INC,ADVANCED MICRO DEVICES,ADVANCED BRAIN MONITORING INC,ADVANCED BRAIN MONITORING,23,2010,2025,T3_REVIEW,0
211,AMD,ADVANCED MICRO DEVICES INC,ADVANCED MICRO DEVICES,ADVANCED BATTERY CONCEPTS LLC,ADVANCED BATTERY CONCEPTS,23,2010,2024,T3_REVIEW,0
211,AMD,ADVANCED MICRO DEVICES INC,ADVANCED MICRO DEVICES,ADVANCED TELECOMMUNICATIONS RES INSTITUTE INTERNATIONAL,ADVANCED TELECOMMUNICATIONS RES INSTITUTE INT,23,2015,2024,T3_REVIEW,0
211,AMD,ADVANCED MICRO DEVICES INC,ADVANCED MICRO DEVICES,ADVANCED POWER DEVICE RES ASS,ADVANCED POWER DEVICE RES ASS,22,2011,2013,T3_REVIEW,0
211,AMD,ADVANCED MICRO DEVICES INC,ADVANCED MICRO DEVICES,ADVANCED CARDIAC THERAPEUTICS INC,ADVANCED CARDIAC THERAPEUTICS,21,2014,2017,T3_REVIEW,0
211,AMD,ADVANCED MICRO DEVICES INC,ADVANCED MICRO DEVICES,ADVANCED SOFTMATERIALS INC,ADVANCED SOFTMATERIALS,21,2011,2018,T3_REVIEW,0
211,AMD,ADVANCED MICRO DEVICES INC,ADVANCED MICRO DEVICES,ADVANCED BIOMEDICAL INSTRUMENTATION CENTRE LTD,ADVANCED BIOMEDICAL INSTRUMENTATION CENTRE,21,2022,2025,T3_REVIEW,0
211,AMD,ADVANCED MICRO DEVICES INC,ADVANCED MICRO DEVICES,ADVANCED COMPOSITE STRUCTURES LLC,ADVANCED COMPOSITE STRUCTURES,21,2011,2025,T3_REVIEW,0
211,AMD,ADVANCED MICRO DEVICES INC,ADVANCED MICRO DEVICES,ADVANCED MICRO FABRICATION EQUIPMENT INC SHANGHAI,ADVANCED MICRO FABRICATION EQUIP INC SHANGHAI,20,2012,2018,T3_REVIEW,0
211,AMD,ADVANCED MICRO DEVICES INC,ADVANCED MICRO DEVICES,ADVANCED SILICON GROUP INC,ADVANCED SILICON,20,2013,2025,T3_REVIEW,0
211,AMD,ADVANCED MICRO DEVICES INC,ADVANCED MICRO DEVICES,ADVANCED FLOW ENG INC,ADVANCED FLOW ENG,19,2019,2025,T3_REVIEW,0
211,AMD,ADVANCED MICRO DEVICES INC,ADVANCED MICRO DEVICES,ADVANCED AGRILYTICS HOLDINGS LLC,ADVANCED AGRILYTICS,19,2020,2025,T3_REVIEW,0
211,AMD,ADVANCED MICRO DEVICES INC,ADVANCED MICRO DEVICES,ADVANCED REFINING TECHNOLOGIES LLC,ADVANCED REFINING TECH,19,2012,2022,T3_REVIEW,0
211,AMD,ADVANCED MICRO DEVICES INC,ADVANCED MICRO DEVICES,ADVANCED FUSION SYSTEMS LLC,ADVANCED FUSION SYS,19,2010,2024,T3_REVIEW,0
211,AMD,ADVANCED MICRO DEVICES INC,ADVANCED MICRO DEVICES,ADVANCED SCIENT CONCEPTS INC,ADVANCED SCIENT CONCEPTS,19,2012,2016,T3_REVIEW,0
211,AMD,ADVANCED MICRO DEVICES INC,ADVANCED MICRO DEVICES,ADVANCED TRACK & TRACE,ADVANCED TRACK TRACE,19,2010,2021,T3_REVIEW,0
211,AMD,ADVANCED MICRO DEVICES INC,ADVANCED MICRO DEVICES,ADVANCED AESTHETIC TECH INC,ADVANCED AESTHETIC TECH,18,2014,2025,T3_REVIEW,0
211,AMD,ADVANCED MICRO DEVICES INC,ADVANCED MICRO DEVICES,ADVANCED UPSTREAM LTD,ADVANCED UPSTREAM,18,2019,2025,T3_REVIEW,0
211,AMD,ADVANCED MICRO DEVICES INC,ADVANCED MICRO DEVICES,ADVANCED INTELLIGENT SYSTEMS INC,ADVANCED INTELLIGENT SYS,18,2017,2020,T3_REVIEW,0
211,AMD,ADVANCED MICRO DEVICES INC,ADVANCED MICRO DEVICES,ADVANCED ACCELERATOR APPLICATIONS,ADVANCED ACCELERATOR APPLICATIONS,17,2016,2025,T3_REVIEW,0
211,AMD,ADVANCED MICRO DEVICES INC,ADVANCED MICRO DEVICES,ADVANCED INQUIRY SYSTEMS INC,ADVANCED INQUIRY SYS,17,2011,2014,T3_REVIEW,0
211,AMD,ADVANCED MICRO DEVICES INC,ADVANCED MICRO DEVICES,ADVANCED SCIENT INC,ADVANCED SCIENT,17,2013,2021,T3_REVIEW,0
211,AMD,ADVANCED MICRO DEVICES INC,ADVANCED MICRO DEVICES,ADVANCED COOLING THERAPY INC,ADVANCED COOLING THERAPY,17,2015,2025,T3_REVIEW,0
211,AMD,ADVANCED MICRO DEVICES INC,ADVANCED MICRO DEVICES,ADVANCED MICRO FOUNDRY PTE LTD,ADVANCED MICRO FOUNDRY,17,2017,2022,T3_REVIEW,0
211,AMD,ADVANCED MICRO DEVICES INC,ADVANCED MICRO DEVICES,ADVANCED TRAINING SYSTEM LLC,ADVANCED TRAINING SYSTEM,16,2010,2021,T3_REVIEW,0
211,AMD,ADVANCED MICRO DEVICES INC,ADVANCED MICRO DEVICES,ADVANCED CHARGING TECHNOLOGIES LLC,ADVANCED CHARGING TECH,16,2012,2016,T3_REVIEW,0
211,AMD,ADVANCED MICRO DEVICES INC,ADVANCED MICRO DEVICES,ADVANCED SEMICONDUCTOR ENG KOREA INC,ADVANCED SEMICONDUCTOR ENG KOREA,16,2016,2024,T3_REVIEW,0
211,AMD,ADVANCED MICRO DEVICES INC,ADVANCED MICRO DEVICES,ADVANCED INHALATION THERAPIES AIT LTD,ADVANCED INHALATION THERAPIES AIT,15,2013,2021,T3_REVIEW,0
211,AMD,ADVANCED MICRO DEVICES INC,ADVANCED MICRO DEVICES,ADVANCED TRANSIT DYNAMICS INC,ADVANCED TRANSIT DYNAMICS,15,2010,2016,T3_REVIEW,0
211,AMD,ADVANCED MICRO DEVICES INC,ADVANCED MICRO DEVICES,ADVANCED BUILDING SYSTEMS INC,ADVANCED BUILDING SYS,15,2013,2019,T3_REVIEW,0
211,AMD,ADVANCED MICRO DEVICES INC,ADVANCED MICRO DEVICES,ADVANCED BARIATRIC TECH LLC,ADVANCED BARIATRIC TECH,15,2017,2025,T3_REVIEW,0
211,AMD,ADVANCED MICRO DEVICES INC,ADVANCED MICRO DEVICES,ADVANCED ANIMAL DIAGNOSTICS INC,ADVANCED ANIMAL DIAGNOSTICS,15,2013,2021,T3_REVIEW,0
211,AMD,ADVANCED MICRO DEVICES INC,ADVANCED MICRO DEVICES,ADVANCED INNERGY LTD,ADVANCED INNERGY,14,2020,2025,T3_REVIEW,0
211,AMD,ADVANCED MICRO DEVICES INC,ADVANCED MICRO DEVICES,ADVANCED INSULATION LTD,ADVANCED INSULATION,14,2016,2021,T3_REVIEW,0
211,AMD,ADVANCED MICRO DEVICES INC,ADVANCED MICRO DEVICES,ADVANCED MESSAGING TECH INC,ADVANCED MESSAGING TECH,14,2015,2021,T3_REVIEW,0
211,AMD,ADVANCED MICRO DEVICES INC,ADVANCED MICRO DEVICES,ADVANCED ACCELERATOR APPLICATIONS SA,ADVANCED ACCELERATOR APPLICATIONS,14,2017,2025,T3_REVIEW,0
211,AMD,ADVANCED MICRO DEVICES INC,ADVANCED MICRO DEVICES,ADVANCED ECHEM MAT COMPANY LIMITED,ADVANCED ECHEM MAT,13,2023,2025,T3_REVIEW,0
211,AMD,ADVANCED MICRO DEVICES INC,ADVANCED MICRO DEVICES,ADVANCED CONNECTION TECH INC,ADVANCED CONNECTION TECH,13,2010,2022,T3_REVIEW,0
211,AMD,ADVANCED MICRO DEVICES INC,ADVANCED MICRO DEVICES,ADVANCED AUTOMOTIVE ANTENNAS S L U,ADVANCED AUTOMOTIVE ANTENNAS S L U,13,2016,2020,T3_REVIEW,0
211,AMD,ADVANCED MICRO DEVICES INC,ADVANCED MICRO DEVICES,ADVANCED ORTHODONTICS AND EDUCATION ASS LLC,ADVANCED ORTHODONTICS AND EDUCATION ASS,13,2017,2020,T3_REVIEW,0
211,AMD,ADVANCED MICRO DEVICES INC,ADVANCED MICRO DEVICES,ADVANCED WIRELESS INNOVATIONS LLC,ADVANCED WIRELESS INNOVATIONS,13,2016,2021,T3_REVIEW,0
211,AMD,ADVANCED MICRO DEVICES INC,ADVANCED MICRO DEVICES,ADVANCED SILICON SA,ADVANCED SILICON,13,2010,2021,T3_REVIEW,0
211,AMD,ADVANCED MICRO DEVICES INC,ADVANCED MICRO DEVICES,ADVANCED OSTEOTOMY TOOLS AOT AG,ADVANCED OSTEOTOMY TOOLS AOT,12,2013,2023,T3_REVIEW,0
211,AMD,ADVANCED MICRO DEVICES INC,ADVANCED MICRO DEVICES,ADVANCED TECH INC,ADVANCED TECH,12,2013,2021,T3_REVIEW,0
211,AMD,ADVANCED MICRO DEVICES INC,ADVANCED MICRO DEVICES,ADVANCED NOVA TECH SINGAPORE HOLDING PTE LTD,ADVANCED NOVA TECH SINGAPORE,12,2024,2025,T3_REVIEW,0
211,AMD,ADVANCED MICRO DEVICES INC,ADVANCED MICRO DEVICES,ADVANCED FLEXIBLE CIRCUITS CO LTD,ADVANCED FLEXIBLE CIRCUITS,12,2015,2024,T3_REVIEW,0
211,AMD,ADVANCED MICRO DEVICES INC,ADVANCED MICRO DEVICES,ADVANCED FUEL RES INC,ADVANCED FUEL RES,11,2010,2025,T3_REVIEW,0
211,AMD,ADVANCED MICRO DEVICES INC,ADVANCED MICRO DEVICES,ADVANCED COOLING THERAPY LLC,ADVANCED COOLING THERAPY,11,2010,2014,T3_REVIEW,0
211,AMD,ADVANCED MICRO DEVICES INC,ADVANCED MICRO DEVICES,ADVANCED DISTRIBUTOR PRODUCTS LLC,ADVANCED DISTRIBUTOR PRODUCTS,11,2010,2025,T3_REVIEW,0
211,AMD,ADVANCED MICRO DEVICES INC,ADVANCED MICRO DEVICES,ADVANCED BIOLOGICAL MARKETING INC,ADVANCED BIOLOGICAL MARKETING,11,2016,2021,T3_REVIEW,0
211,AMD,ADVANCED MICRO DEVICES INC,ADVANCED MICRO DEVICES,ADVANCED ENERGY MAT LLC,ADVANCED ENERGY MAT,11,2017,2024,T3_REVIEW,0
211,AMD,ADVANCED MICRO DEVICES INC,ADVANCED MICRO DEVICES,ADVANCED PROTEIN TECH CORP,ADVANCED PROTEIN TECH,11,2019,2023,T3_REVIEW,0
211,AMD,ADVANCED MICRO DEVICES INC,ADVANCED MICRO DEVICES,ADVANCED BUILDING PRODUCTS INC,ADVANCED BUILDING PRODUCTS,11,2017,2025,T3_REVIEW,0
211,AMD,ADVANCED MICRO DEVICES INC,ADVANCED MICRO DEVICES,ADVANCED MEDICAL BALLOONS GMBH,ADVANCED MEDICAL BALLOONS,11,2014,2022,T3_REVIEW,0
211,AMD,ADVANCED MICRO DEVICES INC,ADVANCED MICRO DEVICES,Advanced Reactor Concepts LLC,ADVANCED REACTOR CONCEPTS,11,2010,2019,T3_REVIEW,0
211,AMD,ADVANCED MICRO DEVICES INC,ADVANCED MICRO DEVICES,ADVANCED BUSINESSLINK CORP,ADVANCED BUSINESSLINK,11,2013,2017,T3_REVIEW,0
211,AMD,ADVANCED MICRO DEVICES INC,ADVANCED MICRO DEVICES,ADVANCED CONCRETE TECHNOLOGIES LLC,ADVANCED CONCRETE TECH,11,2011,2016,T3_REVIEW,0
211,AMD,ADVANCED MICRO DEVICES INC,ADVANCED MICRO DEVICES,ADVANCED TECH CO LTD,ADVANCED TECH,10,2021,2021,T3_REVIEW,0
211,AMD,ADVANCED MICRO DEVICES INC,ADVANCED MICRO DEVICES,ADVANCED MICRO-FABRICATION EQUIPMENT INC SHANGHAI,ADVANCED MICRO FABRICATION EQUIP INC SHANGHAI,10,2015,2017,T3_REVIEW,0
211,AMD,ADVANCED MICRO DEVICES INC,ADVANCED MICRO DEVICES,ADVANCED FIBER PRODUCTS LLC,ADVANCED FIBER PRODUCTS,10,2011,2016,T3_REVIEW,0
211,AMD,ADVANCED MICRO DEVICES INC,ADVANCED MICRO DEVICES,ADVANCED VISION RES INC,ADVANCED VISION RES,10,2010,2021,T3_REVIEW,0
211,AMD,ADVANCED MICRO DEVICES INC,ADVANCED MICRO DEVICES,ADVANCED CLUSTER SYSTEMS INC,ADVANCED CLUSTER SYS,10,2014,2025,T3_REVIEW,0
211,AMD,ADVANCED MICRO DEVICES INC,ADVANCED MICRO DEVICES,ADVANCED FUNCTIONAL FABRICS OF AMERICA INC,ADVANCED FUNCTIONAL FABRICS OF AMER,10,2018,2024,T3_REVIEW,0
211,AMD,ADVANCED MICRO DEVICES INC,ADVANCED MICRO DEVICES,ADVANCED ACEBIOTEK CO LTD,ADVANCED ACEBIOTEK,10,2019,2024,T3_REVIEW,0
211,AMD,ADVANCED MICRO DEVICES INC,ADVANCED MICRO DEVICES,ADVANCED BIOADJUVANTS LLC,ADVANCED BIOADJUVANTS,9,2011,2025,T3_REVIEW,0
211,AMD,ADVANCED MICRO DEVICES INC,ADVANCED MICRO DEVICES,ADVANCED ORTHOPAEDIC SOLUTIONS INC,ADVANCED ORTHOPAEDIC SOLUTIONS,9,2011,2020,T3_REVIEW,0
211,AMD,ADVANCED MICRO DEVICES INC,ADVANCED MICRO DEVICES,ADVANCED GEOSCIENCES INC,ADVANCED GEOSCIENCES,9,2010,2025,T3_REVIEW,0
211,AMD,ADVANCED MICRO DEVICES INC,ADVANCED MICRO DEVICES,ADVANCED CHARGING TECH LLC,ADVANCED CHARGING TECH,9,2015,2017,T3_REVIEW,0
211,AMD,ADVANCED MICRO DEVICES INC,ADVANCED MICRO DEVICES,ADVANCED ACCESS TECH LLC,ADVANCED ACCESS TECH,9,2017,2025,T3_REVIEW,0
211,AMD,ADVANCED MICRO DEVICES INC,ADVANCED MICRO DEVICES,ADVANCED VISION TECH A V T LTD,ADVANCED VISION TECH A V T,9,2016,2023,T3_REVIEW,0
211,AMD,ADVANCED MICRO DEVICES INC,ADVANCED MICRO DEVICES,ADVANCED BIONICS AG C O FRORIEP RENGGLI,ADVANCED BIONICS AG C O FRORIEP RENGGLI,9,2010,2010,T3_REVIEW,0
211,AMD,ADVANCED MICRO DEVICES INC,ADVANCED MICRO DEVICES,ADVANCED CUSTOM ENG SYSTEMS & EQUIPMENT CO,ADVANCED CUSTOM ENG SYS EQUIP,9,2019,2024,T3_REVIEW,0
211,AMD,ADVANCED MICRO DEVICES INC,ADVANCED MICRO DEVICES,ADVANCED ACCELERATOR APPLICATIONS ITALY SRL,ADVANCED ACCELERATOR APPLICATIONS ITALY,9,2018,2021,T3_REVIEW,0
211,AMD,ADVANCED MICRO DEVICES INC,ADVANCED MICRO DEVICES,ADVANCED INTERCONNECT MATERIALS LLC,ADVANCED INTERCONNECT MATERIALS,9,2010,2013,T3_REVIEW,0
211,AMD,ADVANCED MICRO DEVICES INC,ADVANCED MICRO DEVICES,ADVANCED INTERCONNECT SYSTEMS LTD,ADVANCED INTERCONNECT SYS,9,2018,2021,T3_REVIEW,0
211,AMD,ADVANCED MICRO DEVICES INC,ADVANCED MICRO DEVICES,ADVANCED STERILIZATION PRODUCTS INC,ADVANCED STERILIZATION PRODUCTS,9,2020,2024,T3_REVIEW,0
211,AMD,ADVANCED MICRO DEVICES INC,ADVANCED MICRO DEVICES,ADVANCED FLOW SOLUTIONS INC,ADVANCED FLOW SOLUTIONS,8,2022,2024,T3_REVIEW,0
211,AMD,ADVANCED MICRO DEVICES INC,ADVANCED MICRO DEVICES,ADVANCED BIODESIGN,ADVANCED BIODESIGN,8,2016,2022,T3_REVIEW,0
211,AMD,ADVANCED MICRO DEVICES INC,ADVANCED MICRO DEVICES,ADVANCED DIAMOND TECH INC,ADVANCED DIAMOND TECH,8,2015,2018,T3_REVIEW,0
211,AMD,ADVANCED MICRO DEVICES INC,ADVANCED MICRO DEVICES,ADVANCED RAIL ENERGY STORAGE LLC,ADVANCED RAIL ENERGY STORAGE,8,2010,2025,T3_REVIEW,0
211,AMD,ADVANCED MICRO DEVICES INC,ADVANCED MICRO DEVICES,ADVANCED ANALYTICAL TECH INC,ADVANCED ANALYTICAL TECH,8,2016,2018,T3_REVIEW,0
211,AMD,ADVANCED MICRO DEVICES INC,ADVANCED MICRO DEVICES,ADVANCED DISPLAY TECHNOLOGY AG,ADVANCED DISPLAY TECH,8,2010,2013,T3_REVIEW,0
211,AMD,ADVANCED MICRO DEVICES INC,ADVANCED MICRO DEVICES,ADVANCED PLATING INC,ADVANCED PLATING,8,2012,2019,T3_REVIEW,0
211,AMD,ADVANCED MICRO DEVICES INC,ADVANCED MICRO DEVICES,ADVANCED RF TECHNOLOGIES INC,ADVANCED RF TECH,8,2013,2014,T3_REVIEW,0
211,AMD,ADVANCED MICRO DEVICES INC,ADVANCED MICRO DEVICES,ADVANCED POLYMER COATINGS INC,ADVANCED POLYMER COATINGS,8,2021,2025,T3_REVIEW,0
211,AMD,ADVANCED MICRO DEVICES INC,ADVANCED MICRO DEVICES,ADVANCED TECHNOLOGY INTERNAT USA LLC,ADVANCED TECH INTERNAT USA,8,2010,2013,T3_REVIEW,0
211,AMD,ADVANCED MICRO DEVICES INC,ADVANCED MICRO DEVICES,ADVANCED SENSORS LTD,ADVANCED SENSORS,8,2010,2016,T3_REVIEW,0
211,AMD,ADVANCED MICRO DEVICES INC,ADVANCED MICRO DEVICES,ADVANCED CANCER THERAPEUTICS LLC,ADVANCED CANCER THERAPEUTICS,8,2010,2017,T3_REVIEW,0
211,AMD,ADVANCED MICRO DEVICES INC,ADVANCED MICRO DEVICES,ADVANCED CIRCULATORY SYS INC,ADVANCED CIRCULATORY SYS,8,2010,2015,T3_REVIEW,0
211,AMD,ADVANCED MICRO DEVICES INC,ADVANCED MICRO DEVICES,ADVANCED POLYMER MONITORING TECH INC,ADVANCED POLYMER MONITORING TECH,8,2015,2022,T3_REVIEW,0
211,AMD,ADVANCED MICRO DEVICES INC,ADVANCED MICRO DEVICES,ADVANCED RENAL TECHNOLOGIES,ADVANCED RENAL TECH,8,2010,2014,T3_REVIEW,0
211,AMD,ADVANCED MICRO DEVICES INC,ADVANCED MICRO DEVICES,ADVANCED ACCELERATOR APPLICATIONS INT SA,ADVANCED ACCELERATOR APPLICATIONS INT,8,2019,2024,T3_REVIEW,0
211,AMD,ADVANCED MICRO DEVICES INC,ADVANCED MICRO DEVICES,ADVANCED FUNCTIONAL FABRICS OF AMERICA,ADVANCED FUNCTIONAL FABRICS OF AMER,8,2018,2024,T3_REVIEW,0
211,AMD,ADVANCED MICRO DEVICES INC,ADVANCED MICRO DEVICES,ADVANCED RES CORP,ADVANCED RES,8,2010,2016,T3_REVIEW,0
211,AMD,ADVANCED MICRO DEVICES INC,ADVANCED MICRO DEVICES,ADVANCED F M E PRODUCTS INC,ADVANCED F M E PRODUCTS,8,2013,2024,T3_REVIEW,0
211,AMD,ADVANCED MICRO DEVICES INC,ADVANCED MICRO DEVICES,ADVANCED FILTRATION SYSTEMS INC,ADVANCED FILTRATION SYS,8,2010,2016,T3_REVIEW,0
211,AMD,ADVANCED MICRO DEVICES INC,ADVANCED MICRO DEVICES,ADVANCED MESSAGING TECHNOLOGIES INC,ADVANCED MESSAGING TECH,7,2014,2015,T3_REVIEW,0
211,AMD,ADVANCED MICRO DEVICES INC,ADVANCED MICRO DEVICES,ADVANCED GEOPHYSICAL TECH INC,ADVANCED GEOPHYSICAL TECH,7,2016,2022,T3_REVIEW,0
211,AMD,ADVANCED MICRO DEVICES INC,ADVANCED MICRO DEVICES,ADVANCED DIAMOND HOLDINGS LLC,ADVANCED DIAMOND,7,2024,2025,T3_REVIEW,0
211,AMD,ADVANCED MICRO DEVICES INC,ADVANCED MICRO DEVICES,ADVANCED JET AUTOMATION CO LTD,ADVANCED JET AUTOMATION,7,2022,2023,T3_REVIEW,0
211,AMD,ADVANCED MICRO DEVICES INC,ADVANCED MICRO DEVICES,ADVANCED GROUND INFORMATION SYSTEMS INC,ADVANCED GROUND INFORMATION SYS,7,2014,2017,T3_REVIEW,0
211,AMD,ADVANCED MICRO DEVICES INC,ADVANCED MICRO DEVICES,ADVANCED FARM TECH INC,ADVANCED FARM TECH,7,2019,2025,T3_REVIEW,0
211,AMD,ADVANCED MICRO DEVICES INC,ADVANCED MICRO DEVICES,ADVANCED POWERTRAIN ENGINEERING LLC,ADVANCED POWERTRAIN ENGINEERING,7,2013,2015,T3_REVIEW,0
211,AMD,ADVANCED MICRO DEVICES INC,ADVANCED MICRO DEVICES,ADVANCED CONCRETE TECH LLC,ADVANCED CONCRETE TECH,7,2017,2019,T3_REVIEW,0
211,AMD,ADVANCED MICRO DEVICES INC,ADVANCED MICRO DEVICES,ADVANCED DIGITAL CHIPS INC,ADVANCED DIGITAL CHIPS,7,2013,2015,T3_REVIEW,0
211,AMD,ADVANCED MICRO DEVICES INC,ADVANCED MICRO DEVICES,ADVANCED AIRCRAFT ROLLER SYSTEMS INC,ADVANCED AIRCRAFT ROLLER SYS,7,2010,2019,T3_REVIEW,0
211,AMD,ADVANCED MICRO DEVICES INC,ADVANCED MICRO DEVICES,ADVANCED TECHNOLOGIES & REGENERATIVE MEDICINE LLC,ADVANCED TECH REGENERATIVE MEDICINE,7,2011,2012,T3_REVIEW,0
211,AMD,ADVANCED MICRO DEVICES INC,ADVANCED MICRO DEVICES,ADVANCED TACTILE IMAGING INC,ADVANCED TACTILE IMAGING,7,2014,2023,T3_REVIEW,0
211,AMD,ADVANCED MICRO DEVICES INC,ADVANCED MICRO DEVICES,ADVANCED PROCESSOR ARCHITECTURES LLC,ADVANCED PROCESSOR ARCHITECTURES,7,2010,2015,T3_REVIEW,0
211,AMD,ADVANCED MICRO DEVICES INC,ADVANCED MICRO DEVICES,ADVANCED IMAGING RES INC,ADVANCED IMAGING RES,7,2015,2022,T3_REVIEW,0
211,AMD,ADVANCED MICRO DEVICES INC,ADVANCED MICRO DEVICES,ADVANCED WET TECHNOLOGIES GMBH,ADVANCED WET TECH,7,2013,2014,T3_REVIEW,0
211,AMD,ADVANCED MICRO DEVICES INC,ADVANCED MICRO DEVICES,ADVANCED CONNETEK INC,ADVANCED CONNETEK,7,2013,2015,T3_REVIEW,0
211,AMD,ADVANCED MICRO DEVICES INC,ADVANCED MICRO DEVICES,ADVANCED FORMLINERS LLC,ADVANCED FORMLINERS,6,2011,2017,T3_REVIEW,0
211,AMD,ADVANCED MICRO DEVICES INC,ADVANCED MICRO DEVICES,ADVANCED NEUROREGENERATIVE THERAPIES LLC,ADVANCED NEUROREGENERATIVE THERAPIES,6,2013,2025,T3_REVIEW,0
211,AMD,ADVANCED MICRO DEVICES INC,ADVANCED MICRO DEVICES,ADVANCED POLYMER TECH CORP,ADVANCED POLYMER TECH,6,2016,2022,T3_REVIEW,0
211,AMD,ADVANCED MICRO DEVICES INC,ADVANCED MICRO DEVICES,ADVANCED ELEMENTS INC,ADVANCED ELEMENTS,6,2011,2024,T3_REVIEW,0
211,AMD,ADVANCED MICRO DEVICES INC,ADVANCED MICRO DEVICES,ADVANCED INTERCONNECTIONS,ADVANCED INTERCONNECTIONS,6,2010,2017,T3_REVIEW,0
211,AMD,ADVANCED MICRO DEVICES INC,ADVANCED MICRO DEVICES,ADVANCED FLEXIBLE COMPOSITES INC,ADVANCED FLEXIBLE COMPOSITES,6,2013,2020,T3_REVIEW,0
211,AMD,ADVANCED MICRO DEVICES INC,ADVANCED MICRO DEVICES,ADVANCED BREATH DIAGNOSTICS LLC,ADVANCED BREATH DIAGNOSTICS,6,2012,2025,T3_REVIEW,0
211,AMD,ADVANCED MICRO DEVICES INC,ADVANCED MICRO DEVICES,ADVANCED POWER ELECTRONICS CORP,ADVANCED POWER ELECTRONICS,6,2013,2023,T3_REVIEW,0
211,AMD,ADVANCED MICRO DEVICES INC,ADVANCED MICRO DEVICES,ADVANCED COOLING TECHNOLOGIES INC,ADVANCED COOLING TECH,6,2011,2014,T3_REVIEW,0
211,AMD,ADVANCED MICRO DEVICES INC,ADVANCED MICRO DEVICES,ADVANCED DRILLING SOLUTIONS GMBH,ADVANCED DRILLING SOLUTIONS,6,2010,2013,T3_REVIEW,0
211,AMD,ADVANCED MICRO DEVICES INC,ADVANCED MICRO DEVICES,ADVANCED PLASMA POWER LTD,ADVANCED PLASMA POWER,6,2010,2016,T3_REVIEW,0
211,AMD,ADVANCED MICRO DEVICES INC,ADVANCED MICRO DEVICES,ADVANCED MICRO FAB EQUIP INC,ADVANCED MICRO FAB EQUIP,6,2010,2020,T3_REVIEW,0
211,AMD,ADVANCED MICRO DEVICES INC,ADVANCED MICRO DEVICES,ADVANCED CONDUCTOR TECH LLC,ADVANCED CONDUCTOR TECH,6,2014,2019,T3_REVIEW,0
211,AMD,ADVANCED MICRO DEVICES INC,ADVANCED MICRO DEVICES,ADVANCED INSTR PTE LTD,ADVANCED INSTR,6,2019,2025,T3_REVIEW,0
211,AMD,ADVANCED MICRO DEVICES INC,ADVANCED MICRO DEVICES,ADVANCED COMFORT TECH INC,ADVANCED COMFORT TECH,6,2016,2023,T3_REVIEW,0
211,AMD,ADVANCED MICRO DEVICES INC,ADVANCED MICRO DEVICES,ADVANCED FIBER PRODUCTS LTD,ADVANCED FIBER PRODUCTS,6,2011,2013,T3_REVIEW,0
211,AMD,ADVANCED MICRO DEVICES INC,ADVANCED MICRO DEVICES,ADVANCED MAT DEVELOPMENT LIMITED,ADVANCED MAT DEV,6,2019,2023,T3_REVIEW,0
211,AMD,ADVANCED MICRO DEVICES INC,ADVANCED MICRO DEVICES,ADVANCED ARCHITECTURAL PRODUCTS LLC,ADVANCED ARCHITECTURAL PRODUCTS,6,2014,2016,T3_REVIEW,0
211,AMD,ADVANCED MICRO DEVICES INC,ADVANCED MICRO DEVICES,ADVANCED ACCELERATOR APPLICATIONS USA INC,ADVANCED ACCELERATOR APPLICATIONS USA,6,2017,2021,T3_REVIEW,0
211,AMD,ADVANCED MICRO DEVICES INC,ADVANCED MICRO DEVICES,ADVANCED DIAMOND TECHNOLOGIES INC,ADVANCED DIAMOND TECH,6,2010,2014,T3_REVIEW,0
211,AMD,ADVANCED MICRO DEVICES INC,ADVANCED MICRO DEVICES,ADVANCED INHALATION THERAPIES (AIT) LTD,ADVANCED INHALATION THERAPIES AIT,6,2014,2020,T3_REVIEW,0
211,AMD,ADVANCED MICRO DEVICES INC,ADVANCED MICRO DEVICES,ADVANCED BLAST & BALLISTIC SYSTEMS LTD,ADVANCED BLAST BALLISTIC SYS,5,2015,2025,T3_REVIEW,0
211,AMD,ADVANCED MICRO DEVICES INC,ADVANCED MICRO DEVICES,ADVANCED ABSORBENT TECH LLC,ADVANCED ABSORBENT TECH,5,2017,2019,T3_REVIEW,0
211,AMD,ADVANCED MICRO DEVICES INC,ADVANCED MICRO DEVICES,ADVANCED REGEN MEDICAL TECH LLC,ADVANCED REGEN MEDICAL TECH,5,2015,2020,T3_REVIEW,0
211,AMD,ADVANCED MICRO DEVICES INC,ADVANCED MICRO DEVICES,ADVANCED RAIL SYSTEMS LLC,ADVANCED RAIL SYS,5,2022,2023,T3_REVIEW,0
211,AMD,ADVANCED MICRO DEVICES INC,ADVANCED MICRO DEVICES,ADVANCED TELECOMMUNICATIONS RES INST INT,ADVANCED TELECOMMUNICATIONS RES INST INT,5,2014,2016,T3_REVIEW,0
211,AMD,ADVANCED MICRO DEVICES INC,ADVANCED MICRO DEVICES,ADVANCED BIOLOGICS LLC,ADVANCED BIOLOGICS,5,2019,2024,T3_REVIEW,0
211,AMD,ADVANCED MICRO DEVICES INC,ADVANCED MICRO DEVICES,ADVANCED POTASH TECH LTD,ADVANCED POTASH TECH,5,2020,2025,T3_REVIEW,0
211,AMD,ADVANCED MICRO DEVICES INC,ADVANCED MICRO DEVICES,ADVANCED INSTR LLC,ADVANCED INSTR,5,2017,2025,T3_REVIEW,0
211,AMD,ADVANCED MICRO DEVICES INC,ADVANCED MICRO DEVICES,ADVANCED COMPOSITE CORP,ADVANCED COMPOSITE,5,2022,2022,T3_REVIEW,0
211,AMD,ADVANCED MICRO DEVICES INC,ADVANCED MICRO DEVICES,ADVANCED OPTICAL TECH INC,ADVANCED OPTICAL TECH,5,2010,2024,T3_REVIEW,0
211,AMD,ADVANCED MICRO DEVICES INC,ADVANCED MICRO DEVICES,ADVANCED OPTICAL SYSTEMS INC,ADVANCED OPTICAL SYS,5,2011,2016,T3_REVIEW,0
211,AMD,ADVANCED MICRO DEVICES INC,ADVANCED MICRO DEVICES,ADVANCED PHOTONICS INC,ADVANCED PHOTONICS,5,2010,2020,T3_REVIEW,0
211,AMD,ADVANCED MICRO DEVICES INC,ADVANCED MICRO DEVICES,ADVANCED ELECTRICAL TOOLS,ADVANCED ELECTRICAL TOOLS,5,2017,2024,T3_REVIEW,0
211,AMD,ADVANCED MICRO DEVICES INC,ADVANCED MICRO DEVICES,ADVANCED BARIATRIC TECHNOLOGY LLC,ADVANCED BARIATRIC TECH,5,2011,2015,T3_REVIEW,0
211,AMD,ADVANCED MICRO DEVICES INC,ADVANCED MICRO DEVICES,ADVANCED WATER RECOVERY LLC,ADVANCED WATER RECOVERY,5,2013,2014,T3_REVIEW,0
211,AMD,ADVANCED MICRO DEVICES INC,ADVANCED MICRO DEVICES,ADVANCED MECHANICAL TECH,ADVANCED MECHANICAL TECH,5,2010,2014,T3_REVIEW,0
211,AMD,ADVANCED MICRO DEVICES INC,ADVANCED MICRO DEVICES,ADVANCED TELESENSORS INC,ADVANCED TELESENSORS,5,2013,2020,T3_REVIEW,0
211,AMD,ADVANCED MICRO DEVICES INC,ADVANCED MICRO DEVICES,ADVANCED MATERIAL TECH INC,ADVANCED MATERIAL TECH,5,2017,2019,T3_REVIEW,0
211,AMD,ADVANCED MICRO DEVICES INC,ADVANCED MICRO DEVICES,ADVANCED RF TECH INC,ADVANCED RF TECH,5,2012,2017,T3_REVIEW,0
211,AMD,ADVANCED MICRO DEVICES INC,ADVANCED MICRO DEVICES,ADVANCED OPTOWAVE CORP,ADVANCED OPTOWAVE,5,2014,2016,T3_REVIEW,0
211,AMD,ADVANCED MICRO DEVICES INC,ADVANCED MICRO DEVICES,ADVANCED PRODUCT DEV LLC,ADVANCED PRODUCT DEV,5,2013,2021,T3_REVIEW,0
211,AMD,ADVANCED MICRO DEVICES INC,ADVANCED MICRO DEVICES,ADVANCED FACIALDONTICS LLC,ADVANCED FACIALDONTICS,5,2017,2020,T3_REVIEW,0
211,AMD,ADVANCED MICRO DEVICES INC,ADVANCED MICRO DEVICES,ADVANCED ENG SOLUTIONS LTD,ADVANCED ENG SOLUTIONS,5,2012,2016,T3_REVIEW,0
211,AMD,ADVANCED MICRO DEVICES INC,ADVANCED MICRO DEVICES,ADVANCED EYE PROT IP HOLDING,ADVANCED EYE PROT IP,5,2013,2018,T3_REVIEW,0
211,AMD,ADVANCED MICRO DEVICES INC,ADVANCED MICRO DEVICES,ADVANCED RECEIVER TECHNOLOGIES LLC,ADVANCED RECEIVER TECH,5,2012,2012,T3_REVIEW,0
211,AMD,ADVANCED MICRO DEVICES INC,ADVANCED MICRO DEVICES,ADVANCED TECH & MATERIALS CO LTD,ADVANCED TECH MATERIALS,5,2018,2024,T3_REVIEW,0
211,AMD,ADVANCED MICRO DEVICES INC,ADVANCED MICRO DEVICES,ADVANCED PRINTED ELECTRONIC SOLUTIONS LLC,ADVANCED PRINTED ELECTRONIC SOLUTIONS,5,2023,2025,T3_REVIEW,0
211,AMD,ADVANCED MICRO DEVICES INC,ADVANCED MICRO DEVICES,ADVANCED EQUIPMENT CORP,ADVANCED EQUIP,5,2014,2019,T3_REVIEW,0
211,AMD,ADVANCED MICRO DEVICES INC,ADVANCED MICRO DEVICES,ADVANCED ANALOG TECHNOLOGY INC,ADVANCED ANALOG TECH,5,2010,2015,T3_REVIEW,0
211,AMD,ADVANCED MICRO DEVICES INC,ADVANCED MICRO DEVICES,ADVANCED IMMUNE THERAPEUTICS INC,ADVANCED IMMUNE THERAPEUTICS,4,2010,2012,T3_REVIEW,0
211,AMD,ADVANCED MICRO DEVICES INC,ADVANCED MICRO DEVICES,ADVANCED RENEWABLE CONCEPT IND INC,ADVANCED RENEWABLE CONCEPT IND,4,2021,2023,T3_REVIEW,0
211,AMD,ADVANCED MICRO DEVICES INC,ADVANCED MICRO DEVICES,ADVANCED ACOUSTIC SF GMBH,ADVANCED ACOUSTIC SF,4,2012,2014,T3_REVIEW,0
211,AMD,ADVANCED MICRO DEVICES INC,ADVANCED MICRO DEVICES,ADVANCED VISION TECHNOLOGY AVT LTD,ADVANCED VISION TECH AVT,4,2011,2013,T3_REVIEW,0
211,AMD,ADVANCED MICRO DEVICES INC,ADVANCED MICRO DEVICES,ADVANCED WETTING TECH PTY LTD,ADVANCED WETTING TECH,4,2018,2020,T3_REVIEW,0
211,AMD,ADVANCED MICRO DEVICES INC,ADVANCED MICRO DEVICES,ADVANCED ENG GROUP LLC,ADVANCED ENG,4,2018,2023,T3_REVIEW,0
211,AMD,ADVANCED MICRO DEVICES INC,ADVANCED MICRO DEVICES,ADVANCED MARKER DISCOVERY S L,ADVANCED MARKER DISCOVERY S L,4,2017,2021,T3_REVIEW,0
211,AMD,ADVANCED MICRO DEVICES INC,ADVANCED MICRO DEVICES,ADVANCED CIRCULATORY SYSTEMS INC,ADVANCED CIRCULATORY SYS,4,2010,2016,T3_REVIEW,0
211,AMD,ADVANCED MICRO DEVICES INC,ADVANCED MICRO DEVICES,ADVANCED INSURANCE PRODUCTS & SERVICES INC,ADVANCED INSURANCE PRODUCTS SERVICES,4,2014,2017,T3_REVIEW,0
211,AMD,ADVANCED MICRO DEVICES INC,ADVANCED MICRO DEVICES,ADVANCED CUSTOM ENG SYSTEMS & EQUIPMENT COMPANY,ADVANCED CUSTOM ENG SYS EQUIP,4,2016,2021,T3_REVIEW,0
211,AMD,ADVANCED MICRO DEVICES INC,ADVANCED MICRO DEVICES,ADVANCED TECH FOR TOMORROW TODAY LLC ATFTT,ADVANCED TECH FOR TOMORROW TODAY LLC ATFTT,4,2021,2025,T3_REVIEW,0
211,AMD,ADVANCED MICRO DEVICES INC,ADVANCED MICRO DEVICES,ADVANCED ENZYME SYSTEMS LLC,ADVANCED ENZYME SYS,4,2014,2025,T3_REVIEW,0
211,AMD,ADVANCED MICRO DEVICES INC,ADVANCED MICRO DEVICES,ADVANCED PRESERVATIONS TECHNOLOGIES LLC,ADVANCED PRESERVATIONS TECH,4,2012,2013,T3_REVIEW,0
211,AMD,ADVANCED MICRO DEVICES INC,ADVANCED MICRO DEVICES,ADVANCED BIO PROSTHETIC SURFACES LTD A WHOLLY OWNED SUBSIDIARY OF PALMAZ SCIENT INC,ADVANCED BIO PROSTHETIC SURFACES LTD A WHOLLY OWNED SUBSIDIARY OF PALMAZ SCIENT,4,2016,2016,T3_REVIEW,0
211,AMD,ADVANCED MICRO DEVICES INC,ADVANCED MICRO DEVICES,ADVANCED CONCEPTS IN MFG LLC,ADVANCED CONCEPTS IN MFG,4,2021,2025,T3_REVIEW,0
211,AMD,ADVANCED MICRO DEVICES INC,ADVANCED MICRO DEVICES,ADVANCED AEROSPACE TECHNOLOGIES INC,ADVANCED AEROSPACE TECH,4,2010,2014,T3_REVIEW,0
211,AMD,ADVANCED MICRO DEVICES INC,ADVANCED MICRO DEVICES,ADVANCED SUBSTRATE TECH A/S,ADVANCED SUBSTRATE TECH A S,4,2016,2020,T3_REVIEW,0
211,AMD,ADVANCED MICRO DEVICES INC,ADVANCED MICRO DEVICES,ADVANCED MICROFLUIDICS SA,ADVANCED MICROFLUIDICS,4,2016,2019,T3_REVIEW,0
211,AMD,ADVANCED MICRO DEVICES INC,ADVANCED MICRO DEVICES,ADVANCED LIQUID COOLING TECH INC,ADVANCED LIQUID COOLING TECH,4,2021,2025,T3_REVIEW,0
211,AMD,ADVANCED MICRO DEVICES INC,ADVANCED MICRO DEVICES,ADVANCED ENVIRONMENTAL TECH LLC,ADVANCED ENVIRONMENTAL TECH,4,2018,2019,T3_REVIEW,0
211,AMD,ADVANCED MICRO DEVICES INC,ADVANCED MICRO DEVICES,ADVANCED SEMICONDUCTOR ENG INC,ADVANCED SEMICONDUCTOR ENG,4,2024,2025,T3_REVIEW,0
211,AMD,ADVANCED MICRO DEVICES INC,ADVANCED MICRO DEVICES,ADVANCED URO SOLUTIONS LLC,ADVANCED URO SOLUTIONS,4,2012,2015,T3_REVIEW,0
211,AMD,ADVANCED MICRO DEVICES INC,ADVANCED MICRO DEVICES,ADVANCED POLYOLEFIN TECH LLC,ADVANCED POLYOLEFIN TECH,4,2021,2025,T3_REVIEW,0
211,AMD,ADVANCED MICRO DEVICES INC,ADVANCED MICRO DEVICES,ADVANCED CHIP ENG TECH INC,ADVANCED CHIP ENG TECH,4,2010,2011,T3_REVIEW,0
211,AMD,ADVANCED MICRO DEVICES INC,ADVANCED MICRO DEVICES,ADVANCED CELL ENG INC,ADVANCED CELL ENG,4,2022,2022,T3_REVIEW,0
211,AMD,ADVANCED MICRO DEVICES INC,ADVANCED MICRO DEVICES,ADVANCED TESTING TECHNOLOGIES INC,ADVANCED TESTING TECH,4,2011,2015,T3_REVIEW,0
211,AMD,ADVANCED MICRO DEVICES INC,ADVANCED MICRO DEVICES,ADVANCED AIRCRAFT COMPANY,ADVANCED AIRCRAFT,4,2017,2024,T3_REVIEW,0
211,AMD,ADVANCED MICRO DEVICES INC,ADVANCED MICRO DEVICES,ADVANCED HEALTHCARE CO LTD,ADVANCED HEALTHCARE,4,2013,2014,T3_REVIEW,0
211,AMD,ADVANCED MICRO DEVICES INC,ADVANCED MICRO DEVICES,ADVANCED MAT ENGINEERING PTE LTD,ADVANCED MAT ENGINEERING,4,2017,2019,T3_REVIEW,0
211,AMD,ADVANCED MICRO DEVICES INC,ADVANCED MICRO DEVICES,ADVANCED MEDIWATCH CO LTD,ADVANCED MEDIWATCH,4,2013,2024,T3_REVIEW,0
211,AMD,ADVANCED MICRO DEVICES INC,ADVANCED MICRO DEVICES,ADVANCED TECHNICAL SOLUTIONS GMBH,ADVANCED TECHNICAL SOLUTIONS,4,2011,2014,T3_REVIEW,0
211,AMD,ADVANCED MICRO DEVICES INC,ADVANCED MICRO DEVICES,ADVANCED MFG LLC,ADVANCED MFG,4,2016,2023,T3_REVIEW,0
211,AMD,ADVANCED MICRO DEVICES INC,ADVANCED MICRO DEVICES,ADVANCED LIGHTING TECH INC,ADVANCED LIGHTING TECH,4,2010,2014,T3_REVIEW,0
211,AMD,ADVANCED MICRO DEVICES INC,ADVANCED MICRO DEVICES,ADVANCED TECH & RESEARCH CORP,ADVANCED TECH RES,4,2018,2020,T3_REVIEW,0
211,AMD,ADVANCED MICRO DEVICES INC,ADVANCED MICRO DEVICES,ADVANCED CHARGING TECH INC,ADVANCED CHARGING TECH,4,2016,2024,T3_REVIEW,0
211,AMD,ADVANCED MICRO DEVICES INC,ADVANCED MICRO DEVICES,ADVANCED INSTITUTE OF INFORMATION TECHNOLOGY AIIT PEKING UNIV,ADVANCED INSTITUTE OF INFORMATION TECH AIIT PEKING UNIV,4,2020,2025,T3_REVIEW,0
211,AMD,ADVANCED MICRO DEVICES INC,ADVANCED MICRO DEVICES,ADVANCED FIRST AID RES PTE LTD,ADVANCED FIRST AID RES,4,2013,2016,T3_REVIEW,0
211,AMD,ADVANCED MICRO DEVICES INC,ADVANCED MICRO DEVICES,ADVANCED ELECTRON BEAMS INC,ADVANCED ELECTRON BEAMS,4,2010,2011,T3_REVIEW,0
211,AMD,ADVANCED MICRO DEVICES INC,ADVANCED MICRO DEVICES,ADVANCED BIOMETRIC CONTR LLC,ADVANCED BIOMETRIC CONTR,4,2011,2013,T3_REVIEW,0
211,AMD,ADVANCED MICRO DEVICES INC,ADVANCED MICRO DEVICES,ADVANCED TECH MANAGEMENT GROUP LLC,ADVANCED TECH MANAGEMENT,4,2018,2025,T3_REVIEW,0
211,AMD,ADVANCED MICRO DEVICES INC,ADVANCED MICRO DEVICES,ADVANCED VASCULAR ACCESS SYSTEMS LLC,ADVANCED VASCULAR ACCESS SYS,4,2017,2023,T3_REVIEW,0
211,AMD,ADVANCED MICRO DEVICES INC,ADVANCED MICRO DEVICES,ADVANCED NUMICRO SYSTEMS INC,ADVANCED NUMICRO SYS,4,2010,2013,T3_REVIEW,0
211,AMD,ADVANCED MICRO DEVICES INC,ADVANCED MICRO DEVICES,ADVANCED INPUT DEVICES INC,ADVANCED INPUT DEVICES,4,2010,2015,T3_REVIEW,0
211,AMD,ADVANCED MICRO DEVICES INC,ADVANCED MICRO DEVICES,ADVANCED COMPOSITE PRODUCTS & TECH INC,ADVANCED COMPOSITE PRODUCTS TECH,4,2017,2018,T3_REVIEW,0
211,AMD,ADVANCED MICRO DEVICES INC,ADVANCED MICRO DEVICES,ADVANCED MATERIAL ENGINEERING PTE LTD,ADVANCED MATERIAL ENGINEERING,4,2011,2015,T3_REVIEW,0
211,AMD,ADVANCED MICRO DEVICES INC,ADVANCED MICRO DEVICES,ADVANCED COMPOSITE PRODUCTS & TECHNOLOGY INC,ADVANCED COMPOSITE PRODUCTS TECH,4,2012,2015,T3_REVIEW,0
211,AMD,ADVANCED MICRO DEVICES INC,ADVANCED MICRO DEVICES,ADVANCED ACOUSTIC CONCEPTS LLC,ADVANCED ACOUSTIC CONCEPTS,4,2020,2020,T3_REVIEW,0
211,AMD,ADVANCED MICRO DEVICES INC,ADVANCED MICRO DEVICES,Advanced Frac Systems LLC,ADVANCED FRAC SYS,4,2017,2019,T3_REVIEW,0
211,AMD,ADVANCED MICRO DEVICES INC,ADVANCED MICRO DEVICES,ADVANCED GLOBAL CLINICAL SOLUTIONS INC,ADVANCED GLOBAL CLINICAL SOLUTIONS,4,2021,2024,T3_REVIEW,0
211,AMD,ADVANCED MICRO DEVICES INC,ADVANCED MICRO DEVICES,ADVANCED VOICE RECOGNITION SYSTEMS INC,ADVANCED VOICE RECOGNITION SYS,4,2013,2017,T3_REVIEW,0
211,AMD,ADVANCED MICRO DEVICES INC,ADVANCED MICRO DEVICES,ADVANCED ANALYTICAL TECHNOLOGIES INC,ADVANCED ANALYTICAL TECH,4,2010,2013,T3_REVIEW,0
211,AMD,ADVANCED MICRO DEVICES INC,ADVANCED MICRO DEVICES,ADVANCED MAGNETIC INTERACTION AMI,ADVANCED MAGNETIC INTERACTION AMI,4,2020,2024,T3_REVIEW,0
211,AMD,ADVANCED MICRO DEVICES INC,ADVANCED MICRO DEVICES,ADVANCED ALGAE INC,ADVANCED ALGAE,4,2010,2016,T3_REVIEW,0
211,AMD,ADVANCED MICRO DEVICES INC,ADVANCED MICRO DEVICES,ADVANCED LIFE SCIENCE INST INC,ADVANCED LIFE SCIENT INST,4,2010,2022,T3_REVIEW,0
211,AMD,ADVANCED MICRO DEVICES INC,ADVANCED MICRO DEVICES,ADVANCED ENZYME TECH LTD,ADVANCED ENZYME TECH,4,2022,2025,T3_REVIEW,0
211,AMD,ADVANCED MICRO DEVICES INC,ADVANCED MICRO DEVICES,ADVANCED SUTURE INC,ADVANCED SUTURE,4,2016,2018,T3_REVIEW,0
211,AMD,ADVANCED MICRO DEVICES INC,ADVANCED MICRO DEVICES,ADVANCED CERAM FIBERS LLC,ADVANCED CERAM FIBERS,4,2015,2021,T3_REVIEW,0
211,AMD,ADVANCED MICRO DEVICES INC,ADVANCED MICRO DEVICES,ADVANCED SONIC ALERT TECH LLC,ADVANCED SONIC ALERT TECH,4,2018,2021,T3_REVIEW,0
211,AMD,ADVANCED MICRO DEVICES INC,ADVANCED MICRO DEVICES,ADVANCED ENVIRONMENTAL RECYCLING TECH INC,ADVANCED ENVIRONMENTAL RECYCLING TECH,4,2017,2020,T3_REVIEW,0
211,AMD,ADVANCED MICRO DEVICES INC,ADVANCED MICRO DEVICES,ADVANCED NT,ADVANCED NT,4,2016,2019,T3_REVIEW,0
211,AMD,ADVANCED MICRO DEVICES INC,ADVANCED MICRO DEVICES,ADVANCED MACHINE WORKS LLC,ADVANCED MACHINE WORKS,4,2019,2024,T3_REVIEW,0
211,AMD,ADVANCED MICRO DEVICES INC,ADVANCED MICRO DEVICES,ADVANCED MATERIALS TECH BEIJING CO LTD,ADVANCED MATERIALS TECH BEIJING,4,2025,2025,T3_REVIEW,0
211,AMD,ADVANCED MICRO DEVICES INC,ADVANCED MICRO DEVICES,ADVANCED GREEN INNOVATIONS LLC,ADVANCED GREEN INNOVATIONS,4,2013,2018,T3_REVIEW,0
211,AMD,ADVANCED MICRO DEVICES INC,ADVANCED MICRO DEVICES,ADVANCED INSULATION PLC,ADVANCED INSULATION,4,2013,2016,T3_REVIEW,0
211,AMD,ADVANCED MICRO DEVICES INC,ADVANCED MICRO DEVICES,ADVANCED MEASUREMENT TECH INC,ADVANCED MEASUREMENT TECH,3,2017,2020,T3_REVIEW,0
211,AMD,ADVANCED MICRO DEVICES INC,ADVANCED MICRO DEVICES,ADVANCED WIRELESS & ANTENNA INC,ADVANCED WIRELESS ANTENNA,3,2019,2023,T3_REVIEW,0
211,AMD,ADVANCED MICRO DEVICES INC,ADVANCED MICRO DEVICES,ADVANCED INST OF CONVERGENCE TECHNOLOGY,ADVANCED INST OF CONVERGENCE TECH,3,2012,2013,T3_REVIEW,0
211,AMD,ADVANCED MICRO DEVICES INC,ADVANCED MICRO DEVICES,ADVANCED HUMAN IMAGING LTD,ADVANCED HUMAN IMAGING,3,2022,2022,T3_REVIEW,0
211,AMD,ADVANCED MICRO DEVICES INC,ADVANCED MICRO DEVICES,ADVANCED ANALOG TECH INC,ADVANCED ANALOG TECH,3,2022,2024,T3_REVIEW,0
211,AMD,ADVANCED MICRO DEVICES INC,ADVANCED MICRO DEVICES,ADVANCED CONSTRUCTION ROBOTICS INC,ADVANCED CONSTRUCTION ROBOTICS,3,2016,2024,T3_REVIEW,0
211,AMD,ADVANCED MICRO DEVICES INC,ADVANCED MICRO DEVICES,ADVANCED SILICONE COATING,ADVANCED SILICONE COATING,3,2020,2023,T3_REVIEW,0
211,AMD,ADVANCED MICRO DEVICES INC,ADVANCED MICRO DEVICES,ADVANCED BIOLOGICAL SERVICES INC,ADVANCED BIOLOGICAL SERVICES,3,2017,2021,T3_REVIEW,0
211,AMD,ADVANCED MICRO DEVICES INC,ADVANCED MICRO DEVICES,ADVANCED ANGLING MAT INC,ADVANCED ANGLING MAT,3,2021,2023,T3_REVIEW,0
211,AMD,ADVANCED MICRO DEVICES INC,ADVANCED MICRO DEVICES,ADVANCED WOOD PAINT LLC,ADVANCED WOOD PAINT,3,2015,2018,T3_REVIEW,0
211,AMD,ADVANCED MICRO DEVICES INC,ADVANCED MICRO DEVICES,ADVANCED SEARCH LAB LNC,ADVANCED SEARCH LAB LNC,3,2014,2014,T3_REVIEW,0
211,AMD,ADVANCED MICRO DEVICES INC,ADVANCED MICRO DEVICES,ADVANCED CERAMIC X CORP,ADVANCED CERAMIC X,3,2016,2021,T3_REVIEW,0
211,AMD,ADVANCED MICRO DEVICES INC,ADVANCED MICRO DEVICES,ADVANCED FIBREOPTICS ENG LTD,ADVANCED FIBREOPTICS ENG,3,2023,2024,T3_REVIEW,0
211,AMD,ADVANCED MICRO DEVICES INC,ADVANCED MICRO DEVICES,ADVANCED MARINE PERFORMANCE LLC,ADVANCED MARINE PERFORMANCE,3,2021,2024,T3_REVIEW,0
211,AMD,ADVANCED MICRO DEVICES INC,ADVANCED MICRO DEVICES,Advanced Aqua Group,ADVANCED AQUA,3,2011,2017,T3_REVIEW,0
211,AMD,ADVANCED MICRO DEVICES INC,ADVANCED MICRO DEVICES,ADVANCED SILICON DISPLAY OPTOELECTRONICS CORP LTD,ADVANCED SILICON DISPLAY OPTOELECTRONICS,3,2022,2023,T3_REVIEW,0
211,AMD,ADVANCED MICRO DEVICES INC,ADVANCED MICRO DEVICES,ADVANCED SCANNERS INC,ADVANCED SCANNERS,3,2018,2020,T3_REVIEW,0
211,AMD,ADVANCED MICRO DEVICES INC,ADVANCED MICRO DEVICES,ADVANCED ACCELERATOR APPLIC,ADVANCED ACCELERATOR APPLIC,3,2010,2013,T3_REVIEW,0
211,AMD,ADVANCED MICRO DEVICES INC,ADVANCED MICRO DEVICES,ADVANCED DEVELOPMENT OF ADDITIVE MFG INC,ADVANCED DEV OF ADDITIVE MFG,3,2021,2021,T3_REVIEW,0
211,AMD,ADVANCED MICRO DEVICES INC,ADVANCED MICRO DEVICES,ADVANCED NUCLEAR FUELS GMBH,ADVANCED NUCLEAR FUELS,3,2010,2012,T3_REVIEW,0
211,AMD,ADVANCED MICRO DEVICES INC,ADVANCED MICRO DEVICES,ADVANCED GREEN ENERGY TECH CORP,ADVANCED GREEN ENERGY TECH,3,2010,2010,T3_REVIEW,0
211,AMD,ADVANCED MICRO DEVICES INC,ADVANCED MICRO DEVICES,ADVANCED SPACE LLC,ADVANCED SPACE,3,2024,2024,T3_REVIEW,0
211,AMD,ADVANCED MICRO DEVICES INC,ADVANCED MICRO DEVICES,ADVANCED GLAZING TECHNOLOGIES LTD AGTL,ADVANCED GLAZING TECH LTD AGTL,3,2010,2014,T3_REVIEW,0
211,AMD,ADVANCED MICRO DEVICES INC,ADVANCED MICRO DEVICES,ADVANCED MED TECH,ADVANCED MED TECH,3,2010,2015,T3_REVIEW,0
211,AMD,ADVANCED MICRO DEVICES INC,ADVANCED MICRO DEVICES,ADVANCED SYMBOLICS 2015 INC,ADVANCED SYMBOLICS 2015,3,2022,2024,T3_REVIEW,0
211,AMD,ADVANCED MICRO DEVICES INC,ADVANCED MICRO DEVICES,Advanced Health Solutions LLC,ADVANCED HEALTH SOLUTIONS,3,2020,2022,T3_REVIEW,0
211,AMD,ADVANCED MICRO DEVICES INC,ADVANCED MICRO DEVICES,ADVANCED COMBUSTION TECH INC,ADVANCED COMBUSTION TECH,3,2018,2024,T3_REVIEW,0
211,AMD,ADVANCED MICRO DEVICES INC,ADVANCED MICRO DEVICES,ADVANCED COMPUTER AND COMMUNICATIONS L L C,ADVANCED COMPUTER AND COMMUNICATIONS L L C,3,2017,2020,T3_REVIEW,0
211,AMD,ADVANCED MICRO DEVICES INC,ADVANCED MICRO DEVICES,ADVANCED GREEN TECH LLC,ADVANCED GREEN TECH,3,2015,2015,T3_REVIEW,0
211,AMD,ADVANCED MICRO DEVICES INC,ADVANCED MICRO DEVICES,ADVANCED SILICON GROUP TECH LLC,ADVANCED SILICON GROUP TECH,3,2022,2025,T3_REVIEW,0
211,AMD,ADVANCED MICRO DEVICES INC,ADVANCED MICRO DEVICES,ADVANCED LAB GROUP COOPERATIVE,ADVANCED LAB GROUP COOPERATIVE,3,2010,2010,T3_REVIEW,0
211,AMD,ADVANCED MICRO DEVICES INC,ADVANCED MICRO DEVICES,ADVANCED WAVE SENSORS S L,ADVANCED WAVE SENSORS S L,3,2017,2022,T3_REVIEW,0
211,AMD,ADVANCED MICRO DEVICES INC,ADVANCED MICRO DEVICES,ADVANCED REGEN MEDICAL TECHNOLOGIES LLC,ADVANCED REGEN MEDICAL TECH,3,2014,2015,T3_REVIEW,0
211,AMD,ADVANCED MICRO DEVICES INC,ADVANCED MICRO DEVICES,ADVANCED EUCLIDEAN SOLUTIONS LLC,ADVANCED EUCLIDEAN SOLUTIONS,3,2019,2025,T3_REVIEW,0
211,AMD,ADVANCED MICRO DEVICES INC,ADVANCED MICRO DEVICES,ADVANCED CUSTOM ENGINEERED SYSTEMS & EQUIPMENT CO,ADVANCED CUSTOM ENGINEERED SYS EQUIP,3,2012,2015,T3_REVIEW,0
211,AMD,ADVANCED MICRO DEVICES INC,ADVANCED MICRO DEVICES,ADVANCED POWERING SERVICES INC,ADVANCED POWERING SERVICES,3,2020,2023,T3_REVIEW,0
211,AMD,ADVANCED MICRO DEVICES INC,ADVANCED MICRO DEVICES,ADVANCED ENERGY STORAGE LLC,ADVANCED ENERGY STORAGE,3,2021,2024,T3_REVIEW,0
211,AMD,ADVANCED MICRO DEVICES INC,ADVANCED MICRO DEVICES,ADVANCED MFT TECH CT CN CAMST,ADVANCED MFT TECH CT CN CAMST,3,2011,2015,T3_REVIEW,0
211,AMD,ADVANCED MICRO DEVICES INC,ADVANCED MICRO DEVICES,ADVANCED FEMALE TECH LLC,ADVANCED FEMALE TECH,3,2020,2020,T3_REVIEW,0
211,AMD,ADVANCED MICRO DEVICES INC,ADVANCED MICRO DEVICES,ADVANCED PUBLIC TRANSP SYSTEMS B V,ADVANCED PUBLIC TRANSP SYS B V,3,2010,2010,T3_REVIEW,0
211,AMD,ADVANCED MICRO DEVICES INC,ADVANCED MICRO DEVICES,ADVANCED THERANOSTICS INC,ADVANCED THERANOSTICS,3,2015,2019,T3_REVIEW,0
211,AMD,ADVANCED MICRO DEVICES INC,ADVANCED MICRO DEVICES,ADVANCED TECHNOLOGIES & INNOVATIONS B V,ADVANCED TECH INNOVATIONS B V,3,2012,2013,T3_REVIEW,0
211,AMD,ADVANCED MICRO DEVICES INC,ADVANCED MICRO DEVICES,ADVANCED NEUROMODULATION SYSTEM INC,ADVANCED NEUROMODULATION SYSTEM,3,2020,2020,T3_REVIEW,0
211,AMD,ADVANCED MICRO DEVICES INC,ADVANCED MICRO DEVICES,ADVANCED BONE ANCHOR LLC,ADVANCED BONE ANCHOR,3,2011,2016,T3_REVIEW,0
211,AMD,ADVANCED MICRO DEVICES INC,ADVANCED MICRO DEVICES,ADVANCED ALLOY HOLDINGS PTY LTD,ADVANCED ALLOY,3,2015,2020,T3_REVIEW,0
211,AMD,ADVANCED MICRO DEVICES INC,ADVANCED MICRO DEVICES,ADVANCED INNOVATORS INC,ADVANCED INNOVATORS,3,2022,2024,T3_REVIEW,0
211,AMD,ADVANCED MICRO DEVICES INC,ADVANCED MICRO DEVICES,ADVANCED DEVICE RES INC,ADVANCED DEVICE RES,3,2015,2015,T3_REVIEW,0
211,AMD,ADVANCED MICRO DEVICES INC,ADVANCED MICRO DEVICES,ADVANCED BLAST PROT SYSTEMS LLC DBA SALERIA,ADVANCED BLAST PROT SYS LLC DBA SALERIA,3,2021,2023,T3_REVIEW,0
211,AMD,ADVANCED MICRO DEVICES INC,ADVANCED MICRO DEVICES,ADVANCED AUCTIONS LLC,ADVANCED AUCTIONS,3,2013,2015,T3_REVIEW,0
211,AMD,ADVANCED MICRO DEVICES INC,ADVANCED MICRO DEVICES,ADVANCED TOOL & SUPPLY LLC,ADVANCED TOOL SUPPLY,3,2016,2018,T3_REVIEW,0
211,AMD,ADVANCED MICRO DEVICES INC,ADVANCED MICRO DEVICES,ADVANCED SYSTEMS & TECH INC,ADVANCED SYS TECH,3,2016,2022,T3_REVIEW,0
211,AMD,ADVANCED MICRO DEVICES INC,ADVANCED MICRO DEVICES,ADVANCED DIGITAL BROADCASTS A,ADVANCED DIGITAL BROADCASTS A,3,2017,2017,T3_REVIEW,0
211,AMD,ADVANCED MICRO DEVICES INC,ADVANCED MICRO DEVICES,ADVANCED MEDICAL STRATEGIES LLC,ADVANCED MEDICAL STRATEGIES,3,2014,2020,T3_REVIEW,0
211,AMD,ADVANCED MICRO DEVICES INC,ADVANCED MICRO DEVICES,ADVANCED ANALYTICAL TECHNOLOGIES LLC,ADVANCED ANALYTICAL TECH,3,2015,2015,T3_REVIEW,0
211,AMD,ADVANCED MICRO DEVICES INC,ADVANCED MICRO DEVICES,ADVANCED VIEW INC,ADVANCED VIEW,3,2022,2024,T3_REVIEW,0
211,AMD,ADVANCED MICRO DEVICES INC,ADVANCED MICRO DEVICES,ADVANCED MAGNETIC SOLUTIONS LTD,ADVANCED MAGNETIC SOLUTIONS,3,2015,2018,T3_REVIEW,0
211,AMD,ADVANCED MICRO DEVICES INC,ADVANCED MICRO DEVICES,ADVANCED MODERN TECH CORP,ADVANCED MODERN TECH,3,2010,2014,T3_REVIEW,0
211,AMD,ADVANCED MICRO DEVICES INC,ADVANCED MICRO DEVICES,Advanced Collagen Science LLC,ADVANCED COLLAGEN SCIENT,3,2014,2017,T3_REVIEW,0
211,AMD,ADVANCED MICRO DEVICES INC,ADVANCED MICRO DEVICES,ADVANCED NANO TECH LIMITED,ADVANCED NANO TECH,3,2018,2022,T3_REVIEW,0
211,AMD,ADVANCED MICRO DEVICES INC,ADVANCED MICRO DEVICES,ADVANCED ACCELERATOR APPLICATIONS INT S A,ADVANCED ACCELERATOR APPLICATIONS INT S A,3,2016,2021,T3_REVIEW,0
211,AMD,ADVANCED MICRO DEVICES INC,ADVANCED MICRO DEVICES,ADVANCED TRAUMA SOLUTIONS LLC,ADVANCED TRAUMA SOLUTIONS,3,2021,2024,T3_REVIEW,0
211,AMD,ADVANCED MICRO DEVICES INC,ADVANCED MICRO DEVICES,ADVANCED LAB SERVICES INC,ADVANCED LAB SERVICES,3,2012,2014,T3_REVIEW,0
211,AMD,ADVANCED MICRO DEVICES INC,ADVANCED MICRO DEVICES,ADVANCED SUSPENSION TECH LLC,ADVANCED SUSPENSION TECH,3,2024,2025,T3_REVIEW,0
211,AMD,ADVANCED MICRO DEVICES INC,ADVANCED MICRO DEVICES,ADVANCED INTERVENTIONAL CARDIOVASCULAR SOLUTIONS LLC,ADVANCED INTERVENTIONAL CARDIOVASCULAR SOLUTIONS,3,2023,2025,T3_REVIEW,0
211,AMD,ADVANCED MICRO DEVICES INC,ADVANCED MICRO DEVICES,ADVANCED COMPOSITES INC,ADVANCED COMPOSITES,3,2016,2018,T3_REVIEW,0
211,AMD,ADVANCED MICRO DEVICES INC,ADVANCED MICRO DEVICES,ADVANCED PROTEOME THERAPEUTICS INC,ADVANCED PROTEOME THERAPEUTICS,3,2011,2018,T3_REVIEW,0
211,AMD,ADVANCED MICRO DEVICES INC,ADVANCED MICRO DEVICES,ADVANCED BIOTECHNOLOGIES LLC,ADVANCED BIOTECHNOLOGIES,3,2015,2022,T3_REVIEW,0
211,AMD,ADVANCED MICRO DEVICES INC,ADVANCED MICRO DEVICES,ADVANCED RES FOR MFG SYSTEMS LLC,ADVANCED RES FOR MFG SYS,3,2015,2015,T3_REVIEW,0
211,AMD,ADVANCED MICRO DEVICES INC,ADVANCED MICRO DEVICES,ADVANCED INSTITUTE OF REPRODUCTIVE TECH,ADVANCED INSTITUTE OF REPRODUCTIVE TECH,3,2019,2022,T3_REVIEW,0
211,AMD,ADVANCED MICRO DEVICES INC,ADVANCED MICRO DEVICES,ADVANCED MACHINE & ENG CO,ADVANCED MACHINE ENG,3,2017,2018,T3_REVIEW,0
211,AMD,ADVANCED MICRO DEVICES INC,ADVANCED MICRO DEVICES,ADVANCED SPORTS LOGIC INC,ADVANCED SPORTS LOGIC,3,2011,2013,T3_REVIEW,0
211,AMD,ADVANCED MICRO DEVICES INC,ADVANCED MICRO DEVICES,ADVANCED ELECTRIC INC,ADVANCED ELEC,3,2020,2024,T3_REVIEW,0
211,AMD,ADVANCED MICRO DEVICES INC,ADVANCED MICRO DEVICES,ADVANCED NAVIGATION AND POSITIONING CORP,ADVANCED NAVIGATION AND POSITIONING,3,2021,2024,T3_REVIEW,0
211,AMD,ADVANCED MICRO DEVICES INC,ADVANCED MICRO DEVICES,ADVANCED GREEN TECHNOLOGIES LLC,ADVANCED GREEN TECH,3,2013,2014,T3_REVIEW,0
211,AMD,ADVANCED MICRO DEVICES INC,ADVANCED MICRO DEVICES,ADVANCED TECH APPLICATIONS LLC,ADVANCED TECH APPLICATIONS,3,2015,2018,T3_REVIEW,0
211,AMD,ADVANCED MICRO DEVICES INC,ADVANCED MICRO DEVICES,ADVANCED MATERIALS ENTPR COMPANY LTD,ADVANCED MATERIALS ENTPR,3,2010,2015,T3_REVIEW,0
211,AMD,ADVANCED MICRO DEVICES INC,ADVANCED MICRO DEVICES,ADVANCED WIRELESS COMMUNICATIONS,ADVANCED WIRELESS COMMUNICATIONS,3,2022,2025,T3_REVIEW,0
211,AMD,ADVANCED MICRO DEVICES INC,ADVANCED MICRO DEVICES,ADVANCED COPPER FOIL INC,ADVANCED COPPER FOIL,3,2019,2022,T3_REVIEW,0
211,AMD,ADVANCED MICRO DEVICES INC,ADVANCED MICRO DEVICES,ADVANCED DILATION STRATEGIES LLC,ADVANCED DILATION STRATEGIES,3,2018,2019,T3_REVIEW,0
211,AMD,ADVANCED MICRO DEVICES INC,ADVANCED MICRO DEVICES,ADVANCED STEAM TECH COMPANY LLC,ADVANCED STEAM TECH,3,2017,2021,T3_REVIEW,0
211,AMD,ADVANCED MICRO DEVICES INC,ADVANCED MICRO DEVICES,ADVANCED TECHNOLOGY & RES CORP,ADVANCED TECH RES,3,2011,2015,T3_REVIEW,0
211,AMD,ADVANCED MICRO DEVICES INC,ADVANCED MICRO DEVICES,ADVANCED PAVING TECH INC,ADVANCED PAVING TECH,3,2024,2024,T3_REVIEW,0
211,AMD,ADVANCED MICRO DEVICES INC,ADVANCED MICRO DEVICES,ADVANCED MASK INSPECTION TECH,ADVANCED MASK INSPECTION TECH,3,2010,2010,T3_REVIEW,0
11248,AMSC,AMERICAN SUPERCONDUCTOR CORP,AMER SUPERCONDUCTOR,AMERICAN EXPRESS TRAVEL RELATED SERVICES CO INC,AMER EXPRESS TRAVEL RELATED SERVICES,727,2015,2025,T3_REVIEW,0
11248,AMSC,AMERICAN SUPERCONDUCTOR CORP,AMER SUPERCONDUCTOR,AMERICAN EXPRESS TRAVEL RELATE,AMER EXPRESS TRAVEL RELATE,604,2010,2016,T3_REVIEW,0
11248,AMSC,AMERICAN SUPERCONDUCTOR CORP,AMER SUPERCONDUCTOR,AMERICAN MEGATRENDS INC,AMER MEGATRENDS,261,2010,2019,T3_REVIEW,0
11248,AMSC,AMERICAN SUPERCONDUCTOR CORP,AMER SUPERCONDUCTOR,AMERICAN AXLE & MFG INC,AMER AXLE MFG,260,2010,2025,T3_REVIEW,0
11248,AMSC,AMERICAN SUPERCONDUCTOR CORP,AMER SUPERCONDUCTOR,AMERICAN STERILIZER CO,AMER STERILIZER,202,2010,2025,T3_REVIEW,0
11248,AMSC,AMERICAN SUPERCONDUCTOR CORP,AMER SUPERCONDUCTOR,AMERICAN GREETINGS CORP,AMER GREETINGS,119,2010,2025,T3_REVIEW,0
11248,AMSC,AMERICAN SUPERCONDUCTOR CORP,AMER SUPERCONDUCTOR,AMERICAN POWER CONV CORP,AMER POWER CONV,110,2010,2012,T3_REVIEW,0
11248,AMSC,AMERICAN SUPERCONDUCTOR CORP,AMER SUPERCONDUCTOR,AMERICAN SCIENCE & ENG INC,AMER SCIENT ENG,71,2010,2025,T3_REVIEW,0
11248,AMSC,AMERICAN SUPERCONDUCTOR CORP,AMER SUPERCONDUCTOR,AMERICAN GENE TECH INT INC,AMER GENE TECH INT,54,2016,2025,T3_REVIEW,0
11248,AMSC,AMERICAN SUPERCONDUCTOR CORP,AMER SUPERCONDUCTOR,AMERICAN LITHIUM ENERGY CORP,AMER LITHIUM ENERGY,50,2010,2025,T3_REVIEW,0
11248,AMSC,AMERICAN SUPERCONDUCTOR CORP,AMER SUPERCONDUCTOR,AMERICAN AIRLINES INC,AMER AIRLINES,48,2010,2025,T3_REVIEW,0
11248,AMSC,AMERICAN SUPERCONDUCTOR CORP,AMER SUPERCONDUCTOR,AMERICAN INT GROUP INC,AMER INT,41,2010,2023,T3_REVIEW,0
11248,AMSC,AMERICAN SUPERCONDUCTOR CORP,AMER SUPERCONDUCTOR,AMERICAN MEGATRENDS INT LLC,AMER MEGATRENDS INT,39,2019,2024,T3_REVIEW,0
11248,AMSC,AMERICAN SUPERCONDUCTOR CORP,AMER SUPERCONDUCTOR,AMER SPORTS CANADA INC,AMER SPORTS CANADA,36,2015,2025,T3_REVIEW,0
11248,AMSC,AMERICAN SUPERCONDUCTOR CORP,AMER SUPERCONDUCTOR,AMERICAN AUDIO COMPONENTS INC,AMER AUDIO COMPONENTS,35,2010,2012,T3_REVIEW,0
11248,AMSC,AMERICAN SUPERCONDUCTOR CORP,AMER SUPERCONDUCTOR,AMERICAN RADIONIC,AMER RADIONIC,35,2010,2020,T3_REVIEW,0
11248,AMSC,AMERICAN SUPERCONDUCTOR CORP,AMER SUPERCONDUCTOR,AMERICAN PILEDRIVING EQUIPMENT INC,AMER PILEDRIVING EQUIP,33,2010,2025,T3_REVIEW,0
11248,AMSC,AMERICAN SUPERCONDUCTOR CORP,AMER SUPERCONDUCTOR,THE AMERICAN UNIV IN CAIRO,AMER UNIV IN CAIRO,33,2015,2025,T3_REVIEW,0
11248,AMSC,AMERICAN SUPERCONDUCTOR CORP,AMER SUPERCONDUCTOR,AMERICAN TELECONFERENCING SERV,AMER TELECONFERENCING SERV,32,2010,2017,T3_REVIEW,0
11248,AMSC,AMERICAN SUPERCONDUCTOR CORP,AMER SUPERCONDUCTOR,AMERICAN COVERS INC,AMER COVERS,30,2010,2016,T3_REVIEW,0
11248,AMSC,AMERICAN SUPERCONDUCTOR CORP,AMER SUPERCONDUCTOR,AMERICAN UNIV OF BEIRUT,AMER UNIV OF BEIRUT,28,2014,2025,T3_REVIEW,0
11248,AMSC,AMERICAN SUPERCONDUCTOR CORP,AMER SUPERCONDUCTOR,AMERICAN WELL CORP,AMER WELL,24,2010,2024,T3_REVIEW,0
11248,AMSC,AMERICAN SUPERCONDUCTOR CORP,AMER SUPERCONDUCTOR,AMER SPORTS DIGITAL SERVICES OY,AMER SPORTS DIGITAL SERVICES,22,2018,2022,T3_REVIEW,0
11248,AMSC,AMERICAN SUPERCONDUCTOR CORP,AMER SUPERCONDUCTOR,AMERICAN WAVE MACHINES INC,AMER WAVE MACH,22,2010,2025,T3_REVIEW,0
11248,AMSC,AMERICAN SUPERCONDUCTOR CORP,AMER SUPERCONDUCTOR,AMERICAN PANEL CORP,AMER PANEL,22,2010,2020,T3_REVIEW,0
11248,AMSC,AMERICAN SUPERCONDUCTOR CORP,AMER SUPERCONDUCTOR,AMERICAN NANO LLC,AMER NANO,19,2018,2023,T3_REVIEW,0
11248,AMSC,AMERICAN SUPERCONDUCTOR CORP,AMER SUPERCONDUCTOR,AMERICAN ORTHODONTICS CORP,AMER ORTHODONTICS,18,2013,2024,T3_REVIEW,0
11248,AMSC,AMERICAN SUPERCONDUCTOR CORP,AMER SUPERCONDUCTOR,AMERICAN REGENT INC,AMER REGENT,18,2019,2025,T3_REVIEW,0
11248,AMSC,AMERICAN SUPERCONDUCTOR CORP,AMER SUPERCONDUCTOR,AMERICAN VEHICULAR SCIENCES LLC,AMER VEHICULAR SCIENT,18,2012,2018,T3_REVIEW,0
11248,AMSC,AMERICAN SUPERCONDUCTOR CORP,AMER SUPERCONDUCTOR,AMERICAN FUTURE TECH,AMER FUTURE TECH,17,2020,2024,T3_REVIEW,0
11248,AMSC,AMERICAN SUPERCONDUCTOR CORP,AMER SUPERCONDUCTOR,AMERICA INC TOYOTA MOTOR ENGINEERING & MFG NORTH,AMER INC TOYOTA MOTOR ENGINEERING MFG NORTH,17,2012,2013,T3_REVIEW,0
11248,AMSC,AMERICAN SUPERCONDUCTOR CORP,AMER SUPERCONDUCTOR,AMERICAN LEATHER OPERATIONS LLC,AMER LEATHER OPERATIONS,16,2012,2023,T3_REVIEW,0
11248,AMSC,AMERICAN SUPERCONDUCTOR CORP,AMER SUPERCONDUCTOR,AMERICAN RECREATION PRODUCTS LLC,AMER RECREATION PRODUCTS,15,2012,2015,T3_REVIEW,0
11248,AMSC,AMERICAN SUPERCONDUCTOR CORP,AMER SUPERCONDUCTOR,AMERICAN HONDA MOTOR,AMER HONDA MOTOR,14,2018,2024,T3_REVIEW,0
11248,AMSC,AMERICAN SUPERCONDUCTOR CORP,AMER SUPERCONDUCTOR,American Breast Care LP,AMER BREAST CARE,14,2010,2025,T3_REVIEW,0
11248,AMSC,AMERICAN SUPERCONDUCTOR CORP,AMER SUPERCONDUCTOR,AMERICAN LOUVER CO,AMER LOUVER,13,2014,2025,T3_REVIEW,0
11248,AMSC,AMERICAN SUPERCONDUCTOR CORP,AMER SUPERCONDUCTOR,AMERICAN TRAFFIC SOLUTIONS INC,AMER TRAFFIC SOLUTIONS,12,2010,2020,T3_REVIEW,0
11248,AMSC,AMERICAN SUPERCONDUCTOR CORP,AMER SUPERCONDUCTOR,AMERICAN TEL A SYSTEMS INC,AMER TEL A SYS,12,2019,2024,T3_REVIEW,0
11248,AMSC,AMERICAN SUPERCONDUCTOR CORP,AMER SUPERCONDUCTOR,AMERICAN CHEMICAL SOC,AMER CHEM SOC,12,2013,2022,T3_REVIEW,0
11248,AMSC,AMERICAN SUPERCONDUCTOR CORP,AMER SUPERCONDUCTOR,AMERICAN WOODMARK MAN COMPANY,AMER WOODMARK MAN,11,2022,2025,T3_REVIEW,0
11248,AMSC,AMERICAN SUPERCONDUCTOR CORP,AMER SUPERCONDUCTOR,AMERICAN UNIV OF SHARJAH,AMER UNIV OF SHARJAH,11,2017,2025,T3_REVIEW,0
11248,AMSC,AMERICAN SUPERCONDUCTOR CORP,AMER SUPERCONDUCTOR,AMERICAN GREASE STICK CO,AMER GREASE STICK,11,2010,2016,T3_REVIEW,0
11248,AMSC,AMERICAN SUPERCONDUCTOR CORP,AMER SUPERCONDUCTOR,AMERICAN TORCH TIP COMPANY,AMER TORCH TIP,10,2014,2024,T3_REVIEW,0
11248,AMSC,AMERICAN SUPERCONDUCTOR CORP,AMER SUPERCONDUCTOR,AMERICAN DJ SUPPLY INC,AMER DJ SUPPLY,10,2010,2014,T3_REVIEW,0
11248,AMSC,AMERICAN SUPERCONDUCTOR CORP,AMER SUPERCONDUCTOR,AMERICAN EXPRESS KABBAGE INC,AMER EXPRESS KABBAGE,10,2022,2024,T3_REVIEW,0
11248,AMSC,AMERICAN SUPERCONDUCTOR CORP,AMER SUPERCONDUCTOR,AMERICAN TELECONFERNCING SERVICES LTD,AMER TELECONFERNCING SERVICES,10,2010,2010,T3_REVIEW,0
11248,AMSC,AMERICAN SUPERCONDUCTOR CORP,AMER SUPERCONDUCTOR,AMERICAN CNG LLC,AMER CNG,10,2022,2025,T3_REVIEW,0
11248,AMSC,AMERICAN SUPERCONDUCTOR CORP,AMER SUPERCONDUCTOR,AMERICAN AIR FILTER COMPANY INC,AMER AIR FILTER,10,2017,2025,T3_REVIEW,0
11248,AMSC,AMERICAN SUPERCONDUCTOR CORP,AMER SUPERCONDUCTOR,AMERICAN TACTICAL INC,AMER TACTICAL,9,2017,2025,T3_REVIEW,0
11248,AMSC,AMERICAN SUPERCONDUCTOR CORP,AMER SUPERCONDUCTOR,AMERICAN AEROGEL CORP,AMER AEROGEL,9,2011,2021,T3_REVIEW,0
11248,AMSC,AMERICAN SUPERCONDUCTOR CORP,AMER SUPERCONDUCTOR,AMERICAN AUGERS INC,AMER AUGERS,9,2013,2017,T3_REVIEW,0
11248,AMSC,AMERICAN SUPERCONDUCTOR CORP,AMER SUPERCONDUCTOR,AMERICAN WATER WORKS CO INC,AMER WATER WORKS,9,2010,2015,T3_REVIEW,0
11248,AMSC,AMERICAN SUPERCONDUCTOR CORP,AMER SUPERCONDUCTOR,AMERICAN JEREH INT CORPORATION,AMER JEREH INT,8,2020,2024,T3_REVIEW,0
11248,AMSC,AMERICAN SUPERCONDUCTOR CORP,AMER SUPERCONDUCTOR,AMERICAN MAGNETIC ENG INC,AMER MAGNETIC ENG,8,2016,2018,T3_REVIEW,0
11248,AMSC,AMERICAN SUPERCONDUCTOR CORP,AMER SUPERCONDUCTOR,AMERICAN SILVER LLC,AMER SILVER,8,2011,2025,T3_REVIEW,0
11248,AMSC,AMERICAN SUPERCONDUCTOR CORP,AMER SUPERCONDUCTOR,AMERICAN UNIV,AMER UNIV,8,2016,2023,T3_REVIEW,0
11248,AMSC,AMERICAN SUPERCONDUCTOR CORP,AMER SUPERCONDUCTOR,AMERICAN LATEX CORP,AMER LATEX,7,2017,2021,T3_REVIEW,0
11248,AMSC,AMERICAN SUPERCONDUCTOR CORP,AMER SUPERCONDUCTOR,AMERICAN FAMILY MUTUAL INSURANCE COMPANY S I,AMER FAMILY MUTUAL INSURANCE COMPANY S I,7,2020,2025,T3_REVIEW,0
11248,AMSC,AMERICAN SUPERCONDUCTOR CORP,AMER SUPERCONDUCTOR,AMERICAN BRIGHT LIGHTING INC,AMER BRIGHT LIGHTING,7,2010,2015,T3_REVIEW,0
11248,AMSC,AMERICAN SUPERCONDUCTOR CORP,AMER SUPERCONDUCTOR,AMERICAN HYPERFORM INC,AMER HYPERFORM,7,2021,2025,T3_REVIEW,0
11248,AMSC,AMERICAN SUPERCONDUCTOR CORP,AMER SUPERCONDUCTOR,AMERICAN MEGATRENDS INTERNATIONAL LLC,AMER MEGATRENDS INT,7,2020,2020,T3_REVIEW,0
11248,AMSC,AMERICAN SUPERCONDUCTOR CORP,AMER SUPERCONDUCTOR,AMERICAN RAILCAR IND INC,AMER RAILCAR IND,7,2014,2018,T3_REVIEW,0
11248,AMSC,AMERICAN SUPERCONDUCTOR CORP,AMER SUPERCONDUCTOR,AMERICAN UNIVERSITY IN CAIRO,AMER UNIV IN CAIRO,7,2010,2014,T3_REVIEW,0
11248,AMSC,AMERICAN SUPERCONDUCTOR CORP,AMER SUPERCONDUCTOR,AMERICAN OXYGEN LLC,AMER OXYGEN,7,2023,2025,T3_REVIEW,0
11248,AMSC,AMERICAN SUPERCONDUCTOR CORP,AMER SUPERCONDUCTOR,AMERICAN EXPRESS TRAVEL RELATED SERVICES COMPANY,AMER EXPRESS TRAVEL RELATED SERVICES,7,2015,2019,T3_REVIEW,0
11248,AMSC,AMERICAN SUPERCONDUCTOR CORP,AMER SUPERCONDUCTOR,AMERICAN CAST IRON PIPE COMPANY,AMER CAST IRON PIPE,7,2015,2023,T3_REVIEW,0
11248,AMSC,AMERICAN SUPERCONDUCTOR CORP,AMER SUPERCONDUCTOR,AMERICAN WELL CORP A DELAWARE CORP,AMER WELL CORP A DELAWARE,7,2010,2012,T3_REVIEW,0
11248,AMSC,AMERICAN SUPERCONDUCTOR CORP,AMER SUPERCONDUCTOR,AMERICAN UNDERWATER PRODUCTS INC,AMER UNDERWATER PRODUCTS,7,2010,2014,T3_REVIEW,0
11248,AMSC,AMERICAN SUPERCONDUCTOR CORP,AMER SUPERCONDUCTOR,AMERICAN CLASSIC ARMS LLC,AMER CLASSIC ARMS,7,2015,2018,T3_REVIEW,0
11248,AMSC,AMERICAN SUPERCONDUCTOR CORP,AMER SUPERCONDUCTOR,AMERICAN MESSAGING SERVICES LLC,AMER MESSAGING SERVICES,6,2013,2020,T3_REVIEW,0
11248,AMSC,AMERICAN SUPERCONDUCTOR CORP,AMER SUPERCONDUCTOR,AMERICAN BIOOPTICS LLC,AMER BIOOPTICS,6,2010,2020,T3_REVIEW,0
11248,AMSC,AMERICAN SUPERCONDUCTOR CORP,AMER SUPERCONDUCTOR,AMERICAN GNC CORP,AMER GNC,6,2010,2013,T3_REVIEW,0
11248,AMSC,AMERICAN SUPERCONDUCTOR CORP,AMER SUPERCONDUCTOR,AMERICAN AUDIO COMPONENT SHENZHEN CO LTD,AMER AUDIO COMPONENT SHENZHEN,6,2013,2013,T3_REVIEW,0
11248,AMSC,AMERICAN SUPERCONDUCTOR CORP,AMER SUPERCONDUCTOR,AMERICAN AIR FILTER CO,AMER AIR FILTER,6,2013,2014,T3_REVIEW,0
11248,AMSC,AMERICAN SUPERCONDUCTOR CORP,AMER SUPERCONDUCTOR,AMERICAN EXPRESS AUSTRALIA LTD,AMER EXPRESS AUSTRALIA,6,2024,2025,T3_REVIEW,0
11248,AMSC,AMERICAN SUPERCONDUCTOR CORP,AMER SUPERCONDUCTOR,AMERICAN ELECTRIC POWER COMPANY INC,AMER ELEC POWER,6,2015,2022,T3_REVIEW,0
11248,AMSC,AMERICAN SUPERCONDUCTOR CORP,AMER SUPERCONDUCTOR,AMERICAN BOA INC,AMER BOA,6,2015,2018,T3_REVIEW,0
11248,AMSC,AMERICAN SUPERCONDUCTOR CORP,AMER SUPERCONDUCTOR,AMERICAN CRAFTS L C,AMER CRAFTS L C,6,2015,2020,T3_REVIEW,0
11248,AMSC,AMERICAN SUPERCONDUCTOR CORP,AMER SUPERCONDUCTOR,AMERICAN MOLECULAR LABORATORIES INC,AMER MOLECULAR LAB,6,2017,2022,T3_REVIEW,0
11248,AMSC,AMERICAN SUPERCONDUCTOR CORP,AMER SUPERCONDUCTOR,AMERICAN FIRE WIRE INC,AMER FIRE WIRE,6,2017,2024,T3_REVIEW,0
11248,AMSC,AMERICAN SUPERCONDUCTOR CORP,AMER SUPERCONDUCTOR,AMERICAN RIVER NUTRITION LLC,AMER RIVER NUTRITION,6,2020,2025,T3_REVIEW,0
11248,AMSC,AMERICAN SUPERCONDUCTOR CORP,AMER SUPERCONDUCTOR,AMERICAN PAN COMPANY,AMER PAN,6,2010,2019,T3_REVIEW,0
11248,AMSC,AMERICAN SUPERCONDUCTOR CORP,AMER SUPERCONDUCTOR,AMERICAN NAT MANUFACTURING INC,AMER NAT MFG,6,2017,2020,T3_REVIEW,0
11248,AMSC,AMERICAN SUPERCONDUCTOR CORP,AMER SUPERCONDUCTOR,AMERICAN FLASHINGS AND ACCESS LLC,AMER FLASHINGS AND ACCESS,6,2022,2025,T3_REVIEW,0
11248,AMSC,AMERICAN SUPERCONDUCTOR CORP,AMER SUPERCONDUCTOR,THE AMERICAN DRAIN COMPANY LLC,AMER DRAIN,5,2016,2025,T3_REVIEW,0
11248,AMSC,AMERICAN SUPERCONDUCTOR CORP,AMER SUPERCONDUCTOR,AMERICAN LIFE SCIENCE PHARMACEUTICALS INC,AMER LIFE SCIENT PHARMACEUTICALS,5,2010,2019,T3_REVIEW,0
11248,AMSC,AMERICAN SUPERCONDUCTOR CORP,AMER SUPERCONDUCTOR,AMERICAN THERMAL HOLDINGS COMPANY,AMER THERMAL,5,2012,2019,T3_REVIEW,0
11248,AMSC,AMERICAN SUPERCONDUCTOR CORP,AMER SUPERCONDUCTOR,AMERICAN PACKAGING CORP,AMER PACKAGING,5,2011,2016,T3_REVIEW,0
11248,AMSC,AMERICAN SUPERCONDUCTOR CORP,AMER SUPERCONDUCTOR,AMERICAN GARDENS MAN CO,AMER GARDENS MAN,5,2010,2011,T3_REVIEW,0
11248,AMSC,AMERICAN SUPERCONDUCTOR CORP,AMER SUPERCONDUCTOR,AMERICAN POLYMERS CORP,AMER POLYMERS,5,2022,2025,T3_REVIEW,0
11248,AMSC,AMERICAN SUPERCONDUCTOR CORP,AMER SUPERCONDUCTOR,AMERICAN WATER WORKS COMPANY INC,AMER WATER WORKS,5,2016,2017,T3_REVIEW,0
11248,AMSC,AMERICAN SUPERCONDUCTOR CORP,AMER SUPERCONDUCTOR,AMERICAN TRIM LLC,AMER TRIM,5,2010,2012,T3_REVIEW,0
11248,AMSC,AMERICAN SUPERCONDUCTOR CORP,AMER SUPERCONDUCTOR,AMERICAN TACK & HARDWARE CO INC,AMER TACK HARDWARE,5,2011,2025,T3_REVIEW,0
11248,AMSC,AMERICAN SUPERCONDUCTOR CORP,AMER SUPERCONDUCTOR,AMERICAN SNUFF COMPANY LLC,AMER SNUFF,5,2011,2021,T3_REVIEW,0
11248,AMSC,AMERICAN SUPERCONDUCTOR CORP,AMER SUPERCONDUCTOR,AMERICAN SEATING CO,AMER SEATING,5,2010,2015,T3_REVIEW,0
11248,AMSC,AMERICAN SUPERCONDUCTOR CORP,AMER SUPERCONDUCTOR,AMERICAN GLASSCRAFTERS INC,AMER GLASSCRAFTERS,5,2015,2020,T3_REVIEW,0
11248,AMSC,AMERICAN SUPERCONDUCTOR CORP,AMER SUPERCONDUCTOR,AMERICAN LINC LLC,AMER LINC,5,2010,2021,T3_REVIEW,0
11248,AMSC,AMERICAN SUPERCONDUCTOR CORP,AMER SUPERCONDUCTOR,AMERICAN BIOCARBON LLC,AMER BIOCARBON,5,2015,2020,T3_REVIEW,0
11248,AMSC,AMERICAN SUPERCONDUCTOR CORP,AMER SUPERCONDUCTOR,AMERICAN PEAT TECH LLC,AMER PEAT TECH,5,2016,2023,T3_REVIEW,0
11248,AMSC,AMERICAN SUPERCONDUCTOR CORP,AMER SUPERCONDUCTOR,AMERICAN ACCESSORIES INT LLC,AMER ACCESSORIES INT,5,2018,2022,T3_REVIEW,0
11248,AMSC,AMERICAN SUPERCONDUCTOR CORP,AMER SUPERCONDUCTOR,AMERICAN FENCE SYSTEM INC,AMER FENCE SYSTEM,5,2014,2020,T3_REVIEW,0
11248,AMSC,AMERICAN SUPERCONDUCTOR CORP,AMER SUPERCONDUCTOR,AMERICAN ISOSTATIC PRESSES INC,AMER ISOSTATIC PRESSES,5,2012,2020,T3_REVIEW,0
11248,AMSC,AMERICAN SUPERCONDUCTOR CORP,AMER SUPERCONDUCTOR,AMERICAN SHALE OIL LLC,AMER SHALE OIL,5,2010,2014,T3_REVIEW,0
11248,AMSC,AMERICAN SUPERCONDUCTOR CORP,AMER SUPERCONDUCTOR,AMERICAN ENDOSCOPIC INNOVATIONS LLC,AMER ENDOSCOPIC INNOVATIONS,5,2020,2023,T3_REVIEW,0
11248,AMSC,AMERICAN SUPERCONDUCTOR CORP,AMER SUPERCONDUCTOR,AMERICAN EAGLE INSTR INC,AMER EAGLE INSTR,5,2012,2015,T3_REVIEW,0
11248,AMSC,AMERICAN SUPERCONDUCTOR CORP,AMER SUPERCONDUCTOR,AMERICAN HOME HEALTH CARE INC,AMER HOME HEALTH CARE,4,2011,2014,T3_REVIEW,0
11248,AMSC,AMERICAN SUPERCONDUCTOR CORP,AMER SUPERCONDUCTOR,AMERICAN SECURITY PRODUCTS CO,AMER SECURITY PRODUCTS,4,2016,2022,T3_REVIEW,0
11248,AMSC,AMERICAN SUPERCONDUCTOR CORP,AMER SUPERCONDUCTOR,AMER SPA,AMER,4,2015,2022,T3_REVIEW,0
11248,AMSC,AMERICAN SUPERCONDUCTOR CORP,AMER SUPERCONDUCTOR,AMERICAN TRACK ROADSTER INC,AMER TRACK ROADSTER,4,2014,2019,T3_REVIEW,0
11248,AMSC,AMERICAN SUPERCONDUCTOR CORP,AMER SUPERCONDUCTOR,AMERICAN POLARIZERS,AMER POLARIZERS,4,2010,2023,T3_REVIEW,0
11248,AMSC,AMERICAN SUPERCONDUCTOR CORP,AMER SUPERCONDUCTOR,AMERICAN EXPRESS SERVICES EUROPE LTD,AMER EXPRESS SERVICES EUROPE,4,2024,2025,T3_REVIEW,0
11248,AMSC,AMERICAN SUPERCONDUCTOR CORP,AMER SUPERCONDUCTOR,AMER-YAHIA SIHEM,AMER YAHIA SIHEM,4,2010,2012,T3_REVIEW,0
11248,AMSC,AMERICAN SUPERCONDUCTOR CORP,AMER SUPERCONDUCTOR,AMERICAN DEFENSE MFG LLC,AMER DEFENSE MFG,4,2015,2019,T3_REVIEW,0
11248,AMSC,AMERICAN SUPERCONDUCTOR CORP,AMER SUPERCONDUCTOR,AMERICAN PACIFIC CORP,AMER PACIFIC,4,2010,2013,T3_REVIEW,0
11248,AMSC,AMERICAN SUPERCONDUCTOR CORP,AMER SUPERCONDUCTOR,AMERICAN INFERTILITY OF NEW YORK P C,AMER INFERTILITY OF NEW YORK P C,4,2016,2019,T3_REVIEW,0
11248,AMSC,AMERICAN SUPERCONDUCTOR CORP,AMER SUPERCONDUCTOR,AMERICAN PANEL CORP INC,AMER PANEL,4,2010,2014,T3_REVIEW,0
11248,AMSC,AMERICAN SUPERCONDUCTOR CORP,AMER SUPERCONDUCTOR,AMERICAN INNOVATIVE RES CORP,AMER INNOVATIVE RES,4,2011,2020,T3_REVIEW,0
11248,AMSC,AMERICAN SUPERCONDUCTOR CORP,AMER SUPERCONDUCTOR,AMERICAN BATTERY SOLUTIONS INC,AMER BATTERY SOLUTIONS,4,2021,2022,T3_REVIEW,0
11248,AMSC,AMERICAN SUPERCONDUCTOR CORP,AMER SUPERCONDUCTOR,AMERICAN FAMILY LIFE ASSURANCE COMPANY OF COLUMBUS,AMER FAMILY LIFE ASSURANCE COMPANY OF COLUMBUS,4,2018,2020,T3_REVIEW,0
11248,AMSC,AMERICAN SUPERCONDUCTOR CORP,AMER SUPERCONDUCTOR,AMERICAN BRANDS LLC,AMER BRANDS,4,2022,2025,T3_REVIEW,0
11248,AMSC,AMERICAN SUPERCONDUCTOR CORP,AMER SUPERCONDUCTOR,AMERICAN BORONITE CORP,AMER BORONITE,4,2017,2021,T3_REVIEW,0
11248,AMSC,AMERICAN SUPERCONDUCTOR CORP,AMER SUPERCONDUCTOR,AMERICAN FELT & FILTER CO,AMER FELT FILTER,4,2014,2015,T3_REVIEW,0
11248,AMSC,AMERICAN SUPERCONDUCTOR CORP,AMER SUPERCONDUCTOR,AMERICAN REFINING GROUP INC,AMER REFINING,4,2012,2020,T3_REVIEW,0
11248,AMSC,AMERICAN SUPERCONDUCTOR CORP,AMER SUPERCONDUCTOR,AMERICAN KENDA RUBBER IND CO LTD,AMER KENDA RUBBER IND,4,2017,2022,T3_REVIEW,0
11248,AMSC,AMERICAN SUPERCONDUCTOR CORP,AMER SUPERCONDUCTOR,AMERICAN INNOVATIONS INC,AMER INNOVATIONS,4,2011,2016,T3_REVIEW,0
11248,AMSC,AMERICAN SUPERCONDUCTOR CORP,AMER SUPERCONDUCTOR,AMERICAN WAGERING INC,AMER WAGERING,4,2017,2023,T3_REVIEW,0
11248,AMSC,AMERICAN SUPERCONDUCTOR CORP,AMER SUPERCONDUCTOR,AMERICAN LABELMARK COMPANY,AMER LABELMARK,4,2020,2022,T3_REVIEW,0
11248,AMSC,AMERICAN SUPERCONDUCTOR CORP,AMER SUPERCONDUCTOR,AMERICAN ROBOTICS INC,AMER ROBOTICS,4,2017,2025,T3_REVIEW,0
11248,AMSC,AMERICAN SUPERCONDUCTOR CORP,AMER SUPERCONDUCTOR,AMERICAN VANGUARD CORP,AMER VANGUARD,4,2011,2017,T3_REVIEW,0
11248,AMSC,AMERICAN SUPERCONDUCTOR CORP,AMER SUPERCONDUCTOR,AMERICAN CHEMET CORP,AMER CHEMET,4,2017,2022,T3_REVIEW,0
11248,AMSC,AMERICAN SUPERCONDUCTOR CORP,AMER SUPERCONDUCTOR,AMERICAN MINE DOOR CO,AMER MINE DOOR,4,2013,2016,T3_REVIEW,0
11248,AMSC,AMERICAN SUPERCONDUCTOR CORP,AMER SUPERCONDUCTOR,AMERICAN INVENTED PRODUCTS INC,AMER INVENTED PRODUCTS,3,2016,2019,T3_REVIEW,0
11248,AMSC,AMERICAN SUPERCONDUCTOR CORP,AMER SUPERCONDUCTOR,AMERICAN TEXTILE COMPANY,AMER TEXTILE,3,2014,2017,T3_REVIEW,0
11248,AMSC,AMERICAN SUPERCONDUCTOR CORP,AMER SUPERCONDUCTOR,AMERICAN BUSINESS FORMS INC,AMER BUS FORMS,3,2020,2023,T3_REVIEW,0
11248,AMSC,AMERICAN SUPERCONDUCTOR CORP,AMER SUPERCONDUCTOR,AMERICAN TACTICAL IMP S INC,AMER TACTICAL IMP S,3,2013,2014,T3_REVIEW,0
11248,AMSC,AMERICAN SUPERCONDUCTOR CORP,AMER SUPERCONDUCTOR,AMERICAN METAL CEILING PANEL MANUFACTURER,AMER METAL CEILING PANEL MANUFACTURER,3,2012,2012,T3_REVIEW,0
11248,AMSC,AMERICAN SUPERCONDUCTOR CORP,AMER SUPERCONDUCTOR,AMERICAN REFRIGERATED EXPRESS INC,AMER REFRIGERATED EXPRESS,3,2014,2020,T3_REVIEW,0
11248,AMSC,AMERICAN SUPERCONDUCTOR CORP,AMER SUPERCONDUCTOR,AMERICAN INSECT ATTRACTANTS LLC,AMER INSECT ATTRACTANTS,3,2021,2024,T3_REVIEW,0
11248,AMSC,AMERICAN SUPERCONDUCTOR CORP,AMER SUPERCONDUCTOR,AMERICAN HEART OF POLAND S A,AMER HEART OF POLAND S A,3,2018,2018,T3_REVIEW,0
11248,AMSC,AMERICAN SUPERCONDUCTOR CORP,AMER SUPERCONDUCTOR,AMERICAN LEAK DETECTION IRRIGATION INC,AMER LEAK DETECTION IRRIGATION,3,2022,2025,T3_REVIEW,0
11248,AMSC,AMERICAN SUPERCONDUCTOR CORP,AMER SUPERCONDUCTOR,AMERICAN CANNING MACHINES LLC,AMER CANNING MACH,3,2018,2018,T3_REVIEW,0
11248,AMSC,AMERICAN SUPERCONDUCTOR CORP,AMER SUPERCONDUCTOR,AMERICAN ALDES VENTILATION CORP,AMER ALDES VENTILATION,3,2013,2017,T3_REVIEW,0
11248,AMSC,AMERICAN SUPERCONDUCTOR CORP,AMER SUPERCONDUCTOR,AMERICAN UNIVERSITY OF CAIRO AUC,AMER UNIV OF CAIRO AUC,3,2013,2014,T3_REVIEW,0
11248,AMSC,AMERICAN SUPERCONDUCTOR CORP,AMER SUPERCONDUCTOR,AMERICA NAT POWER STORAGE LLC,AMER NAT POWER STORAGE,3,2022,2023,T3_REVIEW,0
11248,AMSC,AMERICAN SUPERCONDUCTOR CORP,AMER SUPERCONDUCTOR,AMERICA EXPRESS TRAVEL RELATED SERVICES COMPANY INC,AMER EXPRESS TRAVEL RELATED SERVICES,3,2010,2016,T3_REVIEW,0
11248,AMSC,AMERICAN SUPERCONDUCTOR CORP,AMER SUPERCONDUCTOR,AMERICAN WIRE TIE INC,AMER WIRE TIE,3,2022,2025,T3_REVIEW,0
11248,AMSC,AMERICAN SUPERCONDUCTOR CORP,AMER SUPERCONDUCTOR,AMERICAN TIRE DISTRIBUTORS INC,AMER TIRE DISTRIBUTORS,3,2020,2022,T3_REVIEW,0
11248,AMSC,AMERICAN SUPERCONDUCTOR CORP,AMER SUPERCONDUCTOR,AMERICAN BANKNOTE CORP,AMER BANKNOTE,3,2015,2016,T3_REVIEW,0
11248,AMSC,AMERICAN SUPERCONDUCTOR CORP,AMER SUPERCONDUCTOR,AMERICAN CALCAR INC,AMER CALCAR,3,2013,2014,T3_REVIEW,0
11248,AMSC,AMERICAN SUPERCONDUCTOR CORP,AMER SUPERCONDUCTOR,AMERICAN PEAT TECHNOLOGY LLC,AMER PEAT TECH,3,2012,2014,T3_REVIEW,0
11248,AMSC,AMERICAN SUPERCONDUCTOR CORP,AMER SUPERCONDUCTOR,AMERICAN NAT ELT YAYINCILIK EGTIM VE DANISMANLIK LTD STI,AMER NAT ELT YAYINCILIK EGTIM VE DANISMANLIK LTD STI,3,2016,2017,T3_REVIEW,0
11248,AMSC,AMERICAN SUPERCONDUCTOR CORP,AMER SUPERCONDUCTOR,American Ketone Therapeutics LLC,AMER KETONE THERAPEUTICS,3,2023,2023,T3_REVIEW,0
11248,AMSC,AMERICAN SUPERCONDUCTOR CORP,AMER SUPERCONDUCTOR,AMERICAN PELLET SUPPLY LLC,AMER PELLET SUPPLY,3,2010,2014,T3_REVIEW,0
11248,AMSC,AMERICAN SUPERCONDUCTOR CORP,AMER SUPERCONDUCTOR,American University of Cairo,AMER UNIV OF CAIRO,3,2011,2015,T3_REVIEW,0
11248,AMSC,AMERICAN SUPERCONDUCTOR CORP,AMER SUPERCONDUCTOR,AMER SIL SA,AMER SIL,3,2022,2023,T3_REVIEW,0
11248,AMSC,AMERICAN SUPERCONDUCTOR CORP,AMER SUPERCONDUCTOR,AMERICAN DYE SOURCE INC,AMER DYE SOURCE,3,2011,2015,T3_REVIEW,0
11248,AMSC,AMERICAN SUPERCONDUCTOR CORP,AMER SUPERCONDUCTOR,AMERICAN SOLAR RAIL LLC,AMER SOLAR RAIL,3,2022,2023,T3_REVIEW,0
11248,AMSC,AMERICAN SUPERCONDUCTOR CORP,AMER SUPERCONDUCTOR,American Family Mutual Insurance Company,AMER FAMILY MUTUAL INSURANCE,3,2013,2020,T3_REVIEW,0
11248,AMSC,AMERICAN SUPERCONDUCTOR CORP,AMER SUPERCONDUCTOR,AMERICAN BATH GROUP LLC,AMER BATH,3,2018,2025,T3_REVIEW,0
11248,AMSC,AMERICAN SUPERCONDUCTOR CORP,AMER SUPERCONDUCTOR,AMERICAN RIVER NUTRITION,AMER RIVER NUTRITION,3,2016,2018,T3_REVIEW,0
11248,AMSC,AMERICAN SUPERCONDUCTOR CORP,AMER SUPERCONDUCTOR,AMERICAN MAPLAN CORP,AMER MAPLAN,3,2010,2011,T3_REVIEW,0
11248,AMSC,AMERICAN SUPERCONDUCTOR CORP,AMER SUPERCONDUCTOR,AMERICAN SCIENCE AND TECHNOLOGY CORP,AMER SCIENT AND TECH,3,2011,2014,T3_REVIEW,0
11248,AMSC,AMERICAN SUPERCONDUCTOR CORP,AMER SUPERCONDUCTOR,AMERICAN IRON AND STEEL INST,AMER IRON AND STEEL INST,3,2011,2021,T3_REVIEW,0
11248,AMSC,AMERICAN SUPERCONDUCTOR CORP,AMER SUPERCONDUCTOR,AMERICAN AXLE & MANUFACTURING INC,AMER AXLE MFG,3,2019,2020,T3_REVIEW,0
11248,AMSC,AMERICAN SUPERCONDUCTOR CORP,AMER SUPERCONDUCTOR,AMERICAN RIVER NUTRITION INC,AMER RIVER NUTRITION,3,2011,2017,T3_REVIEW,0
11248,AMSC,AMERICAN SUPERCONDUCTOR CORP,AMER SUPERCONDUCTOR,AMERICAN MEDICAL ASS,AMER MEDICAL ASS,3,2020,2024,T3_REVIEW,0
11248,AMSC,AMERICAN SUPERCONDUCTOR CORP,AMER SUPERCONDUCTOR,AMERICAN ELECTRIC VEHICLES INC,AMER ELEC VEHICLES,3,2010,2010,T3_REVIEW,0
11248,AMSC,AMERICAN SUPERCONDUCTOR CORP,AMER SUPERCONDUCTOR,AMERICAN FURUKAWA INC,AMER FURUKAWA,3,2014,2021,T3_REVIEW,0
11248,AMSC,AMERICAN SUPERCONDUCTOR CORP,AMER SUPERCONDUCTOR,American SportWorks LLC,AMER SPORTWORKS,3,2012,2013,T3_REVIEW,0
11248,AMSC,AMERICAN SUPERCONDUCTOR CORP,AMER SUPERCONDUCTOR,AMERICAN INST FOR RES,AMER INST FOR RES,3,2011,2014,T3_REVIEW,0
11248,AMSC,AMERICAN SUPERCONDUCTOR CORP,AMER SUPERCONDUCTOR,AMERICAN UNIVERSITY OF BEIRUT,AMER UNIV OF BEIRUT,3,2010,2015,T3_REVIEW,0
11248,AMSC,AMERICAN SUPERCONDUCTOR CORP,AMER SUPERCONDUCTOR,AMERICAN TECH CERAMICS,AMER TECH CERAMICS,3,2011,2013,T3_REVIEW,0
11248,AMSC,AMERICAN SUPERCONDUCTOR CORP,AMER SUPERCONDUCTOR,AMERICAN OFF ROAD TECHNOLOGIES LLC,AMER OFF ROAD TECH,3,2011,2013,T3_REVIEW,0
15473,AMZN,AMAZON COM INC,AMAZON COM,AMAZON TECH INC,AMAZON TECH,5844,2010,2025,T3_REVIEW,0
42273,ANTM,ANTHEM INC,ELEVANCE HEALTH,ELEVANCE RENEWABLE SCIENCES,ELEVANCE RENEWABLE SCIENT,155,2011,2020,T3_REVIEW,0
53927,APTV,APTIV PLC,DELPHI AUTOMOTIVE,DELPHI TECH INC,DELPHI TECH,1017,2010,2018,T3_REVIEW,0
53927,APTV,APTIV PLC,DELPHI AUTOMOTIVE,DELPHI TECH IP LTD,DELPHI TECH IP,263,2016,2024,T3_REVIEW,0
53927,APTV,APTIV PLC,DELPHI AUTOMOTIVE,DELPHI INT OPERATIONS LUXEMBOURG SARL,DELPHI INT OPERATIONS LUXEMBOURG,121,2012,2018,T3_REVIEW,0
53927,APTV,APTIV PLC,DELPHI AUTOMOTIVE,DELPHI TECH LLC,DELPHI TECH,105,2016,2021,T3_REVIEW,0
53927,APTV,APTIV PLC,DELPHI AUTOMOTIVE,DELPHI TECH HOLDING SARL,DELPHI TECH,19,2010,2013,T3_REVIEW,0
53927,APTV,APTIV PLC,DELPHI AUTOMOTIVE,DELPHI INTERNAT OPERATIONS LUXEMBOURG S À R L,DELPHI INTERNAT OPERATIONS LUXEMBOURG S R L,11,2012,2014,T3_REVIEW,0
53927,APTV,APTIV PLC,DELPHI AUTOMOTIVE,DELPHI DELCO ELECT EUROPE GMBH,DELPHI DELCO ELECT EUROPE,6,2010,2011,T3_REVIEW,0
53927,APTV,APTIV PLC,DELPHI AUTOMOTIVE,DELPHI POWERTRAIN SYSTEMS KOREA LTD,DELPHI POWERTRAIN SYS KOREA,5,2016,2017,T3_REVIEW,0
53927,APTV,APTIV PLC,DELPHI AUTOMOTIVE,DELPHI DEUTSCHLAND GMBH,DELPHI DEUTSCHLAND,5,2012,2014,T3_REVIEW,0
53927,APTV,APTIV PLC,DELPHI AUTOMOTIVE,DELPHI TECHNOLOGIES HOLDING,DELPHI TECH,4,2011,2012,T3_REVIEW,0
53927,APTV,APTIV PLC,DELPHI AUTOMOTIVE,DELPHI SCIENT LLC,DELPHI SCIENT,4,2017,2024,T3_REVIEW,0
53927,APTV,APTIV PLC,DELPHI AUTOMOTIVE,DELPHI TECHNOLOGIES HOLDING S ARL,DELPHI TECH HOLDING S ARL,3,2010,2010,T3_REVIEW,0
53927,APTV,APTIV PLC,DELPHI AUTOMOTIVE,DELPHI GENETICS,DELPHI GENETICS,3,2011,2015,T3_REVIEW,0
59796,AS,AMER SPORTS INC,AMER SPORTS,AMERICAN EXPRESS TRAVEL RELATED SERVICES CO INC,AMER EXPRESS TRAVEL RELATED SERVICES,727,2015,2025,T3_REVIEW,0
59796,AS,AMER SPORTS INC,AMER SPORTS,AMERICAN EXPRESS TRAVEL RELATE,AMER EXPRESS TRAVEL RELATE,604,2010,2016,T3_REVIEW,0
59796,AS,AMER SPORTS INC,AMER SPORTS,AMERICAN MEGATRENDS INC,AMER MEGATRENDS,261,2010,2019,T3_REVIEW,0
59796,AS,AMER SPORTS INC,AMER SPORTS,AMERICAN AXLE & MFG INC,AMER AXLE MFG,260,2010,2025,T3_REVIEW,0
59796,AS,AMER SPORTS INC,AMER SPORTS,AMERICAN STERILIZER CO,AMER STERILIZER,202,2010,2025,T3_REVIEW,0
59796,AS,AMER SPORTS INC,AMER SPORTS,AMERICAN GREETINGS CORP,AMER GREETINGS,119,2010,2025,T3_REVIEW,0
59796,AS,AMER SPORTS INC,AMER SPORTS,AMERICAN POWER CONV CORP,AMER POWER CONV,110,2010,2012,T3_REVIEW,0
59796,AS,AMER SPORTS INC,AMER SPORTS,AMERICAN SCIENCE & ENG INC,AMER SCIENT ENG,71,2010,2025,T3_REVIEW,0
59796,AS,AMER SPORTS INC,AMER SPORTS,AMERICAN GENE TECH INT INC,AMER GENE TECH INT,54,2016,2025,T3_REVIEW,0
59796,AS,AMER SPORTS INC,AMER SPORTS,AMERICAN LITHIUM ENERGY CORP,AMER LITHIUM ENERGY,50,2010,2025,T3_REVIEW,0
59796,AS,AMER SPORTS INC,AMER SPORTS,AMERICAN AIRLINES INC,AMER AIRLINES,48,2010,2025,T3_REVIEW,0
59796,AS,AMER SPORTS INC,AMER SPORTS,AMERICAN INT GROUP INC,AMER INT,41,2010,2023,T3_REVIEW,0
59796,AS,AMER SPORTS INC,AMER SPORTS,AMERICAN MEGATRENDS INT LLC,AMER MEGATRENDS INT,39,2019,2024,T3_REVIEW,0
59796,AS,AMER SPORTS INC,AMER SPORTS,AMERICAN SUPERCONDUCTOR CORP,AMER SUPERCONDUCTOR,37,2010,2024,T3_REVIEW,0
59796,AS,AMER SPORTS INC,AMER SPORTS,AMERICAN AUDIO COMPONENTS INC,AMER AUDIO COMPONENTS,35,2010,2012,T3_REVIEW,0
59796,AS,AMER SPORTS INC,AMER SPORTS,AMERICAN RADIONIC,AMER RADIONIC,35,2010,2020,T3_REVIEW,0
59796,AS,AMER SPORTS INC,AMER SPORTS,AMERICAN PILEDRIVING EQUIPMENT INC,AMER PILEDRIVING EQUIP,33,2010,2025,T3_REVIEW,0
59796,AS,AMER SPORTS INC,AMER SPORTS,THE AMERICAN UNIV IN CAIRO,AMER UNIV IN CAIRO,33,2015,2025,T3_REVIEW,0
59796,AS,AMER SPORTS INC,AMER SPORTS,AMERICAN TELECONFERENCING SERV,AMER TELECONFERENCING SERV,32,2010,2017,T3_REVIEW,0
59796,AS,AMER SPORTS INC,AMER SPORTS,AMERICAN COVERS INC,AMER COVERS,30,2010,2016,T3_REVIEW,0
59796,AS,AMER SPORTS INC,AMER SPORTS,AMERICAN UNIV OF BEIRUT,AMER UNIV OF BEIRUT,28,2014,2025,T3_REVIEW,0
59796,AS,AMER SPORTS INC,AMER SPORTS,AMERICAN WELL CORP,AMER WELL,24,2010,2024,T3_REVIEW,0
59796,AS,AMER SPORTS INC,AMER SPORTS,AMERICAN WAVE MACHINES INC,AMER WAVE MACH,22,2010,2025,T3_REVIEW,0
59796,AS,AMER SPORTS INC,AMER SPORTS,AMERICAN PANEL CORP,AMER PANEL,22,2010,2020,T3_REVIEW,0
59796,AS,AMER SPORTS INC,AMER SPORTS,AMERICAN NANO LLC,AMER NANO,19,2018,2023,T3_REVIEW,0
59796,AS,AMER SPORTS INC,AMER SPORTS,AMERICAN ORTHODONTICS CORP,AMER ORTHODONTICS,18,2013,2024,T3_REVIEW,0
59796,AS,AMER SPORTS INC,AMER SPORTS,AMERICAN REGENT INC,AMER REGENT,18,2019,2025,T3_REVIEW,0
59796,AS,AMER SPORTS INC,AMER SPORTS,AMERICAN VEHICULAR SCIENCES LLC,AMER VEHICULAR SCIENT,18,2012,2018,T3_REVIEW,0
59796,AS,AMER SPORTS INC,AMER SPORTS,AMERICAN FUTURE TECH,AMER FUTURE TECH,17,2020,2024,T3_REVIEW,0
59796,AS,AMER SPORTS INC,AMER SPORTS,AMERICA INC TOYOTA MOTOR ENGINEERING & MFG NORTH,AMER INC TOYOTA MOTOR ENGINEERING MFG NORTH,17,2012,2013,T3_REVIEW,0
59796,AS,AMER SPORTS INC,AMER SPORTS,AMERICAN LEATHER OPERATIONS LLC,AMER LEATHER OPERATIONS,16,2012,2023,T3_REVIEW,0
59796,AS,AMER SPORTS INC,AMER SPORTS,AMERICAN RECREATION PRODUCTS LLC,AMER RECREATION PRODUCTS,15,2012,2015,T3_REVIEW,0
59796,AS,AMER SPORTS INC,AMER SPORTS,AMERICAN HONDA MOTOR,AMER HONDA MOTOR,14,2018,2024,T3_REVIEW,0
59796,AS,AMER SPORTS INC,AMER SPORTS,American Breast Care LP,AMER BREAST CARE,14,2010,2025,T3_REVIEW,0
59796,AS,AMER SPORTS INC,AMER SPORTS,AMERICAN LOUVER CO,AMER LOUVER,13,2014,2025,T3_REVIEW,0
59796,AS,AMER SPORTS INC,AMER SPORTS,AMERICAN TRAFFIC SOLUTIONS INC,AMER TRAFFIC SOLUTIONS,12,2010,2020,T3_REVIEW,0
59796,AS,AMER SPORTS INC,AMER SPORTS,AMERICAN TEL A SYSTEMS INC,AMER TEL A SYS,12,2019,2024,T3_REVIEW,0
59796,AS,AMER SPORTS INC,AMER SPORTS,AMERICAN CHEMICAL SOC,AMER CHEM SOC,12,2013,2022,T3_REVIEW,0
59796,AS,AMER SPORTS INC,AMER SPORTS,AMERICAN WOODMARK MAN COMPANY,AMER WOODMARK MAN,11,2022,2025,T3_REVIEW,0
59796,AS,AMER SPORTS INC,AMER SPORTS,AMERICAN UNIV OF SHARJAH,AMER UNIV OF SHARJAH,11,2017,2025,T3_REVIEW,0
59796,AS,AMER SPORTS INC,AMER SPORTS,AMERICAN GREASE STICK CO,AMER GREASE STICK,11,2010,2016,T3_REVIEW,0
59796,AS,AMER SPORTS INC,AMER SPORTS,AMERICAN TORCH TIP COMPANY,AMER TORCH TIP,10,2014,2024,T3_REVIEW,0
59796,AS,AMER SPORTS INC,AMER SPORTS,AMERICAN DJ SUPPLY INC,AMER DJ SUPPLY,10,2010,2014,T3_REVIEW,0
59796,AS,AMER SPORTS INC,AMER SPORTS,AMERICAN EXPRESS KABBAGE INC,AMER EXPRESS KABBAGE,10,2022,2024,T3_REVIEW,0
59796,AS,AMER SPORTS INC,AMER SPORTS,AMERICAN TELECONFERNCING SERVICES LTD,AMER TELECONFERNCING SERVICES,10,2010,2010,T3_REVIEW,0
59796,AS,AMER SPORTS INC,AMER SPORTS,AMERICAN CNG LLC,AMER CNG,10,2022,2025,T3_REVIEW,0
59796,AS,AMER SPORTS INC,AMER SPORTS,AMERICAN AIR FILTER COMPANY INC,AMER AIR FILTER,10,2017,2025,T3_REVIEW,0
59796,AS,AMER SPORTS INC,AMER SPORTS,AMERICAN TACTICAL INC,AMER TACTICAL,9,2017,2025,T3_REVIEW,0
59796,AS,AMER SPORTS INC,AMER SPORTS,AMERICAN AEROGEL CORP,AMER AEROGEL,9,2011,2021,T3_REVIEW,0
59796,AS,AMER SPORTS INC,AMER SPORTS,AMERICAN AUGERS INC,AMER AUGERS,9,2013,2017,T3_REVIEW,0
59796,AS,AMER SPORTS INC,AMER SPORTS,AMERICAN WATER WORKS CO INC,AMER WATER WORKS,9,2010,2015,T3_REVIEW,0
59796,AS,AMER SPORTS INC,AMER SPORTS,AMERICAN JEREH INT CORPORATION,AMER JEREH INT,8,2020,2024,T3_REVIEW,0
59796,AS,AMER SPORTS INC,AMER SPORTS,AMERICAN MAGNETIC ENG INC,AMER MAGNETIC ENG,8,2016,2018,T3_REVIEW,0
59796,AS,AMER SPORTS INC,AMER SPORTS,AMERICAN SILVER LLC,AMER SILVER,8,2011,2025,T3_REVIEW,0
59796,AS,AMER SPORTS INC,AMER SPORTS,AMERICAN UNIV,AMER UNIV,8,2016,2023,T3_REVIEW,0
59796,AS,AMER SPORTS INC,AMER SPORTS,AMERICAN LATEX CORP,AMER LATEX,7,2017,2021,T3_REVIEW,0
59796,AS,AMER SPORTS INC,AMER SPORTS,AMERICAN FAMILY MUTUAL INSURANCE COMPANY S I,AMER FAMILY MUTUAL INSURANCE COMPANY S I,7,2020,2025,T3_REVIEW,0
59796,AS,AMER SPORTS INC,AMER SPORTS,AMERICAN BRIGHT LIGHTING INC,AMER BRIGHT LIGHTING,7,2010,2015,T3_REVIEW,0
59796,AS,AMER SPORTS INC,AMER SPORTS,AMERICAN HYPERFORM INC,AMER HYPERFORM,7,2021,2025,T3_REVIEW,0
59796,AS,AMER SPORTS INC,AMER SPORTS,AMERICAN MEGATRENDS INTERNATIONAL LLC,AMER MEGATRENDS INT,7,2020,2020,T3_REVIEW,0
59796,AS,AMER SPORTS INC,AMER SPORTS,AMERICAN RAILCAR IND INC,AMER RAILCAR IND,7,2014,2018,T3_REVIEW,0
59796,AS,AMER SPORTS INC,AMER SPORTS,AMERICAN UNIVERSITY IN CAIRO,AMER UNIV IN CAIRO,7,2010,2014,T3_REVIEW,0
59796,AS,AMER SPORTS INC,AMER SPORTS,AMERICAN OXYGEN LLC,AMER OXYGEN,7,2023,2025,T3_REVIEW,0
59796,AS,AMER SPORTS INC,AMER SPORTS,AMERICAN EXPRESS TRAVEL RELATED SERVICES COMPANY,AMER EXPRESS TRAVEL RELATED SERVICES,7,2015,2019,T3_REVIEW,0
59796,AS,AMER SPORTS INC,AMER SPORTS,AMERICAN CAST IRON PIPE COMPANY,AMER CAST IRON PIPE,7,2015,2023,T3_REVIEW,0
59796,AS,AMER SPORTS INC,AMER SPORTS,AMERICAN WELL CORP A DELAWARE CORP,AMER WELL CORP A DELAWARE,7,2010,2012,T3_REVIEW,0
59796,AS,AMER SPORTS INC,AMER SPORTS,AMERICAN UNDERWATER PRODUCTS INC,AMER UNDERWATER PRODUCTS,7,2010,2014,T3_REVIEW,0
59796,AS,AMER SPORTS INC,AMER SPORTS,AMERICAN CLASSIC ARMS LLC,AMER CLASSIC ARMS,7,2015,2018,T3_REVIEW,0
59796,AS,AMER SPORTS INC,AMER SPORTS,AMERICAN MESSAGING SERVICES LLC,AMER MESSAGING SERVICES,6,2013,2020,T3_REVIEW,0
59796,AS,AMER SPORTS INC,AMER SPORTS,AMERICAN BIOOPTICS LLC,AMER BIOOPTICS,6,2010,2020,T3_REVIEW,0
59796,AS,AMER SPORTS INC,AMER SPORTS,AMERICAN GNC CORP,AMER GNC,6,2010,2013,T3_REVIEW,0
59796,AS,AMER SPORTS INC,AMER SPORTS,AMERICAN AUDIO COMPONENT SHENZHEN CO LTD,AMER AUDIO COMPONENT SHENZHEN,6,2013,2013,T3_REVIEW,0
59796,AS,AMER SPORTS INC,AMER SPORTS,AMERICAN AIR FILTER CO,AMER AIR FILTER,6,2013,2014,T3_REVIEW,0
59796,AS,AMER SPORTS INC,AMER SPORTS,AMERICAN EXPRESS AUSTRALIA LTD,AMER EXPRESS AUSTRALIA,6,2024,2025,T3_REVIEW,0
59796,AS,AMER SPORTS INC,AMER SPORTS,AMERICAN ELECTRIC POWER COMPANY INC,AMER ELEC POWER,6,2015,2022,T3_REVIEW,0
59796,AS,AMER SPORTS INC,AMER SPORTS,AMERICAN BOA INC,AMER BOA,6,2015,2018,T3_REVIEW,0
59796,AS,AMER SPORTS INC,AMER SPORTS,AMERICAN CRAFTS L C,AMER CRAFTS L C,6,2015,2020,T3_REVIEW,0
59796,AS,AMER SPORTS INC,AMER SPORTS,AMERICAN MOLECULAR LABORATORIES INC,AMER MOLECULAR LAB,6,2017,2022,T3_REVIEW,0
59796,AS,AMER SPORTS INC,AMER SPORTS,AMERICAN FIRE WIRE INC,AMER FIRE WIRE,6,2017,2024,T3_REVIEW,0
59796,AS,AMER SPORTS INC,AMER SPORTS,AMERICAN RIVER NUTRITION LLC,AMER RIVER NUTRITION,6,2020,2025,T3_REVIEW,0
59796,AS,AMER SPORTS INC,AMER SPORTS,AMERICAN PAN COMPANY,AMER PAN,6,2010,2019,T3_REVIEW,0
59796,AS,AMER SPORTS INC,AMER SPORTS,AMERICAN NAT MANUFACTURING INC,AMER NAT MFG,6,2017,2020,T3_REVIEW,0
59796,AS,AMER SPORTS INC,AMER SPORTS,AMERICAN FLASHINGS AND ACCESS LLC,AMER FLASHINGS AND ACCESS,6,2022,2025,T3_REVIEW,0
59796,AS,AMER SPORTS INC,AMER SPORTS,THE AMERICAN DRAIN COMPANY LLC,AMER DRAIN,5,2016,2025,T3_REVIEW,0
59796,AS,AMER SPORTS INC,AMER SPORTS,AMERICAN LIFE SCIENCE PHARMACEUTICALS INC,AMER LIFE SCIENT PHARMACEUTICALS,5,2010,2019,T3_REVIEW,0
59796,AS,AMER SPORTS INC,AMER SPORTS,AMERICAN THERMAL HOLDINGS COMPANY,AMER THERMAL,5,2012,2019,T3_REVIEW,0
59796,AS,AMER SPORTS INC,AMER SPORTS,AMERICAN PACKAGING CORP,AMER PACKAGING,5,2011,2016,T3_REVIEW,0
59796,AS,AMER SPORTS INC,AMER SPORTS,AMERICAN GARDENS MAN CO,AMER GARDENS MAN,5,2010,2011,T3_REVIEW,0
59796,AS,AMER SPORTS INC,AMER SPORTS,AMERICAN POLYMERS CORP,AMER POLYMERS,5,2022,2025,T3_REVIEW,0
59796,AS,AMER SPORTS INC,AMER SPORTS,AMERICAN WATER WORKS COMPANY INC,AMER WATER WORKS,5,2016,2017,T3_REVIEW,0
59796,AS,AMER SPORTS INC,AMER SPORTS,AMERICAN TRIM LLC,AMER TRIM,5,2010,2012,T3_REVIEW,0
59796,AS,AMER SPORTS INC,AMER SPORTS,AMERICAN TACK & HARDWARE CO INC,AMER TACK HARDWARE,5,2011,2025,T3_REVIEW,0
59796,AS,AMER SPORTS INC,AMER SPORTS,AMERICAN SNUFF COMPANY LLC,AMER SNUFF,5,2011,2021,T3_REVIEW,0
59796,AS,AMER SPORTS INC,AMER SPORTS,AMERICAN SEATING CO,AMER SEATING,5,2010,2015,T3_REVIEW,0
59796,AS,AMER SPORTS INC,AMER SPORTS,AMERICAN GLASSCRAFTERS INC,AMER GLASSCRAFTERS,5,2015,2020,T3_REVIEW,0
59796,AS,AMER SPORTS INC,AMER SPORTS,AMERICAN LINC LLC,AMER LINC,5,2010,2021,T3_REVIEW,0
59796,AS,AMER SPORTS INC,AMER SPORTS,AMERICAN BIOCARBON LLC,AMER BIOCARBON,5,2015,2020,T3_REVIEW,0
59796,AS,AMER SPORTS INC,AMER SPORTS,AMERICAN PEAT TECH LLC,AMER PEAT TECH,5,2016,2023,T3_REVIEW,0
59796,AS,AMER SPORTS INC,AMER SPORTS,AMERICAN ACCESSORIES INT LLC,AMER ACCESSORIES INT,5,2018,2022,T3_REVIEW,0
59796,AS,AMER SPORTS INC,AMER SPORTS,AMERICAN FENCE SYSTEM INC,AMER FENCE SYSTEM,5,2014,2020,T3_REVIEW,0
59796,AS,AMER SPORTS INC,AMER SPORTS,AMERICAN ISOSTATIC PRESSES INC,AMER ISOSTATIC PRESSES,5,2012,2020,T3_REVIEW,0
59796,AS,AMER SPORTS INC,AMER SPORTS,AMERICAN SHALE OIL LLC,AMER SHALE OIL,5,2010,2014,T3_REVIEW,0
59796,AS,AMER SPORTS INC,AMER SPORTS,AMERICAN ENDOSCOPIC INNOVATIONS LLC,AMER ENDOSCOPIC INNOVATIONS,5,2020,2023,T3_REVIEW,0
59796,AS,AMER SPORTS INC,AMER SPORTS,AMERICAN EAGLE INSTR INC,AMER EAGLE INSTR,5,2012,2015,T3_REVIEW,0
59796,AS,AMER SPORTS INC,AMER SPORTS,AMERICAN HOME HEALTH CARE INC,AMER HOME HEALTH CARE,4,2011,2014,T3_REVIEW,0
59796,AS,AMER SPORTS INC,AMER SPORTS,AMERICAN SECURITY PRODUCTS CO,AMER SECURITY PRODUCTS,4,2016,2022,T3_REVIEW,0
59796,AS,AMER SPORTS INC,AMER SPORTS,AMER SPA,AMER,4,2015,2022,T3_REVIEW,0
59796,AS,AMER SPORTS INC,AMER SPORTS,AMERICAN TRACK ROADSTER INC,AMER TRACK ROADSTER,4,2014,2019,T3_REVIEW,0
59796,AS,AMER SPORTS INC,AMER SPORTS,AMERICAN POLARIZERS,AMER POLARIZERS,4,2010,2023,T3_REVIEW,0
59796,AS,AMER SPORTS INC,AMER SPORTS,AMERICAN EXPRESS SERVICES EUROPE LTD,AMER EXPRESS SERVICES EUROPE,4,2024,2025,T3_REVIEW,0
59796,AS,AMER SPORTS INC,AMER SPORTS,AMER-YAHIA SIHEM,AMER YAHIA SIHEM,4,2010,2012,T3_REVIEW,0
59796,AS,AMER SPORTS INC,AMER SPORTS,AMERICAN DEFENSE MFG LLC,AMER DEFENSE MFG,4,2015,2019,T3_REVIEW,0
59796,AS,AMER SPORTS INC,AMER SPORTS,AMERICAN PACIFIC CORP,AMER PACIFIC,4,2010,2013,T3_REVIEW,0
59796,AS,AMER SPORTS INC,AMER SPORTS,AMERICAN INFERTILITY OF NEW YORK P C,AMER INFERTILITY OF NEW YORK P C,4,2016,2019,T3_REVIEW,0
59796,AS,AMER SPORTS INC,AMER SPORTS,AMERICAN PANEL CORP INC,AMER PANEL,4,2010,2014,T3_REVIEW,0
59796,AS,AMER SPORTS INC,AMER SPORTS,AMERICAN INNOVATIVE RES CORP,AMER INNOVATIVE RES,4,2011,2020,T3_REVIEW,0
59796,AS,AMER SPORTS INC,AMER SPORTS,AMERICAN BATTERY SOLUTIONS INC,AMER BATTERY SOLUTIONS,4,2021,2022,T3_REVIEW,0
59796,AS,AMER SPORTS INC,AMER SPORTS,AMERICAN FAMILY LIFE ASSURANCE COMPANY OF COLUMBUS,AMER FAMILY LIFE ASSURANCE COMPANY OF COLUMBUS,4,2018,2020,T3_REVIEW,0
59796,AS,AMER SPORTS INC,AMER SPORTS,AMERICAN BRANDS LLC,AMER BRANDS,4,2022,2025,T3_REVIEW,0
59796,AS,AMER SPORTS INC,AMER SPORTS,AMERICAN BORONITE CORP,AMER BORONITE,4,2017,2021,T3_REVIEW,0
59796,AS,AMER SPORTS INC,AMER SPORTS,AMERICAN FELT & FILTER CO,AMER FELT FILTER,4,2014,2015,T3_REVIEW,0
59796,AS,AMER SPORTS INC,AMER SPORTS,AMERICAN REFINING GROUP INC,AMER REFINING,4,2012,2020,T3_REVIEW,0
59796,AS,AMER SPORTS INC,AMER SPORTS,AMERICAN KENDA RUBBER IND CO LTD,AMER KENDA RUBBER IND,4,2017,2022,T3_REVIEW,0
59796,AS,AMER SPORTS INC,AMER SPORTS,AMERICAN INNOVATIONS INC,AMER INNOVATIONS,4,2011,2016,T3_REVIEW,0
59796,AS,AMER SPORTS INC,AMER SPORTS,AMERICAN WAGERING INC,AMER WAGERING,4,2017,2023,T3_REVIEW,0
59796,AS,AMER SPORTS INC,AMER SPORTS,AMERICAN LABELMARK COMPANY,AMER LABELMARK,4,2020,2022,T3_REVIEW,0
59796,AS,AMER SPORTS INC,AMER SPORTS,AMERICAN ROBOTICS INC,AMER ROBOTICS,4,2017,2025,T3_REVIEW,0
59796,AS,AMER SPORTS INC,AMER SPORTS,AMERICAN VANGUARD CORP,AMER VANGUARD,4,2011,2017,T3_REVIEW,0
59796,AS,AMER SPORTS INC,AMER SPORTS,AMERICAN CHEMET CORP,AMER CHEMET,4,2017,2022,T3_REVIEW,0
59796,AS,AMER SPORTS INC,AMER SPORTS,AMERICAN MINE DOOR CO,AMER MINE DOOR,4,2013,2016,T3_REVIEW,0
59796,AS,AMER SPORTS INC,AMER SPORTS,AMERICAN INVENTED PRODUCTS INC,AMER INVENTED PRODUCTS,3,2016,2019,T3_REVIEW,0
59796,AS,AMER SPORTS INC,AMER SPORTS,AMERICAN TEXTILE COMPANY,AMER TEXTILE,3,2014,2017,T3_REVIEW,0
59796,AS,AMER SPORTS INC,AMER SPORTS,AMERICAN BUSINESS FORMS INC,AMER BUS FORMS,3,2020,2023,T3_REVIEW,0
59796,AS,AMER SPORTS INC,AMER SPORTS,AMERICAN TACTICAL IMP S INC,AMER TACTICAL IMP S,3,2013,2014,T3_REVIEW,0
59796,AS,AMER SPORTS INC,AMER SPORTS,AMERICAN METAL CEILING PANEL MANUFACTURER,AMER METAL CEILING PANEL MANUFACTURER,3,2012,2012,T3_REVIEW,0
59796,AS,AMER SPORTS INC,AMER SPORTS,AMERICAN REFRIGERATED EXPRESS INC,AMER REFRIGERATED EXPRESS,3,2014,2020,T3_REVIEW,0
59796,AS,AMER SPORTS INC,AMER SPORTS,AMERICAN INSECT ATTRACTANTS LLC,AMER INSECT ATTRACTANTS,3,2021,2024,T3_REVIEW,0
59796,AS,AMER SPORTS INC,AMER SPORTS,AMERICAN HEART OF POLAND S A,AMER HEART OF POLAND S A,3,2018,2018,T3_REVIEW,0
59796,AS,AMER SPORTS INC,AMER SPORTS,AMERICAN LEAK DETECTION IRRIGATION INC,AMER LEAK DETECTION IRRIGATION,3,2022,2025,T3_REVIEW,0
59796,AS,AMER SPORTS INC,AMER SPORTS,AMERICAN CANNING MACHINES LLC,AMER CANNING MACH,3,2018,2018,T3_REVIEW,0
59796,AS,AMER SPORTS INC,AMER SPORTS,AMERICAN ALDES VENTILATION CORP,AMER ALDES VENTILATION,3,2013,2017,T3_REVIEW,0
59796,AS,AMER SPORTS INC,AMER SPORTS,AMERICAN UNIVERSITY OF CAIRO AUC,AMER UNIV OF CAIRO AUC,3,2013,2014,T3_REVIEW,0
59796,AS,AMER SPORTS INC,AMER SPORTS,AMERICA NAT POWER STORAGE LLC,AMER NAT POWER STORAGE,3,2022,2023,T3_REVIEW,0
59796,AS,AMER SPORTS INC,AMER SPORTS,AMERICA EXPRESS TRAVEL RELATED SERVICES COMPANY INC,AMER EXPRESS TRAVEL RELATED SERVICES,3,2010,2016,T3_REVIEW,0
59796,AS,AMER SPORTS INC,AMER SPORTS,AMERICAN WIRE TIE INC,AMER WIRE TIE,3,2022,2025,T3_REVIEW,0
59796,AS,AMER SPORTS INC,AMER SPORTS,AMERICAN TIRE DISTRIBUTORS INC,AMER TIRE DISTRIBUTORS,3,2020,2022,T3_REVIEW,0
59796,AS,AMER SPORTS INC,AMER SPORTS,AMERICAN BANKNOTE CORP,AMER BANKNOTE,3,2015,2016,T3_REVIEW,0
59796,AS,AMER SPORTS INC,AMER SPORTS,AMERICAN CALCAR INC,AMER CALCAR,3,2013,2014,T3_REVIEW,0
59796,AS,AMER SPORTS INC,AMER SPORTS,AMERICAN PEAT TECHNOLOGY LLC,AMER PEAT TECH,3,2012,2014,T3_REVIEW,0
59796,AS,AMER SPORTS INC,AMER SPORTS,AMERICAN NAT ELT YAYINCILIK EGTIM VE DANISMANLIK LTD STI,AMER NAT ELT YAYINCILIK EGTIM VE DANISMANLIK LTD STI,3,2016,2017,T3_REVIEW,0
59796,AS,AMER SPORTS INC,AMER SPORTS,American Ketone Therapeutics LLC,AMER KETONE THERAPEUTICS,3,2023,2023,T3_REVIEW,0
59796,AS,AMER SPORTS INC,AMER SPORTS,AMERICAN PELLET SUPPLY LLC,AMER PELLET SUPPLY,3,2010,2014,T3_REVIEW,0
59796,AS,AMER SPORTS INC,AMER SPORTS,American University of Cairo,AMER UNIV OF CAIRO,3,2011,2015,T3_REVIEW,0
59796,AS,AMER SPORTS INC,AMER SPORTS,AMER SIL SA,AMER SIL,3,2022,2023,T3_REVIEW,0
59796,AS,AMER SPORTS INC,AMER SPORTS,AMERICAN DYE SOURCE INC,AMER DYE SOURCE,3,2011,2015,T3_REVIEW,0
59796,AS,AMER SPORTS INC,AMER SPORTS,AMERICAN SOLAR RAIL LLC,AMER SOLAR RAIL,3,2022,2023,T3_REVIEW,0
59796,AS,AMER SPORTS INC,AMER SPORTS,American Family Mutual Insurance Company,AMER FAMILY MUTUAL INSURANCE,3,2013,2020,T3_REVIEW,0
59796,AS,AMER SPORTS INC,AMER SPORTS,AMERICAN BATH GROUP LLC,AMER BATH,3,2018,2025,T3_REVIEW,0
59796,AS,AMER SPORTS INC,AMER SPORTS,AMERICAN RIVER NUTRITION,AMER RIVER NUTRITION,3,2016,2018,T3_REVIEW,0
59796,AS,AMER SPORTS INC,AMER SPORTS,AMERICAN MAPLAN CORP,AMER MAPLAN,3,2010,2011,T3_REVIEW,0
59796,AS,AMER SPORTS INC,AMER SPORTS,AMERICAN SCIENCE AND TECHNOLOGY CORP,AMER SCIENT AND TECH,3,2011,2014,T3_REVIEW,0
59796,AS,AMER SPORTS INC,AMER SPORTS,AMERICAN IRON AND STEEL INST,AMER IRON AND STEEL INST,3,2011,2021,T3_REVIEW,0
59796,AS,AMER SPORTS INC,AMER SPORTS,AMERICAN AXLE & MANUFACTURING INC,AMER AXLE MFG,3,2019,2020,T3_REVIEW,0
59796,AS,AMER SPORTS INC,AMER SPORTS,AMERICAN RIVER NUTRITION INC,AMER RIVER NUTRITION,3,2011,2017,T3_REVIEW,0
59796,AS,AMER SPORTS INC,AMER SPORTS,AMERICAN MEDICAL ASS,AMER MEDICAL ASS,3,2020,2024,T3_REVIEW,0
59796,AS,AMER SPORTS INC,AMER SPORTS,AMERICAN ELECTRIC VEHICLES INC,AMER ELEC VEHICLES,3,2010,2010,T3_REVIEW,0
59796,AS,AMER SPORTS INC,AMER SPORTS,AMERICAN FURUKAWA INC,AMER FURUKAWA,3,2014,2021,T3_REVIEW,0
59796,AS,AMER SPORTS INC,AMER SPORTS,American SportWorks LLC,AMER SPORTWORKS,3,2012,2013,T3_REVIEW,0
59796,AS,AMER SPORTS INC,AMER SPORTS,AMERICAN INST FOR RES,AMER INST FOR RES,3,2011,2014,T3_REVIEW,0
59796,AS,AMER SPORTS INC,AMER SPORTS,AMERICAN UNIVERSITY OF BEIRUT,AMER UNIV OF BEIRUT,3,2010,2015,T3_REVIEW,0
59796,AS,AMER SPORTS INC,AMER SPORTS,AMERICAN TECH CERAMICS,AMER TECH CERAMICS,3,2011,2013,T3_REVIEW,0
59796,AS,AMER SPORTS INC,AMER SPORTS,AMERICAN OFF ROAD TECHNOLOGIES LLC,AMER OFF ROAD TECH,3,2011,2013,T3_REVIEW,0
90,AXP,AMERICAN EXPRESS CO,AMER EXPRESS,AMERICAN MEGATRENDS INC,AMER MEGATRENDS,261,2010,2019,T3_REVIEW,0
90,AXP,AMERICAN EXPRESS CO,AMER EXPRESS,AMERICAN AXLE & MFG INC,AMER AXLE MFG,260,2010,2025,T3_REVIEW,0
90,AXP,AMERICAN EXPRESS CO,AMER EXPRESS,AMERICAN STERILIZER CO,AMER STERILIZER,202,2010,2025,T3_REVIEW,0
90,AXP,AMERICAN EXPRESS CO,AMER EXPRESS,AMERICAN GREETINGS CORP,AMER GREETINGS,119,2010,2025,T3_REVIEW,0
90,AXP,AMERICAN EXPRESS CO,AMER EXPRESS,AMERICAN POWER CONV CORP,AMER POWER CONV,110,2010,2012,T3_REVIEW,0
90,AXP,AMERICAN EXPRESS CO,AMER EXPRESS,AMERICAN SCIENCE & ENG INC,AMER SCIENT ENG,71,2010,2025,T3_REVIEW,0
90,AXP,AMERICAN EXPRESS CO,AMER EXPRESS,AMERICAN GENE TECH INT INC,AMER GENE TECH INT,54,2016,2025,T3_REVIEW,0
90,AXP,AMERICAN EXPRESS CO,AMER EXPRESS,AMERICAN LITHIUM ENERGY CORP,AMER LITHIUM ENERGY,50,2010,2025,T3_REVIEW,0
90,AXP,AMERICAN EXPRESS CO,AMER EXPRESS,AMERICAN AIRLINES INC,AMER AIRLINES,48,2010,2025,T3_REVIEW,0
90,AXP,AMERICAN EXPRESS CO,AMER EXPRESS,AMERICAN INT GROUP INC,AMER INT,41,2010,2023,T3_REVIEW,0
90,AXP,AMERICAN EXPRESS CO,AMER EXPRESS,AMERICAN MEGATRENDS INT LLC,AMER MEGATRENDS INT,39,2019,2024,T3_REVIEW,0
90,AXP,AMERICAN EXPRESS CO,AMER EXPRESS,AMERICAN SUPERCONDUCTOR CORP,AMER SUPERCONDUCTOR,37,2010,2024,T3_REVIEW,0
90,AXP,AMERICAN EXPRESS CO,AMER EXPRESS,AMER SPORTS CANADA INC,AMER SPORTS CANADA,36,2015,2025,T3_REVIEW,0
90,AXP,AMERICAN EXPRESS CO,AMER EXPRESS,AMERICAN AUDIO COMPONENTS INC,AMER AUDIO COMPONENTS,35,2010,2012,T3_REVIEW,0
90,AXP,AMERICAN EXPRESS CO,AMER EXPRESS,AMERICAN RADIONIC,AMER RADIONIC,35,2010,2020,T3_REVIEW,0
90,AXP,AMERICAN EXPRESS CO,AMER EXPRESS,AMERICAN PILEDRIVING EQUIPMENT INC,AMER PILEDRIVING EQUIP,33,2010,2025,T3_REVIEW,0
90,AXP,AMERICAN EXPRESS CO,AMER EXPRESS,THE AMERICAN UNIV IN CAIRO,AMER UNIV IN CAIRO,33,2015,2025,T3_REVIEW,0
90,AXP,AMERICAN EXPRESS CO,AMER EXPRESS,AMERICAN TELECONFERENCING SERV,AMER TELECONFERENCING SERV,32,2010,2017,T3_REVIEW,0
90,AXP,AMERICAN EXPRESS CO,AMER EXPRESS,AMERICAN COVERS INC,AMER COVERS,30,2010,2016,T3_REVIEW,0
90,AXP,AMERICAN EXPRESS CO,AMER EXPRESS,AMERICAN UNIV OF BEIRUT,AMER UNIV OF BEIRUT,28,2014,2025,T3_REVIEW,0
90,AXP,AMERICAN EXPRESS CO,AMER EXPRESS,AMERICAN WELL CORP,AMER WELL,24,2010,2024,T3_REVIEW,0
90,AXP,AMERICAN EXPRESS CO,AMER EXPRESS,AMER SPORTS DIGITAL SERVICES OY,AMER SPORTS DIGITAL SERVICES,22,2018,2022,T3_REVIEW,0
90,AXP,AMERICAN EXPRESS CO,AMER EXPRESS,AMERICAN WAVE MACHINES INC,AMER WAVE MACH,22,2010,2025,T3_REVIEW,0
90,AXP,AMERICAN EXPRESS CO,AMER EXPRESS,AMERICAN PANEL CORP,AMER PANEL,22,2010,2020,T3_REVIEW,0
90,AXP,AMERICAN EXPRESS CO,AMER EXPRESS,AMERICAN NANO LLC,AMER NANO,19,2018,2023,T3_REVIEW,0
90,AXP,AMERICAN EXPRESS CO,AMER EXPRESS,AMERICAN ORTHODONTICS CORP,AMER ORTHODONTICS,18,2013,2024,T3_REVIEW,0
90,AXP,AMERICAN EXPRESS CO,AMER EXPRESS,AMERICAN REGENT INC,AMER REGENT,18,2019,2025,T3_REVIEW,0
90,AXP,AMERICAN EXPRESS CO,AMER EXPRESS,AMERICAN VEHICULAR SCIENCES LLC,AMER VEHICULAR SCIENT,18,2012,2018,T3_REVIEW,0
90,AXP,AMERICAN EXPRESS CO,AMER EXPRESS,AMERICAN FUTURE TECH,AMER FUTURE TECH,17,2020,2024,T3_REVIEW,0
90,AXP,AMERICAN EXPRESS CO,AMER EXPRESS,AMERICA INC TOYOTA MOTOR ENGINEERING & MFG NORTH,AMER INC TOYOTA MOTOR ENGINEERING MFG NORTH,17,2012,2013,T3_REVIEW,0
90,AXP,AMERICAN EXPRESS CO,AMER EXPRESS,AMERICAN LEATHER OPERATIONS LLC,AMER LEATHER OPERATIONS,16,2012,2023,T3_REVIEW,0
90,AXP,AMERICAN EXPRESS CO,AMER EXPRESS,AMERICAN RECREATION PRODUCTS LLC,AMER RECREATION PRODUCTS,15,2012,2015,T3_REVIEW,0
90,AXP,AMERICAN EXPRESS CO,AMER EXPRESS,AMERICAN HONDA MOTOR,AMER HONDA MOTOR,14,2018,2024,T3_REVIEW,0
90,AXP,AMERICAN EXPRESS CO,AMER EXPRESS,American Breast Care LP,AMER BREAST CARE,14,2010,2025,T3_REVIEW,0
90,AXP,AMERICAN EXPRESS CO,AMER EXPRESS,AMERICAN LOUVER CO,AMER LOUVER,13,2014,2025,T3_REVIEW,0
90,AXP,AMERICAN EXPRESS CO,AMER EXPRESS,AMERICAN TRAFFIC SOLUTIONS INC,AMER TRAFFIC SOLUTIONS,12,2010,2020,T3_REVIEW,0
90,AXP,AMERICAN EXPRESS CO,AMER EXPRESS,AMERICAN TEL A SYSTEMS INC,AMER TEL A SYS,12,2019,2024,T3_REVIEW,0
90,AXP,AMERICAN EXPRESS CO,AMER EXPRESS,AMERICAN CHEMICAL SOC,AMER CHEM SOC,12,2013,2022,T3_REVIEW,0
90,AXP,AMERICAN EXPRESS CO,AMER EXPRESS,AMERICAN WOODMARK MAN COMPANY,AMER WOODMARK MAN,11,2022,2025,T3_REVIEW,0
90,AXP,AMERICAN EXPRESS CO,AMER EXPRESS,AMERICAN UNIV OF SHARJAH,AMER UNIV OF SHARJAH,11,2017,2025,T3_REVIEW,0
90,AXP,AMERICAN EXPRESS CO,AMER EXPRESS,AMERICAN GREASE STICK CO,AMER GREASE STICK,11,2010,2016,T3_REVIEW,0
90,AXP,AMERICAN EXPRESS CO,AMER EXPRESS,AMERICAN TORCH TIP COMPANY,AMER TORCH TIP,10,2014,2024,T3_REVIEW,0
90,AXP,AMERICAN EXPRESS CO,AMER EXPRESS,AMERICAN DJ SUPPLY INC,AMER DJ SUPPLY,10,2010,2014,T3_REVIEW,0
90,AXP,AMERICAN EXPRESS CO,AMER EXPRESS,AMERICAN TELECONFERNCING SERVICES LTD,AMER TELECONFERNCING SERVICES,10,2010,2010,T3_REVIEW,0
90,AXP,AMERICAN EXPRESS CO,AMER EXPRESS,AMERICAN CNG LLC,AMER CNG,10,2022,2025,T3_REVIEW,0
90,AXP,AMERICAN EXPRESS CO,AMER EXPRESS,AMERICAN AIR FILTER COMPANY INC,AMER AIR FILTER,10,2017,2025,T3_REVIEW,0
90,AXP,AMERICAN EXPRESS CO,AMER EXPRESS,AMERICAN TACTICAL INC,AMER TACTICAL,9,2017,2025,T3_REVIEW,0
90,AXP,AMERICAN EXPRESS CO,AMER EXPRESS,AMERICAN AEROGEL CORP,AMER AEROGEL,9,2011,2021,T3_REVIEW,0
90,AXP,AMERICAN EXPRESS CO,AMER EXPRESS,AMERICAN AUGERS INC,AMER AUGERS,9,2013,2017,T3_REVIEW,0
90,AXP,AMERICAN EXPRESS CO,AMER EXPRESS,AMERICAN WATER WORKS CO INC,AMER WATER WORKS,9,2010,2015,T3_REVIEW,0
90,AXP,AMERICAN EXPRESS CO,AMER EXPRESS,AMERICAN JEREH INT CORPORATION,AMER JEREH INT,8,2020,2024,T3_REVIEW,0
90,AXP,AMERICAN EXPRESS CO,AMER EXPRESS,AMERICAN MAGNETIC ENG INC,AMER MAGNETIC ENG,8,2016,2018,T3_REVIEW,0
90,AXP,AMERICAN EXPRESS CO,AMER EXPRESS,AMERICAN SILVER LLC,AMER SILVER,8,2011,2025,T3_REVIEW,0
90,AXP,AMERICAN EXPRESS CO,AMER EXPRESS,AMERICAN UNIV,AMER UNIV,8,2016,2023,T3_REVIEW,0
90,AXP,AMERICAN EXPRESS CO,AMER EXPRESS,AMERICAN LATEX CORP,AMER LATEX,7,2017,2021,T3_REVIEW,0
90,AXP,AMERICAN EXPRESS CO,AMER EXPRESS,AMERICAN FAMILY MUTUAL INSURANCE COMPANY S I,AMER FAMILY MUTUAL INSURANCE COMPANY S I,7,2020,2025,T3_REVIEW,0
90,AXP,AMERICAN EXPRESS CO,AMER EXPRESS,AMERICAN BRIGHT LIGHTING INC,AMER BRIGHT LIGHTING,7,2010,2015,T3_REVIEW,0
90,AXP,AMERICAN EXPRESS CO,AMER EXPRESS,AMERICAN HYPERFORM INC,AMER HYPERFORM,7,2021,2025,T3_REVIEW,0
90,AXP,AMERICAN EXPRESS CO,AMER EXPRESS,AMERICAN MEGATRENDS INTERNATIONAL LLC,AMER MEGATRENDS INT,7,2020,2020,T3_REVIEW,0
90,AXP,AMERICAN EXPRESS CO,AMER EXPRESS,AMERICAN RAILCAR IND INC,AMER RAILCAR IND,7,2014,2018,T3_REVIEW,0
90,AXP,AMERICAN EXPRESS CO,AMER EXPRESS,AMERICAN UNIVERSITY IN CAIRO,AMER UNIV IN CAIRO,7,2010,2014,T3_REVIEW,0
90,AXP,AMERICAN EXPRESS CO,AMER EXPRESS,AMERICAN OXYGEN LLC,AMER OXYGEN,7,2023,2025,T3_REVIEW,0
90,AXP,AMERICAN EXPRESS CO,AMER EXPRESS,AMERICAN CAST IRON PIPE COMPANY,AMER CAST IRON PIPE,7,2015,2023,T3_REVIEW,0
90,AXP,AMERICAN EXPRESS CO,AMER EXPRESS,AMERICAN WELL CORP A DELAWARE CORP,AMER WELL CORP A DELAWARE,7,2010,2012,T3_REVIEW,0
90,AXP,AMERICAN EXPRESS CO,AMER EXPRESS,AMERICAN UNDERWATER PRODUCTS INC,AMER UNDERWATER PRODUCTS,7,2010,2014,T3_REVIEW,0
90,AXP,AMERICAN EXPRESS CO,AMER EXPRESS,AMERICAN CLASSIC ARMS LLC,AMER CLASSIC ARMS,7,2015,2018,T3_REVIEW,0
90,AXP,AMERICAN EXPRESS CO,AMER EXPRESS,AMERICAN MESSAGING SERVICES LLC,AMER MESSAGING SERVICES,6,2013,2020,T3_REVIEW,0
90,AXP,AMERICAN EXPRESS CO,AMER EXPRESS,AMERICAN BIOOPTICS LLC,AMER BIOOPTICS,6,2010,2020,T3_REVIEW,0
90,AXP,AMERICAN EXPRESS CO,AMER EXPRESS,AMERICAN GNC CORP,AMER GNC,6,2010,2013,T3_REVIEW,0
90,AXP,AMERICAN EXPRESS CO,AMER EXPRESS,AMERICAN AUDIO COMPONENT SHENZHEN CO LTD,AMER AUDIO COMPONENT SHENZHEN,6,2013,2013,T3_REVIEW,0
90,AXP,AMERICAN EXPRESS CO,AMER EXPRESS,AMERICAN AIR FILTER CO,AMER AIR FILTER,6,2013,2014,T3_REVIEW,0
90,AXP,AMERICAN EXPRESS CO,AMER EXPRESS,AMERICAN ELECTRIC POWER COMPANY INC,AMER ELEC POWER,6,2015,2022,T3_REVIEW,0
90,AXP,AMERICAN EXPRESS CO,AMER EXPRESS,AMERICAN BOA INC,AMER BOA,6,2015,2018,T3_REVIEW,0
90,AXP,AMERICAN EXPRESS CO,AMER EXPRESS,AMERICAN CRAFTS L C,AMER CRAFTS L C,6,2015,2020,T3_REVIEW,0
90,AXP,AMERICAN EXPRESS CO,AMER EXPRESS,AMERICAN MOLECULAR LABORATORIES INC,AMER MOLECULAR LAB,6,2017,2022,T3_REVIEW,0
90,AXP,AMERICAN EXPRESS CO,AMER EXPRESS,AMERICAN FIRE WIRE INC,AMER FIRE WIRE,6,2017,2024,T3_REVIEW,0
90,AXP,AMERICAN EXPRESS CO,AMER EXPRESS,AMERICAN RIVER NUTRITION LLC,AMER RIVER NUTRITION,6,2020,2025,T3_REVIEW,0
90,AXP,AMERICAN EXPRESS CO,AMER EXPRESS,AMERICAN PAN COMPANY,AMER PAN,6,2010,2019,T3_REVIEW,0
90,AXP,AMERICAN EXPRESS CO,AMER EXPRESS,AMERICAN NAT MANUFACTURING INC,AMER NAT MFG,6,2017,2020,T3_REVIEW,0
90,AXP,AMERICAN EXPRESS CO,AMER EXPRESS,AMERICAN FLASHINGS AND ACCESS LLC,AMER FLASHINGS AND ACCESS,6,2022,2025,T3_REVIEW,0
90,AXP,AMERICAN EXPRESS CO,AMER EXPRESS,THE AMERICAN DRAIN COMPANY LLC,AMER DRAIN,5,2016,2025,T3_REVIEW,0
90,AXP,AMERICAN EXPRESS CO,AMER EXPRESS,AMERICAN LIFE SCIENCE PHARMACEUTICALS INC,AMER LIFE SCIENT PHARMACEUTICALS,5,2010,2019,T3_REVIEW,0
90,AXP,AMERICAN EXPRESS CO,AMER EXPRESS,AMERICAN THERMAL HOLDINGS COMPANY,AMER THERMAL,5,2012,2019,T3_REVIEW,0
90,AXP,AMERICAN EXPRESS CO,AMER EXPRESS,AMERICAN PACKAGING CORP,AMER PACKAGING,5,2011,2016,T3_REVIEW,0
90,AXP,AMERICAN EXPRESS CO,AMER EXPRESS,AMERICAN GARDENS MAN CO,AMER GARDENS MAN,5,2010,2011,T3_REVIEW,0
90,AXP,AMERICAN EXPRESS CO,AMER EXPRESS,AMERICAN POLYMERS CORP,AMER POLYMERS,5,2022,2025,T3_REVIEW,0
90,AXP,AMERICAN EXPRESS CO,AMER EXPRESS,AMERICAN WATER WORKS COMPANY INC,AMER WATER WORKS,5,2016,2017,T3_REVIEW,0
90,AXP,AMERICAN EXPRESS CO,AMER EXPRESS,AMERICAN TRIM LLC,AMER TRIM,5,2010,2012,T3_REVIEW,0
90,AXP,AMERICAN EXPRESS CO,AMER EXPRESS,AMERICAN TACK & HARDWARE CO INC,AMER TACK HARDWARE,5,2011,2025,T3_REVIEW,0
90,AXP,AMERICAN EXPRESS CO,AMER EXPRESS,AMERICAN SNUFF COMPANY LLC,AMER SNUFF,5,2011,2021,T3_REVIEW,0
90,AXP,AMERICAN EXPRESS CO,AMER EXPRESS,AMERICAN SEATING CO,AMER SEATING,5,2010,2015,T3_REVIEW,0
90,AXP,AMERICAN EXPRESS CO,AMER EXPRESS,AMERICAN GLASSCRAFTERS INC,AMER GLASSCRAFTERS,5,2015,2020,T3_REVIEW,0
90,AXP,AMERICAN EXPRESS CO,AMER EXPRESS,AMERICAN LINC LLC,AMER LINC,5,2010,2021,T3_REVIEW,0
90,AXP,AMERICAN EXPRESS CO,AMER EXPRESS,AMERICAN BIOCARBON LLC,AMER BIOCARBON,5,2015,2020,T3_REVIEW,0
90,AXP,AMERICAN EXPRESS CO,AMER EXPRESS,AMERICAN PEAT TECH LLC,AMER PEAT TECH,5,2016,2023,T3_REVIEW,0
90,AXP,AMERICAN EXPRESS CO,AMER EXPRESS,AMERICAN ACCESSORIES INT LLC,AMER ACCESSORIES INT,5,2018,2022,T3_REVIEW,0
90,AXP,AMERICAN EXPRESS CO,AMER EXPRESS,AMERICAN FENCE SYSTEM INC,AMER FENCE SYSTEM,5,2014,2020,T3_REVIEW,0
90,AXP,AMERICAN EXPRESS CO,AMER EXPRESS,AMERICAN ISOSTATIC PRESSES INC,AMER ISOSTATIC PRESSES,5,2012,2020,T3_REVIEW,0
90,AXP,AMERICAN EXPRESS CO,AMER EXPRESS,AMERICAN SHALE OIL LLC,AMER SHALE OIL,5,2010,2014,T3_REVIEW,0
90,AXP,AMERICAN EXPRESS CO,AMER EXPRESS,AMERICAN ENDOSCOPIC INNOVATIONS LLC,AMER ENDOSCOPIC INNOVATIONS,5,2020,2023,T3_REVIEW,0
90,AXP,AMERICAN EXPRESS CO,AMER EXPRESS,AMERICAN EAGLE INSTR INC,AMER EAGLE INSTR,5,2012,2015,T3_REVIEW,0
90,AXP,AMERICAN EXPRESS CO,AMER EXPRESS,AMERICAN HOME HEALTH CARE INC,AMER HOME HEALTH CARE,4,2011,2014,T3_REVIEW,0
90,AXP,AMERICAN EXPRESS CO,AMER EXPRESS,AMERICAN SECURITY PRODUCTS CO,AMER SECURITY PRODUCTS,4,2016,2022,T3_REVIEW,0
90,AXP,AMERICAN EXPRESS CO,AMER EXPRESS,AMER SPA,AMER,4,2015,2022,T3_REVIEW,0
90,AXP,AMERICAN EXPRESS CO,AMER EXPRESS,AMERICAN TRACK ROADSTER INC,AMER TRACK ROADSTER,4,2014,2019,T3_REVIEW,0
90,AXP,AMERICAN EXPRESS CO,AMER EXPRESS,AMERICAN POLARIZERS,AMER POLARIZERS,4,2010,2023,T3_REVIEW,0
90,AXP,AMERICAN EXPRESS CO,AMER EXPRESS,AMER-YAHIA SIHEM,AMER YAHIA SIHEM,4,2010,2012,T3_REVIEW,0
90,AXP,AMERICAN EXPRESS CO,AMER EXPRESS,AMERICAN DEFENSE MFG LLC,AMER DEFENSE MFG,4,2015,2019,T3_REVIEW,0
90,AXP,AMERICAN EXPRESS CO,AMER EXPRESS,AMERICAN PACIFIC CORP,AMER PACIFIC,4,2010,2013,T3_REVIEW,0
90,AXP,AMERICAN EXPRESS CO,AMER EXPRESS,AMERICAN INFERTILITY OF NEW YORK P C,AMER INFERTILITY OF NEW YORK P C,4,2016,2019,T3_REVIEW,0
90,AXP,AMERICAN EXPRESS CO,AMER EXPRESS,AMERICAN PANEL CORP INC,AMER PANEL,4,2010,2014,T3_REVIEW,0
90,AXP,AMERICAN EXPRESS CO,AMER EXPRESS,AMERICAN INNOVATIVE RES CORP,AMER INNOVATIVE RES,4,2011,2020,T3_REVIEW,0
90,AXP,AMERICAN EXPRESS CO,AMER EXPRESS,AMERICAN BATTERY SOLUTIONS INC,AMER BATTERY SOLUTIONS,4,2021,2022,T3_REVIEW,0
90,AXP,AMERICAN EXPRESS CO,AMER EXPRESS,AMERICAN FAMILY LIFE ASSURANCE COMPANY OF COLUMBUS,AMER FAMILY LIFE ASSURANCE COMPANY OF COLUMBUS,4,2018,2020,T3_REVIEW,0
90,AXP,AMERICAN EXPRESS CO,AMER EXPRESS,AMERICAN BRANDS LLC,AMER BRANDS,4,2022,2025,T3_REVIEW,0
90,AXP,AMERICAN EXPRESS CO,AMER EXPRESS,AMERICAN BORONITE CORP,AMER BORONITE,4,2017,2021,T3_REVIEW,0
90,AXP,AMERICAN EXPRESS CO,AMER EXPRESS,AMERICAN FELT & FILTER CO,AMER FELT FILTER,4,2014,2015,T3_REVIEW,0
90,AXP,AMERICAN EXPRESS CO,AMER EXPRESS,AMERICAN REFINING GROUP INC,AMER REFINING,4,2012,2020,T3_REVIEW,0
90,AXP,AMERICAN EXPRESS CO,AMER EXPRESS,AMERICAN KENDA RUBBER IND CO LTD,AMER KENDA RUBBER IND,4,2017,2022,T3_REVIEW,0
90,AXP,AMERICAN EXPRESS CO,AMER EXPRESS,AMERICAN INNOVATIONS INC,AMER INNOVATIONS,4,2011,2016,T3_REVIEW,0
90,AXP,AMERICAN EXPRESS CO,AMER EXPRESS,AMERICAN WAGERING INC,AMER WAGERING,4,2017,2023,T3_REVIEW,0
90,AXP,AMERICAN EXPRESS CO,AMER EXPRESS,AMERICAN LABELMARK COMPANY,AMER LABELMARK,4,2020,2022,T3_REVIEW,0
90,AXP,AMERICAN EXPRESS CO,AMER EXPRESS,AMERICAN ROBOTICS INC,AMER ROBOTICS,4,2017,2025,T3_REVIEW,0
90,AXP,AMERICAN EXPRESS CO,AMER EXPRESS,AMERICAN VANGUARD CORP,AMER VANGUARD,4,2011,2017,T3_REVIEW,0
90,AXP,AMERICAN EXPRESS CO,AMER EXPRESS,AMERICAN CHEMET CORP,AMER CHEMET,4,2017,2022,T3_REVIEW,0
90,AXP,AMERICAN EXPRESS CO,AMER EXPRESS,AMERICAN MINE DOOR CO,AMER MINE DOOR,4,2013,2016,T3_REVIEW,0
90,AXP,AMERICAN EXPRESS CO,AMER EXPRESS,AMERICAN INVENTED PRODUCTS INC,AMER INVENTED PRODUCTS,3,2016,2019,T3_REVIEW,0
90,AXP,AMERICAN EXPRESS CO,AMER EXPRESS,AMERICAN TEXTILE COMPANY,AMER TEXTILE,3,2014,2017,T3_REVIEW,0
90,AXP,AMERICAN EXPRESS CO,AMER EXPRESS,AMERICAN BUSINESS FORMS INC,AMER BUS FORMS,3,2020,2023,T3_REVIEW,0
90,AXP,AMERICAN EXPRESS CO,AMER EXPRESS,AMERICAN TACTICAL IMP S INC,AMER TACTICAL IMP S,3,2013,2014,T3_REVIEW,0
90,AXP,AMERICAN EXPRESS CO,AMER EXPRESS,AMERICAN METAL CEILING PANEL MANUFACTURER,AMER METAL CEILING PANEL MANUFACTURER,3,2012,2012,T3_REVIEW,0
90,AXP,AMERICAN EXPRESS CO,AMER EXPRESS,AMERICAN REFRIGERATED EXPRESS INC,AMER REFRIGERATED EXPRESS,3,2014,2020,T3_REVIEW,0
90,AXP,AMERICAN EXPRESS CO,AMER EXPRESS,AMERICAN INSECT ATTRACTANTS LLC,AMER INSECT ATTRACTANTS,3,2021,2024,T3_REVIEW,0
90,AXP,AMERICAN EXPRESS CO,AMER EXPRESS,AMERICAN HEART OF POLAND S A,AMER HEART OF POLAND S A,3,2018,2018,T3_REVIEW,0
90,AXP,AMERICAN EXPRESS CO,AMER EXPRESS,AMERICAN LEAK DETECTION IRRIGATION INC,AMER LEAK DETECTION IRRIGATION,3,2022,2025,T3_REVIEW,0
90,AXP,AMERICAN EXPRESS CO,AMER EXPRESS,AMERICAN CANNING MACHINES LLC,AMER CANNING MACH,3,2018,2018,T3_REVIEW,0
90,AXP,AMERICAN EXPRESS CO,AMER EXPRESS,AMERICAN ALDES VENTILATION CORP,AMER ALDES VENTILATION,3,2013,2017,T3_REVIEW,0
90,AXP,AMERICAN EXPRESS CO,AMER EXPRESS,AMERICAN UNIVERSITY OF CAIRO AUC,AMER UNIV OF CAIRO AUC,3,2013,2014,T3_REVIEW,0
90,AXP,AMERICAN EXPRESS CO,AMER EXPRESS,AMERICA NAT POWER STORAGE LLC,AMER NAT POWER STORAGE,3,2022,2023,T3_REVIEW,0
90,AXP,AMERICAN EXPRESS CO,AMER EXPRESS,AMERICAN WIRE TIE INC,AMER WIRE TIE,3,2022,2025,T3_REVIEW,0
90,AXP,AMERICAN EXPRESS CO,AMER EXPRESS,AMERICAN TIRE DISTRIBUTORS INC,AMER TIRE DISTRIBUTORS,3,2020,2022,T3_REVIEW,0
90,AXP,AMERICAN EXPRESS CO,AMER EXPRESS,AMERICAN BANKNOTE CORP,AMER BANKNOTE,3,2015,2016,T3_REVIEW,0
90,AXP,AMERICAN EXPRESS CO,AMER EXPRESS,AMERICAN CALCAR INC,AMER CALCAR,3,2013,2014,T3_REVIEW,0
90,AXP,AMERICAN EXPRESS CO,AMER EXPRESS,AMERICAN PEAT TECHNOLOGY LLC,AMER PEAT TECH,3,2012,2014,T3_REVIEW,0
90,AXP,AMERICAN EXPRESS CO,AMER EXPRESS,AMERICAN NAT ELT YAYINCILIK EGTIM VE DANISMANLIK LTD STI,AMER NAT ELT YAYINCILIK EGTIM VE DANISMANLIK LTD STI,3,2016,2017,T3_REVIEW,0
90,AXP,AMERICAN EXPRESS CO,AMER EXPRESS,American Ketone Therapeutics LLC,AMER KETONE THERAPEUTICS,3,2023,2023,T3_REVIEW,0
90,AXP,AMERICAN EXPRESS CO,AMER EXPRESS,AMERICAN PELLET SUPPLY LLC,AMER PELLET SUPPLY,3,2010,2014,T3_REVIEW,0
90,AXP,AMERICAN EXPRESS CO,AMER EXPRESS,American University of Cairo,AMER UNIV OF CAIRO,3,2011,2015,T3_REVIEW,0
90,AXP,AMERICAN EXPRESS CO,AMER EXPRESS,AMER SIL SA,AMER SIL,3,2022,2023,T3_REVIEW,0
90,AXP,AMERICAN EXPRESS CO,AMER EXPRESS,AMERICAN DYE SOURCE INC,AMER DYE SOURCE,3,2011,2015,T3_REVIEW,0
90,AXP,AMERICAN EXPRESS CO,AMER EXPRESS,AMERICAN SOLAR RAIL LLC,AMER SOLAR RAIL,3,2022,2023,T3_REVIEW,0
90,AXP,AMERICAN EXPRESS CO,AMER EXPRESS,American Family Mutual Insurance Company,AMER FAMILY MUTUAL INSURANCE,3,2013,2020,T3_REVIEW,0
90,AXP,AMERICAN EXPRESS CO,AMER EXPRESS,AMERICAN BATH GROUP LLC,AMER BATH,3,2018,2025,T3_REVIEW,0
90,AXP,AMERICAN EXPRESS CO,AMER EXPRESS,AMERICAN RIVER NUTRITION,AMER RIVER NUTRITION,3,2016,2018,T3_REVIEW,0
90,AXP,AMERICAN EXPRESS CO,AMER EXPRESS,AMERICAN MAPLAN CORP,AMER MAPLAN,3,2010,2011,T3_REVIEW,0
90,AXP,AMERICAN EXPRESS CO,AMER EXPRESS,AMERICAN SCIENCE AND TECHNOLOGY CORP,AMER SCIENT AND TECH,3,2011,2014,T3_REVIEW,0
90,AXP,AMERICAN EXPRESS CO,AMER EXPRESS,AMERICAN IRON AND STEEL INST,AMER IRON AND STEEL INST,3,2011,2021,T3_REVIEW,0
90,AXP,AMERICAN EXPRESS CO,AMER EXPRESS,AMERICAN AXLE & MANUFACTURING INC,AMER AXLE MFG,3,2019,2020,T3_REVIEW,0
90,AXP,AMERICAN EXPRESS CO,AMER EXPRESS,AMERICAN RIVER NUTRITION INC,AMER RIVER NUTRITION,3,2011,2017,T3_REVIEW,0
90,AXP,AMERICAN EXPRESS CO,AMER EXPRESS,AMERICAN MEDICAL ASS,AMER MEDICAL ASS,3,2020,2024,T3_REVIEW,0
90,AXP,AMERICAN EXPRESS CO,AMER EXPRESS,AMERICAN ELECTRIC VEHICLES INC,AMER ELEC VEHICLES,3,2010,2010,T3_REVIEW,0
90,AXP,AMERICAN EXPRESS CO,AMER EXPRESS,AMERICAN FURUKAWA INC,AMER FURUKAWA,3,2014,2021,T3_REVIEW,0
90,AXP,AMERICAN EXPRESS CO,AMER EXPRESS,American SportWorks LLC,AMER SPORTWORKS,3,2012,2013,T3_REVIEW,0
90,AXP,AMERICAN EXPRESS CO,AMER EXPRESS,AMERICAN INST FOR RES,AMER INST FOR RES,3,2011,2014,T3_REVIEW,0
90,AXP,AMERICAN EXPRESS CO,AMER EXPRESS,AMERICAN UNIVERSITY OF BEIRUT,AMER UNIV OF BEIRUT,3,2010,2015,T3_REVIEW,0
90,AXP,AMERICAN EXPRESS CO,AMER EXPRESS,AMERICAN TECH CERAMICS,AMER TECH CERAMICS,3,2011,2013,T3_REVIEW,0
90,AXP,AMERICAN EXPRESS CO,AMER EXPRESS,AMERICAN OFF ROAD TECHNOLOGIES LLC,AMER OFF ROAD TECH,3,2011,2013,T3_REVIEW,0
16396,BB,BLACKBERRY LTD,RES IN MOTION,RESEARCH & BUSINESS FOUND SUNGKYUNKWAN UNIV,RES BUS FOUND SUNGKYUNKWAN UNIV,1095,2015,2025,T3_REVIEW,0
16396,BB,BLACKBERRY LTD,RES IN MOTION,RES TRIANGLE INST,RES TRIANGLE INST,215,2010,2025,T3_REVIEW,0
16396,BB,BLACKBERRY LTD,RES IN MOTION,RES INST NATIONWIDE CHILDRENS HOSPITAL,RES INST NATIONWIDE CHILDRENS HOSPITAL,196,2012,2025,T3_REVIEW,0
16396,BB,BLACKBERRY LTD,RES IN MOTION,RES INST IND SCIENCE & TECH,RES INST IND SCIENT TECH,166,2010,2025,T3_REVIEW,0
16396,BB,BLACKBERRY LTD,RES IN MOTION,RES INST ELECTRONICS & TELECOMM,RES INST ELECTRONICS TELECOMM,127,2012,2013,T3_REVIEW,0
16396,BB,BLACKBERRY LTD,RES IN MOTION,RES & INNOVATION UK,RES INNOVATION UK,101,2016,2025,T3_REVIEW,0
16396,BB,BLACKBERRY LTD,RES IN MOTION,RES DEV FOUNDATION,RES DEV FOUNDATION,72,2010,2017,T3_REVIEW,0
16396,BB,BLACKBERRY LTD,RES IN MOTION,RES FOUND DEV,RES FOUND DEV,62,2017,2025,T3_REVIEW,0
16396,BB,BLACKBERRY LTD,RES IN MOTION,THE RES INSTITUTE AT NATIONWIDE CHILDRENS HOSPITAL,RES INSTITUTE AT NATIONWIDE CHILDRENS HOSPITAL,42,2016,2025,T3_REVIEW,0
16396,BB,BLACKBERRY LTD,RES IN MOTION,RES PRODUCTS CORPORATION,RES PRODUCTS,37,2017,2025,T3_REVIEW,0
16396,BB,BLACKBERRY LTD,RES IN MOTION,RES INST PETROLEUM PROCESSING,RES INST PETROLEUM PROCESSING,33,2010,2015,T3_REVIEW,0
16396,BB,BLACKBERRY LTD,RES IN MOTION,RES USA LLC,RES USA,23,2013,2017,T3_REVIEW,0
16396,BB,BLACKBERRY LTD,RES IN MOTION,RES INST IND TECHNOLOGY,RES INST IND TECH,22,2012,2013,T3_REVIEW,0
16396,BB,BLACKBERRY LTD,RES IN MOTION,THE RES FOUNDATION FOR MENTAL HYGIENE INC,RES FOUNDATION FOR MENTAL HYGIENE,21,2018,2025,T3_REVIEW,0
16396,BB,BLACKBERRY LTD,RES IN MOTION,RES FOUND MENTAL HYGIENE,RES FOUND MENTAL HYGIENE,18,2010,2015,T3_REVIEW,0
16396,BB,BLACKBERRY LTD,RES IN MOTION,RES INST HIGHWAY MINI TRANSP,RES INST HIGHWAY MINI TRANSP,17,2014,2024,T3_REVIEW,0
16396,BB,BLACKBERRY LTD,RES IN MOTION,RES GMBH,RES,17,2016,2019,T3_REVIEW,0
16396,BB,BLACKBERRY LTD,RES IN MOTION,RES & BUSINESS FOUNDATION SUNGKYUNKWAN UNIVER SITY,RES BUS FOUNDATION SUNGKYUNKWAN UNIVER SITY,13,2013,2019,T3_REVIEW,0
16396,BB,BLACKBERRY LTD,RES IN MOTION,RESEARCH INSTITUTE OF INNOVATIVE TECH FOR THE EARTH,RES INSTITUTE OF INNOVATIVE TECH FOR THE EARTH,13,2015,2023,T3_REVIEW,0
16396,BB,BLACKBERRY LTD,RES IN MOTION,RESEARCH AND BUSINESS FOUNDATION SUNGKYUNKWAN UNIV,RES AND BUS FOUNDATION SUNGKYUNKWAN UNIV,13,2018,2025,T3_REVIEW,0
16396,BB,BLACKBERRY LTD,RES IN MOTION,RES CORP TECHNOLOGIES INC,RES CORP TECH,12,2010,2014,T3_REVIEW,0
16396,BB,BLACKBERRY LTD,RES IN MOTION,RES INST INNOVATIVE TECH EARTH,RES INST INNOVATIVE TECH EARTH,12,2011,2015,T3_REVIEW,0
16396,BB,BLACKBERRY LTD,RES IN MOTION,THE RESEARCH FOUNDATION FOR THE STATE OF UNIV NEW YORK,RES FOUNDATION FOR THE STATE OF UNIV NEW YORK,12,2018,2024,T3_REVIEW,0
16396,BB,BLACKBERRY LTD,RES IN MOTION,RES TRIANGLE INST INT,RES TRIANGLE INST INT,11,2010,2013,T3_REVIEW,0
16396,BB,BLACKBERRY LTD,RES IN MOTION,RES & BUSINESS FOUND SUNGKYUNKWAN UNIVER SITY,RES BUS FOUND SUNGKYUNKWAN UNIVER SITY,11,2014,2017,T3_REVIEW,0
16396,BB,BLACKBERRY LTD,RES IN MOTION,RES CT FOR ECO ENVIRONMENTAL SCIENCES CAS,RES CT FOR ECO ENVIRONMENTAL SCIENT CAS,10,2017,2025,T3_REVIEW,0
16396,BB,BLACKBERRY LTD,RES IN MOTION,RES INST AT NATIONWIDE CHILDREN'S HOSPITAL,RES INST AT NATIONWIDE CHILDREN S HOSPITAL,10,2015,2016,T3_REVIEW,0
16396,BB,BLACKBERRY LTD,RES IN MOTION,RESEARCH FOUNDATION FOR THE STATE UNIV OF NEW YORK,RES FOUNDATION FOR THE STATE UNIV OF NEW YORK,9,2019,2024,T3_REVIEW,0
16396,BB,BLACKBERRY LTD,RES IN MOTION,RES CANCER INSTITUTE OF AMERICA,RES CANCER INSTITUTE OF AMER,9,2018,2024,T3_REVIEW,0
16396,BB,BLACKBERRY LTD,RES IN MOTION,RES AFFILIATES LLC,RES AFFILIATES,8,2010,2016,T3_REVIEW,0
16396,BB,BLACKBERRY LTD,RES IN MOTION,RES NOW GROUP LLC,RES NOW,8,2019,2025,T3_REVIEW,0
16396,BB,BLACKBERRY LTD,RES IN MOTION,RES INSTITUTE FOR ELECTROMAGNETIC MATERIALS,RES INSTITUTE FOR ELECTROMAGNETIC MATERIALS,8,2020,2025,T3_REVIEW,0
16396,BB,BLACKBERRY LTD,RES IN MOTION,RESEARCH CORPORATION TECH INC,RES CORPORATION TECH,8,2016,2025,T3_REVIEW,0
16396,BB,BLACKBERRY LTD,RES IN MOTION,RES NOW GROUP INC,RES NOW,8,2014,2018,T3_REVIEW,0
16396,BB,BLACKBERRY LTD,RES IN MOTION,RES INSTRUMENTS CORPORATION,RES INSTR,8,2017,2025,T3_REVIEW,0
16396,BB,BLACKBERRY LTD,RES IN MOTION,THE RES FOUNDATION FOR SUNY,RES FOUNDATION FOR SUNY,7,2018,2021,T3_REVIEW,0
16396,BB,BLACKBERRY LTD,RES IN MOTION,RES FOUNDATION FOR SUNY,RES FOUNDATION FOR SUNY,7,2013,2025,T3_REVIEW,0
16396,BB,BLACKBERRY LTD,RES IN MOTION,RESEARCH FRONTIERS INC,RES FRONTIERS,7,2012,2020,T3_REVIEW,0
16396,BB,BLACKBERRY LTD,RES IN MOTION,THE RES FOUND OF STATE UNIV OF NEW YORK,RES FOUND OF STATE UNIV OF NEW YORK,6,2014,2017,T3_REVIEW,0
16396,BB,BLACKBERRY LTD,RES IN MOTION,RES PROD CORP,RES PROD,6,2012,2015,T3_REVIEW,0
16396,BB,BLACKBERRY LTD,RES IN MOTION,RES POLYFLOW LLC,RES POLYFLOW,6,2020,2024,T3_REVIEW,0
16396,BB,BLACKBERRY LTD,RES IN MOTION,RES INST PETROLEUM PROCESSING SINOPEC,RES INST PETROLEUM PROCESSING SINOPEC,6,2015,2017,T3_REVIEW,0
16396,BB,BLACKBERRY LTD,RES IN MOTION,RES INST COMPANY LTD HONG KONG APPLIED SCIENCE AND TECHNOLOGY,RES INST COMPANY LTD HONG KONG APPLIED SCIENT AND TECH,6,2012,2013,T3_REVIEW,0
16396,BB,BLACKBERRY LTD,RES IN MOTION,RES & DESIGN INNOVATIONS LLC,RES DESIGN INNOVATIONS,6,2017,2024,T3_REVIEW,0
16396,BB,BLACKBERRY LTD,RES IN MOTION,RES INSTITUTE AT NATIONWIDE CHILDREN'S HOSPITAL,RES INSTITUTE AT NATIONWIDE CHILDREN S HOSPITAL,6,2017,2020,T3_REVIEW,0
16396,BB,BLACKBERRY LTD,RES IN MOTION,RES BUSINESS FOUNDATION SUNGKYUNKWAN UNIVERSITY,RES BUS FOUNDATION SUNGKYUNKWAN UNIV,6,2011,2015,T3_REVIEW,0
16396,BB,BLACKBERRY LTD,RES IN MOTION,RES CENTER PHARMACEUTICAL ENGINEERING GMBH,RES CENTER PHARMACEUTICAL ENGINEERING,6,2017,2023,T3_REVIEW,0
16396,BB,BLACKBERRY LTD,RES IN MOTION,RES AND DIAGNOSTIC SYSTEMS INC,RES AND DIAGNOSTIC SYS,5,2010,2014,T3_REVIEW,0
16396,BB,BLACKBERRY LTD,RES IN MOTION,THE RESEARCH FOUNDATION FOR THE STATE UNIV O F NEW YORK,RES FOUNDATION FOR THE STATE UNIV O F NEW YORK,5,2016,2018,T3_REVIEW,0
16396,BB,BLACKBERRY LTD,RES IN MOTION,RES AND INNOVATION CO LTD,RES AND INNOVATION,5,2015,2022,T3_REVIEW,0
16396,BB,BLACKBERRY LTD,RES IN MOTION,RES INST PETROLEUM INDUSTRY,RES INST PETROLEUM INDUSTRY,5,2010,2014,T3_REVIEW,0
16396,BB,BLACKBERRY LTD,RES IN MOTION,RES AND BUSINESS FOUND SUNGKYUNKWAN UNIV,RES AND BUS FOUND SUNGKYUNKWAN UNIV,5,2016,2016,T3_REVIEW,0
16396,BB,BLACKBERRY LTD,RES IN MOTION,THE RESEARCH FOUNDATION OF THE CITY UNIV OF NEW YORK,RES FOUNDATION OF THE CITY UNIV OF NEW YORK,5,2017,2023,T3_REVIEW,0
16396,BB,BLACKBERRY LTD,RES IN MOTION,RES AND BUSINESS FOUNDATION KOREA UNIVERSITY,RES AND BUS FOUNDATION KOREA UNIV,5,2013,2013,T3_REVIEW,0
16396,BB,BLACKBERRY LTD,RES IN MOTION,RES ORG INFORMATION & SYSTEMS,RES ORG INFORMATION SYS,5,2010,2011,T3_REVIEW,0
16396,BB,BLACKBERRY LTD,RES IN MOTION,RES INT INC,RES INT,5,2017,2020,T3_REVIEW,0
16396,BB,BLACKBERRY LTD,RES IN MOTION,RES FOUNDATION FOR MENTAL HYGIENE INC,RES FOUNDATION FOR MENTAL HYGIENE,4,2016,2023,T3_REVIEW,0
16396,BB,BLACKBERRY LTD,RES IN MOTION,THE RES FOUND FOR THE STATE UNIV O F NEW YORK,RES FOUND FOR THE STATE UNIV O F NEW YORK,4,2015,2017,T3_REVIEW,0
16396,BB,BLACKBERRY LTD,RES IN MOTION,RES ENGINEERING & MANUFACTURING INC,RES ENGINEERING MFG,4,2017,2021,T3_REVIEW,0
16396,BB,BLACKBERRY LTD,RES IN MOTION,RES ASSOCIATION FOR ADVANCED SYSTEMS,RES ASS FOR ADVANCED SYS,4,2025,2025,T3_REVIEW,0
16396,BB,BLACKBERRY LTD,RES IN MOTION,RES INSTITUTE FOR LIFE SPACE LLC,RES INSTITUTE FOR LIFE SPACE,4,2020,2023,T3_REVIEW,0
16396,BB,BLACKBERRY LTD,RES IN MOTION,THE RES FOUND FOR SUNY,RES FOUND FOR SUNY,4,2014,2017,T3_REVIEW,0
16396,BB,BLACKBERRY LTD,RES IN MOTION,RES & BUSINESS FOUNDATION SUNGKYUNKWAN UNIVER,RES BUS FOUNDATION SUNGKYUNKWAN UNIVER,4,2011,2021,T3_REVIEW,0
16396,BB,BLACKBERRY LTD,RES IN MOTION,RES INSTITUTE OF PETROLEUM EXPLORATION & DEVELOPMENT PETROCHINA COMPANY LIMITED,RES INSTITUTE OF PETROLEUM EXPLORATION DEV PETROCHINA,4,2018,2023,T3_REVIEW,0
16396,BB,BLACKBERRY LTD,RES IN MOTION,RESEARCH INSTITUTE OF MILLIMETER WAVE AND TERAHERTZ TECH,RES INSTITUTE OF MILLIMETER WAVE AND TERAHERTZ TECH,4,2022,2024,T3_REVIEW,0
16396,BB,BLACKBERRY LTD,RES IN MOTION,RES CORP TECH INC,RES CORP TECH,4,2014,2017,T3_REVIEW,0
16396,BB,BLACKBERRY LTD,RES IN MOTION,THE RESEARCH CENTER FOR ADVANCED MATERIALS SCIENCE KING KHALID UNIV KKU,RES CENTER FOR ADVANCED MATERIALS SCIENT KING KHALID UNIV KKU,4,2020,2023,T3_REVIEW,0
16396,BB,BLACKBERRY LTD,RES IN MOTION,RES FOUNDATION FOR THE STATE UNIVERSITY NEW YORK,RES FOUNDATION FOR THE STATE UNIV NEW YORK,4,2013,2014,T3_REVIEW,0
16396,BB,BLACKBERRY LTD,RES IN MOTION,RES DEVELOPMENT INTERNATIONAL CORPORATION,RES DEV INT,4,2015,2023,T3_REVIEW,0
16396,BB,BLACKBERRY LTD,RES IN MOTION,RES ELECTRONICS INTERNATIONAL LLC,RES ELECTRONICS INT,4,2019,2021,T3_REVIEW,0
16396,BB,BLACKBERRY LTD,RES IN MOTION,RES ON ELECTRICAL APPLIANCES OF SHANGHAI ASTRONAUTICS,RES ON ELECTRICAL APPLIANCES OF SHANGHAI ASTRONAUTICS,4,2018,2024,T3_REVIEW,0
16396,BB,BLACKBERRY LTD,RES IN MOTION,RES AND PRODUCTION ENTPR BOUREVESTNIK,RES AND PRODUCTION ENTPR BOUREVESTNIK,4,2011,2013,T3_REVIEW,0
16396,BB,BLACKBERRY LTD,RES IN MOTION,RES INSTITUTE AT NATIONWIDE CHILDREN’S HOSPITAL,RES INSTITUTE AT NATIONWIDE CHILDREN S HOSPITAL,3,2023,2025,T3_REVIEW,0
16396,BB,BLACKBERRY LTD,RES IN MOTION,RES FOUNDATION SUNY,RES FOUNDATION SUNY,3,2011,2024,T3_REVIEW,0
16396,BB,BLACKBERRY LTD,RES IN MOTION,RES AND DEV AUTHORITY BEN GURION UNIVERSITY OF THE NEGEV,RES AND DEV AUTHORITY BEN GURION UNIV OF THE NEGEV,3,2013,2013,T3_REVIEW,0
16396,BB,BLACKBERRY LTD,RES IN MOTION,RES INSTITUTE OF FORESTRY CHINESE ACADEMY OF FORESTRY,RES INSTITUTE OF FORESTRY CHINESE ACADEMY OF FORESTRY,3,2022,2025,T3_REVIEW,0
16396,BB,BLACKBERRY LTD,RES IN MOTION,RES CENTER OF INTELLIGENT EQUIPMENT BAAFS,RES CENTER OF INTELLIGENT EQUIP BAAFS,3,2024,2024,T3_REVIEW,0
16396,BB,BLACKBERRY LTD,RES IN MOTION,THE RES INST AT NATIONWIDE CHILDREN'S HOSPITAL,RES INST AT NATIONWIDE CHILDREN S HOSPITAL,3,2014,2017,T3_REVIEW,0
16396,BB,BLACKBERRY LTD,RES IN MOTION,RES BUSINESS FOUND SUNGKYUNKWAN UNIV,RES BUS FOUND SUNGKYUNKWAN UNIV,3,2015,2017,T3_REVIEW,0
16396,BB,BLACKBERRY LTD,RES IN MOTION,RES & BUSINESS FOUNDATION SUNGKYUNKWAN UNIVERISTY,RES BUS FOUNDATION SUNGKYUNKWAN UNIVERISTY,3,2015,2021,T3_REVIEW,0
16396,BB,BLACKBERRY LTD,RES IN MOTION,RES CT FOR NON DESTRUCTIVE TESTING GMBH,RES CT FOR NON DESTRUCTIVE TESTING,3,2013,2014,T3_REVIEW,0
16396,BB,BLACKBERRY LTD,RES IN MOTION,THE RESEARCH FOUNDATION FOR STATE UNIV OF NEW YORK,RES FOUNDATION FOR STATE UNIV OF NEW YORK,3,2017,2021,T3_REVIEW,0
16396,BB,BLACKBERRY LTD,RES IN MOTION,THE RESEARCH FOUNDATION FOR THE STATE UNIV NEW YORK,RES FOUNDATION FOR THE STATE UNIV NEW YORK,3,2016,2018,T3_REVIEW,0
16396,BB,BLACKBERRY LTD,RES IN MOTION,RES FOUND ITSUU LAB,RES FOUND ITSUU LAB,3,2012,2012,T3_REVIEW,0
16396,BB,BLACKBERRY LTD,RES IN MOTION,RESEARCH & BUSINESS FOUNDATION SUNGYUNKWAN UNIV,RES BUS FOUNDATION SUNGYUNKWAN UNIV,3,2016,2024,T3_REVIEW,0
16396,BB,BLACKBERRY LTD,RES IN MOTION,RES AND BUSINESS FOUNDATION SUNGKYUNKWAN UNIVERSITY,RES AND BUS FOUNDATION SUNGKYUNKWAN UNIV,3,2014,2015,T3_REVIEW,0
16396,BB,BLACKBERRY LTD,RES IN MOTION,RESEARCH & BUSINESS FOUNDATION SUNGKYUNWAN UNIV,RES BUS FOUNDATION SUNGKYUNWAN UNIV,3,2018,2018,T3_REVIEW,0
16396,BB,BLACKBERRY LTD,RES IN MOTION,THE RESEARCH FOUNDATION FOR STATE UNIV OF NY,RES FOUNDATION FOR STATE UNIV OF NY,3,2018,2018,T3_REVIEW,0
16396,BB,BLACKBERRY LTD,RES IN MOTION,RES INSTITUTE OF INDUSTRIAL SCIENCE & TECHOLOGY,RES INSTITUTE OF IND SCIENT TECHOLOGY,3,2018,2022,T3_REVIEW,0
16396,BB,BLACKBERRY LTD,RES IN MOTION,RES INSTITUTE OF AGRICULTURAL MECHANIZATION XINJIANG ACADEMY OF AGRICULTURAL SCIENCES,RES INSTITUTE OF AGRICULTURAL MECHANIZATION XINJIANG ACADEMY OF AGRICULTURAL SCIENT,3,2020,2020,T3_REVIEW,0
16396,BB,BLACKBERRY LTD,RES IN MOTION,RES & BUSINESS FOUNDATION OF SUNGKYUNKWAN UNIVERSITY,RES BUS FOUNDATION OF SUNGKYUNKWAN UNIV,3,2011,2013,T3_REVIEW,0
16396,BB,BLACKBERRY LTD,RES IN MOTION,RES INST CO LTD HONG KONG APPLIED SCIENCE AND TECHNOLOGY,RES INST CO LTD HONG KONG APPLIED SCIENT AND TECH,3,2012,2013,T3_REVIEW,0
16396,BB,BLACKBERRY LTD,RES IN MOTION,RES LAB INC MITSUBISHI ELECTRIC,RES LAB INC MITSUBISHI ELEC,3,2013,2013,T3_REVIEW,0
16396,BB,BLACKBERRY LTD,RES IN MOTION,RES FOUNDATION INC UNIVERSITY OF CENTRAL FLORIDA,RES FOUNDATION INC UNIV OF CENTRAL FLORIDA,3,2012,2013,T3_REVIEW,0
16396,BB,BLACKBERRY LTD,RES IN MOTION,RESEARCH & BUSINESS FOUNDATION SUNGKYUNKWAN UNIV,RES BUS FOUNDATION SUNGKYUNKWAN UNIV,3,2024,2025,T3_REVIEW,0
16396,BB,BLACKBERRY LTD,RES IN MOTION,RES CANCER INST OF AMERICA,RES CANCER INST OF AMER,3,2014,2016,T3_REVIEW,0
20253,BHI,BAKER HUGHES INC,BAKER HUGHES,BAKER JOFFRE B,BAKER JOFFRE B,23,2010,2012,T3_REVIEW,0
20253,BHI,BAKER HUGHES INC,BAKER HUGHES,BAKER JR CLARK R,BAKER JR CLARK R,19,2011,2012,T3_REVIEW,0
20253,BHI,BAKER HUGHES INC,BAKER HUGHES,BAKER RODNEY E,BAKER RODNEY E,13,2010,2012,T3_REVIEW,0
20253,BHI,BAKER HUGHES INC,BAKER HUGHES,BAKER KEITH HOMER,BAKER KEITH HOMER,12,2010,2012,T3_REVIEW,0
20253,BHI,BAKER HUGHES INC,BAKER HUGHES,BAKER CARTHEL C,BAKER CARTHEL C,11,2010,2021,T3_REVIEW,0
20253,BHI,BAKER HUGHES INC,BAKER HUGHES,BAKER HEART AND DIABETES INST,BAKER HEART AND DIABETES INST,11,2016,2025,T3_REVIEW,0
20253,BHI,BAKER HUGHES INC,BAKER HUGHES,BAKER MYLES L,BAKER MYLES L,11,2010,2013,T3_REVIEW,0
20253,BHI,BAKER HUGHES INC,BAKER HUGHES,BAKER IDI HEART & DIABETES INST HOLDINGS LTD,BAKER IDI HEART DIABETES INST,8,2011,2021,T3_REVIEW,0
20253,BHI,BAKER HUGHES INC,BAKER HUGHES,BAKER GROUP LLP,BAKER,7,2014,2019,T3_REVIEW,0
20253,BHI,BAKER HUGHES INC,BAKER HUGHES,BAKER ENG & RISK CONSULTANTS INC,BAKER ENG RISK CONSULTANTS,7,2018,2023,T3_REVIEW,0
20253,BHI,BAKER HUGHES INC,BAKER HUGHES,BAKER SHENDA,BAKER SHENDA,7,2011,2015,T3_REVIEW,0
20253,BHI,BAKER HUGHES INC,BAKER HUGHES,BAKER DONALD CYRUS,BAKER DONALD CYRUS,5,2010,2018,T3_REVIEW,0
20253,BHI,BAKER HUGHES INC,BAKER HUGHES,BAKER BRANT A,BAKER BRANT A,5,2021,2025,T3_REVIEW,0
20253,BHI,BAKER HUGHES INC,BAKER HUGHES,BAKER HENRY HARLYN,BAKER HENRY HARLYN,5,2010,2012,T3_REVIEW,0
20253,BHI,BAKER HUGHES INC,BAKER HUGHES,BAKER DWIGHT,BAKER DWIGHT,5,2012,2014,T3_REVIEW,0
20253,BHI,BAKER HUGHES INC,BAKER HUGHES,BAKER BILL J,BAKER BILL J,5,2011,2016,T3_REVIEW,0
20253,BHI,BAKER HUGHES INC,BAKER HUGHES,BAKER RANDAL S,BAKER RANDAL S,5,2011,2012,T3_REVIEW,0
20253,BHI,BAKER HUGHES INC,BAKER HUGHES,BAKER PRODUCTS LTD,BAKER PRODUCTS,4,2011,2017,T3_REVIEW,0
20253,BHI,BAKER HUGHES INC,BAKER HUGHES,BAKER TERENCE S,BAKER TERENCE S,4,2010,2012,T3_REVIEW,0
20253,BHI,BAKER HUGHES INC,BAKER HUGHES,BAKER IDI HEART AND DIABETES INST HOLDINGS LTD,BAKER IDI HEART AND DIABETES INST,4,2010,2016,T3_REVIEW,0
20253,BHI,BAKER HUGHES INC,BAKER HUGHES,BAKER ARLEN,BAKER ARLEN,4,2014,2017,T3_REVIEW,0
20253,BHI,BAKER HUGHES INC,BAKER HUGHES,BAKER PETER CHRISTENSEN,BAKER PETER CHRISTENSEN,4,2011,2015,T3_REVIEW,0
20253,BHI,BAKER HUGHES INC,BAKER HUGHES,BAKER BRENDA F,BAKER BRENDA F,4,2010,2012,T3_REVIEW,0
20253,BHI,BAKER HUGHES INC,BAKER HUGHES,BAKER GINGER,BAKER GINGER,3,2011,2016,T3_REVIEW,0
20253,BHI,BAKER HUGHES INC,BAKER HUGHES,BAKER PERKINS INC,BAKER PERKINS,3,2016,2019,T3_REVIEW,0
20253,BHI,BAKER HUGHES INC,BAKER HUGHES,BAKER ERIN R,BAKER ERIN R,3,2011,2011,T3_REVIEW,0
20253,BHI,BAKER HUGHES INC,BAKER HUGHES,BAKER JULIA A,BAKER JULIA A,3,2011,2011,T3_REVIEW,0
20253,BHI,BAKER HUGHES INC,BAKER HUGHES,BAKER PHIL,BAKER PHIL,3,2011,2023,T3_REVIEW,0
20253,BHI,BAKER HUGHES INC,BAKER HUGHES,BAKER BRETT HUGH JAMES,BAKER BRETT HUGH JAMES,3,2010,2021,T3_REVIEW,0
20253,BHI,BAKER HUGHES INC,BAKER HUGHES,BAKER IDI HEART AND DIABETES INSTITUTE HOLDINGS LTD,BAKER IDI HEART AND DIABETES INSTITUTE,3,2017,2023,T3_REVIEW,0
20253,BHI,BAKER HUGHES INC,BAKER HUGHES,BAKER CLINTON D,BAKER CLINTON D,3,2013,2016,T3_REVIEW,0
20253,BHI,BAKER HUGHES INC,BAKER HUGHES,BAKER SUZANNE M,BAKER SUZANNE M,3,2019,2021,T3_REVIEW,0
20253,BHI,BAKER HUGHES INC,BAKER HUGHES,BAKER NICK,BAKER NICK,3,2011,2012,T3_REVIEW,0
20253,BHI,BAKER HUGHES INC,BAKER HUGHES,BAKER WAYLON DALE,BAKER WAYLON DALE,3,2020,2022,T3_REVIEW,0
20253,BHI,BAKER HUGHES INC,BAKER HUGHES,BAKER BROOKES H,BAKER BROOKES H,3,2011,2012,T3_REVIEW,0
20253,BHI,BAKER HUGHES INC,BAKER HUGHES,Baker Jessup,BAKER JESSUP,3,2018,2020,T3_REVIEW,0
20253,BHI,BAKER HUGHES INC,BAKER HUGHES,BAKER LEMONT,BAKER LEMONT,3,2010,2012,T3_REVIEW,0
20253,BHI,BAKER HUGHES INC,BAKER HUGHES,BAKER FORREST S,BAKER FORREST S,3,2014,2018,T3_REVIEW,0
20253,BHI,BAKER HUGHES INC,BAKER HUGHES,BAKER JR CHARLES LAMBERT,BAKER JR CHARLES LAMBERT,3,2011,2013,T3_REVIEW,0
20253,BHI,BAKER HUGHES INC,BAKER HUGHES,BAKER JASON MILES,BAKER JASON MILES,3,2010,2010,T3_REVIEW,0
20253,BHI,BAKER HUGHES INC,BAKER HUGHES,BAKER TRENT,BAKER TRENT,3,2011,2014,T3_REVIEW,0
20265,BK,BANK OF NEW YORK MELLON CORP,BANK OF NEW YORK MELLON,BANK OF AMERICA,BANK OF AMER,8142,2010,2025,T3_REVIEW,0
20265,BK,BANK OF NEW YORK MELLON CORP,BANK OF NEW YORK MELLON,BANK OF MONTREAL,BANK OF MONTREAL,80,2018,2025,T3_REVIEW,0
20265,BK,BANK OF NEW YORK MELLON CORP,BANK OF NEW YORK MELLON,BANK JUDITH H,BANK JUDITH H,23,2010,2012,T3_REVIEW,0
20265,BK,BANK OF NEW YORK MELLON CORP,BANK OF NEW YORK MELLON,BANK OF TOKYO MITSUBISHI UFJ,BANK OF TOKYO MITSUBISHI UFJ,20,2010,2014,T3_REVIEW,0
20265,BK,BANK OF NEW YORK MELLON CORP,BANK OF NEW YORK MELLON,BANK OF AMERICA CORP,BANK OF AMER,17,2024,2025,T3_REVIEW,0
20265,BK,BANK OF NEW YORK MELLON CORP,BANK OF NEW YORK MELLON,BANK OF CANADA,BANK OF CANADA,15,2010,2023,T3_REVIEW,0
20265,BK,BANK OF NEW YORK MELLON CORP,BANK OF NEW YORK MELLON,BANK INVOICE CORP,BANK INVOICE,10,2018,2021,T3_REVIEW,0
20265,BK,BANK OF NEW YORK MELLON CORP,BANK OF NEW YORK MELLON,BANK OF AMERICAN CORP,BANK OF AMER,7,2010,2021,T3_REVIEW,0
20265,BK,BANK OF NEW YORK MELLON CORP,BANK OF NEW YORK MELLON,BANK OF AMERICA COPORATION,BANK OF AMER COPORATION,6,2013,2021,T3_REVIEW,0
20265,BK,BANK OF NEW YORK MELLON CORP,BANK OF NEW YORK MELLON,BANK JUDITH HELEN,BANK JUDITH HELEN,6,2010,2012,T3_REVIEW,0
20265,BK,BANK OF NEW YORK MELLON CORP,BANK OF NEW YORK MELLON,BANK OF AMERICA LEGAL DEPT,BANK OF AMER LEGAL DEPT,5,2011,2011,T3_REVIEW,0
20265,BK,BANK OF NEW YORK MELLON CORP,BANK OF NEW YORK MELLON,BANK FSB DBA ING DIRECT ING,BANK FSB DBA ING DIRECT ING,4,2011,2011,T3_REVIEW,0
20265,BK,BANK OF NEW YORK MELLON CORP,BANK OF NEW YORK MELLON,BANK OF AMERICA CORPORTION,BANK OF AMER CORPORTION,4,2019,2025,T3_REVIEW,0
20265,BK,BANK OF NEW YORK MELLON CORP,BANK OF NEW YORK MELLON,THE BANK OF NOVA SCOTIA,BANK OF NOVA SCOTIA,4,2018,2022,T3_REVIEW,0
7113,BRC,BRADY CORP,BRADY,BRADY WORLDWIDE INC,BRADY WORLDWIDE,86,2011,2025,T3_REVIEW,1
7113,BRC,BRADY CORP,BRADY,BRADY TERRY EARL,BRADY TERRY EARL,8,2020,2024,T3_REVIEW,1
7113,BRC,BRADY CORP,BRADY,BRADY JEREMIAH JOHN,BRADY JEREMIAH JOHN,7,2014,2019,T3_REVIEW,1
7113,BRC,BRADY CORP,BRADY,BRADY EAMON,BRADY EAMON,6,2011,2013,T3_REVIEW,1
7113,BRC,BRADY CORP,BRADY,BRADY DOMINIC,BRADY DOMINIC,5,2010,2012,T3_REVIEW,1
7113,BRC,BRADY CORP,BRADY,BRADY SHANE,BRADY SHANE,3,2011,2011,T3_REVIEW,1
7113,BRC,BRADY CORP,BRADY,BRADY ENERGY UK LTD,BRADY ENERGY UK,3,2022,2022,T3_REVIEW,1
7113,BRC,BRADY CORP,BRADY,BRADY SHELLY,BRADY SHELLY,3,2014,2015,T3_REVIEW,1
56450,BRY,BERRY CORP,BERRY,BERRY PLASTICS CORP,BERRY PLASTICS,232,2010,2025,T3_REVIEW,1
56450,BRY,BERRY CORP,BERRY,BERRY GLOBAL INC,BERRY GLOBAL,190,2017,2025,T3_REVIEW,1
56450,BRY,BERRY CORP,BERRY,BERRY BRET MICHAEL,BERRY BRET MICHAEL,31,2015,2025,T3_REVIEW,1
56450,BRY,BERRY CORP,BERRY,BERRY METAL CO,BERRY METAL,30,2010,2021,T3_REVIEW,1
56450,BRY,BERRY CORP,BERRY,BERRY JONATHAN DWIGHT,BERRY JONATHAN DWIGHT,29,2010,2012,T3_REVIEW,1
56450,BRY,BERRY CORP,BERRY,BERRY GENOMICS CO LTD,BERRY GENOMICS,15,2011,2022,T3_REVIEW,1
56450,BRY,BERRY CORP,BERRY,BERRY SUPERFOS RANDERS AS,BERRY SUPERFOS RANDERS,8,2019,2025,T3_REVIEW,1
56450,BRY,BERRY CORP,BERRY,BERRY MEGAN C,BERRY MEGAN C,7,2010,2012,T3_REVIEW,1
56450,BRY,BERRY CORP,BERRY,BERRY NORMAN MICHEAL,BERRY NORMAN MICHEAL,6,2011,2013,T3_REVIEW,1
56450,BRY,BERRY CORP,BERRY,BERRY IRENE MICHELLE,BERRY IRENE MICHELLE,6,2011,2011,T3_REVIEW,1
56450,BRY,BERRY CORP,BERRY,BERRY ANGELA,BERRY ANGELA,6,2010,2012,T3_REVIEW,1
56450,BRY,BERRY CORP,BERRY,BERRY BRET M,BERRY BRET M,5,2010,2012,T3_REVIEW,1
56450,BRY,BERRY CORP,BERRY,BERRY BENOY,BERRY BENOY,5,2025,2025,T3_REVIEW,1
56450,BRY,BERRY CORP,BERRY,BERRY BRET,BERRY BRET,5,2010,2015,T3_REVIEW,1
56450,BRY,BERRY CORP,BERRY,BERRY JODY,BERRY JODY,5,2011,2015,T3_REVIEW,1
56450,BRY,BERRY CORP,BERRY,Berry Levi,BERRY LEVI,4,2020,2025,T3_REVIEW,1
56450,BRY,BERRY CORP,BERRY,BERRY CHARLES FRANKLIN,BERRY CHARLES FRANKLIN,4,2012,2012,T3_REVIEW,1
56450,BRY,BERRY CORP,BERRY,BERRY FILM PRODUCTS COMPANY INC,BERRY FILM PRODUCTS,4,2019,2024,T3_REVIEW,1
56450,BRY,BERRY CORP,BERRY,BERRY SHAUN R,BERRY SHAUN R,4,2012,2017,T3_REVIEW,1
56450,BRY,BERRY CORP,BERRY,BERRY SANDRA L,BERRY SANDRA L,3,2011,2018,T3_REVIEW,1
56450,BRY,BERRY CORP,BERRY,BERRY AND ASSOCIATES INC,BERRY AND ASSOCIATES,3,2010,2011,T3_REVIEW,1
29489,BSX,BOSTON SCIENTIFIC CORP,BOSTON SCIENT,BOSTON DYNAMICS INC,BOSTON DYNAMICS,273,2012,2025,T3_REVIEW,0
29489,BSX,BOSTON SCIENTIFIC CORP,BOSTON SCIENT,BOSTON MEDICAL CT CORP,BOSTON MEDICAL CT,62,2010,2025,T3_REVIEW,0
29489,BSX,BOSTON SCIENTIFIC CORP,BOSTON SCIENT,THE BOSTON CONSULTING GROUP INC,BOSTON CONSULTING,53,2016,2025,T3_REVIEW,0
29489,BSX,BOSTON SCIENTIFIC CORP,BOSTON SCIENT,BOSTON BIOMEDICAL INC,BOSTON BIOMEDICAL,49,2011,2020,T3_REVIEW,0
29489,BSX,BOSTON SCIENTIFIC CORP,BOSTON SCIENT,BOSTON POWER INC,BOSTON POWER,19,2010,2015,T3_REVIEW,0
29489,BSX,BOSTON SCIENTIFIC CORP,BOSTON SCIENT,BOSTON MICROFLUIDICS INC,BOSTON MICROFLUIDICS,12,2018,2020,T3_REVIEW,0
29489,BSX,BOSTON SCIENTIFIC CORP,BOSTON SCIENT,BOSTON POLARIMETRICS INC,BOSTON POLARIMETRICS,11,2020,2022,T3_REVIEW,0
29489,BSX,BOSTON SCIENTIFIC CORP,BOSTON SCIENT,BOSTON HEART DIAGNOSTICS CORP,BOSTON HEART DIAGNOSTICS,11,2012,2018,T3_REVIEW,0
29489,BSX,BOSTON SCIENTIFIC CORP,BOSTON SCIENT,BOSTON ENG CORPORATION,BOSTON ENG,10,2020,2025,T3_REVIEW,0
29489,BSX,BOSTON SCIENTIFIC CORP,BOSTON SCIENT,BOSTON ELECTROMETALLURGICAL CORP,BOSTON ELECTROMETALLURGICAL,10,2018,2025,T3_REVIEW,0
29489,BSX,BOSTON SCIENTIFIC CORP,BOSTON SCIENT,BOSTON MICROFLUIDICS,BOSTON MICROFLUIDICS,8,2010,2013,T3_REVIEW,0
29489,BSX,BOSTON SCIENTIFIC CORP,BOSTON SCIENT,BOSTON MAT INC,BOSTON MAT,8,2018,2024,T3_REVIEW,0
29489,BSX,BOSTON SCIENTIFIC CORP,BOSTON SCIENT,BOSTON INVENT LLC,BOSTON INVENT,7,2016,2020,T3_REVIEW,0
29489,BSX,BOSTON SCIENTIFIC CORP,BOSTON SCIENT,BOSTON NEVILLE,BOSTON NEVILLE,7,2011,2024,T3_REVIEW,0
29489,BSX,BOSTON SCIENTIFIC CORP,BOSTON SCIENT,BOSTON FOUND FOR SIGHT,BOSTON FOUND FOR SIGHT,5,2016,2022,T3_REVIEW,0
29489,BSX,BOSTON SCIENTIFIC CORP,BOSTON SCIENT,BOSTON FOUNDATION FOR SIGHT,BOSTON FOUNDATION FOR SIGHT,5,2010,2015,T3_REVIEW,0
29489,BSX,BOSTON SCIENTIFIC CORP,BOSTON SCIENT,BOSTON WHALER INC,BOSTON WHALER,5,2011,2015,T3_REVIEW,0
29489,BSX,BOSTON SCIENTIFIC CORP,BOSTON SCIENT,BOSTON SEMI EQUIPMENT LLC,BOSTON SEMI EQUIP,5,2018,2024,T3_REVIEW,0
29489,BSX,BOSTON SCIENTIFIC CORP,BOSTON SCIENT,BOSTON PHARMACEUTICALS INC,BOSTON PHARMACEUTICALS,4,2015,2022,T3_REVIEW,0
29489,BSX,BOSTON SCIENTIFIC CORP,BOSTON SCIENT,BOSTON BIOMOTION INC,BOSTON BIOMOTION,4,2017,2018,T3_REVIEW,0
29489,BSX,BOSTON SCIENTIFIC CORP,BOSTON SCIENT,BOSTON CONSULTING GROUP INC,BOSTON CONSULTING,4,2014,2015,T3_REVIEW,0
29489,BSX,BOSTON SCIENTIFIC CORP,BOSTON SCIENT,BOSTON BEER CORP,BOSTON BEER,4,2011,2015,T3_REVIEW,0
29489,BSX,BOSTON SCIENTIFIC CORP,BOSTON SCIENT,BOSTON JUDITH,BOSTON JUDITH,4,2020,2024,T3_REVIEW,0
29489,BSX,BOSTON SCIENTIFIC CORP,BOSTON SCIENT,BOSTON LORENZO,BOSTON LORENZO,3,2010,2010,T3_REVIEW,0
29489,BSX,BOSTON SCIENTIFIC CORP,BOSTON SCIENT,BOSTON FOG LLC,BOSTON FOG,3,2016,2020,T3_REVIEW,0
29489,BSX,BOSTON SCIENTIFIC CORP,BOSTON SCIENT,BOSTON THERAPEUTICS INC,BOSTON THERAPEUTICS,3,2014,2019,T3_REVIEW,0
29489,BSX,BOSTON SCIENTIFIC CORP,BOSTON SCIENT,BOSTON CHILDREN'S HOSPITAL,BOSTON CHILDREN S HOSPITAL,3,2014,2015,T3_REVIEW,0
29489,BSX,BOSTON SCIENTIFIC CORP,BOSTON SCIENT,BOSTON-POWER INC,BOSTON POWER,3,2015,2016,T3_REVIEW,0
29489,BSX,BOSTON SCIENTIFIC CORP,BOSTON SCIENT,BOSTON INCUBATOR CENTER LLC,BOSTON INCUBATOR CENTER,3,2017,2018,T3_REVIEW,0
29489,BSX,BOSTON SCIENTIFIC CORP,BOSTON SCIENT,BOSTON SCIENTIFC SCIMED INC,BOSTON SCIENTIFC SCIMED,3,2013,2015,T3_REVIEW,0
57336,BSY,BENTLEY SYSTEMS INC,BENTLEY SYS,BENTLEY MOTORS LTD,BENTLEY MOTORS,49,2010,2023,T3_REVIEW,0
57336,BSY,BENTLEY SYSTEMS INC,BENTLEY SYS,BENTLEY INNOMED GMBH,BENTLEY INNOMED,15,2011,2021,T3_REVIEW,0
57336,BSY,BENTLEY SYSTEMS INC,BENTLEY SYS,BENTLEY ISHMAEL,BENTLEY ISHMAEL,6,2011,2014,T3_REVIEW,0
57336,BSY,BENTLEY SYSTEMS INC,BENTLEY SYS,BENTLEY LECHARLES,BENTLEY LECHARLES,5,2016,2017,T3_REVIEW,0
57336,BSY,BENTLEY SYSTEMS INC,BENTLEY SYS,BENTLEY PHILIP GARETH,BENTLEY PHILIP GARETH,4,2010,2013,T3_REVIEW,0
57336,BSY,BENTLEY SYSTEMS INC,BENTLEY SYS,THE BENTLEY GROUP LTD,BENTLEY,3,2019,2023,T3_REVIEW,0
727,CACI,CACI INTERNATIONAL INC,CACI INT,CACI INC FED,CACI INC FED,82,2019,2023,T3_REVIEW,0
6262,CAH,CARDINAL HEALTH INC,CARDINAL HEALTH,CARDINAL CG CO,CARDINAL CG,103,2010,2025,T3_REVIEW,0
6262,CAH,CARDINAL HEALTH INC,CARDINAL HEALTH,CARDINAL IG CO,CARDINAL IG,70,2012,2025,T3_REVIEW,0
6262,CAH,CARDINAL HEALTH INC,CARDINAL HEALTH,CARDINAL GIBBONS HIGH SCHOOL,CARDINAL GIBBONS HIGH SCHOOL,9,2011,2024,T3_REVIEW,0
6262,CAH,CARDINAL HEALTH INC,CARDINAL HEALTH,CARDINAL FG COMPANY,CARDINAL FG,5,2010,2014,T3_REVIEW,0
6262,CAH,CARDINAL HEALTH INC,CARDINAL HEALTH,CARDINAL POINT CAPTAINS INC,CARDINAL POINT CAPTAINS,4,2024,2024,T3_REVIEW,0
6262,CAH,CARDINAL HEALTH INC,CARDINAL HEALTH,CARDINAL SCIENT INC,CARDINAL SCIENT,3,2010,2013,T3_REVIEW,0
6262,CAH,CARDINAL HEALTH INC,CARDINAL HEALTH,CARDINAL SPINE LLC,CARDINAL SPINE,3,2010,2011,T3_REVIEW,0
6262,CAH,CARDINAL HEALTH INC,CARDINAL HEALTH,CARDINAL IP HOLDING LLC,CARDINAL IP,3,2020,2020,T3_REVIEW,0
57431,CCCC,C4 THERAPEUTICS INC,C4 THERAPEUTICS,C4 CARBIDES LTD,C4 CARBIDES,14,2016,2025,T3_REVIEW,0
57431,CCCC,C4 THERAPEUTICS INC,C4 THERAPEUTICS,C4 THERAPRUTICS INC,C4 THERAPRUTICS,4,2018,2018,T3_REVIEW,0
57431,CCCC,C4 THERAPEUTICS INC,C4 THERAPEUTICS,C4 LASER TECH GMBH,C4 LASER TECH,3,2020,2021,T3_REVIEW,0
9245,CDNS,CADENCE DESIGN SYSTEMS INC,CADENCE DESIGN SYS,CADENCE SOLUTIONS INC,CADENCE SOLUTIONS,4,2022,2023,T3_REVIEW,0
54507,CGIX,CANCER GENETICS INC,CANCER GENETICS,CANCER RESEARCH TECH LTD,CANCER RES TECH,166,2015,2025,T3_REVIEW,0
54507,CGIX,CANCER GENETICS INC,CANCER GENETICS,CANCER REC TECH LTD,CANCER REC TECH,62,2010,2016,T3_REVIEW,0
54507,CGIX,CANCER GENETICS INC,CANCER GENETICS,CANCER RES TECH LTD,CANCER RES TECH,31,2014,2017,T3_REVIEW,0
54507,CGIX,CANCER GENETICS INC,CANCER GENETICS,CANCER RES INST ROYAL,CANCER RES INST ROYAL,18,2011,2015,T3_REVIEW,0
54507,CGIX,CANCER GENETICS INC,CANCER GENETICS,CANCER HOSPITAL CAMS,CANCER HOSPITAL CAMS,13,2017,2025,T3_REVIEW,0
54507,CGIX,CANCER GENETICS INC,CANCER GENETICS,CANCER THERAPEUTICS CRC PTY LTD,CANCER THERAPEUTICS CRC,11,2012,2015,T3_REVIEW,0
54507,CGIX,CANCER GENETICS INC,CANCER GENETICS,CANCER ADVANCES INC,CANCER ADVANCES,9,2011,2024,T3_REVIEW,0
54507,CGIX,CANCER GENETICS INC,CANCER GENETICS,CANCER PREVENTION PHARMACEUTICALS INC,CANCER PREVENTION PHARMACEUTICALS,9,2011,2024,T3_REVIEW,0
54507,CGIX,CANCER GENETICS INC,CANCER GENETICS,CANCER TARGETED TECH LLC,CANCER TARGETED TECH,8,2016,2025,T3_REVIEW,0
54507,CGIX,CANCER GENETICS INC,CANCER GENETICS,CANCER PREVENTION & CURE LTD,CANCER PREVENTION CURE,6,2010,2018,T3_REVIEW,0
54507,CGIX,CANCER GENETICS INC,CANCER GENETICS,CANCER RES INST,CANCER RES INST,6,2010,2013,T3_REVIEW,0
54507,CGIX,CANCER GENETICS INC,CANCER GENETICS,CANCER INTELLIGENCE CARE SYS INC,CANCER INTELLIGENCE CARE SYS,6,2012,2019,T3_REVIEW,0
54507,CGIX,CANCER GENETICS INC,CANCER GENETICS,CANCER THERAPEUTICS LABORATORIES INC,CANCER THERAPEUTICS LAB,4,2018,2025,T3_REVIEW,0
54507,CGIX,CANCER GENETICS INC,CANCER GENETICS,CANCER DIAGNOSTICS INC,CANCER DIAGNOSTICS,4,2019,2024,T3_REVIEW,0
54507,CGIX,CANCER GENETICS INC,CANCER GENETICS,CANCER VACCINE INST,CANCER VACCINE INST,4,2014,2021,T3_REVIEW,0
54507,CGIX,CANCER GENETICS INC,CANCER GENETICS,CANCER TARGETED TECHNOLOGY LLC,CANCER TARGETED TECH,3,2010,2014,T3_REVIEW,0
54507,CGIX,CANCER GENETICS INC,CANCER GENETICS,CANCER RESEARCH TECH,CANCER RES TECH,3,2019,2023,T3_REVIEW,0
32104,CHL,CHINA MOBILE LTD,CHINA MOBILE,CHINA PETROLEUM & CHEM CORP,CHINA PETROLEUM CHEM,610,2013,2025,T3_REVIEW,0
32104,CHL,CHINA MOBILE LTD,CHINA MOBILE,CHINA ACADEMY TELECOMMUNICATIONS TECHNOLOGY,CHINA ACADEMY TELECOMMUNICATIONS TECH,504,2014,2020,T3_REVIEW,0
32104,CHL,CHINA MOBILE LTD,CHINA MOBILE,CHINA ACADEMY OF TELECOMM TECH,CHINA ACADEMY OF TELECOMM TECH,275,2010,2016,T3_REVIEW,0
32104,CHL,CHINA MOBILE LTD,CHINA MOBILE,CHINA UNIONPAY CO LTD,CHINA UNIONPAY,164,2011,2023,T3_REVIEW,0
32104,CHL,CHINA MOBILE LTD,CHINA MOBILE,CHINA PETROLEUM & CHEMICAL,CHINA PETROLEUM CHEM,150,2010,2015,T3_REVIEW,0
32104,CHL,CHINA MOBILE LTD,CHINA MOBILE,CHINA NAT PETROLEUM CORP,CHINA NAT PETROLEUM,113,2010,2025,T3_REVIEW,0
32104,CHL,CHINA MOBILE LTD,CHINA MOBILE,CHINA INST WATER RESOURCES & HYDROPOWER RES,CHINA INST WATER RESOURCES HYDROPOWER RES,69,2015,2025,T3_REVIEW,0
32104,CHL,CHINA MOBILE LTD,CHINA MOBILE,CHINA TOBACCO YUNNAN IND CO LTD,CHINA TOBACCO YUNNAN IND,62,2014,2025,T3_REVIEW,0
32104,CHL,CHINA MOBILE LTD,CHINA MOBILE,CHINA TOBACCO HUNAN IND CO LTD,CHINA TOBACCO HUNAN IND,61,2016,2023,T3_REVIEW,0
32104,CHL,CHINA MOBILE LTD,CHINA MOBILE,CHINA TELECOM CO LTD,CHINA TELECOM,54,2010,2024,T3_REVIEW,0
32104,CHL,CHINA MOBILE LTD,CHINA MOBILE,CHINA IWNCOMM CO LTD,CHINA IWNCOMM,54,2010,2022,T3_REVIEW,0
32104,CHL,CHINA MOBILE LTD,CHINA MOBILE,CHINA ENERGY INVESTMENT CORP LTD,CHINA ENERGY INVESTMENT,53,2017,2023,T3_REVIEW,0
32104,CHL,CHINA MOBILE LTD,CHINA MOBILE,CHINA THREE GORGES CORP,CHINA THREE GORGES,50,2020,2025,T3_REVIEW,0
32104,CHL,CHINA MOBILE LTD,CHINA MOBILE,CHINA ELECTRIC POWER RES INST,CHINA ELEC POWER RES INST,46,2010,2024,T3_REVIEW,0
32104,CHL,CHINA MOBILE LTD,CHINA MOBILE,CHINA WAFER LEVEL CSP CO LTD,CHINA WAFER LEVEL CSP,45,2014,2018,T3_REVIEW,0
32104,CHL,CHINA MOBILE LTD,CHINA MOBILE,CHINA COMMUNICATION TECH CO LTD,CHINA COMMUNICATION TECH,30,2015,2018,T3_REVIEW,0
32104,CHL,CHINA MOBILE LTD,CHINA MOBILE,CHINA TRIUMPH INT ENG CO LTD,CHINA TRIUMPH INT ENG,28,2014,2023,T3_REVIEW,0
32104,CHL,CHINA MOBILE LTD,CHINA MOBILE,CHINA BANKNOTE PRINTING & MINTING CORP,CHINA BANKNOTE PRINTING MINTING,27,2014,2023,T3_REVIEW,0
32104,CHL,CHINA MOBILE LTD,CHINA MOBILE,CHINA ACADEMY OF TELECOMUNICATIONS TECH,CHINA ACADEMY OF TELECOMUNICATIONS TECH,27,2016,2019,T3_REVIEW,0
32104,CHL,CHINA MOBILE LTD,CHINA MOBILE,CHINA NAT OFFSHORE OIL CORP,CHINA NAT OFFSHORE OIL,26,2010,2023,T3_REVIEW,0
32104,CHL,CHINA MOBILE LTD,CHINA MOBILE,CHINA ELECTRIC POWER RES INSTITUTE COMPANY LIMITED,CHINA ELEC POWER RES INSTITUTE,26,2016,2020,T3_REVIEW,0
32104,CHL,CHINA MOBILE LTD,CHINA MOBILE,CHINA OILFIELD SERVICES LTD,CHINA OILFIELD SERVICES,26,2013,2023,T3_REVIEW,0
32104,CHL,CHINA MOBILE LTD,CHINA MOBILE,CHINA STEEL CORP,CHINA STEEL,25,2010,2025,T3_REVIEW,0
32104,CHL,CHINA MOBILE LTD,CHINA MOBILE,CHINA AUTOMOTIVE TECH & RES CT,CHINA AUTOMOTIVE TECH RES CT,21,2022,2025,T3_REVIEW,0
32104,CHL,CHINA MOBILE LTD,CHINA MOBILE,CHINA INT MARINE CONTAINERS,CHINA INT MARINE CONTAINERS,18,2010,2015,T3_REVIEW,0
32104,CHL,CHINA MOBILE LTD,CHINA MOBILE,CHINA PNEUMATIC CORP,CHINA PNEUMATIC,18,2013,2025,T3_REVIEW,0
32104,CHL,CHINA MOBILE LTD,CHINA MOBILE,CHINA NAT RICE RES INST,CHINA NAT RICE RES INST,17,2013,2025,T3_REVIEW,0
32104,CHL,CHINA MOBILE LTD,CHINA MOBILE,CHINA NAT INST STANDARDIZATION,CHINA NAT INST STANDARDIZATION,16,2019,2025,T3_REVIEW,0
32104,CHL,CHINA MOBILE LTD,CHINA MOBILE,CHINA ENFI ENG CORP,CHINA ENFI ENG,16,2010,2024,T3_REVIEW,0
32104,CHL,CHINA MOBILE LTD,CHINA MOBILE,CHINA LITHIUM BATTERY TECH CO LIMITED,CHINA LITHIUM BATTERY TECH,16,2020,2021,T3_REVIEW,0
32104,CHL,CHINA MOBILE LTD,CHINA MOBILE,CHINA PETROCHEMICAL DEV CORP TAIPEI TAIWAN,CHINA PETROCHEMICAL DEV CORP TAIPEI TAIWAN,15,2011,2013,T3_REVIEW,0
32104,CHL,CHINA MOBILE LTD,CHINA MOBILE,CHINA SPECIAL EQUIPMENT INSPECTION & RES INST,CHINA SPECIAL EQUIP INSPECTION RES INST,14,2017,2024,T3_REVIEW,0
32104,CHL,CHINA MOBILE LTD,CHINA MOBILE,CHINA INST ATOMIC ENERGY,CHINA INST ATOMIC ENERGY,14,2015,2023,T3_REVIEW,0
32104,CHL,CHINA MOBILE LTD,CHINA MOBILE,CHINA BUILDING MAT ACADEMY,CHINA BUILDING MAT ACADEMY,13,2014,2024,T3_REVIEW,0
32104,CHL,CHINA MOBILE LTD,CHINA MOBILE,CHINA INT MARINE CONTAINERS GROUP LTD,CHINA INT MARINE CONTAINERS,13,2016,2021,T3_REVIEW,0
32104,CHL,CHINA MOBILE LTD,CHINA MOBILE,CHINA BUILDING MAT ACADEMY CO LTD,CHINA BUILDING MAT ACADEMY,13,2017,2024,T3_REVIEW,0
32104,CHL,CHINA MOBILE LTD,CHINA MOBILE,CHINA YANGTZE POWER CO LTD,CHINA YANGTZE POWER,13,2021,2024,T3_REVIEW,0
32104,CHL,CHINA MOBILE LTD,CHINA MOBILE,CHINA WONDERLAND NURSERYGOODS,CHINA WONDERLAND NURSERYGOODS,12,2019,2024,T3_REVIEW,0
32104,CHL,CHINA MOBILE LTD,CHINA MOBILE,CHINA ACAD ART,CHINA ACAD ART,12,2016,2023,T3_REVIEW,0
32104,CHL,CHINA MOBILE LTD,CHINA MOBILE,CHINA CONSTR IND & ENERGY ENG GROUP CO LTD,CHINA CONSTR IND ENERGY ENG,12,2022,2025,T3_REVIEW,0
32104,CHL,CHINA MOBILE LTD,CHINA MOBILE,CHINA PETROCHEMICAL DEV CORP,CHINA PETROCHEMICAL DEV,12,2010,2016,T3_REVIEW,0
32104,CHL,CHINA MOBILE LTD,CHINA MOBILE,CHINA CONSTR SCI & IND CO LTD,CHINA CONSTR SCI IND,11,2019,2024,T3_REVIEW,0
32104,CHL,CHINA MOBILE LTD,CHINA MOBILE,CHINA UNIV OF PETROLEUM—BEIJING,CHINA UNIV OF PETROLEUM BEIJING,11,2023,2025,T3_REVIEW,0
32104,CHL,CHINA MOBILE LTD,CHINA MOBILE,CHINA NAT BUILDING MATERIAL GROUP CO LTD,CHINA NAT BUILDING MATERIAL,11,2022,2024,T3_REVIEW,0
32104,CHL,CHINA MOBILE LTD,CHINA MOBILE,CHINA RESOURCES MICROELECTRONICS CHONGQING CO LTD,CHINA RESOURCES MICROELECTRONICS CHONGQING,11,2019,2023,T3_REVIEW,0
32104,CHL,CHINA MOBILE LTD,CHINA MOBILE,CHINA TOBACCO HUBEI INDUSTRIAL CORPORATION LTD,CHINA TOBACCO HUBEI IND,10,2018,2024,T3_REVIEW,0
32104,CHL,CHINA MOBILE LTD,CHINA MOBILE,CHINA TOBACCO GUANGDONG IND CO,CHINA TOBACCO GUANGDONG IND,10,2011,2019,T3_REVIEW,0
32104,CHL,CHINA MOBILE LTD,CHINA MOBILE,CHINA SHENHUA ENERGY CO LTD,CHINA SHENHUA ENERGY,10,2011,2020,T3_REVIEW,0
32104,CHL,CHINA MOBILE LTD,CHINA MOBILE,CHINA IND LTD,CHINA IND,10,2010,2015,T3_REVIEW,0
32104,CHL,CHINA MOBILE LTD,CHINA MOBILE,CHINA ELECTRONICS TECH GROUP CORPORATION NO 44 RESEARCH INSTITUTE,CHINA ELECTRONICS TECH GROUP CORPORATION NO 44 RES INSTITUTE,10,2020,2024,T3_REVIEW,0
32104,CHL,CHINA MOBILE LTD,CHINA MOBILE,CHINA UNITED NETWORK COMMUNICATIONS GROUP COMPANY LTD,CHINA UNITED NETWORK COMMUNICATIONS,9,2016,2022,T3_REVIEW,0
32104,CHL,CHINA MOBILE LTD,CHINA MOBILE,CHINA INTERNET NETWORK INFORMATION CT,CHINA INTERNET NETWORK INFORMATION CT,9,2015,2020,T3_REVIEW,0
32104,CHL,CHINA MOBILE LTD,CHINA MOBILE,CHINA ACAD OF INFORMATION AND COMMUNICATIONS,CHINA ACAD OF INFORMATION AND COMMUNICATIONS,9,2019,2025,T3_REVIEW,0
32104,CHL,CHINA MOBILE LTD,CHINA MOBILE,CHINA INT MARINE CONTAINERS (GROUP) LTD,CHINA INT MARINE CONTAINERS,9,2014,2017,T3_REVIEW,0
32104,CHL,CHINA MOBILE LTD,CHINA MOBILE,CHINA FLASH CO LTD,CHINA FLASH,9,2021,2022,T3_REVIEW,0
32104,CHL,CHINA MOBILE LTD,CHINA MOBILE,CHINA TIESIJU CIVIL ENG GROUP CO LTD,CHINA TIESIJU CIVIL ENG,9,2020,2025,T3_REVIEW,0
32104,CHL,CHINA MOBILE LTD,CHINA MOBILE,CHINA AUTOMOTIVE SYSTEMS INC,CHINA AUTOMOTIVE SYS,9,2017,2024,T3_REVIEW,0
32104,CHL,CHINA MOBILE LTD,CHINA MOBILE,CHINA CONSTRUCTION STEEL STRUCTURE CORP LTD,CHINA CONSTRUCTION STEEL STRUCTURE,9,2016,2022,T3_REVIEW,0
32104,CHL,CHINA MOBILE LTD,CHINA MOBILE,CHINA MCC5 GROUP CORP LTD,CHINA MCC5,9,2021,2023,T3_REVIEW,0
32104,CHL,CHINA MOBILE LTD,CHINA MOBILE,CHINA NATIONAL ELECTRIC APPARATUS RES INSTITUTE CO LTD,CHINA NAT ELEC APPARATUS RES INSTITUTE,9,2019,2025,T3_REVIEW,0
32104,CHL,CHINA MOBILE LTD,CHINA MOBILE,CHINA ELECTRONIC TECH CORPORATION 24TH RESEARCH INSTITUTE,CHINA ELECTRONIC TECH CORPORATION 24TH RES INSTITUTE,9,2015,2016,T3_REVIEW,0
32104,CHL,CHINA MOBILE LTD,CHINA MOBILE,CHINA ACADEMY SAFETY SCIENCE & TECHNOLOGY,CHINA ACADEMY SAFETY SCIENT TECH,9,2021,2024,T3_REVIEW,0
32104,CHL,CHINA MOBILE LTD,CHINA MOBILE,CHINA THREE GORGES RENEWABLES GROUP CO LTD,CHINA THREE GORGES RENEWABLES,8,2020,2025,T3_REVIEW,0
32104,CHL,CHINA MOBILE LTD,CHINA MOBILE,CHINA ACADEMY INF & COMM TECH,CHINA ACADEMY INF COMM TECH,8,2019,2022,T3_REVIEW,0
32104,CHL,CHINA MOBILE LTD,CHINA MOBILE,CHINA SPECIAL EQUIPMENT INSPECTION & RES INSTITUTE,CHINA SPECIAL EQUIP INSPECTION RES INSTITUTE,8,2023,2025,T3_REVIEW,0
32104,CHL,CHINA MOBILE LTD,CHINA MOBILE,CHINA YUNHONG HOLDINGS CO LTD,CHINA YUNHONG,7,2021,2022,T3_REVIEW,0
32104,CHL,CHINA MOBILE LTD,CHINA MOBILE,CHINA ACAD OF AEROSPACE AERODYNAMICS,CHINA ACAD OF AEROSPACE AERODYNAMICS,7,2014,2024,T3_REVIEW,0
32104,CHL,CHINA MOBILE LTD,CHINA MOBILE,CHINA NATIONAL DIGITAL SWITCHING SYSTEM ENGINEERING & TECH R&D CENTER,CHINA NAT DIGITAL SWITCHING SYSTEM ENGINEERING TECH R D CENTER,7,2017,2021,T3_REVIEW,0
32104,CHL,CHINA MOBILE LTD,CHINA MOBILE,CHINA UNIV OF PETROLEUM (BEIJING),CHINA UNIV OF PETROLEUM BEIJING,7,2015,2017,T3_REVIEW,0
32104,CHL,CHINA MOBILE LTD,CHINA MOBILE,CHINA GENERAL NUCLEAR POWER GROUP,CHINA GEN NUCLEAR POWER,6,2014,2022,T3_REVIEW,0
32104,CHL,CHINA MOBILE LTD,CHINA MOBILE,CHINA NAT RES INST OF FOOD AND FERMENTATION IND,CHINA NAT RES INST OF FOOD AND FERMENTATION IND,6,2014,2017,T3_REVIEW,0
32104,CHL,CHINA MOBILE LTD,CHINA MOBILE,CHINA SATELLITE NETWORK INNOVATION CO LTD,CHINA SATELLITE NETWORK INNOVATION,6,2025,2025,T3_REVIEW,0
32104,CHL,CHINA MOBILE LTD,CHINA MOBILE,CHINA SYNTHETIC RUBBER CORP,CHINA SYNTHETIC RUBBER,6,2014,2018,T3_REVIEW,0
32104,CHL,CHINA MOBILE LTD,CHINA MOBILE,CHINA PETROCHEMICAL DEV CORPORATION TAIPEI TAIWAN,CHINA PETROCHEMICAL DEV CORPORATION TAIPEI TAIWAN,6,2019,2024,T3_REVIEW,0
32104,CHL,CHINA MOBILE LTD,CHINA MOBILE,CHINA ELECTRONIC TECHNOLOGY CORP 24TH RES INST,CHINA ELECTRONIC TECH CORP 24TH RES INST,6,2012,2014,T3_REVIEW,0
32104,CHL,CHINA MOBILE LTD,CHINA MOBILE,CHINA NUCLEAR POWER ENG CO LTD,CHINA NUCLEAR POWER ENG,6,2014,2023,T3_REVIEW,0
32104,CHL,CHINA MOBILE LTD,CHINA MOBILE,CHINA ELECTRONIC PROD RELIABILITY & ENVIRONMENTAL TESTING RES INST 5TH ELECTRONIC RES,CHINA ELECTRONIC PROD RELIABILITY ENVIRONMENTAL TESTING RES INST 5TH ELECTRONIC RES,6,2024,2025,T3_REVIEW,0
32104,CHL,CHINA MOBILE LTD,CHINA MOBILE,CHINA STATE CONSTRUCTION ENGINEERING CORPORATION LTD,CHINA STATE CONSTRUCTION ENGINEERING,6,2018,2019,T3_REVIEW,0
32104,CHL,CHINA MOBILE LTD,CHINA MOBILE,CHINA NORTH MAGNETIC & ELECTRONIC TECHNOLOGY CO LTD,CHINA NORTH MAGNETIC ELECTRONIC TECH,6,2013,2013,T3_REVIEW,0
32104,CHL,CHINA MOBILE LTD,CHINA MOBILE,CHINA RAILWAY CONSTR BRIDGE ENG BUREAU GROUP CO LTD,CHINA RAILWAY CONSTR BRIDGE ENG BUREAU,5,2022,2022,T3_REVIEW,0
32104,CHL,CHINA MOBILE LTD,CHINA MOBILE,CHINA UNIV OF PETROLEUM BLUE SKY QINGDAO PETROLEUM TECHNOLOGY CO LTD,CHINA UNIV OF PETROLEUM BLUE SKY QINGDAO PETROLEUM TECH,5,2020,2021,T3_REVIEW,0
32104,CHL,CHINA MOBILE LTD,CHINA MOBILE,CHINA INNOVATION INSTR CO LTD,CHINA INNOVATION INSTR,5,2019,2019,T3_REVIEW,0
32104,CHL,CHINA MOBILE LTD,CHINA MOBILE,CHINA ADVANCED LITHOGRAPHIC MATERIAL TECH CO LTD,CHINA ADVANCED LITHOGRAPHIC MATERIAL TECH,5,2021,2024,T3_REVIEW,0
32104,CHL,CHINA MOBILE LTD,CHINA MOBILE,CHINA NORTH STANDARDIZATION CENTER,CHINA NORTH STANDARDIZATION CENTER,5,2020,2023,T3_REVIEW,0
32104,CHL,CHINA MOBILE LTD,CHINA MOBILE,CHINA ENGINEERING CONSULTANTS INC,CHINA ENGINEERING CONSULTANTS,5,2014,2014,T3_REVIEW,0
32104,CHL,CHINA MOBILE LTD,CHINA MOBILE,China railway tunnel group co ltd,CHINA RAILWAY TUNNEL,5,2021,2022,T3_REVIEW,0
32104,CHL,CHINA MOBILE LTD,CHINA MOBILE,CHINA BANKNOTE SICPA SECURITY INK CO LTD,CHINA BANKNOTE SICPA SECURITY INK,5,2012,2013,T3_REVIEW,0
32104,CHL,CHINA MOBILE LTD,CHINA MOBILE,CHINA-EURO VEHICLE TECH AB,CHINA EURO VEHICLE TECH,5,2016,2016,T3_REVIEW,0
32104,CHL,CHINA MOBILE LTD,CHINA MOBILE,CHINA ACADEMY RAILWAY SCIENCES CORP LTD,CHINA ACADEMY RAILWAY SCIENT,5,2018,2024,T3_REVIEW,0
32104,CHL,CHINA MOBILE LTD,CHINA MOBILE,CHINA INTELLIGENT AND CONNECTED VEHICLES BEIJING RES INSTITUTE CO LTD,CHINA INTELLIGENT AND CONNECTED VEHICLES BEIJING RES INSTITUTE,4,2021,2021,T3_REVIEW,0
32104,CHL,CHINA MOBILE LTD,CHINA MOBILE,CHINA MOTOR CORP,CHINA MOTOR,4,2012,2024,T3_REVIEW,0
32104,CHL,CHINA MOBILE LTD,CHINA MOBILE,CHINA CONSTRUCTION 3RD ENG BUREAU GROUP CO LTD,CHINA CONSTRUCTION 3RD ENG BUREAU,4,2020,2025,T3_REVIEW,0
32104,CHL,CHINA MOBILE LTD,CHINA MOBILE,China 2 West Services Ltd,CHINA 2 WEST SERVICES,4,2016,2024,T3_REVIEW,0
32104,CHL,CHINA MOBILE LTD,CHINA MOBILE,CHINA CONSTRUCTION BANK CORP,CHINA CONSTRUCTION BANK,4,2016,2016,T3_REVIEW,0
32104,CHL,CHINA MOBILE LTD,CHINA MOBILE,CHINA SOUTHERN POWER GRID,CHINA SOUTHERN POWER GRID,4,2020,2021,T3_REVIEW,0
32104,CHL,CHINA MOBILE LTD,CHINA MOBILE,CHINA SOUTHERN POWER GRID TECH CO LTD,CHINA SOUTHERN POWER GRID TECH,4,2021,2024,T3_REVIEW,0
32104,CHL,CHINA MOBILE LTD,CHINA MOBILE,CHINA ENERGY LITHIUM CO LTD,CHINA ENERGY LITHIUM,4,2021,2023,T3_REVIEW,0
32104,CHL,CHINA MOBILE LTD,CHINA MOBILE,CHINA ALUMINUM INT ENG CORP,CHINA ALUMINUM INT ENG,4,2010,2011,T3_REVIEW,0
32104,CHL,CHINA MOBILE LTD,CHINA MOBILE,CHINA INDUSTRIES LTD,CHINA IND,4,2018,2020,T3_REVIEW,0
32104,CHL,CHINA MOBILE LTD,CHINA MOBILE,CHINA ACADEMY OF BUILDING RES,CHINA ACADEMY OF BUILDING RES,4,2018,2022,T3_REVIEW,0
32104,CHL,CHINA MOBILE LTD,CHINA MOBILE,CHINA CONSTRUCTION EIGHTH ENGRG DIV CORP LTD,CHINA CONSTRUCTION EIGHTH ENGRG DIV,4,2023,2024,T3_REVIEW,0
32104,CHL,CHINA MOBILE LTD,CHINA MOBILE,CHINA ACADEMY SPACE TECHNOLOGY,CHINA ACADEMY SPACE TECH,4,2016,2022,T3_REVIEW,0
32104,CHL,CHINA MOBILE LTD,CHINA MOBILE,CHINA COAL TECH & ENGINEERING GROUP SHENYANG ENGINEERING COMPANY,CHINA COAL TECH ENGINEERING GROUP SHENYANG ENGINEERING,4,2022,2023,T3_REVIEW,0
32104,CHL,CHINA MOBILE LTD,CHINA MOBILE,CHINA WATERBORNE TRANSP RES INST,CHINA WATERBORNE TRANSP RES INST,4,2020,2024,T3_REVIEW,0
32104,CHL,CHINA MOBILE LTD,CHINA MOBILE,CHINA COAL RES INST,CHINA COAL RES INST,4,2021,2023,T3_REVIEW,0
32104,CHL,CHINA MOBILE LTD,CHINA MOBILE,CHINA DRIVE MOTORS SHENZHEN CO LTD,CHINA DRIVE MOTORS SHENZHEN,4,2017,2024,T3_REVIEW,0
32104,CHL,CHINA MOBILE LTD,CHINA MOBILE,CHINA RAILWAY 18 BUREAU GROUP CO LTD,CHINA RAILWAY 18 BUREAU,4,2019,2022,T3_REVIEW,0
32104,CHL,CHINA MOBILE LTD,CHINA MOBILE,CHINA MERCHANTS HEAVY IND JIANGSU CO LTD,CHINA MERCHANTS HEAVY IND JIANGSU,4,2019,2019,T3_REVIEW,0
32104,CHL,CHINA MOBILE LTD,CHINA MOBILE,CHINA OIL & GAS PIPELINE NETWORK CORP,CHINA OIL GAS PIPELINE NETWORK,4,2022,2023,T3_REVIEW,0
32104,CHL,CHINA MOBILE LTD,CHINA MOBILE,CHINA ENERGY CAS TECH CO LTD,CHINA ENERGY CAS TECH,4,2017,2022,T3_REVIEW,0
32104,CHL,CHINA MOBILE LTD,CHINA MOBILE,CHINA ACADEMY OF MACHINERY WUHAN RES INSTITUTE OF MATERIALS PROTECTION CO LTD,CHINA ACADEMY OF MACHINERY WUHAN RES INSTITUTE OF MATERIALS PROTECTION,4,2024,2025,T3_REVIEW,0
32104,CHL,CHINA MOBILE LTD,CHINA MOBILE,CHINA IMMUNOTECH BEIJING BIOTECHNOLOGY CO LTD,CHINA IMMUNOTECH BEIJING BIOTECHNOLOGY,4,2021,2022,T3_REVIEW,0
32104,CHL,CHINA MOBILE LTD,CHINA MOBILE,CHINA ACADEMY OF TELECOMMUNICATION TECH,CHINA ACADEMY OF TELECOMMUNICATION TECH,4,2015,2018,T3_REVIEW,0
32104,CHL,CHINA MOBILE LTD,CHINA MOBILE,CHINA NATIONAL RES INSTITUTE OF FOOD & FERMENTATION INDUSTRIES CO LTD,CHINA NAT RES INSTITUTE OF FOOD FERMENTATION IND,4,2021,2022,T3_REVIEW,0
32104,CHL,CHINA MOBILE LTD,CHINA MOBILE,CHINA NAT SEED GROUP CORPORATION LTD,CHINA NAT SEED,4,2016,2022,T3_REVIEW,0
32104,CHL,CHINA MOBILE LTD,CHINA MOBILE,CHINA RAILWAY MAJOR BRIDGE ENGINEERING GROUP CO LTD,CHINA RAILWAY MAJOR BRIDGE ENGINEERING,4,2017,2025,T3_REVIEW,0
32104,CHL,CHINA MOBILE LTD,CHINA MOBILE,CHINA ENERGY SCIENCE AND TECH RESEARCH INSTITUTE CO LTD,CHINA ENERGY SCIENT AND TECH RES INSTITUTE,4,2020,2024,T3_REVIEW,0
32104,CHL,CHINA MOBILE LTD,CHINA MOBILE,China railway engineering equipment group co ltd,CHINA RAILWAY ENGINEERING EQUIP,4,2012,2017,T3_REVIEW,0
32104,CHL,CHINA MOBILE LTD,CHINA MOBILE,CHINA RAILWAY NO 4 ENG GROUP,CHINA RAILWAY NO 4 ENG,4,2022,2025,T3_REVIEW,0
32104,CHL,CHINA MOBILE LTD,CHINA MOBILE,CHINA SHENHUA COAL TO LIQUID AND CHEMICAL SHANGHAI RES INSTITUTE,CHINA SHENHUA COAL TO LIQUID AND CHEM SHANGHAI RES INSTITUTE,4,2023,2023,T3_REVIEW,0
32104,CHL,CHINA MOBILE LTD,CHINA MOBILE,CHINA ENTROPY CO LTD,CHINA ENTROPY,3,2022,2025,T3_REVIEW,0
32104,CHL,CHINA MOBILE LTD,CHINA MOBILE,CHINA MERCHANTS MARINE AND OFFSHORE RES INSTITUTE CO LTD,CHINA MERCHANTS MARINE AND OFFSHORE RES INSTITUTE,3,2020,2020,T3_REVIEW,0
32104,CHL,CHINA MOBILE LTD,CHINA MOBILE,CHINA CONSTRUCTION FOURTH ENG DIVISION CORP LTD,CHINA CONSTRUCTION FOURTH ENG DIVISION,3,2023,2025,T3_REVIEW,0
32104,CHL,CHINA MOBILE LTD,CHINA MOBILE,CHINA STAR WORLDWIDE CORP,CHINA STAR WORLDWIDE,3,2013,2013,T3_REVIEW,0
32104,CHL,CHINA MOBILE LTD,CHINA MOBILE,CHINA SURGICAL SHANGHAI CORP,CHINA SURGICAL SHANGHAI,3,2015,2021,T3_REVIEW,0
32104,CHL,CHINA MOBILE LTD,CHINA MOBILE,CHINA TEXTILE ACADEMY,CHINA TEXTILE ACADEMY,3,2016,2020,T3_REVIEW,0
32104,CHL,CHINA MOBILE LTD,CHINA MOBILE,CHINA BAMBINO PREZIOSO CO LTD,CHINA BAMBINO PREZIOSO,3,2020,2021,T3_REVIEW,0
32104,CHL,CHINA MOBILE LTD,CHINA MOBILE,CHINA CONSTRUCTION THIRD BUREAU FIRST ENG CO LTD,CHINA CONSTRUCTION THIRD BUREAU FIRST ENG,3,2021,2025,T3_REVIEW,0
32104,CHL,CHINA MOBILE LTD,CHINA MOBILE,CHINA RAILWAY SUNWARD ENG EQUIPMENT CO LTD,CHINA RAILWAY SUNWARD ENG EQUIP,3,2024,2024,T3_REVIEW,0
32104,CHL,CHINA MOBILE LTD,CHINA MOBILE,CHINA GLAZE CO LTD,CHINA GLAZE,3,2010,2021,T3_REVIEW,0
32104,CHL,CHINA MOBILE LTD,CHINA MOBILE,CHINA RAILWAY FIRST GROUP URBAN TRACK TRANSP ENGINEERING CO LTD,CHINA RAILWAY FIRST GROUP URBAN TRACK TRANSP ENGINEERING,3,2025,2025,T3_REVIEW,0
32104,CHL,CHINA MOBILE LTD,CHINA MOBILE,CHINA UNITED NETWORK COMM GROUP COMPANY LTD,CHINA UNITED NETWORK COMM,3,2010,2015,T3_REVIEW,0
32104,CHL,CHINA MOBILE LTD,CHINA MOBILE,CHINA BANKNOTE PRINTING & MINT,CHINA BANKNOTE PRINTING MINT,3,2012,2012,T3_REVIEW,0
32104,CHL,CHINA MOBILE LTD,CHINA MOBILE,CHINA MINING & CIVIL NEW MATERIAL SCIENCE AND TECH LTD,CHINA MINING CIVIL NEW MATERIAL SCIENT AND TECH,3,2018,2019,T3_REVIEW,0
32104,CHL,CHINA MOBILE LTD,CHINA MOBILE,CHINA NONFERROUS ENG CO LTD,CHINA NONFERROUS ENG,3,2024,2024,T3_REVIEW,0
32104,CHL,CHINA MOBILE LTD,CHINA MOBILE,CHINA NUCLEAR POWER TECHNOLOGY RES INST CO LTD,CHINA NUCLEAR POWER TECH RES INST,3,2013,2015,T3_REVIEW,0
32104,CHL,CHINA MOBILE LTD,CHINA MOBILE,CHINA MEAT RES CENTER,CHINA MEAT RES CENTER,3,2020,2023,T3_REVIEW,0
32104,CHL,CHINA MOBILE LTD,CHINA MOBILE,CHINA ELECTRONICS TECH AVIONICS CO LTD,CHINA ELECTRONICS TECH AVIONICS,3,2020,2020,T3_REVIEW,0
32104,CHL,CHINA MOBILE LTD,CHINA MOBILE,CHINA INT MARINE CONTAINERS GROUP LTD CIMC R&D CENTER,CHINA INT MARINE CONTAINERS GROUP LTD CIMC R D CENTER,3,2019,2019,T3_REVIEW,0
32104,CHL,CHINA MOBILE LTD,CHINA MOBILE,CHINA LEADSHINE TECH CO LTD,CHINA LEADSHINE TECH,3,2019,2022,T3_REVIEW,0
32104,CHL,CHINA MOBILE LTD,CHINA MOBILE,CHINA OCEAN MINERAL RESOURCES R&D ASS,CHINA OCEAN MINERAL RESOURCES R D ASS,3,2019,2025,T3_REVIEW,0
32104,CHL,CHINA MOBILE LTD,CHINA MOBILE,China construction steel structure co ltd,CHINA CONSTRUCTION STEEL STRUCTURE,3,2022,2024,T3_REVIEW,0
32104,CHL,CHINA MOBILE LTD,CHINA MOBILE,CHINA NATIONAL NUCLEAR CORPORATION SICHUAN ENVIRONMENTAL PROT ENGINEERING CO LTD,CHINA NAT NUCLEAR CORPORATION SICHUAN ENVIRONMENTAL PROT ENGINEERING,3,2024,2024,T3_REVIEW,0
32104,CHL,CHINA MOBILE LTD,CHINA MOBILE,CHINA TOBACCO JIANGXI IND CO LTD,CHINA TOBACCO JIANGXI IND,3,2018,2018,T3_REVIEW,0
32104,CHL,CHINA MOBILE LTD,CHINA MOBILE,CHINA NATIONAL PULP & PAPER RES INST CO LTD,CHINA NAT PULP PAPER RES INST,3,2024,2025,T3_REVIEW,0
32104,CHL,CHINA MOBILE LTD,CHINA MOBILE,CHINA ELECTRONICS TECH GROUP CORPORATION NO 24 RESEARCH INSTITUTE,CHINA ELECTRONICS TECH GROUP CORPORATION NO 24 RES INSTITUTE,3,2022,2023,T3_REVIEW,0
32104,CHL,CHINA MOBILE LTD,CHINA MOBILE,CHINA PACIFICARBIDE INC,CHINA PACIFICARBIDE,3,2019,2021,T3_REVIEW,0
32104,CHL,CHINA MOBILE LTD,CHINA MOBILE,CHINA PETROLEUM & CHEMICAL CORPORATION QINGDAO RES INSTITUTE OF SAFETY ENGINEERING,CHINA PETROLEUM CHEM CORPORATION QINGDAO RES INSTITUTE OF SAFETY ENGINEERING,3,2018,2023,T3_REVIEW,0
32104,CHL,CHINA MOBILE LTD,CHINA MOBILE,CHINA JIKAN RES INSTITUTE OF ENGINEERING INVESTIGATIONS AND DESIGN CO LTD,CHINA JIKAN RES INSTITUTE OF ENGINEERING INVESTIGATIONS AND DESIGN,3,2023,2023,T3_REVIEW,0
32104,CHL,CHINA MOBILE LTD,CHINA MOBILE,CHINA TOBACCO ANHUI IND CO LTD,CHINA TOBACCO ANHUI IND,3,2020,2024,T3_REVIEW,0
32104,CHL,CHINA MOBILE LTD,CHINA MOBILE,CHINA WATER LEVEL CSP CO LTD,CHINA WATER LEVEL CSP,3,2016,2017,T3_REVIEW,0
32104,CHL,CHINA MOBILE LTD,CHINA MOBILE,CHINA ALUMINUM INT ENG CORP LTD,CHINA ALUMINUM INT ENG,3,2015,2023,T3_REVIEW,0
32104,CHL,CHINA MOBILE LTD,CHINA MOBILE,CHINA INT MARINE CONTAINERS GROUP CO LTD,CHINA INT MARINE CONTAINERS,3,2023,2023,T3_REVIEW,0
32104,CHL,CHINA MOBILE LTD,CHINA MOBILE,CHINA STATE INST PHARM IND,CHINA STATE INST PHARM IND,3,2014,2017,T3_REVIEW,0
32104,CHL,CHINA MOBILE LTD,CHINA MOBILE,CHINA GREAT WALL TECH GROUP CO LTD,CHINA GREAT WALL TECH,3,2023,2024,T3_REVIEW,0
32104,CHL,CHINA MOBILE LTD,CHINA MOBILE,CHINA RAILWAY NO 3 ENG GROUP,CHINA RAILWAY NO 3 ENG,3,2021,2024,T3_REVIEW,0
32104,CHL,CHINA MOBILE LTD,CHINA MOBILE,CHINA GERMANY ZHUHAI ARTIFICIAL INTELLIGENCE INST CO LTD,CHINA GERMANY ZHUHAI ARTIFICIAL INTELLIGENCE INST,3,2019,2021,T3_REVIEW,0
32104,CHL,CHINA MOBILE LTD,CHINA MOBILE,CHINA BANKNOTE INK CO LTD,CHINA BANKNOTE INK,3,2014,2018,T3_REVIEW,0
32104,CHL,CHINA MOBILE LTD,CHINA MOBILE,CHINA TOBACCO SICHUAN IND CO LTD,CHINA TOBACCO SICHUAN IND,3,2018,2024,T3_REVIEW,0
32104,CHL,CHINA MOBILE LTD,CHINA MOBILE,CHINA ACADEMY OF MACHINERY ZHENGZHOU RES INSTITUTE OF MECHANICAL ENGINEERING CO LTD,CHINA ACADEMY OF MACHINERY ZHENGZHOU RES INSTITUTE OF MECHANICAL ENGINEERING,3,2024,2025,T3_REVIEW,0
32104,CHL,CHINA MOBILE LTD,CHINA MOBILE,CHINA ELECTRIC POWER EQUIPMENT AND TECHNOLOGY CO LTD,CHINA ELEC POWER EQUIP AND TECH,3,2012,2012,T3_REVIEW,0
32104,CHL,CHINA MOBILE LTD,CHINA MOBILE,CHINA BUILDING MAT TEST & CERTIFICATION GROUP CO LTD,CHINA BUILDING MAT TEST CERTIFICATION,3,2016,2020,T3_REVIEW,0
32104,CHL,CHINA MOBILE LTD,CHINA MOBILE,CHINA COMMUNICATIONS CONSTRUCTION COMPANY LTD,CHINA COMMUNICATIONS CONSTRUCTION,3,2018,2022,T3_REVIEW,0
32104,CHL,CHINA MOBILE LTD,CHINA MOBILE,CHINA GUANGDONG NUCLEAR POWER,CHINA GUANGDONG NUCLEAR POWER,3,2010,2013,T3_REVIEW,0
32104,CHL,CHINA MOBILE LTD,CHINA MOBILE,CHINA RAILWAY 16TH BUREAU GROUP CO LTD,CHINA RAILWAY 16TH BUREAU,3,2021,2023,T3_REVIEW,0
32104,CHL,CHINA MOBILE LTD,CHINA MOBILE,CHINA RESOURCES POWTECH SHANGHAI CO LTD,CHINA RESOURCES POWTECH SHANGHAI,3,2016,2017,T3_REVIEW,0
32104,CHL,CHINA MOBILE LTD,CHINA MOBILE,CHINA AVIAT PLANNING AND CONSTRUCTION DEV CO LTD,CHINA AVIAT PLANNING AND CONSTRUCTION DEV,3,2013,2014,T3_REVIEW,0
45288,CRM,SALESFORCE COM INC,SALESFORCE COM,SALESFORCE INC,SALESFORCE,930,2021,2025,T3_REVIEW,0
45288,CRM,SALESFORCE COM INC,SALESFORCE COM,Salesforce Tower,SALESFORCE TOWER,8,2018,2022,T3_REVIEW,0
45288,CRM,SALESFORCE COM INC,SALESFORCE COM,SALESFORCE ORG,SALESFORCE ORG,3,2018,2019,T3_REVIEW,0
10210,CRUS,CIRRUS LOGIC INC,CIRRUS LOGIC,CIRRUS DESIGN CORP D/B/A CIRRUS AIRCRAFT,CIRRUS DESIGN CORP D B A CIRRUS AIRCRAFT,14,2020,2025,T3_REVIEW,0
10210,CRUS,CIRRUS LOGIC INC,CIRRUS LOGIC,CIRRUS DATA SOLUTIONS INC,CIRRUS DATA SOLUTIONS,11,2012,2021,T3_REVIEW,0
10210,CRUS,CIRRUS LOGIC INC,CIRRUS LOGIC,CIRRUS MAT SCIENCE LIMITED,CIRRUS MAT SCIENT,5,2019,2023,T3_REVIEW,0
10210,CRUS,CIRRUS LOGIC INC,CIRRUS LOGIC,CIRRUS SYSTEMS INC,CIRRUS SYS,5,2012,2019,T3_REVIEW,0
10210,CRUS,CIRRUS LOGIC INC,CIRRUS LOGIC,CIRRUS TECH LTD,CIRRUS TECH,4,2016,2020,T3_REVIEW,0
10210,CRUS,CIRRUS LOGIC INC,CIRRUS LOGIC,CIRRUS DESIGN CORP,CIRRUS DESIGN,4,2017,2017,T3_REVIEW,0
10210,CRUS,CIRRUS LOGIC INC,CIRRUS LOGIC,CIRRUS TECH KFT,CIRRUS TECH KFT,4,2015,2017,T3_REVIEW,0
10210,CRUS,CIRRUS LOGIC INC,CIRRUS LOGIC,CIRRUS HEALTHCARE PRODUCTS LLC,CIRRUS HEALTHCARE PRODUCTS,4,2012,2018,T3_REVIEW,0
10210,CRUS,CIRRUS LOGIC INC,CIRRUS LOGIC,CIRRUS OUTDOORS LLC,CIRRUS OUTDOORS,3,2017,2020,T3_REVIEW,0
42125,CS,CREDIT SUISSE GROUP,CREDIT SUISSE,CREDIT SESAME INC,CREDIT SESAME,5,2020,2024,T3_REVIEW,0
42125,CS,CREDIT SUISSE GROUP,CREDIT SUISSE,CREDIT LOCK LLC,CREDIT LOCK,5,2010,2020,T3_REVIEW,0
42125,CS,CREDIT SUISSE GROUP,CREDIT SUISSE,CREDIT KARMA LLC,CREDIT KARMA,3,2024,2025,T3_REVIEW,0
10486,CSCO,CISCO SYSTEMS INC,CISCO SYS,CISCO TECH INC,CISCO TECH,12946,2010,2025,T3_REVIEW,0
10486,CSCO,CISCO SYSTEMS INC,CISCO SYS,CISCO TECH INC A CALIFORNIA CORPORATION,CISCO TECH INC A CALIFORNIA,24,2018,2021,T3_REVIEW,0
10486,CSCO,CISCO SYSTEMS INC,CISCO SYS,CISCO TECHNOLOGY INC A CORP OF CALIFORNIA,CISCO TECH INC A CORP OF CALIFORNIA,11,2010,2011,T3_REVIEW,0
10486,CSCO,CISCO SYSTEMS INC,CISCO SYS,CISCO TECH INC A CORP OF CALIFORNIA,CISCO TECH INC A CORP OF CALIFORNIA,10,2015,2016,T3_REVIEW,0
10486,CSCO,CISCO SYSTEMS INC,CISCO SYS,CISCO TECHNOLOGY,CISCO TECH,8,2010,2013,T3_REVIEW,0
10486,CSCO,CISCO SYSTEMS INC,CISCO SYS,CISCO TECHNOLGY INC,CISCO TECHNOLGY,3,2013,2018,T3_REVIEW,0
20569,DAL,DELTA AIR LINES INC,DELTA AIR LINES,DELTA ELECTRONICS INC,DELTA ELECTRONICS,2669,2010,2025,T3_REVIEW,0
20569,DAL,DELTA AIR LINES INC,DELTA AIR LINES,DELTA ELECTRONICS SHANGHAI CO,DELTA ELECTRONICS SHANGHAI,793,2011,2025,T3_REVIEW,0
20569,DAL,DELTA AIR LINES INC,DELTA AIR LINES,DELTA FAUCET CO,DELTA FAUCET,192,2015,2025,T3_REVIEW,0
20569,DAL,DELTA AIR LINES INC,DELTA AIR LINES,DELTA ELECTRONICS THAILAND PUBLIC CO LTD,DELTA ELECTRONICS THAILAND PUBLIC,96,2010,2025,T3_REVIEW,0
20569,DAL,DELTA AIR LINES INC,DELTA AIR LINES,DELTA KOGYO CO,DELTA KOGYO,91,2010,2023,T3_REVIEW,0
20569,DAL,DELTA AIR LINES INC,DELTA AIR LINES,DELTA TOOLING CO LTD,DELTA TOOLING,52,2010,2023,T3_REVIEW,0
20569,DAL,DELTA AIR LINES INC,DELTA AIR LINES,DELTA PDS CO LTD,DELTA PDS,40,2016,2025,T3_REVIEW,0
20569,DAL,DELTA AIR LINES INC,DELTA AIR LINES,DELTA ELECTRONICS INTL SINGAPORE PTE LTD,DELTA ELECTRONICS INTL SINGAPORE,39,2016,2025,T3_REVIEW,0
20569,DAL,DELTA AIR LINES INC,DELTA AIR LINES,DELTA T LLC,DELTA T,39,2016,2025,T3_REVIEW,0
20569,DAL,DELTA AIR LINES INC,DELTA AIR LINES,DELTA DESIGN INC,DELTA DESIGN,34,2011,2025,T3_REVIEW,0
20569,DAL,DELTA AIR LINES INC,DELTA AIR LINES,DELTA T CORP,DELTA T,22,2010,2017,T3_REVIEW,0
20569,DAL,DELTA AIR LINES INC,DELTA AIR LINES,DELTA GALIL IND LTD,DELTA GALIL IND,22,2014,2024,T3_REVIEW,0
20569,DAL,DELTA AIR LINES INC,DELTA AIR LINES,DELTA SUBSEA LLC,DELTA SUBSEA,21,2015,2025,T3_REVIEW,0
20569,DAL,DELTA AIR LINES INC,DELTA AIR LINES,DELTA SYSTEMS INC,DELTA SYS,20,2010,2021,T3_REVIEW,0
20569,DAL,DELTA AIR LINES INC,DELTA AIR LINES,DELTA CYCLE CORP,DELTA CYCLE,17,2014,2022,T3_REVIEW,0
20569,DAL,DELTA AIR LINES INC,DELTA AIR LINES,DELTA ID INC,DELTA ID,17,2013,2016,T3_REVIEW,0
20569,DAL,DELTA AIR LINES INC,DELTA AIR LINES,DELTA LOCK COMPANY LLC,DELTA LOCK,16,2014,2021,T3_REVIEW,0
20569,DAL,DELTA AIR LINES INC,DELTA AIR LINES,DELTA IND SERVICES INC,DELTA IND SERVICES,15,2010,2024,T3_REVIEW,0
20569,DAL,DELTA AIR LINES INC,DELTA AIR LINES,DELTA NETWORKS INC,DELTA NETWORKS,15,2012,2018,T3_REVIEW,0
20569,DAL,DELTA AIR LINES INC,DELTA AIR LINES,DELTA FLY PHARMA INC,DELTA FLY PHARMA,14,2010,2021,T3_REVIEW,0
20569,DAL,DELTA AIR LINES INC,DELTA AIR LINES,DELTA SCIENT CORPORATION,DELTA SCIENT,13,2017,2025,T3_REVIEW,0
20569,DAL,DELTA AIR LINES INC,DELTA AIR LINES,DELTA P DESIGN INC,DELTA P DESIGN,13,2015,2023,T3_REVIEW,0
20569,DAL,DELTA AIR LINES INC,DELTA AIR LINES,Delta Electronics Int'l (Singapore) Pte Ltd,DELTA ELECTRONICS INT L SINGAPORE,11,2015,2017,T3_REVIEW,0
20569,DAL,DELTA AIR LINES INC,DELTA AIR LINES,DELTA SCREEN & FILTRATION LLC,DELTA SCREEN FILTRATION,11,2015,2018,T3_REVIEW,0
20569,DAL,DELTA AIR LINES INC,DELTA AIR LINES,DELTA ELECTRONICS JIANGSU LTD,DELTA ELECTRONICS JIANGSU,10,2014,2024,T3_REVIEW,0
20569,DAL,DELTA AIR LINES INC,DELTA AIR LINES,DELTA SEPARATIONS LLC,DELTA SEPARATIONS,10,2020,2022,T3_REVIEW,0
20569,DAL,DELTA AIR LINES INC,DELTA AIR LINES,DELTA ENERGY & COMMUNICATIONS INC,DELTA ENERGY COMMUNICATIONS,8,2016,2019,T3_REVIEW,0
20569,DAL,DELTA AIR LINES INC,DELTA AIR LINES,DELTA ELECTRONICS INT’L SINGAPORE PTE LTD,DELTA ELECTRONICS INT L SINGAPORE,8,2023,2024,T3_REVIEW,0
20569,DAL,DELTA AIR LINES INC,DELTA AIR LINES,DELTA PLUS CO LTD,DELTA PLUS,7,2017,2024,T3_REVIEW,0
20569,DAL,DELTA AIR LINES INC,DELTA AIR LINES,DELTA ELECTRONICS POWER DONG GUAN CO LTD,DELTA ELECTRONICS POWER DONG GUAN,7,2012,2014,T3_REVIEW,0
20569,DAL,DELTA AIR LINES INC,DELTA AIR LINES,DELTA THERMAL INC,DELTA THERMAL,7,2020,2025,T3_REVIEW,0
20569,DAL,DELTA AIR LINES INC,DELTA AIR LINES,DELTA FIVE LLC,DELTA FIVE,7,2015,2022,T3_REVIEW,0
20569,DAL,DELTA AIR LINES INC,DELTA AIR LINES,DELTA VIDYO INC,DELTA VIDYO,6,2010,2013,T3_REVIEW,0
20569,DAL,DELTA AIR LINES INC,DELTA AIR LINES,DELTA LABORATORIES HOLDING B V,DELTA LAB HOLDING B V,6,2020,2025,T3_REVIEW,0
20569,DAL,DELTA AIR LINES INC,DELTA AIR LINES,DELTA DORE,DELTA DORE,5,2012,2017,T3_REVIEW,0
20569,DAL,DELTA AIR LINES INC,DELTA AIR LINES,DELTA ELECTRONICS CHEN ZHOU CO LTD,DELTA ELECTRONICS CHEN ZHOU,5,2013,2015,T3_REVIEW,0
20569,DAL,DELTA AIR LINES INC,DELTA AIR LINES,DELTA NEXT GENE LLC,DELTA NEXT GENE,4,2018,2024,T3_REVIEW,0
20569,DAL,DELTA AIR LINES INC,DELTA AIR LINES,DELTA DANSK ELEKTRONIK LYS OG AKUSTIK,DELTA DANSK ELEKTRONIK LYS OG AKUSTIK,4,2010,2013,T3_REVIEW,0
20569,DAL,DELTA AIR LINES INC,DELTA AIR LINES,Delta specialties,DELTA SPECIALTIES,4,2013,2023,T3_REVIEW,0
20569,DAL,DELTA AIR LINES INC,DELTA AIR LINES,DELTA 4 GMBH,DELTA 4,4,2021,2021,T3_REVIEW,0
20569,DAL,DELTA AIR LINES INC,DELTA AIR LINES,DELTA CONTROLS INC,DELTA CONTROLS,4,2019,2024,T3_REVIEW,0
20569,DAL,DELTA AIR LINES INC,DELTA AIR LINES,DELTA X GMBH INGENIEURGESELLSCHAFT,DELTA X GMBH INGENIEURGESELLSCHAFT,3,2022,2022,T3_REVIEW,0
20569,DAL,DELTA AIR LINES INC,DELTA AIR LINES,DELTA TAU DATA SYSTEMS INC,DELTA TAU DATA SYS,3,2010,2020,T3_REVIEW,0
20569,DAL,DELTA AIR LINES INC,DELTA AIR LINES,DELTA WHEELS LLC,DELTA WHEELS,3,2020,2023,T3_REVIEW,0
20569,DAL,DELTA AIR LINES INC,DELTA AIR LINES,Delta Plastics of the South,DELTA PLASTICS OF THE SOUTH,3,2021,2022,T3_REVIEW,0
20569,DAL,DELTA AIR LINES INC,DELTA AIR LINES,DELTA PREVENTION INC,DELTA PREVENTION,3,2020,2024,T3_REVIEW,0
20569,DAL,DELTA AIR LINES INC,DELTA AIR LINES,DELTA MEDIA GROUP INC,DELTA MEDIA,3,2013,2023,T3_REVIEW,0
20569,DAL,DELTA AIR LINES INC,DELTA AIR LINES,DELTA ELECTRONICS INT L SINGAPORE PTE LTD,DELTA ELECTRONICS INT L SINGAPORE,3,2014,2014,T3_REVIEW,0
20569,DAL,DELTA AIR LINES INC,DELTA AIR LINES,DELTA Q TECHNOLOGIES CORP,DELTA Q TECH,3,2013,2015,T3_REVIEW,0
20569,DAL,DELTA AIR LINES INC,DELTA AIR LINES,DELTA ELECTRONICS JAPAN INC,DELTA ELECTRONICS JAPAN,3,2025,2025,T3_REVIEW,0
20569,DAL,DELTA AIR LINES INC,DELTA AIR LINES,DELTA Q TECH CORP,DELTA Q TECH,3,2018,2021,T3_REVIEW,0
20569,DAL,DELTA AIR LINES INC,DELTA AIR LINES,DELTA SRL,DELTA,3,2013,2023,T3_REVIEW,0
20569,DAL,DELTA AIR LINES INC,DELTA AIR LINES,DELTA ELECTRO OPTICS WUJIANG LTD,DELTA ELECTRO OPTICS WUJIANG,3,2013,2013,T3_REVIEW,0
52956,DAN,DANA INC,DANA,DANA FARBER CANCER INST INC,DANA FARBER CANCER INST,1350,2010,2025,T3_REVIEW,1
52956,DAN,DANA INC,DANA,DANA AUTOMOTIVE SYSTEMS GROUP,DANA AUTOMOTIVE SYS,366,2011,2025,T3_REVIEW,1
52956,DAN,DANA INC,DANA,DANA HEAVY VEHICLE SYS GROUP,DANA HEAVY VEHICLE SYS,288,2011,2024,T3_REVIEW,1
52956,DAN,DANA INC,DANA,DANA CANADA CORP,DANA CANADA,155,2010,2024,T3_REVIEW,1
52956,DAN,DANA INC,DANA,DANA BELGIUM NV,DANA BELGIUM,136,2013,2025,T3_REVIEW,1
52956,DAN,DANA INC,DANA,DANA ITALIA SRL,DANA ITALIA,135,2016,2025,T3_REVIEW,1
52956,DAN,DANA INC,DANA,DANA MOTION SYS ITALIA SRL,DANA MOTION SYS ITALIA,68,2018,2024,T3_REVIEW,1
52956,DAN,DANA INC,DANA,DANA TM4 INC,DANA TM4,32,2018,2025,T3_REVIEW,1
52956,DAN,DANA INC,DANA,DANA ITALIA SPA,DANA ITALIA,18,2011,2016,T3_REVIEW,1
52956,DAN,DANA INC,DANA,DANA GRAZIANO SRL,DANA GRAZIANO,15,2018,2025,T3_REVIEW,1
52956,DAN,DANA INC,DANA,DANA-FARBER CANCER INSTITUTE INC,DANA FARBER CANCER INSTITUTE,10,2016,2019,T3_REVIEW,1
52956,DAN,DANA INC,DANA,DANA IND INC,DANA IND,8,2011,2025,T3_REVIEW,1
52956,DAN,DANA INC,DANA,DANA TM4 ITALIA S R L,DANA TM4 ITALIA S R L,7,2021,2024,T3_REVIEW,1
52956,DAN,DANA INC,DANA,DANA INNOVATIONS,DANA INNOVATIONS,7,2010,2014,T3_REVIEW,1
52956,DAN,DANA INC,DANA,DANA WUXI TECH CO LTD,DANA WUXI TECH,6,2019,2024,T3_REVIEW,1
52956,DAN,DANA INC,DANA,DANA-FARBER CANCER INST,DANA FARBER CANCER INST,5,2014,2016,T3_REVIEW,1
52956,DAN,DANA INC,DANA,DANA PRODUCTS INC,DANA PRODUCTS,5,2012,2014,T3_REVIEW,1
52956,DAN,DANA INC,DANA,DANA REZA,DANA REZA,4,2011,2012,T3_REVIEW,1
52956,DAN,DANA INC,DANA,DANA FABER CANCER INST INC,DANA FABER CANCER INST,4,2013,2017,T3_REVIEW,1
52956,DAN,DANA INC,DANA,DANA AYKUTLU,DANA AYKUTLU,4,2010,2021,T3_REVIEW,1
52956,DAN,DANA INC,DANA,DANA BRET THOMAS,DANA BRET THOMAS,3,2010,2014,T3_REVIEW,1
52956,DAN,DANA INC,DANA,DANA FARBER CANCER INSITUTE INC,DANA FARBER CANCER INSITUTE,3,2011,2020,T3_REVIEW,1
52956,DAN,DANA INC,DANA,DANA RAE LLC,DANA RAE,3,2015,2017,T3_REVIEW,1
9833,DELL,DELL INC,DELL,DELL PRODUCTS LP,DELL PRODUCTS,14004,2010,2025,T3_REVIEW,1
9833,DELL,DELL INC,DELL,DELL SOFTWARE INC,DELL SOFTWARE,158,2013,2017,T3_REVIEW,1
9833,DELL,DELL INC,DELL,DELL PRODUCTS L P,DELL PRODUCTS L P,37,2024,2025,T3_REVIEW,1
9833,DELL,DELL INC,DELL,DELL ORCO SERGIO,DELL ORCO SERGIO,9,2010,2013,T3_REVIEW,1
9833,DELL,DELL INC,DELL,DELL ANNO MICHAEL JOSEPH,DELL ANNO MICHAEL JOSEPH,8,2010,2011,T3_REVIEW,1
9833,DELL,DELL INC,DELL,DELL INT L L C,DELL INT L L C,7,2016,2017,T3_REVIEW,1
9833,DELL,DELL INC,DELL,DELL PRODUCT L P,DELL PRODUCT L P,6,2019,2023,T3_REVIEW,1
9833,DELL,DELL INC,DELL,DELL MARKETING USA L P,DELL MARKETING USA L P,4,2010,2013,T3_REVIEW,1
9833,DELL,DELL INC,DELL,DELL ACCIO DENNIS,DELL ACCIO DENNIS,3,2012,2012,T3_REVIEW,1
52396,DFS,DISCOVER FINANCIAL SERVICES,DISCOVER FINANCIAL SERVICES,DISCOVER ECHO INC,DISCOVER ECHO,3,2018,2020,T3_REVIEW,0
20597,DOW,DOW CHEMICAL CO,DOW CHEM,DOW GLOBAL TECHNOLOGIES LLC,DOW GLOBAL TECH,5136,2010,2025,T3_REVIEW,0
20597,DOW,DOW CHEMICAL CO,DOW CHEM,DOW AGROSCIENCES LLC,DOW AGROSCIENCES,1427,2010,2023,T3_REVIEW,0
20597,DOW,DOW CHEMICAL CO,DOW CHEM,DOW SILICONES CORP,DOW SILICONES,706,2013,2025,T3_REVIEW,0
20597,DOW,DOW CHEMICAL CO,DOW CHEM,DOW CORNING,DOW CORNING,461,2010,2019,T3_REVIEW,0
20597,DOW,DOW CHEMICAL CO,DOW CHEM,DOW CORNING TORAY CO LTD,DOW CORNING TORAY,210,2010,2020,T3_REVIEW,0
20597,DOW,DOW CHEMICAL CO,DOW CHEM,DOW TORAY CO LTD,DOW TORAY,205,2017,2024,T3_REVIEW,0
20597,DOW,DOW CHEMICAL CO,DOW CHEM,DOW GLOBAL TECHNOLOGIES INC,DOW GLOBAL TECH,105,2010,2020,T3_REVIEW,0
20597,DOW,DOW CHEMICAL CO,DOW CHEM,DOW TECHNOLOGY INVESTMENTS LLC,DOW TECH INVESTMENTS,76,2010,2022,T3_REVIEW,0
20597,DOW,DOW CHEMICAL CO,DOW CHEM,DOW PHARMACEUTICAL SCIENCES,DOW PHARMACEUTICAL SCIENT,42,2011,2020,T3_REVIEW,0
20597,DOW,DOW CHEMICAL CO,DOW CHEM,DOW MITSUI POLYCHEMICALS CO LTD,DOW MITSUI POLYCHEMICALS,24,2018,2024,T3_REVIEW,0
20597,DOW,DOW CHEMICAL CO,DOW CHEM,DOW BRASIL SUDESTE IND LTDA,DOW BRASIL SUDESTE IND LTDA,16,2010,2020,T3_REVIEW,0
20597,DOW,DOW CHEMICAL CO,DOW CHEM,DOW QUIM DE COLOMBIA S A,DOW QUIM DE COLOMBIA S A,12,2015,2023,T3_REVIEW,0
20597,DOW,DOW CHEMICAL CO,DOW CHEM,DOW EUROPE GMBH,DOW EUROPE,11,2014,2015,T3_REVIEW,0
20597,DOW,DOW CHEMICAL CO,DOW CHEM,DOW BRASIL SA,DOW BRASIL,11,2011,2013,T3_REVIEW,0
20597,DOW,DOW CHEMICAL CO,DOW CHEM,DOW QUIM MEXICANA S A DE C V,DOW QUIM MEXICANA S A DE C V,11,2014,2023,T3_REVIEW,0
20597,DOW,DOW CHEMICAL CO,DOW CHEM,DOW COMING CORP,DOW COMING,11,2012,2015,T3_REVIEW,0
20597,DOW,DOW CHEMICAL CO,DOW CHEM,DOW ELI M,DOW ELI M,10,2010,2012,T3_REVIEW,0
20597,DOW,DOW CHEMICAL CO,DOW CHEM,DOW EUROP GMBH,DOW EUROP,10,2012,2015,T3_REVIEW,0
20597,DOW,DOW CHEMICAL CO,DOW CHEM,DOW CORNING CHINA HOLDING CO LTD,DOW CORNING CHINA,7,2012,2015,T3_REVIEW,0
20597,DOW,DOW CHEMICAL CO,DOW CHEM,DOW AGROSCIENCE LLC,DOW AGROSCIENCE,6,2010,2016,T3_REVIEW,0
20597,DOW,DOW CHEMICAL CO,DOW CHEM,DOW CORNING (CHINA) HOLDING CO LTD,DOW CORNING CHINA,6,2014,2015,T3_REVIEW,0
20597,DOW,DOW CHEMICAL CO,DOW CHEM,DOW GLOBAL TECHNOLGIES LLC,DOW GLOBAL TECHNOLGIES,6,2012,2020,T3_REVIEW,0
20597,DOW,DOW CHEMICAL CO,DOW CHEM,DOW CORNING TAIWAN INC,DOW CORNING TAIWAN,6,2012,2013,T3_REVIEW,0
20597,DOW,DOW CHEMICAL CO,DOW CHEM,DOW KOKAM FRANCE SAS,DOW KOKAM FRANCE,5,2011,2012,T3_REVIEW,0
20597,DOW,DOW CHEMICAL CO,DOW CHEM,DOW GLOBAL TECHNOLOGIES,DOW GLOBAL TECH,5,2010,2013,T3_REVIEW,0
20597,DOW,DOW CHEMICAL CO,DOW CHEM,DOW GLOBAL TECHNOLOGIES LLC FORMERLY KNOWN AS DOW GLOBAL TECHNOLOGIES INC,DOW GLOBAL TECH LLC FORMERLY KNOWN AS DOW GLOBAL TECH,4,2011,2014,T3_REVIEW,0
20597,DOW,DOW CHEMICAL CO,DOW CHEM,DOW CORNING KOREA LTD,DOW CORNING KOREA,4,2012,2014,T3_REVIEW,0
20597,DOW,DOW CHEMICAL CO,DOW CHEM,Dow Global Tecnologies LLC,DOW GLOBAL TECNOLOGIES,4,2010,2014,T3_REVIEW,0
20597,DOW,DOW CHEMICAL CO,DOW CHEM,DOW WOLFF CELLULOSICS GMBH & CO OHG,DOW WOLFF CELLULOSICS GMBH CO OHG,3,2014,2015,T3_REVIEW,0
20597,DOW,DOW CHEMICAL CO,DOW CHEM,DOW CORNING CORPORATON,DOW CORNING CORPORATON,3,2012,2013,T3_REVIEW,0
20597,DOW,DOW CHEMICAL CO,DOW CHEM,Dow Global Technololgies LLC,DOW GLOBAL TECHNOLOLGIES,3,2012,2015,T3_REVIEW,0
20597,DOW,DOW CHEMICAL CO,DOW CHEM,DOW SHANGHAI HOLDING CO LTD,DOW SHANGHAI,3,2015,2017,T3_REVIEW,0
20597,DOW,DOW CHEMICAL CO,DOW CHEM,DOW COMING TORAY CO LTD,DOW COMING TORAY,3,2012,2013,T3_REVIEW,0
20597,DOW,DOW CHEMICAL CO,DOW CHEM,DOW QUIMICA MEXICANA S A DE C V,DOW QUIMICA MEXICANA S A DE C V,3,2013,2015,T3_REVIEW,0
20597,DOW,DOW CHEMICAL CO,DOW CHEM,Dow Global Techologies LLC,DOW GLOBAL TECHOLOGIES,3,2012,2019,T3_REVIEW,0
20597,DOW,DOW CHEMICAL CO,DOW CHEM,DOW JONES & COMPANY INC,DOW JONES,3,2011,2015,T3_REVIEW,0
10303,EA,ELECTRONIC ARTS INC,ELECTRONIC ARTS,ELECTRONIC THEATRE CONTROLS INC,ELECTRONIC THEATRE CONTROLS,59,2010,2025,T3_REVIEW,0
10303,EA,ELECTRONIC ARTS INC,ELECTRONIC ARTS,ELECTRONIC POWER DESIGN INC,ELECTRONIC POWER DESIGN,26,2014,2025,T3_REVIEW,0
10303,EA,ELECTRONIC ARTS INC,ELECTRONIC ARTS,ELECTRONIC THEATRE CONTROLS,ELECTRONIC THEATRE CONTROLS,23,2010,2015,T3_REVIEW,0
10303,EA,ELECTRONIC ARTS INC,ELECTRONIC ARTS,ELECTRONIC CAREGIVER INC,ELECTRONIC CAREGIVER,21,2019,2025,T3_REVIEW,0
10303,EA,ELECTRONIC ARTS INC,ELECTRONIC ARTS,ELECTRONIC IMAGING SERVICES INC,ELECTRONIC IMAGING SERVICES,19,2011,2023,T3_REVIEW,0
10303,EA,ELECTRONIC ARTS INC,ELECTRONIC ARTS,ELECTRONIC AND TELECOMM RES INST,ELECTRONIC AND TELECOMM RES INST,16,2010,2014,T3_REVIEW,0
10303,EA,ELECTRONIC ARTS INC,ELECTRONIC ARTS,ELECTRONIC CONTROLLED SYSTEMS INC,ELECTRONIC CONTROLLED SYS,15,2014,2021,T3_REVIEW,0
10303,EA,ELECTRONIC ARTS INC,ELECTRONIC ARTS,ELECTRONIC BIOSCIENCES INC,ELECTRONIC BIOSCIENCES,14,2012,2024,T3_REVIEW,0
10303,EA,ELECTRONIC ARTS INC,ELECTRONIC ARTS,ELECTRONIC SYSTEMS PROT INC,ELECTRONIC SYS PROT,13,2010,2015,T3_REVIEW,0
10303,EA,ELECTRONIC ARTS INC,ELECTRONIC ARTS,ELECTRONIC SYSTEMS SPA,ELECTRONIC SYS,12,2014,2023,T3_REVIEW,0
10303,EA,ELECTRONIC ARTS INC,ELECTRONIC ARTS,ELECTRONIC DESIGN & DEV CORP,ELECTRONIC DESIGN DEV,12,2020,2024,T3_REVIEW,0
10303,EA,ELECTRONIC ARTS INC,ELECTRONIC ARTS,ELECTRONIC CONTROLS CO,ELECTRONIC CONTROLS,11,2013,2024,T3_REVIEW,0
10303,EA,ELECTRONIC ARTS INC,ELECTRONIC ARTS,Electronic Power Design,ELECTRONIC POWER DESIGN,10,2014,2019,T3_REVIEW,0
10303,EA,ELECTRONIC ARTS INC,ELECTRONIC ARTS,ELECTRONIC ENTERTAINMENT DESIGN AND RES,ELECTRONIC ENTERTAINMENT DESIGN AND RES,9,2012,2016,T3_REVIEW,0
10303,EA,ELECTRONIC ARTS INC,ELECTRONIC ARTS,ELECTRONIC SYSTEMS INTEGRATION INC BAE SYSTEMS INFORMATION AND,ELECTRONIC SYS INTEGRATION INC BAE SYS INFORMATION,9,2013,2013,T3_REVIEW,0
10303,EA,ELECTRONIC ARTS INC,ELECTRONIC ARTS,ELECTRONIC COMMODITIES EXCHANGE,ELECTRONIC COMMODITIES EXCHANGE,9,2013,2019,T3_REVIEW,0
10303,EA,ELECTRONIC ARTS INC,ELECTRONIC ARTS,ELECTRONIC WARFARE ASSOCIATES INC,ELECTRONIC WARFARE ASSOCIATES,9,2012,2015,T3_REVIEW,0
10303,EA,ELECTRONIC ARTS INC,ELECTRONIC ARTS,ELECTRONIC COMMODITIES EXCHANGE L P,ELECTRONIC COMMODITIES EXCHANGE L P,8,2014,2019,T3_REVIEW,0
10303,EA,ELECTRONIC ARTS INC,ELECTRONIC ARTS,ELECTRONIC SCRIPTING PRODUCTS,ELECTRONIC SCRIPTING PRODUCTS,7,2013,2015,T3_REVIEW,0
10303,EA,ELECTRONIC ARTS INC,ELECTRONIC ARTS,ELECTRONIC WARFARE ASS INC,ELECTRONIC WARFARE ASS,6,2018,2022,T3_REVIEW,0
10303,EA,ELECTRONIC ARTS INC,ELECTRONIC ARTS,ELECTRONIC COMMERCE FOR HEALTHCARE ORGANIZATIONS INC,ELECTRONIC COMMERCE FOR HEALTHCARE ORGANIZATIONS,5,2011,2020,T3_REVIEW,0
10303,EA,ELECTRONIC ARTS INC,ELECTRONIC ARTS,ELECTRONIC CONTROLS INC,ELECTRONIC CONTROLS,5,2020,2023,T3_REVIEW,0
10303,EA,ELECTRONIC ARTS INC,ELECTRONIC ARTS,ELECTRONIC SCRIPTING PRODUCTS INC,ELECTRONIC SCRIPTING PRODUCTS,5,2016,2023,T3_REVIEW,0
10303,EA,ELECTRONIC ARTS INC,ELECTRONIC ARTS,ELECTRONIC REFERRAL MANAGER INC,ELECTRONIC REFERRAL MANAGER,4,2022,2024,T3_REVIEW,0
10303,EA,ELECTRONIC ARTS INC,ELECTRONIC ARTS,Electronic Sazan Fan Aria Company,ELECTRONIC SAZAN FAN ARIA,4,2022,2023,T3_REVIEW,0
10303,EA,ELECTRONIC ARTS INC,ELECTRONIC ARTS,ELECTRONIC HEALTH RECORD DATA INC,ELECTRONIC HEALTH RECORD DATA,4,2020,2020,T3_REVIEW,0
10303,EA,ELECTRONIC ARTS INC,ELECTRONIC ARTS,ELECTRONIC AS KK,ELECTRONIC,4,2010,2013,T3_REVIEW,0
10303,EA,ELECTRONIC ARTS INC,ELECTRONIC ARTS,ELECTRONIC RECYCLERS INTERNATIONAL INC,ELECTRONIC RECYCLERS INT,3,2013,2014,T3_REVIEW,0
10303,EA,ELECTRONIC ARTS INC,ELECTRONIC ARTS,ELECTRONIC TRANSACTION CONSULTANTS LLC,ELECTRONIC TRANSACTION CONSULTANTS,3,2021,2021,T3_REVIEW,0
10303,EA,ELECTRONIC ARTS INC,ELECTRONIC ARTS,ELECTRONIC MODULAR SERVICES LTD,ELECTRONIC MODULAR SERVICES,3,2018,2019,T3_REVIEW,0
10303,EA,ELECTRONIC ARTS INC,ELECTRONIC ARTS,ELECTRONIC TRANSACTION CONSULTANTS CORP,ELECTRONIC TRANSACTION CONSULTANTS,3,2019,2021,T3_REVIEW,0
10303,EA,ELECTRONIC ARTS INC,ELECTRONIC ARTS,ELECTRONIC DESIGN LAND TRADING GMBH,ELECTRONIC DESIGN LAND TRADING,3,2018,2019,T3_REVIEW,0
10303,EA,ELECTRONIC ARTS INC,ELECTRONIC ARTS,ELECTRONIC BIO SCIENCES LLC,ELECTRONIC BIO SCIENT,3,2012,2012,T3_REVIEW,0
10303,EA,ELECTRONIC ARTS INC,ELECTRONIC ARTS,ELECTRONIC PRECIPITATION SYSTEMS LLC,ELECTRONIC PRECIPITATION SYS,3,2012,2016,T3_REVIEW,0
10303,EA,ELECTRONIC ARTS INC,ELECTRONIC ARTS,ELECTRONIC GRID SYSTEMS INC,ELECTRONIC GRID SYS,3,2022,2023,T3_REVIEW,0
16285,EBAY,EBAY INC,EBAY,EBAY KOREA CO LTD,EBAY KOREA,27,2012,2024,T3_REVIEW,1
16285,EBAY,EBAY INC,EBAY,EBAY ENTERPRISE INC,EBAY ENTPR,4,2014,2014,T3_REVIEW,1
51421,EBS,EMERGENT BIOSOLUTIONS INC,EMERGENT BIOSOLUTIONS,EMERGENT PRODUCT DEV SEATTLE,EMERGENT PRODUCT DEV SEATTLE,24,2010,2016,T3_REVIEW,0
51421,EBS,EMERGENT BIOSOLUTIONS INC,EMERGENT BIOSOLUTIONS,EMERGENT PRODUCT DEV GAITHERSBURG INC,EMERGENT PRODUCT DEV GAITHERSBURG,14,2011,2022,T3_REVIEW,0
51421,EBS,EMERGENT BIOSOLUTIONS INC,EMERGENT BIOSOLUTIONS,EMERGENT VIROLOGY LLC,EMERGENT VIROLOGY,6,2014,2017,T3_REVIEW,0
30070,EMN,EASTMAN CHEMICAL CO,EASTMAN CHEM,EASTMAN KODAK CO,EASTMAN KODAK,362,2010,2025,T3_REVIEW,0
30070,EMN,EASTMAN CHEMICAL CO,EASTMAN CHEM,EASTMAN OUTDOORS INC,EASTMAN OUTDOORS,12,2010,2014,T3_REVIEW,0
30070,EMN,EASTMAN CHEMICAL CO,EASTMAN CHEM,Eastman Performance Films LLC,EASTMAN PERFORMANCE FILMS,8,2019,2025,T3_REVIEW,0
30070,EMN,EASTMAN CHEMICAL CO,EASTMAN CHEM,EASTMAN NICK ADAM,EASTMAN NICK ADAM,5,2017,2017,T3_REVIEW,0
30070,EMN,EASTMAN CHEMICAL CO,EASTMAN CHEM,EASTMAN OUTDOORS LLC,EASTMAN OUTDOORS,3,2017,2019,T3_REVIEW,0
20627,ETN,EATON CORP PLC,EATON,EATON INTELLIGENT POWER LTD,EATON INTELLIGENT POWER,2135,2016,2025,T3_REVIEW,1
20627,ETN,EATON CORP PLC,EATON,EATON ELECTRICAL IP GMBH & CO,EATON ELECTRICAL IP,67,2011,2017,T3_REVIEW,1
20627,ETN,EATON CORP PLC,EATON,EATON CUMMINS AUTOMATED TRANS TECH LLC,EATON CUMMINS AUTOMATED TRANS TECH,53,2018,2025,T3_REVIEW,1
20627,ETN,EATON CORP PLC,EATON,EATON IND AUSTRIA GMBH,EATON IND AUSTRIA,27,2010,2015,T3_REVIEW,1
20627,ETN,EATON CORP PLC,EATON,EATON PROTECTION SYSTEMS IP GMBH & CO KG,EATON PROTECTION SYS IP,19,2013,2018,T3_REVIEW,1
20627,ETN,EATON CORP PLC,EATON,EATON IND NETHERLANDS BV,EATON IND NETHERLANDS,15,2010,2016,T3_REVIEW,1
20627,ETN,EATON CORP PLC,EATON,EATON IND GMBH,EATON IND,12,2010,2011,T3_REVIEW,1
20627,ETN,EATON CORP PLC,EATON,EATON IND (NETHERLANDS) B V,EATON IND NETHERLANDS B V,10,2014,2015,T3_REVIEW,1
20627,ETN,EATON CORP PLC,EATON,EATON MFG LP GLASGOW SUCCURSALE DE MORGES,EATON MFG LP GLASGOW SUCCURSALE DE MORGES,8,2013,2015,T3_REVIEW,1
20627,ETN,EATON CORP PLC,EATON,EATON ELECTRICAL LTD,EATON ELECTRICAL,7,2019,2024,T3_REVIEW,1
20627,ETN,EATON CORP PLC,EATON,EATON IND IP GMBH & CO KG,EATON IND IP,6,2012,2015,T3_REVIEW,1
20627,ETN,EATON CORP PLC,EATON,EATON IND CO,EATON IND,5,2010,2012,T3_REVIEW,1
20627,ETN,EATON CORP PLC,EATON,EATON AEROSPACE LTD,EATON AEROSPACE,5,2011,2012,T3_REVIEW,1
20627,ETN,EATON CORP PLC,EATON,EATON CAPITAL,EATON CAPITAL,5,2013,2015,T3_REVIEW,1
20627,ETN,EATON CORP PLC,EATON,EATON IND MFG GMBH,EATON IND MFG,4,2010,2013,T3_REVIEW,1
20627,ETN,EATON CORP PLC,EATON,EATON ERROLL,EATON ERROLL,4,2010,2011,T3_REVIEW,1
20627,ETN,EATON CORP PLC,EATON,EATON WILLIAMS GROUP LTD,EATON WILLIAMS,3,2010,2013,T3_REVIEW,1
20627,ETN,EATON CORP PLC,EATON,EATON MAX INC,EATON MAX,3,2019,2024,T3_REVIEW,1
20627,ETN,EATON CORP PLC,EATON,EATON HOMER L,EATON HOMER L,3,2011,2012,T3_REVIEW,1
36952,EW,EDWARDS LIFESCIENCES CORP,EDWARDS LIFESCIENCES,EDWARDS LTD,EDWARDS,282,2010,2025,T3_REVIEW,0
36952,EW,EDWARDS LIFESCIENCES CORP,EDWARDS LIFESCIENCES,EDWARDS JAPAN LTD,EDWARDS JAPAN,165,2010,2024,T3_REVIEW,0
36952,EW,EDWARDS LIFESCIENCES CORP,EDWARDS LIFESCIENCES,EDWARDS VACUUM LLC,EDWARDS VACUUM,47,2015,2023,T3_REVIEW,0
36952,EW,EDWARDS LIFESCIENCES CORP,EDWARDS LIFESCIENCES,EDWARDS EVAN THOMAS,EDWARDS EVAN THOMAS,10,2010,2012,T3_REVIEW,0
36952,EW,EDWARDS LIFESCIENCES CORP,EDWARDS LIFESCIENCES,EDWARDS SHARI L,EDWARDS SHARI L,10,2021,2023,T3_REVIEW,0
36952,EW,EDWARDS LIFESCIENCES CORP,EDWARDS LIFESCIENCES,EDWARDS TECH VACUUM ENGINEERING QINGDAO CO LTD,EDWARDS TECH VACUUM ENGINEERING QINGDAO,10,2018,2022,T3_REVIEW,0
36952,EW,EDWARDS LIFESCIENCES CORP,EDWARDS LIFESCIENCES,EDWARDS STEPHEN TEAN,EDWARDS STEPHEN TEAN,7,2014,2014,T3_REVIEW,0
36952,EW,EDWARDS LIFESCIENCES CORP,EDWARDS LIFESCIENCES,EDWARDS WEBB,EDWARDS WEBB,7,2010,2012,T3_REVIEW,0
36952,EW,EDWARDS LIFESCIENCES CORP,EDWARDS LIFESCIENCES,EDWARDS EVAN T,EDWARDS EVAN T,7,2010,2012,T3_REVIEW,0
36952,EW,EDWARDS LIFESCIENCES CORP,EDWARDS LIFESCIENCES,EDWARDS ALED,EDWARDS ALED,6,2012,2012,T3_REVIEW,0
36952,EW,EDWARDS LIFESCIENCES CORP,EDWARDS LIFESCIENCES,EDWARDS NEIL FYFE,EDWARDS NEIL FYFE,6,2011,2011,T3_REVIEW,0
36952,EW,EDWARDS LIFESCIENCES CORP,EDWARDS LIFESCIENCES,EDWARDS MARLIN,EDWARDS MARLIN,5,2012,2019,T3_REVIEW,0
36952,EW,EDWARDS LIFESCIENCES CORP,EDWARDS LIFESCIENCES,EDWARDS WILLIAM TALION,EDWARDS WILLIAM TALION,5,2012,2012,T3_REVIEW,0
36952,EW,EDWARDS LIFESCIENCES CORP,EDWARDS LIFESCIENCES,EDWARDS CRAIG HAWLEY,EDWARDS CRAIG HAWLEY,5,2010,2015,T3_REVIEW,0
36952,EW,EDWARDS LIFESCIENCES CORP,EDWARDS LIFESCIENCES,EDWARDS KATHLEEN E,EDWARDS KATHLEEN E,4,2011,2014,T3_REVIEW,0
36952,EW,EDWARDS LIFESCIENCES CORP,EDWARDS LIFESCIENCES,EDWARDS LIFESCIENCE CORP,EDWARDS LIFESCIENCE,4,2012,2022,T3_REVIEW,0
36952,EW,EDWARDS LIFESCIENCES CORP,EDWARDS LIFESCIENCES,EDWARDS II PAUL C,EDWARDS II PAUL C,4,2014,2016,T3_REVIEW,0
36952,EW,EDWARDS LIFESCIENCES CORP,EDWARDS LIFESCIENCES,EDWARDS GWYN,EDWARDS GWYN,4,2012,2012,T3_REVIEW,0
36952,EW,EDWARDS LIFESCIENCES CORP,EDWARDS LIFESCIENCES,EDWARDS CLIFF,EDWARDS CLIFF,4,2010,2012,T3_REVIEW,0
36952,EW,EDWARDS LIFESCIENCES CORP,EDWARDS LIFESCIENCES,EDWARDS JUDY M,EDWARDS JUDY M,4,2015,2017,T3_REVIEW,0
36952,EW,EDWARDS LIFESCIENCES CORP,EDWARDS LIFESCIENCES,EDWARDS SHAUN,EDWARDS SHAUN,4,2011,2015,T3_REVIEW,0
36952,EW,EDWARDS LIFESCIENCES CORP,EDWARDS LIFESCIENCES,EDWARDS PHIL,EDWARDS PHIL,3,2010,2012,T3_REVIEW,0
36952,EW,EDWARDS LIFESCIENCES CORP,EDWARDS LIFESCIENCES,EDWARDS DAINIA,EDWARDS DAINIA,3,2010,2012,T3_REVIEW,0
36952,EW,EDWARDS LIFESCIENCES CORP,EDWARDS LIFESCIENCES,EDWARDS GARLAND,EDWARDS GARLAND,3,2015,2020,T3_REVIEW,0
36952,EW,EDWARDS LIFESCIENCES CORP,EDWARDS LIFESCIENCES,EDWARDS HENRY LITZMANN,EDWARDS HENRY LITZMANN,3,2012,2021,T3_REVIEW,0
36952,EW,EDWARDS LIFESCIENCES CORP,EDWARDS LIFESCIENCES,EDWARDS SAM,EDWARDS SAM,3,2023,2024,T3_REVIEW,0
36952,EW,EDWARDS LIFESCIENCES CORP,EDWARDS LIFESCIENCES,EDWARDS ALLAN MILTON,EDWARDS ALLAN MILTON,3,2010,2013,T3_REVIEW,0
36952,EW,EDWARDS LIFESCIENCES CORP,EDWARDS LIFESCIENCES,EDWARDS LOUISE G,EDWARDS LOUISE G,3,2010,2012,T3_REVIEW,0
36952,EW,EDWARDS LIFESCIENCES CORP,EDWARDS LIFESCIENCES,EDWARDS LINDA,EDWARDS LINDA,3,2014,2020,T3_REVIEW,0
36952,EW,EDWARDS LIFESCIENCES CORP,EDWARDS LIFESCIENCES,EDWARDS DAVID LESLIE,EDWARDS DAVID LESLIE,3,2011,2011,T3_REVIEW,0
36952,EW,EDWARDS LIFESCIENCES CORP,EDWARDS LIFESCIENCES,EDWARDS CHARLES OWEN,EDWARDS CHARLES OWEN,3,2011,2011,T3_REVIEW,0
36952,EW,EDWARDS LIFESCIENCES CORP,EDWARDS LIFESCIENCES,EDWARDS HUW L,EDWARDS HUW L,3,2011,2012,T3_REVIEW,0
41157,EXAS,EXACT SCIENCES CORP,EXACT SCIENT,EXACT THERAPEUTICS AS,EXACT THERAPEUTICS,11,2020,2025,T3_REVIEW,0
41157,EXAS,EXACT SCIENCES CORP,EXACT SCIENT,EXACT IMAGING INC,EXACT IMAGING,6,2015,2020,T3_REVIEW,0
41157,EXAS,EXACT SCIENCES CORP,EXACT SCIENT,EXACT CONTROL SYSTEM A S,EXACT CONTROL SYSTEM A S,3,2022,2023,T3_REVIEW,0
41157,EXAS,EXACT SCIENCES CORP,EXACT SCIENT,EXACT TOOLS OY,EXACT TOOLS,3,2012,2016,T3_REVIEW,0
54084,FB,FACEBOOK INC,META PLATFORMS,META SYSTEM SPA,META SYSTEM,28,2010,2023,T3_REVIEW,0
54084,FB,FACEBOOK INC,META PLATFORMS,META CO,META,25,2014,2019,T3_REVIEW,0
54084,FB,FACEBOOK INC,META PLATFORMS,META DOWNHOLE LTD,META DOWNHOLE,23,2012,2016,T3_REVIEW,0
54084,FB,FACEBOOK INC,META PLATFORMS,META MAT INC,META MAT,15,2022,2024,T3_REVIEW,0
54084,FB,FACEBOOK INC,META PLATFORMS,META VIEW INC,META VIEW,12,2018,2021,T3_REVIEW,0
54084,FB,FACEBOOK INC,META PLATFORMS,META THERAPEUTICS INC,META THERAPEUTICS,3,2023,2024,T3_REVIEW,0
54084,FB,FACEBOOK INC,META PLATFORMS,META BOUNDS INC,META BOUNDS,3,2024,2025,T3_REVIEW,0
54084,FB,FACEBOOK INC,META PLATFORMS,META MOTOREN ENERGIETECH,META MOTOREN ENERGIETECH,3,2011,2012,T3_REVIEW,0
54084,FB,FACEBOOK INC,META PLATFORMS,META TECH INC,META TECH,3,2016,2016,T3_REVIEW,0
54084,FB,FACEBOOK INC,META PLATFORMS,META DRY LLC,META DRY,3,2021,2021,T3_REVIEW,0
54084,FB,FACEBOOK INC,META PLATFORMS,META FLOW LTD,META FLOW,3,2014,2022,T3_REVIEW,0
12930,FLEX,FLEX LTD,FLEXTRONICS INT,FLEXTRONICS AP LLC,FLEXTRONICS AP,474,2010,2024,T3_REVIEW,0
12930,FLEX,FLEX LTD,FLEX,FLEX N GATE ADVANCED PRODUCT DEV LLC,FLEX N GATE ADVANCED PRODUCT DEV,67,2012,2025,T3_REVIEW,1
12930,FLEX,FLEX LTD,FLEX,FLEX LOGIX TECH INC,FLEX LOGIX TECH,54,2016,2024,T3_REVIEW,1
12930,FLEX,FLEX LTD,FLEX,FLEX LIGHTING II LLC,FLEX LIGHTING II,24,2011,2020,T3_REVIEW,1
12930,FLEX,FLEX LTD,FLEX,FLEX N GATE FRANCE,FLEX N GATE FRANCE,22,2016,2025,T3_REVIEW,1
12930,FLEX,FLEX LTD,FLEXTRONICS INT,FLEXTRONICS ID LLC,FLEXTRONICS ID,16,2010,2011,T3_REVIEW,0
12930,FLEX,FLEX LTD,FLEXTRONICS INT,FLEXTRONICS AUTOMOTIVE INC,FLEXTRONICS AUTOMOTIVE,16,2012,2017,T3_REVIEW,0
12930,FLEX,FLEX LTD,FLEX,FLEX R&D INC,FLEX R D,15,2017,2020,T3_REVIEW,1
12930,FLEX,FLEX LTD,FLEX,FLEX CHEM HOLDING COMPANY LLC,FLEX CHEM,15,2015,2024,T3_REVIEW,1
12930,FLEX,FLEX LTD,FLEX,FLEX FILMS USA INC,FLEX FILMS USA,8,2014,2023,T3_REVIEW,1
12930,FLEX,FLEX LTD,FLEX,FLEX OPERATING ROOM LLC,FLEX OPERATING ROOM,7,2016,2022,T3_REVIEW,1
12930,FLEX,FLEX LTD,FLEX,FLEX-N-GATE ADVANCED PRODUCT DEV LLC,FLEX N GATE ADVANCED PRODUCT DEV,6,2016,2017,T3_REVIEW,1
12930,FLEX,FLEX LTD,FLEX,FLEX ELEKTROWERKZEUGE GMBH,FLEX ELEKTROWERKZEUGE,5,2015,2015,T3_REVIEW,1
12930,FLEX,FLEX LTD,FLEX,FLEX TRIM AS,FLEX TRIM,5,2012,2023,T3_REVIEW,1
12930,FLEX,FLEX LTD,FLEX,FLEX INSTR CO LTD,FLEX INSTR,4,2013,2018,T3_REVIEW,1
12930,FLEX,FLEX LTD,FLEX,FLEX CABLE,FLEX CABLE,4,2010,2017,T3_REVIEW,1
12930,FLEX,FLEX LTD,FLEX,FLEX POWER CONTROL INC,FLEX POWER CONTROL,4,2015,2019,T3_REVIEW,1
12930,FLEX,FLEX LTD,FLEX,FLEX PHARMA INC,FLEX PHARMA,4,2015,2018,T3_REVIEW,1
12930,FLEX,FLEX LTD,FLEX,FLEX FLUIDICS LLC,FLEX FLUIDICS,3,2014,2020,T3_REVIEW,1
12930,FLEX,FLEX LTD,FLEX,FLEX FUEL ENERGY DEV,FLEX FUEL ENERGY DEV,3,2016,2018,T3_REVIEW,1
12930,FLEX,FLEX LTD,FLEX,FLEX OPERATING ROOM INC,FLEX OPERATING ROOM,3,2023,2025,T3_REVIEW,1
12930,FLEX,FLEX LTD,FLEX,FLEX FORCE ENTPR LLC,FLEX FORCE ENTPR,3,2011,2024,T3_REVIEW,1
12930,FLEX,FLEX LTD,FLEX,FLEX N_GATE ADVANCED PRODUCT DEV LLC,FLEX N GATE ADVANCED PRODUCT DEV,3,2019,2020,T3_REVIEW,1
12930,FLEX,FLEX LTD,FLEX,FLEX TRAFFIC SYSTEMS LLC,FLEX TRAFFIC SYS,3,2022,2025,T3_REVIEW,1
12930,FLEX,FLEX LTD,FLEX,FLEX PIPING SOLUTIONS LLC,FLEX PIPING SOLUTIONS,3,2018,2020,T3_REVIEW,1
12930,FLEX,FLEX LTD,FLEX,FLEX-N-GATE CORP,FLEX N GATE,3,2015,2016,T3_REVIEW,1
12930,FLEX,FLEX LTD,FLEXTRONICS INT,FLEXTRONICS AUTOMOTIVE GMBH & CO KG,FLEXTRONICS AUTOMOTIVE,3,2013,2016,T3_REVIEW,0
20791,GD,GENERAL DYNAMICS CORP,GEN DYNAMICS,GEN ELECTRIC,GEN ELEC,23212,2010,2025,T3_REVIEW,0
20791,GD,GENERAL DYNAMICS CORP,GEN DYNAMICS,GEN HOSPITAL CORP,GEN HOSPITAL,772,2010,2016,T3_REVIEW,0
20791,GD,GENERAL DYNAMICS CORP,GEN DYNAMICS,GEN PROBE INC,GEN PROBE,570,2010,2025,T3_REVIEW,0
20791,GD,GENERAL DYNAMICS CORP,GEN DYNAMICS,GENERAL ELECTRIC TECHNOLOGY GMBH,GEN ELEC TECH,548,2013,2024,T3_REVIEW,0
20791,GD,GENERAL DYNAMICS CORP,GEN DYNAMICS,GEN INSTRUMENT CORP,GEN INSTRUMENT,518,2010,2014,T3_REVIEW,0
20791,GD,GENERAL DYNAMICS CORP,GEN DYNAMICS,GEN MOTORS LLC,GEN MOTORS,401,2010,2021,T3_REVIEW,0
20791,GD,GENERAL DYNAMICS CORP,GEN DYNAMICS,GEN MILLS INC,GEN MILLS,344,2010,2025,T3_REVIEW,0
20791,GD,GENERAL DYNAMICS CORP,GEN DYNAMICS,GENERAL ELECTRIC RENOVABLES ESPANA SL,GEN ELEC RENOVABLES ESPANA SL,206,2018,2024,T3_REVIEW,0
20791,GD,GENERAL DYNAMICS CORP,GEN DYNAMICS,GENERAL INTERFACE SOLUTION LTD,GEN INTERFACE SOLUTION,199,2015,2024,T3_REVIEW,0
20791,GD,GENERAL DYNAMICS CORP,GEN DYNAMICS,GEN CABLE TECHNOLOGIES CORP,GEN CABLE TECH,113,2010,2023,T3_REVIEW,0
20791,GD,GENERAL DYNAMICS CORP,GEN DYNAMICS,GENERAL ELECTRIC COMPANY POLSKA SP ZOO,GEN ELEC COMPANY POLSKA SP ZOO,81,2018,2025,T3_REVIEW,0
20791,GD,GENERAL DYNAMICS CORP,GEN DYNAMICS,GENERAL ELECTRIC DEUTSCHLAND HOLDING GMBH,GEN ELEC DEUTSCHLAND,61,2021,2025,T3_REVIEW,0
20791,GD,GENERAL DYNAMICS CORP,GEN DYNAMICS,THE GENERAL HOSPITAL CORP D/B/A MASSACHUSETTS GENERAL HOSPITAL,GEN HOSPITAL CORP D B A MASSACHUSETTS GEN HOSPITAL,60,2015,2024,T3_REVIEW,0
20791,GD,GENERAL DYNAMICS CORP,GEN DYNAMICS,GEN ELECTRIC TECHNOLOGY GMBH,GEN ELEC TECH,39,2014,2016,T3_REVIEW,0
20791,GD,GENERAL DYNAMICS CORP,GEN DYNAMICS,GENERAL ATOMICS,GEN ATOMICS,36,2012,2023,T3_REVIEW,0
20791,GD,GENERAL DYNAMICS CORP,GEN DYNAMICS,GEN ATOMICS,GEN ATOMICS,33,2010,2015,T3_REVIEW,0
20791,GD,GENERAL DYNAMICS CORP,GEN DYNAMICS,GEN PLASTIC IND CO LTD,GEN PLASTIC IND,31,2013,2023,T3_REVIEW,0
20791,GD,GENERAL DYNAMICS CORP,GEN DYNAMICS,GEN INTERFACE SOLUTION LTD,GEN INTERFACE SOLUTION,27,2014,2015,T3_REVIEW,0
20791,GD,GENERAL DYNAMICS CORP,GEN DYNAMICS,GEN COMPRESSION INC,GEN COMPRESSION,24,2010,2015,T3_REVIEW,0
20791,GD,GENERAL DYNAMICS CORP,GEN DYNAMICS,GEN EQUIPMENT & MFG CO INC DBA TOPWORX INC,GEN EQUIP MFG CO INC DBA TOPWORX,22,2011,2015,T3_REVIEW,0
20791,GD,GENERAL DYNAMICS CORP,GEN DYNAMICS,GEN AUTOMATION LAB TECH INC,GEN AUTOMATION LAB TECH,22,2017,2021,T3_REVIEW,0
20791,GD,GENERAL DYNAMICS CORP,GEN DYNAMICS,GEN KINEMATICS CORP,GEN KINEMATICS,22,2010,2025,T3_REVIEW,0
20791,GD,GENERAL DYNAMICS CORP,GEN DYNAMICS,GEN DIGITAL INC,GEN DIGITAL,21,2020,2025,T3_REVIEW,0
20791,GD,GENERAL DYNAMICS CORP,GEN DYNAMICS,GENERAL FUSION INC,GEN FUSION,19,2015,2023,T3_REVIEW,0
20791,GD,GENERAL DYNAMICS CORP,GEN DYNAMICS,GENERAL ATOMICS AERONAUTICAL SYSTEMS INC,GEN ATOMICS AERONAUTICAL SYS,18,2017,2024,T3_REVIEW,0
20791,GD,GENERAL DYNAMICS CORP,GEN DYNAMICS,THE GENERAL HOSPITAL CORP DBA MASSACHUSETTS GENERAL HOSPITAL,GEN HOSPITAL CORP DBA MASSACHUSETTS GEN HOSPITAL,18,2014,2024,T3_REVIEW,0
20791,GD,GENERAL DYNAMICS CORP,GEN DYNAMICS,GEN Y CREATIONS LLC,GEN Y CREATIONS,17,2020,2025,T3_REVIEW,0
20791,GD,GENERAL DYNAMICS CORP,GEN DYNAMICS,GEN CO LTD,GEN,15,2012,2025,T3_REVIEW,0
20791,GD,GENERAL DYNAMICS CORP,GEN DYNAMICS,GEN ELECTRONIC CO,GEN ELECTRONIC,14,2010,2014,T3_REVIEW,0
20791,GD,GENERAL DYNAMICS CORP,GEN DYNAMICS,GENERAL RADAR CORP,GEN RADAR,14,2017,2024,T3_REVIEW,0
20791,GD,GENERAL DYNAMICS CORP,GEN DYNAMICS,GENERAL TEST SYSTEMS INC,GEN TEST SYS,14,2015,2022,T3_REVIEW,0
20791,GD,GENERAL DYNAMICS CORP,GEN DYNAMICS,GENERAL EQUIPMENT AND MFG COMPANY INC D/B/A TOPWORX INC,GEN EQUIP AND MFG COMPANY INC D B A TOPWORX,14,2016,2023,T3_REVIEW,0
20791,GD,GENERAL DYNAMICS CORP,GEN DYNAMICS,GENERAL VIBRATION CORP,GEN VIBRATION,14,2014,2024,T3_REVIEW,0
20791,GD,GENERAL DYNAMICS CORP,GEN DYNAMICS,GENERAL NANO LLC,GEN NANO,12,2015,2024,T3_REVIEW,0
20791,GD,GENERAL DYNAMICS CORP,GEN DYNAMICS,GENERAL CABLE TECH CORP,GEN CABLE TECH,12,2016,2017,T3_REVIEW,0
20791,GD,GENERAL DYNAMICS CORP,GEN DYNAMICS,GEN HOSPITAL CORP DBA MASSACHUSETTS GENERAL HOSPITAL,GEN HOSPITAL CORP DBA MASSACHUSETTS GEN HOSPITAL,11,2012,2015,T3_REVIEW,0
20791,GD,GENERAL DYNAMICS CORP,GEN DYNAMICS,GEN RES INST NONFERROUS METALS,GEN RES INST NONFERROUS METALS,10,2010,2018,T3_REVIEW,0
20791,GD,GENERAL DYNAMICS CORP,GEN DYNAMICS,GEN FUSION INC,GEN FUSION,10,2010,2016,T3_REVIEW,0
20791,GD,GENERAL DYNAMICS CORP,GEN DYNAMICS,GENERAL ELECTRIC COMPANY,GEN ELEC,9,2024,2025,T3_REVIEW,0
20791,GD,GENERAL DYNAMICS CORP,GEN DYNAMICS,GENERAL GRAPHENE CORP,GEN GRAPHENE,9,2022,2022,T3_REVIEW,0
20791,GD,GENERAL DYNAMICS CORP,GEN DYNAMICS,GEN PROBE PRODESSE INC,GEN PROBE PRODESSE,9,2013,2022,T3_REVIEW,0
20791,GD,GENERAL DYNAMICS CORP,GEN DYNAMICS,GENERAL PACKER CO LTD,GEN PACKER,9,2016,2021,T3_REVIEW,0
20791,GD,GENERAL DYNAMICS CORP,GEN DYNAMICS,GEN SCIENTIFIC CORP,GEN SCIENT,9,2010,2014,T3_REVIEW,0
20791,GD,GENERAL DYNAMICS CORP,GEN DYNAMICS,GEN CYBERNATION GROUP INC,GEN CYBERNATION,8,2010,2014,T3_REVIEW,0
20791,GD,GENERAL DYNAMICS CORP,GEN DYNAMICS,GEN BISCUIT,GEN BISCUIT,8,2012,2014,T3_REVIEW,0
20791,GD,GENERAL DYNAMICS CORP,GEN DYNAMICS,GENERAL PHOTONICS CORP,GEN PHOTONICS,8,2015,2018,T3_REVIEW,0
20791,GD,GENERAL DYNAMICS CORP,GEN DYNAMICS,GEN MOTORS CORP,GEN MOTORS,8,2010,2022,T3_REVIEW,0
20791,GD,GENERAL DYNAMICS CORP,GEN DYNAMICS,GEN PHOTONICS CORP,GEN PHOTONICS,8,2010,2015,T3_REVIEW,0
20791,GD,GENERAL DYNAMICS CORP,GEN DYNAMICS,GENERAL CAPACITOR LLC,GEN CAPACITOR,8,2015,2021,T3_REVIEW,0
20791,GD,GENERAL DYNAMICS CORP,GEN DYNAMICS,GEN MONITORS,GEN MONITORS,8,2013,2017,T3_REVIEW,0
20791,GD,GENERAL DYNAMICS CORP,GEN DYNAMICS,GENERAL INCORPORATED ASS PHARMA VALLEY PROJECT SUPPORTING ORGANIZATION,GEN INCORPORATED ASS PHARMA VALLEY PROJECT SUPPORTING ORGANIZATION,8,2016,2024,T3_REVIEW,0
20791,GD,GENERAL DYNAMICS CORP,GEN DYNAMICS,GENERAL EQUIPMENT FOR MEDICAL IMAGING S A,GEN EQUIP FOR MEDICAL IMAGING S A,8,2017,2024,T3_REVIEW,0
20791,GD,GENERAL DYNAMICS CORP,GEN DYNAMICS,GENERAL INSPECTION LLC,GEN INSPECTION,8,2019,2025,T3_REVIEW,0
20791,GD,GENERAL DYNAMICS CORP,GEN DYNAMICS,GEN MILLS MARKETING INC,GEN MILLS MARKETING,7,2010,2014,T3_REVIEW,0
20791,GD,GENERAL DYNAMICS CORP,GEN DYNAMICS,GENERAL FIBRE PRODUCTS CORP,GEN FIBRE PRODUCTS,7,2020,2025,T3_REVIEW,0
20791,GD,GENERAL DYNAMICS CORP,GEN DYNAMICS,GENERAL DOWNHOLE TOOLS LTD,GEN DOWNHOLE TOOLS,7,2020,2024,T3_REVIEW,0
20791,GD,GENERAL DYNAMICS CORP,GEN DYNAMICS,GEN ELECTRIC COMPANY GLOBAL RES,GEN ELEC COMPANY GLOBAL RES,7,2010,2015,T3_REVIEW,0
20791,GD,GENERAL DYNAMICS CORP,GEN DYNAMICS,GEN FOAM PLASTICS CORP,GEN FOAM PLASTICS,7,2010,2016,T3_REVIEW,0
20791,GD,GENERAL DYNAMICS CORP,GEN DYNAMICS,GENERAL BIOLOGICALS CORP,GEN BIOLOGICALS,7,2016,2025,T3_REVIEW,0
20791,GD,GENERAL DYNAMICS CORP,GEN DYNAMICS,GEN LUMINAIRE CO LTD,GEN LUMINAIRE,7,2012,2014,T3_REVIEW,0
20791,GD,GENERAL DYNAMICS CORP,GEN DYNAMICS,GENERAL PLASMA INC,GEN PLASMA,6,2015,2018,T3_REVIEW,0
20791,GD,GENERAL DYNAMICS CORP,GEN DYNAMICS,GENERAL CYBERNATION GROUP INC,GEN CYBERNATION,6,2022,2024,T3_REVIEW,0
20791,GD,GENERAL DYNAMICS CORP,GEN DYNAMICS,GEN PACKER CO LTD,GEN PACKER,6,2012,2015,T3_REVIEW,0
20791,GD,GENERAL DYNAMICS CORP,GEN DYNAMICS,GENERAL SASCHA,GEN SASCHA,6,2010,2010,T3_REVIEW,0
20791,GD,GENERAL DYNAMICS CORP,GEN DYNAMICS,GEN PROTECHT GROUP INC,GEN PROTECHT,6,2010,2011,T3_REVIEW,0
20791,GD,GENERAL DYNAMICS CORP,GEN DYNAMICS,GENERAL LASERTRONICS CORP,GEN LASERTRONICS,6,2016,2023,T3_REVIEW,0
20791,GD,GENERAL DYNAMICS CORP,GEN DYNAMICS,GENERAL AVIATION MODIFICATIONS INC,GEN AVIATION MODIFICATIONS,6,2017,2024,T3_REVIEW,0
20791,GD,GENERAL DYNAMICS CORP,GEN DYNAMICS,GENERAL ONCOLOGY INC,GEN ONCOLOGY,6,2016,2024,T3_REVIEW,0
20791,GD,GENERAL DYNAMICS CORP,GEN DYNAMICS,GEN LED INC,GEN LED,6,2012,2015,T3_REVIEW,0
20791,GD,GENERAL DYNAMICS CORP,GEN DYNAMICS,GENERAL LIGHTING ELECTRONIC CO LTD,GEN LIGHTING ELECTRONIC,6,2019,2024,T3_REVIEW,0
20791,GD,GENERAL DYNAMICS CORP,GEN DYNAMICS,GEN PLASMA INC,GEN PLASMA,6,2011,2015,T3_REVIEW,0
20791,GD,GENERAL DYNAMICS CORP,GEN DYNAMICS,GENERAL GENOMICS INC,GEN GENOMICS,6,2021,2024,T3_REVIEW,0
20791,GD,GENERAL DYNAMICS CORP,GEN DYNAMICS,GENERAL PLASTICS & COMPOSITES L P,GEN PLASTICS COMPOSITES L P,6,2016,2018,T3_REVIEW,0
20791,GD,GENERAL DYNAMICS CORP,GEN DYNAMICS,GENERAL SCIENT CORP,GEN SCIENT,6,2016,2020,T3_REVIEW,0
20791,GD,GENERAL DYNAMICS CORP,GEN DYNAMICS,GENERAL ENERGY RECOVERY INC,GEN ENERGY RECOVERY,6,2018,2024,T3_REVIEW,0
20791,GD,GENERAL DYNAMICS CORP,GEN DYNAMICS,GEN LASERTRONICS CORP,GEN LASERTRONICS,5,2011,2015,T3_REVIEW,0
20791,GD,GENERAL DYNAMICS CORP,GEN DYNAMICS,GENERAL MFG LLC,GEN MFG,5,2016,2019,T3_REVIEW,0
20791,GD,GENERAL DYNAMICS CORP,GEN DYNAMICS,GEN MILLS IP HOLDINGS II LLC,GEN MILLS IP HOLDINGS II,5,2010,2012,T3_REVIEW,0
20791,GD,GENERAL DYNAMICS CORP,GEN DYNAMICS,GEN PLASTICS & COMPOSITES L P,GEN PLASTICS COMPOSITES L P,5,2013,2015,T3_REVIEW,0
20791,GD,GENERAL DYNAMICS CORP,GEN DYNAMICS,THE GENERAL HOSPITAL CORP,GEN HOSPITAL,5,2023,2025,T3_REVIEW,0
20791,GD,GENERAL DYNAMICS CORP,GEN DYNAMICS,GEN NANOTECHNOLOGY LLC,GEN NANOTECHNOLOGY,5,2010,2011,T3_REVIEW,0
20791,GD,GENERAL DYNAMICS CORP,GEN DYNAMICS,GENERAL LED INC,GEN LED,4,2015,2017,T3_REVIEW,0
20791,GD,GENERAL DYNAMICS CORP,GEN DYNAMICS,GEN IP SINGAPORE PTE LTD AVAGO TECHNOLOGIES,GEN IP SINGAPORE PTE LTD AVAGO TECH,4,2012,2013,T3_REVIEW,0
20791,GD,GENERAL DYNAMICS CORP,GEN DYNAMICS,GENERAL ENGINEERING & RES L L C,GEN ENGINEERING RES L L C,4,2017,2020,T3_REVIEW,0
20791,GD,GENERAL DYNAMICS CORP,GEN DYNAMICS,GEN VORTEX ENERGY INC,GEN VORTEX ENERGY,4,2010,2011,T3_REVIEW,0
20791,GD,GENERAL DYNAMICS CORP,GEN DYNAMICS,GENERAL STARLIGHT CO INC,GEN STARLIGHT,4,2023,2025,T3_REVIEW,0
20791,GD,GENERAL DYNAMICS CORP,GEN DYNAMICS,GEN 9 INC,GEN 9,4,2010,2013,T3_REVIEW,0
20791,GD,GENERAL DYNAMICS CORP,GEN DYNAMICS,GENERAL HOSPITAL OF CHINESE PLA,GEN HOSPITAL OF CHINESE PLA,4,2020,2024,T3_REVIEW,0
20791,GD,GENERAL DYNAMICS CORP,GEN DYNAMICS,GENERAL WORKINGS INC,GEN WORKINGS,4,2018,2018,T3_REVIEW,0
20791,GD,GENERAL DYNAMICS CORP,GEN DYNAMICS,GEN CABLETECHNOLOGIES CORP,GEN CABLETECHNOLOGIES,4,2012,2014,T3_REVIEW,0
20791,GD,GENERAL DYNAMICS CORP,GEN DYNAMICS,GENERAL ELECTRIC COMPNAY,GEN ELEC COMPNAY,3,2015,2022,T3_REVIEW,0
20791,GD,GENERAL DYNAMICS CORP,GEN DYNAMICS,GENERAL ELECTRIC COMANY,GEN ELEC COMANY,3,2015,2018,T3_REVIEW,0
20791,GD,GENERAL DYNAMICS CORP,GEN DYNAMICS,GENERAL LED OPCO LLC,GEN LED OPCO,3,2018,2018,T3_REVIEW,0
20791,GD,GENERAL DYNAMICS CORP,GEN DYNAMICS,GENERAL LUMINAIRE KUNSHAN CO LTD,GEN LUMINAIRE KUNSHAN,3,2020,2022,T3_REVIEW,0
20791,GD,GENERAL DYNAMICS CORP,GEN DYNAMICS,GENERAL ACCESS SOLUTIONS LTD,GEN ACCESS SOLUTIONS,3,2016,2019,T3_REVIEW,0
20791,GD,GENERAL DYNAMICS CORP,GEN DYNAMICS,GENERAL TOOLS & INSTR COMPANY LLC,GEN TOOLS INSTR,3,2020,2024,T3_REVIEW,0
20791,GD,GENERAL DYNAMICS CORP,GEN DYNAMICS,GEN TOPICS SRL,GEN TOPICS,3,2013,2013,T3_REVIEW,0
20791,GD,GENERAL DYNAMICS CORP,GEN DYNAMICS,GENERAL TOOL INC,GEN TOOL,3,2018,2025,T3_REVIEW,0
20791,GD,GENERAL DYNAMICS CORP,GEN DYNAMICS,GENERAL ELECTRIC COMPANY POLSKA SP ZO O,GEN ELEC COMPANY POLSKA SP ZO O,3,2018,2018,T3_REVIEW,0
20791,GD,GENERAL DYNAMICS CORP,GEN DYNAMICS,GEN HOSPITAL CORP D B A,GEN HOSPITAL CORP D B A,3,2011,2012,T3_REVIEW,0
20791,GD,GENERAL DYNAMICS CORP,GEN DYNAMICS,GENERAL LUMINAIRE SHANGHAI CO LTD,GEN LUMINAIRE SHANGHAI,3,2020,2022,T3_REVIEW,0
20791,GD,GENERAL DYNAMICS CORP,GEN DYNAMICS,GENERAL ELECTRONIC COMPANY,GEN ELECTRONIC,3,2016,2017,T3_REVIEW,0
20791,GD,GENERAL DYNAMICS CORP,GEN DYNAMICS,GENERAL OPTO SOLUTIONS LLC,GEN OPTO SOLUTIONS,3,2016,2018,T3_REVIEW,0
20791,GD,GENERAL DYNAMICS CORP,GEN DYNAMICS,GEN MEMS CORP,GEN MEMS,3,2010,2012,T3_REVIEW,0
20791,GD,GENERAL DYNAMICS CORP,GEN DYNAMICS,GEN TECH INC,GEN TECH,3,2025,2025,T3_REVIEW,0
20791,GD,GENERAL DYNAMICS CORP,GEN DYNAMICS,GENERAL MEDICAL MERATE S P A,GEN MEDICAL MERATE S P A,3,2018,2020,T3_REVIEW,0
20791,GD,GENERAL DYNAMICS CORP,GEN DYNAMICS,GEN DOWNHOLE TECHNOLOGIES LTD,GEN DOWNHOLE TECH,3,2013,2016,T3_REVIEW,0
20791,GD,GENERAL DYNAMICS CORP,GEN DYNAMICS,GENERAL INCORPORATED ASS THE JAPAN MULTINATIONAL TRIAL ORGANIZATION,GEN INCORPORATED ASS THE JAPAN MULTINATIONAL TRIAL ORGANIZATION,3,2020,2023,T3_REVIEW,0
20791,GD,GENERAL DYNAMICS CORP,GEN DYNAMICS,GEN PLASTICS & COMPOSITES LP,GEN PLASTICS COMPOSITES,3,2010,2012,T3_REVIEW,0
20791,GD,GENERAL DYNAMICS CORP,GEN DYNAMICS,GEN PATENT LLC,GEN PATENT,3,2012,2013,T3_REVIEW,0
20791,GD,GENERAL DYNAMICS CORP,GEN DYNAMICS,GENERAL SCIENT CORPORATION,GEN SCIENT,3,2016,2020,T3_REVIEW,0
20791,GD,GENERAL DYNAMICS CORP,GEN DYNAMICS,GEN ROYALTY CAPITAL COMPANY,GEN ROYALTY CAPITAL,3,2010,2010,T3_REVIEW,0
20791,GD,GENERAL DYNAMICS CORP,GEN DYNAMICS,Gen Pharma Holdings LLC,GEN PHARMA,3,2015,2017,T3_REVIEW,0
20791,GD,GENERAL DYNAMICS CORP,GEN DYNAMICS,GENERAL LUMINAIRE CO LTD,GEN LUMINAIRE,3,2020,2022,T3_REVIEW,0
20791,GD,GENERAL DYNAMICS CORP,GEN DYNAMICS,General Recycled,GEN RECYCLED,3,2017,2023,T3_REVIEW,0
20791,GD,GENERAL DYNAMICS CORP,GEN DYNAMICS,THE GENERAL HOSPTIAL CORP,GEN HOSPTIAL,3,2014,2016,T3_REVIEW,0
20792,GE,GENERAL ELECTRIC CO,GEN ELEC,GEN HOSPITAL CORP,GEN HOSPITAL,772,2010,2016,T3_REVIEW,0
20792,GE,GENERAL ELECTRIC CO,GEN ELEC,GEN PROBE INC,GEN PROBE,570,2010,2025,T3_REVIEW,0
20792,GE,GENERAL ELECTRIC CO,GEN ELEC,GEN INSTRUMENT CORP,GEN INSTRUMENT,518,2010,2014,T3_REVIEW,0
20792,GE,GENERAL ELECTRIC CO,GEN ELEC,GEN MOTORS LLC,GEN MOTORS,401,2010,2021,T3_REVIEW,0
20792,GE,GENERAL ELECTRIC CO,GEN ELEC,GEN MILLS INC,GEN MILLS,344,2010,2025,T3_REVIEW,0
20792,GE,GENERAL ELECTRIC CO,GEN ELEC,GENERAL INTERFACE SOLUTION LTD,GEN INTERFACE SOLUTION,199,2015,2024,T3_REVIEW,0
20792,GE,GENERAL ELECTRIC CO,GEN ELEC,GEN CABLE TECHNOLOGIES CORP,GEN CABLE TECH,113,2010,2023,T3_REVIEW,0
20792,GE,GENERAL ELECTRIC CO,GEN ELEC,THE GENERAL HOSPITAL CORP D/B/A MASSACHUSETTS GENERAL HOSPITAL,GEN HOSPITAL CORP D B A MASSACHUSETTS GEN HOSPITAL,60,2015,2024,T3_REVIEW,0
20792,GE,GENERAL ELECTRIC CO,GEN ELEC,GENERAL DYNAMICS MISSION SYSTEMS INC,GEN DYNAMICS MISSION SYS,54,2016,2024,T3_REVIEW,0
20792,GE,GENERAL ELECTRIC CO,GEN ELEC,GENERAL ATOMICS,GEN ATOMICS,36,2012,2023,T3_REVIEW,0
20792,GE,GENERAL ELECTRIC CO,GEN ELEC,GEN ATOMICS,GEN ATOMICS,33,2010,2015,T3_REVIEW,0
20792,GE,GENERAL ELECTRIC CO,GEN ELEC,GEN PLASTIC IND CO LTD,GEN PLASTIC IND,31,2013,2023,T3_REVIEW,0
20792,GE,GENERAL ELECTRIC CO,GEN ELEC,GEN INTERFACE SOLUTION LTD,GEN INTERFACE SOLUTION,27,2014,2015,T3_REVIEW,0
20792,GE,GENERAL ELECTRIC CO,GEN ELEC,GEN COMPRESSION INC,GEN COMPRESSION,24,2010,2015,T3_REVIEW,0
20792,GE,GENERAL ELECTRIC CO,GEN ELEC,GEN EQUIPMENT & MFG CO INC DBA TOPWORX INC,GEN EQUIP MFG CO INC DBA TOPWORX,22,2011,2015,T3_REVIEW,0
20792,GE,GENERAL ELECTRIC CO,GEN ELEC,GEN AUTOMATION LAB TECH INC,GEN AUTOMATION LAB TECH,22,2017,2021,T3_REVIEW,0
20792,GE,GENERAL ELECTRIC CO,GEN ELEC,GEN KINEMATICS CORP,GEN KINEMATICS,22,2010,2025,T3_REVIEW,0
20792,GE,GENERAL ELECTRIC CO,GEN ELEC,GEN DIGITAL INC,GEN DIGITAL,21,2020,2025,T3_REVIEW,0
20792,GE,GENERAL ELECTRIC CO,GEN ELEC,GEN DYNAMICS C4 SYSTEMS INC,GEN DYNAMICS C4 SYS,19,2010,2016,T3_REVIEW,0
20792,GE,GENERAL ELECTRIC CO,GEN ELEC,GENERAL FUSION INC,GEN FUSION,19,2015,2023,T3_REVIEW,0
20792,GE,GENERAL ELECTRIC CO,GEN ELEC,GENERAL ATOMICS AERONAUTICAL SYSTEMS INC,GEN ATOMICS AERONAUTICAL SYS,18,2017,2024,T3_REVIEW,0
20792,GE,GENERAL ELECTRIC CO,GEN ELEC,THE GENERAL HOSPITAL CORP DBA MASSACHUSETTS GENERAL HOSPITAL,GEN HOSPITAL CORP DBA MASSACHUSETTS GEN HOSPITAL,18,2014,2024,T3_REVIEW,0
20792,GE,GENERAL ELECTRIC CO,GEN ELEC,GEN DYNAMICS BROADBAND INC,GEN DYNAMICS BROADBAND,17,2012,2014,T3_REVIEW,0
20792,GE,GENERAL ELECTRIC CO,GEN ELEC,GEN Y CREATIONS LLC,GEN Y CREATIONS,17,2020,2025,T3_REVIEW,0
20792,GE,GENERAL ELECTRIC CO,GEN ELEC,GEN DYNAMICS ADVANCED INF SYS,GEN DYNAMICS ADVANCED INF SYS,16,2010,2014,T3_REVIEW,0
20792,GE,GENERAL ELECTRIC CO,GEN ELEC,GEN CO LTD,GEN,15,2012,2025,T3_REVIEW,0
20792,GE,GENERAL ELECTRIC CO,GEN ELEC,GEN ELECTRONIC CO,GEN ELECTRONIC,14,2010,2014,T3_REVIEW,0
20792,GE,GENERAL ELECTRIC CO,GEN ELEC,GEN DYNAMICS ORDNANCE & TACTIC,GEN DYNAMICS ORDNANCE TACTIC,14,2011,2025,T3_REVIEW,0
20792,GE,GENERAL ELECTRIC CO,GEN ELEC,GENERAL RADAR CORP,GEN RADAR,14,2017,2024,T3_REVIEW,0
20792,GE,GENERAL ELECTRIC CO,GEN ELEC,GENERAL TEST SYSTEMS INC,GEN TEST SYS,14,2015,2022,T3_REVIEW,0
20792,GE,GENERAL ELECTRIC CO,GEN ELEC,GENERAL EQUIPMENT AND MFG COMPANY INC D/B/A TOPWORX INC,GEN EQUIP AND MFG COMPANY INC D B A TOPWORX,14,2016,2023,T3_REVIEW,0
20792,GE,GENERAL ELECTRIC CO,GEN ELEC,GENERAL VIBRATION CORP,GEN VIBRATION,14,2014,2024,T3_REVIEW,0
20792,GE,GENERAL ELECTRIC CO,GEN ELEC,GENERAL NANO LLC,GEN NANO,12,2015,2024,T3_REVIEW,0
20792,GE,GENERAL ELECTRIC CO,GEN ELEC,GENERAL CABLE TECH CORP,GEN CABLE TECH,12,2016,2017,T3_REVIEW,0
20792,GE,GENERAL ELECTRIC CO,GEN ELEC,GEN DYNAMICS ARMAMENT & TECH,GEN DYNAMICS ARMAMENT TECH,11,2010,2013,T3_REVIEW,0
20792,GE,GENERAL ELECTRIC CO,GEN ELEC,GEN HOSPITAL CORP DBA MASSACHUSETTS GENERAL HOSPITAL,GEN HOSPITAL CORP DBA MASSACHUSETTS GEN HOSPITAL,11,2012,2015,T3_REVIEW,0
20792,GE,GENERAL ELECTRIC CO,GEN ELEC,GEN RES INST NONFERROUS METALS,GEN RES INST NONFERROUS METALS,10,2010,2018,T3_REVIEW,0
20792,GE,GENERAL ELECTRIC CO,GEN ELEC,GEN FUSION INC,GEN FUSION,10,2010,2016,T3_REVIEW,0
20792,GE,GENERAL ELECTRIC CO,GEN ELEC,GENERAL GRAPHENE CORP,GEN GRAPHENE,9,2022,2022,T3_REVIEW,0
20792,GE,GENERAL ELECTRIC CO,GEN ELEC,GEN PROBE PRODESSE INC,GEN PROBE PRODESSE,9,2013,2022,T3_REVIEW,0
20792,GE,GENERAL ELECTRIC CO,GEN ELEC,GENERAL PACKER CO LTD,GEN PACKER,9,2016,2021,T3_REVIEW,0
20792,GE,GENERAL ELECTRIC CO,GEN ELEC,GEN SCIENTIFIC CORP,GEN SCIENT,9,2010,2014,T3_REVIEW,0
20792,GE,GENERAL ELECTRIC CO,GEN ELEC,GEN CYBERNATION GROUP INC,GEN CYBERNATION,8,2010,2014,T3_REVIEW,0
20792,GE,GENERAL ELECTRIC CO,GEN ELEC,GEN BISCUIT,GEN BISCUIT,8,2012,2014,T3_REVIEW,0
20792,GE,GENERAL ELECTRIC CO,GEN ELEC,GENERAL PHOTONICS CORP,GEN PHOTONICS,8,2015,2018,T3_REVIEW,0
20792,GE,GENERAL ELECTRIC CO,GEN ELEC,GEN MOTORS CORP,GEN MOTORS,8,2010,2022,T3_REVIEW,0
20792,GE,GENERAL ELECTRIC CO,GEN ELEC,GEN PHOTONICS CORP,GEN PHOTONICS,8,2010,2015,T3_REVIEW,0
20792,GE,GENERAL ELECTRIC CO,GEN ELEC,GENERAL CAPACITOR LLC,GEN CAPACITOR,8,2015,2021,T3_REVIEW,0
20792,GE,GENERAL ELECTRIC CO,GEN ELEC,GEN MONITORS,GEN MONITORS,8,2013,2017,T3_REVIEW,0
20792,GE,GENERAL ELECTRIC CO,GEN ELEC,GENERAL INCORPORATED ASS PHARMA VALLEY PROJECT SUPPORTING ORGANIZATION,GEN INCORPORATED ASS PHARMA VALLEY PROJECT SUPPORTING ORGANIZATION,8,2016,2024,T3_REVIEW,0
20792,GE,GENERAL ELECTRIC CO,GEN ELEC,GENERAL EQUIPMENT FOR MEDICAL IMAGING S A,GEN EQUIP FOR MEDICAL IMAGING S A,8,2017,2024,T3_REVIEW,0
20792,GE,GENERAL ELECTRIC CO,GEN ELEC,GENERAL INSPECTION LLC,GEN INSPECTION,8,2019,2025,T3_REVIEW,0
20792,GE,GENERAL ELECTRIC CO,GEN ELEC,GEN MILLS MARKETING INC,GEN MILLS MARKETING,7,2010,2014,T3_REVIEW,0
20792,GE,GENERAL ELECTRIC CO,GEN ELEC,GENERAL FIBRE PRODUCTS CORP,GEN FIBRE PRODUCTS,7,2020,2025,T3_REVIEW,0
20792,GE,GENERAL ELECTRIC CO,GEN ELEC,GENERAL DOWNHOLE TOOLS LTD,GEN DOWNHOLE TOOLS,7,2020,2024,T3_REVIEW,0
20792,GE,GENERAL ELECTRIC CO,GEN ELEC,GEN FOAM PLASTICS CORP,GEN FOAM PLASTICS,7,2010,2016,T3_REVIEW,0
20792,GE,GENERAL ELECTRIC CO,GEN ELEC,GENERAL BIOLOGICALS CORP,GEN BIOLOGICALS,7,2016,2025,T3_REVIEW,0
20792,GE,GENERAL ELECTRIC CO,GEN ELEC,GEN LUMINAIRE CO LTD,GEN LUMINAIRE,7,2012,2014,T3_REVIEW,0
20792,GE,GENERAL ELECTRIC CO,GEN ELEC,GENERAL PLASMA INC,GEN PLASMA,6,2015,2018,T3_REVIEW,0
20792,GE,GENERAL ELECTRIC CO,GEN ELEC,GENERAL CYBERNATION GROUP INC,GEN CYBERNATION,6,2022,2024,T3_REVIEW,0
20792,GE,GENERAL ELECTRIC CO,GEN ELEC,GEN PACKER CO LTD,GEN PACKER,6,2012,2015,T3_REVIEW,0
20792,GE,GENERAL ELECTRIC CO,GEN ELEC,GENERAL SASCHA,GEN SASCHA,6,2010,2010,T3_REVIEW,0
20792,GE,GENERAL ELECTRIC CO,GEN ELEC,GEN PROTECHT GROUP INC,GEN PROTECHT,6,2010,2011,T3_REVIEW,0
20792,GE,GENERAL ELECTRIC CO,GEN ELEC,GENERAL LASERTRONICS CORP,GEN LASERTRONICS,6,2016,2023,T3_REVIEW,0
20792,GE,GENERAL ELECTRIC CO,GEN ELEC,GENERAL AVIATION MODIFICATIONS INC,GEN AVIATION MODIFICATIONS,6,2017,2024,T3_REVIEW,0
20792,GE,GENERAL ELECTRIC CO,GEN ELEC,GENERAL ONCOLOGY INC,GEN ONCOLOGY,6,2016,2024,T3_REVIEW,0
20792,GE,GENERAL ELECTRIC CO,GEN ELEC,GEN LED INC,GEN LED,6,2012,2015,T3_REVIEW,0
20792,GE,GENERAL ELECTRIC CO,GEN ELEC,GENERAL LIGHTING ELECTRONIC CO LTD,GEN LIGHTING ELECTRONIC,6,2019,2024,T3_REVIEW,0
20792,GE,GENERAL ELECTRIC CO,GEN ELEC,GEN PLASMA INC,GEN PLASMA,6,2011,2015,T3_REVIEW,0
20792,GE,GENERAL ELECTRIC CO,GEN ELEC,GENERAL GENOMICS INC,GEN GENOMICS,6,2021,2024,T3_REVIEW,0
20792,GE,GENERAL ELECTRIC CO,GEN ELEC,GENERAL PLASTICS & COMPOSITES L P,GEN PLASTICS COMPOSITES L P,6,2016,2018,T3_REVIEW,0
20792,GE,GENERAL ELECTRIC CO,GEN ELEC,GENERAL SCIENT CORP,GEN SCIENT,6,2016,2020,T3_REVIEW,0
20792,GE,GENERAL ELECTRIC CO,GEN ELEC,GENERAL ENERGY RECOVERY INC,GEN ENERGY RECOVERY,6,2018,2024,T3_REVIEW,0
20792,GE,GENERAL ELECTRIC CO,GEN ELEC,GEN LASERTRONICS CORP,GEN LASERTRONICS,5,2011,2015,T3_REVIEW,0
20792,GE,GENERAL ELECTRIC CO,GEN ELEC,GENERAL MFG LLC,GEN MFG,5,2016,2019,T3_REVIEW,0
20792,GE,GENERAL ELECTRIC CO,GEN ELEC,GEN MILLS IP HOLDINGS II LLC,GEN MILLS IP HOLDINGS II,5,2010,2012,T3_REVIEW,0
20792,GE,GENERAL ELECTRIC CO,GEN ELEC,GEN PLASTICS & COMPOSITES L P,GEN PLASTICS COMPOSITES L P,5,2013,2015,T3_REVIEW,0
20792,GE,GENERAL ELECTRIC CO,GEN ELEC,THE GENERAL HOSPITAL CORP,GEN HOSPITAL,5,2023,2025,T3_REVIEW,0
20792,GE,GENERAL ELECTRIC CO,GEN ELEC,GEN NANOTECHNOLOGY LLC,GEN NANOTECHNOLOGY,5,2010,2011,T3_REVIEW,0
20792,GE,GENERAL ELECTRIC CO,GEN ELEC,GENERAL LED INC,GEN LED,4,2015,2017,T3_REVIEW,0
20792,GE,GENERAL ELECTRIC CO,GEN ELEC,GEN IP SINGAPORE PTE LTD AVAGO TECHNOLOGIES,GEN IP SINGAPORE PTE LTD AVAGO TECH,4,2012,2013,T3_REVIEW,0
20792,GE,GENERAL ELECTRIC CO,GEN ELEC,GENERAL ENGINEERING & RES L L C,GEN ENGINEERING RES L L C,4,2017,2020,T3_REVIEW,0
20792,GE,GENERAL ELECTRIC CO,GEN ELEC,GEN VORTEX ENERGY INC,GEN VORTEX ENERGY,4,2010,2011,T3_REVIEW,0
20792,GE,GENERAL ELECTRIC CO,GEN ELEC,GENERAL DYNAMICS OTS INC,GEN DYNAMICS OTS,4,2016,2020,T3_REVIEW,0
20792,GE,GENERAL ELECTRIC CO,GEN ELEC,GENERAL STARLIGHT CO INC,GEN STARLIGHT,4,2023,2025,T3_REVIEW,0
20792,GE,GENERAL ELECTRIC CO,GEN ELEC,GEN 9 INC,GEN 9,4,2010,2013,T3_REVIEW,0
20792,GE,GENERAL ELECTRIC CO,GEN ELEC,GENERAL HOSPITAL OF CHINESE PLA,GEN HOSPITAL OF CHINESE PLA,4,2020,2024,T3_REVIEW,0
20792,GE,GENERAL ELECTRIC CO,GEN ELEC,GENERAL WORKINGS INC,GEN WORKINGS,4,2018,2018,T3_REVIEW,0
20792,GE,GENERAL ELECTRIC CO,GEN ELEC,GENERAL DYNAMICS OTS CANADA INC,GEN DYNAMICS OTS CANADA,4,2014,2020,T3_REVIEW,0
20792,GE,GENERAL ELECTRIC CO,GEN ELEC,GEN CABLETECHNOLOGIES CORP,GEN CABLETECHNOLOGIES,4,2012,2014,T3_REVIEW,0
20792,GE,GENERAL ELECTRIC CO,GEN ELEC,GENERAL LED OPCO LLC,GEN LED OPCO,3,2018,2018,T3_REVIEW,0
20792,GE,GENERAL ELECTRIC CO,GEN ELEC,GENERAL LUMINAIRE KUNSHAN CO LTD,GEN LUMINAIRE KUNSHAN,3,2020,2022,T3_REVIEW,0
20792,GE,GENERAL ELECTRIC CO,GEN ELEC,GENERAL ACCESS SOLUTIONS LTD,GEN ACCESS SOLUTIONS,3,2016,2019,T3_REVIEW,0
20792,GE,GENERAL ELECTRIC CO,GEN ELEC,GENERAL TOOLS & INSTR COMPANY LLC,GEN TOOLS INSTR,3,2020,2024,T3_REVIEW,0
20792,GE,GENERAL ELECTRIC CO,GEN ELEC,GEN TOPICS SRL,GEN TOPICS,3,2013,2013,T3_REVIEW,0
20792,GE,GENERAL ELECTRIC CO,GEN ELEC,GENERAL TOOL INC,GEN TOOL,3,2018,2025,T3_REVIEW,0
20792,GE,GENERAL ELECTRIC CO,GEN ELEC,GEN HOSPITAL CORP D B A,GEN HOSPITAL CORP D B A,3,2011,2012,T3_REVIEW,0
20792,GE,GENERAL ELECTRIC CO,GEN ELEC,GENERAL LUMINAIRE SHANGHAI CO LTD,GEN LUMINAIRE SHANGHAI,3,2020,2022,T3_REVIEW,0
20792,GE,GENERAL ELECTRIC CO,GEN ELEC,GEN DYNAMICS LAND SYSTEMS CANADA CORP,GEN DYNAMICS LAND SYS CANADA,3,2010,2013,T3_REVIEW,0
20792,GE,GENERAL ELECTRIC CO,GEN ELEC,GENERAL ELECTRONIC COMPANY,GEN ELECTRONIC,3,2016,2017,T3_REVIEW,0
20792,GE,GENERAL ELECTRIC CO,GEN ELEC,GENERAL OPTO SOLUTIONS LLC,GEN OPTO SOLUTIONS,3,2016,2018,T3_REVIEW,0
20792,GE,GENERAL ELECTRIC CO,GEN ELEC,GEN MEMS CORP,GEN MEMS,3,2010,2012,T3_REVIEW,0
20792,GE,GENERAL ELECTRIC CO,GEN ELEC,GEN DYNAMICS OTS INC,GEN DYNAMICS OTS,3,2013,2014,T3_REVIEW,0
20792,GE,GENERAL ELECTRIC CO,GEN ELEC,GEN TECH INC,GEN TECH,3,2025,2025,T3_REVIEW,0
20792,GE,GENERAL ELECTRIC CO,GEN ELEC,GENERAL MEDICAL MERATE S P A,GEN MEDICAL MERATE S P A,3,2018,2020,T3_REVIEW,0
20792,GE,GENERAL ELECTRIC CO,GEN ELEC,GEN DOWNHOLE TECHNOLOGIES LTD,GEN DOWNHOLE TECH,3,2013,2016,T3_REVIEW,0
20792,GE,GENERAL ELECTRIC CO,GEN ELEC,GENERAL INCORPORATED ASS THE JAPAN MULTINATIONAL TRIAL ORGANIZATION,GEN INCORPORATED ASS THE JAPAN MULTINATIONAL TRIAL ORGANIZATION,3,2020,2023,T3_REVIEW,0
20792,GE,GENERAL ELECTRIC CO,GEN ELEC,GEN PLASTICS & COMPOSITES LP,GEN PLASTICS COMPOSITES,3,2010,2012,T3_REVIEW,0
20792,GE,GENERAL ELECTRIC CO,GEN ELEC,GEN PATENT LLC,GEN PATENT,3,2012,2013,T3_REVIEW,0
20792,GE,GENERAL ELECTRIC CO,GEN ELEC,GENERAL DYNAMICS LAND SYSTEMS CANADA CORP D B A GENERAL DYNAMICS MISSION SYSTEMS CANADA,GEN DYNAMICS LAND SYS CANADA CORP D B A GEN DYNAMICS MISSION SYS CANADA,3,2019,2022,T3_REVIEW,0
20792,GE,GENERAL ELECTRIC CO,GEN ELEC,GENERAL SCIENT CORPORATION,GEN SCIENT,3,2016,2020,T3_REVIEW,0
20792,GE,GENERAL ELECTRIC CO,GEN ELEC,GEN ROYALTY CAPITAL COMPANY,GEN ROYALTY CAPITAL,3,2010,2010,T3_REVIEW,0
20792,GE,GENERAL ELECTRIC CO,GEN ELEC,Gen Pharma Holdings LLC,GEN PHARMA,3,2015,2017,T3_REVIEW,0
20792,GE,GENERAL ELECTRIC CO,GEN ELEC,GENERAL LUMINAIRE CO LTD,GEN LUMINAIRE,3,2020,2022,T3_REVIEW,0
20792,GE,GENERAL ELECTRIC CO,GEN ELEC,General Recycled,GEN RECYCLED,3,2017,2023,T3_REVIEW,0
20792,GE,GENERAL ELECTRIC CO,GEN ELEC,THE GENERAL HOSPTIAL CORP,GEN HOSPTIAL,3,2014,2016,T3_REVIEW,0
11300,GILD,GILEAD SCIENCES INC,GILEAD SCIENT,GILEAD PHARMASSET LLC,GILEAD PHARMASSET,86,2012,2021,T3_REVIEW,0
11300,GILD,GILEAD SCIENCES INC,GILEAD SCIENT,GILEAD CONNECTICUT INC,GILEAD CONNECTICUT,31,2011,2018,T3_REVIEW,0
11300,GILD,GILEAD SCIENCES INC,GILEAD SCIENT,GILEAD CALISTOGA LLC,GILEAD CALISTOGA,28,2010,2020,T3_REVIEW,0
11300,GILD,GILEAD SCIENCES INC,GILEAD SCIENT,GILEAD BIOLOGICS INC,GILEAD BIOLOGICS,27,2011,2020,T3_REVIEW,0
11300,GILD,GILEAD SCIENCES INC,GILEAD SCIENT,GILEAD APOLLO LLC,GILEAD APOLLO,19,2016,2021,T3_REVIEW,0
11300,GILD,GILEAD SCIENCES INC,GILEAD SCIENT,GILEAD PALO ALTO INC,GILEAD PALO ALTO,15,2010,2010,T3_REVIEW,0
20798,GIS,GENERAL MILLS INC,GEN MILLS,GEN ELECTRIC,GEN ELEC,23212,2010,2025,T3_REVIEW,0
20798,GIS,GENERAL MILLS INC,GEN MILLS,GEN HOSPITAL CORP,GEN HOSPITAL,772,2010,2016,T3_REVIEW,0
20798,GIS,GENERAL MILLS INC,GEN MILLS,GEN PROBE INC,GEN PROBE,570,2010,2025,T3_REVIEW,0
20798,GIS,GENERAL MILLS INC,GEN MILLS,GENERAL ELECTRIC TECHNOLOGY GMBH,GEN ELEC TECH,548,2013,2024,T3_REVIEW,0
20798,GIS,GENERAL MILLS INC,GEN MILLS,GEN INSTRUMENT CORP,GEN INSTRUMENT,518,2010,2014,T3_REVIEW,0
20798,GIS,GENERAL MILLS INC,GEN MILLS,GEN MOTORS LLC,GEN MOTORS,401,2010,2021,T3_REVIEW,0
20798,GIS,GENERAL MILLS INC,GEN MILLS,GENERAL ELECTRIC RENOVABLES ESPANA SL,GEN ELEC RENOVABLES ESPANA SL,206,2018,2024,T3_REVIEW,0
20798,GIS,GENERAL MILLS INC,GEN MILLS,GENERAL INTERFACE SOLUTION LTD,GEN INTERFACE SOLUTION,199,2015,2024,T3_REVIEW,0
20798,GIS,GENERAL MILLS INC,GEN MILLS,GEN CABLE TECHNOLOGIES CORP,GEN CABLE TECH,113,2010,2023,T3_REVIEW,0
20798,GIS,GENERAL MILLS INC,GEN MILLS,GENERAL ELECTRIC COMPANY POLSKA SP ZOO,GEN ELEC COMPANY POLSKA SP ZOO,81,2018,2025,T3_REVIEW,0
20798,GIS,GENERAL MILLS INC,GEN MILLS,GENERAL ELECTRIC DEUTSCHLAND HOLDING GMBH,GEN ELEC DEUTSCHLAND,61,2021,2025,T3_REVIEW,0
20798,GIS,GENERAL MILLS INC,GEN MILLS,THE GENERAL HOSPITAL CORP D/B/A MASSACHUSETTS GENERAL HOSPITAL,GEN HOSPITAL CORP D B A MASSACHUSETTS GEN HOSPITAL,60,2015,2024,T3_REVIEW,0
20798,GIS,GENERAL MILLS INC,GEN MILLS,GENERAL DYNAMICS MISSION SYSTEMS INC,GEN DYNAMICS MISSION SYS,54,2016,2024,T3_REVIEW,0
20798,GIS,GENERAL MILLS INC,GEN MILLS,GEN ELECTRIC TECHNOLOGY GMBH,GEN ELEC TECH,39,2014,2016,T3_REVIEW,0
20798,GIS,GENERAL MILLS INC,GEN MILLS,GENERAL ATOMICS,GEN ATOMICS,36,2012,2023,T3_REVIEW,0
20798,GIS,GENERAL MILLS INC,GEN MILLS,GEN ATOMICS,GEN ATOMICS,33,2010,2015,T3_REVIEW,0
20798,GIS,GENERAL MILLS INC,GEN MILLS,GEN PLASTIC IND CO LTD,GEN PLASTIC IND,31,2013,2023,T3_REVIEW,0
20798,GIS,GENERAL MILLS INC,GEN MILLS,GEN INTERFACE SOLUTION LTD,GEN INTERFACE SOLUTION,27,2014,2015,T3_REVIEW,0
20798,GIS,GENERAL MILLS INC,GEN MILLS,GEN COMPRESSION INC,GEN COMPRESSION,24,2010,2015,T3_REVIEW,0
20798,GIS,GENERAL MILLS INC,GEN MILLS,GEN EQUIPMENT & MFG CO INC DBA TOPWORX INC,GEN EQUIP MFG CO INC DBA TOPWORX,22,2011,2015,T3_REVIEW,0
20798,GIS,GENERAL MILLS INC,GEN MILLS,GEN AUTOMATION LAB TECH INC,GEN AUTOMATION LAB TECH,22,2017,2021,T3_REVIEW,0
20798,GIS,GENERAL MILLS INC,GEN MILLS,GEN KINEMATICS CORP,GEN KINEMATICS,22,2010,2025,T3_REVIEW,0
20798,GIS,GENERAL MILLS INC,GEN MILLS,GEN DIGITAL INC,GEN DIGITAL,21,2020,2025,T3_REVIEW,0
20798,GIS,GENERAL MILLS INC,GEN MILLS,GEN DYNAMICS C4 SYSTEMS INC,GEN DYNAMICS C4 SYS,19,2010,2016,T3_REVIEW,0
20798,GIS,GENERAL MILLS INC,GEN MILLS,GENERAL FUSION INC,GEN FUSION,19,2015,2023,T3_REVIEW,0
20798,GIS,GENERAL MILLS INC,GEN MILLS,GENERAL ATOMICS AERONAUTICAL SYSTEMS INC,GEN ATOMICS AERONAUTICAL SYS,18,2017,2024,T3_REVIEW,0
20798,GIS,GENERAL MILLS INC,GEN MILLS,THE GENERAL HOSPITAL CORP DBA MASSACHUSETTS GENERAL HOSPITAL,GEN HOSPITAL CORP DBA MASSACHUSETTS GEN HOSPITAL,18,2014,2024,T3_REVIEW,0
20798,GIS,GENERAL MILLS INC,GEN MILLS,GEN DYNAMICS BROADBAND INC,GEN DYNAMICS BROADBAND,17,2012,2014,T3_REVIEW,0
20798,GIS,GENERAL MILLS INC,GEN MILLS,GEN Y CREATIONS LLC,GEN Y CREATIONS,17,2020,2025,T3_REVIEW,0
20798,GIS,GENERAL MILLS INC,GEN MILLS,GEN DYNAMICS ADVANCED INF SYS,GEN DYNAMICS ADVANCED INF SYS,16,2010,2014,T3_REVIEW,0
20798,GIS,GENERAL MILLS INC,GEN MILLS,GEN CO LTD,GEN,15,2012,2025,T3_REVIEW,0
20798,GIS,GENERAL MILLS INC,GEN MILLS,GEN ELECTRONIC CO,GEN ELECTRONIC,14,2010,2014,T3_REVIEW,0
20798,GIS,GENERAL MILLS INC,GEN MILLS,GEN DYNAMICS ORDNANCE & TACTIC,GEN DYNAMICS ORDNANCE TACTIC,14,2011,2025,T3_REVIEW,0
20798,GIS,GENERAL MILLS INC,GEN MILLS,GENERAL RADAR CORP,GEN RADAR,14,2017,2024,T3_REVIEW,0
20798,GIS,GENERAL MILLS INC,GEN MILLS,GENERAL TEST SYSTEMS INC,GEN TEST SYS,14,2015,2022,T3_REVIEW,0
20798,GIS,GENERAL MILLS INC,GEN MILLS,GENERAL EQUIPMENT AND MFG COMPANY INC D/B/A TOPWORX INC,GEN EQUIP AND MFG COMPANY INC D B A TOPWORX,14,2016,2023,T3_REVIEW,0
20798,GIS,GENERAL MILLS INC,GEN MILLS,GENERAL VIBRATION CORP,GEN VIBRATION,14,2014,2024,T3_REVIEW,0
20798,GIS,GENERAL MILLS INC,GEN MILLS,GENERAL NANO LLC,GEN NANO,12,2015,2024,T3_REVIEW,0
20798,GIS,GENERAL MILLS INC,GEN MILLS,GENERAL CABLE TECH CORP,GEN CABLE TECH,12,2016,2017,T3_REVIEW,0
20798,GIS,GENERAL MILLS INC,GEN MILLS,GEN DYNAMICS ARMAMENT & TECH,GEN DYNAMICS ARMAMENT TECH,11,2010,2013,T3_REVIEW,0
20798,GIS,GENERAL MILLS INC,GEN MILLS,GEN HOSPITAL CORP DBA MASSACHUSETTS GENERAL HOSPITAL,GEN HOSPITAL CORP DBA MASSACHUSETTS GEN HOSPITAL,11,2012,2015,T3_REVIEW,0
20798,GIS,GENERAL MILLS INC,GEN MILLS,GEN RES INST NONFERROUS METALS,GEN RES INST NONFERROUS METALS,10,2010,2018,T3_REVIEW,0
20798,GIS,GENERAL MILLS INC,GEN MILLS,GEN FUSION INC,GEN FUSION,10,2010,2016,T3_REVIEW,0
20798,GIS,GENERAL MILLS INC,GEN MILLS,GENERAL ELECTRIC COMPANY,GEN ELEC,9,2024,2025,T3_REVIEW,0
20798,GIS,GENERAL MILLS INC,GEN MILLS,GENERAL GRAPHENE CORP,GEN GRAPHENE,9,2022,2022,T3_REVIEW,0
20798,GIS,GENERAL MILLS INC,GEN MILLS,GEN PROBE PRODESSE INC,GEN PROBE PRODESSE,9,2013,2022,T3_REVIEW,0
20798,GIS,GENERAL MILLS INC,GEN MILLS,GENERAL PACKER CO LTD,GEN PACKER,9,2016,2021,T3_REVIEW,0
20798,GIS,GENERAL MILLS INC,GEN MILLS,GEN SCIENTIFIC CORP,GEN SCIENT,9,2010,2014,T3_REVIEW,0
20798,GIS,GENERAL MILLS INC,GEN MILLS,GEN CYBERNATION GROUP INC,GEN CYBERNATION,8,2010,2014,T3_REVIEW,0
20798,GIS,GENERAL MILLS INC,GEN MILLS,GEN BISCUIT,GEN BISCUIT,8,2012,2014,T3_REVIEW,0
20798,GIS,GENERAL MILLS INC,GEN MILLS,GENERAL PHOTONICS CORP,GEN PHOTONICS,8,2015,2018,T3_REVIEW,0
20798,GIS,GENERAL MILLS INC,GEN MILLS,GEN MOTORS CORP,GEN MOTORS,8,2010,2022,T3_REVIEW,0
20798,GIS,GENERAL MILLS INC,GEN MILLS,GEN PHOTONICS CORP,GEN PHOTONICS,8,2010,2015,T3_REVIEW,0
20798,GIS,GENERAL MILLS INC,GEN MILLS,GENERAL CAPACITOR LLC,GEN CAPACITOR,8,2015,2021,T3_REVIEW,0
20798,GIS,GENERAL MILLS INC,GEN MILLS,GEN MONITORS,GEN MONITORS,8,2013,2017,T3_REVIEW,0
20798,GIS,GENERAL MILLS INC,GEN MILLS,GENERAL INCORPORATED ASS PHARMA VALLEY PROJECT SUPPORTING ORGANIZATION,GEN INCORPORATED ASS PHARMA VALLEY PROJECT SUPPORTING ORGANIZATION,8,2016,2024,T3_REVIEW,0
20798,GIS,GENERAL MILLS INC,GEN MILLS,GENERAL EQUIPMENT FOR MEDICAL IMAGING S A,GEN EQUIP FOR MEDICAL IMAGING S A,8,2017,2024,T3_REVIEW,0
20798,GIS,GENERAL MILLS INC,GEN MILLS,GENERAL INSPECTION LLC,GEN INSPECTION,8,2019,2025,T3_REVIEW,0
20798,GIS,GENERAL MILLS INC,GEN MILLS,GENERAL FIBRE PRODUCTS CORP,GEN FIBRE PRODUCTS,7,2020,2025,T3_REVIEW,0
20798,GIS,GENERAL MILLS INC,GEN MILLS,GENERAL DOWNHOLE TOOLS LTD,GEN DOWNHOLE TOOLS,7,2020,2024,T3_REVIEW,0
20798,GIS,GENERAL MILLS INC,GEN MILLS,GEN ELECTRIC COMPANY GLOBAL RES,GEN ELEC COMPANY GLOBAL RES,7,2010,2015,T3_REVIEW,0
20798,GIS,GENERAL MILLS INC,GEN MILLS,GEN FOAM PLASTICS CORP,GEN FOAM PLASTICS,7,2010,2016,T3_REVIEW,0
20798,GIS,GENERAL MILLS INC,GEN MILLS,GENERAL BIOLOGICALS CORP,GEN BIOLOGICALS,7,2016,2025,T3_REVIEW,0
20798,GIS,GENERAL MILLS INC,GEN MILLS,GEN LUMINAIRE CO LTD,GEN LUMINAIRE,7,2012,2014,T3_REVIEW,0
20798,GIS,GENERAL MILLS INC,GEN MILLS,GENERAL PLASMA INC,GEN PLASMA,6,2015,2018,T3_REVIEW,0
20798,GIS,GENERAL MILLS INC,GEN MILLS,GENERAL CYBERNATION GROUP INC,GEN CYBERNATION,6,2022,2024,T3_REVIEW,0
20798,GIS,GENERAL MILLS INC,GEN MILLS,GEN PACKER CO LTD,GEN PACKER,6,2012,2015,T3_REVIEW,0
20798,GIS,GENERAL MILLS INC,GEN MILLS,GENERAL SASCHA,GEN SASCHA,6,2010,2010,T3_REVIEW,0
20798,GIS,GENERAL MILLS INC,GEN MILLS,GEN PROTECHT GROUP INC,GEN PROTECHT,6,2010,2011,T3_REVIEW,0
20798,GIS,GENERAL MILLS INC,GEN MILLS,GENERAL LASERTRONICS CORP,GEN LASERTRONICS,6,2016,2023,T3_REVIEW,0
20798,GIS,GENERAL MILLS INC,GEN MILLS,GENERAL AVIATION MODIFICATIONS INC,GEN AVIATION MODIFICATIONS,6,2017,2024,T3_REVIEW,0
20798,GIS,GENERAL MILLS INC,GEN MILLS,GENERAL ONCOLOGY INC,GEN ONCOLOGY,6,2016,2024,T3_REVIEW,0
20798,GIS,GENERAL MILLS INC,GEN MILLS,GEN LED INC,GEN LED,6,2012,2015,T3_REVIEW,0
20798,GIS,GENERAL MILLS INC,GEN MILLS,GENERAL LIGHTING ELECTRONIC CO LTD,GEN LIGHTING ELECTRONIC,6,2019,2024,T3_REVIEW,0
20798,GIS,GENERAL MILLS INC,GEN MILLS,GEN PLASMA INC,GEN PLASMA,6,2011,2015,T3_REVIEW,0
20798,GIS,GENERAL MILLS INC,GEN MILLS,GENERAL GENOMICS INC,GEN GENOMICS,6,2021,2024,T3_REVIEW,0
20798,GIS,GENERAL MILLS INC,GEN MILLS,GENERAL PLASTICS & COMPOSITES L P,GEN PLASTICS COMPOSITES L P,6,2016,2018,T3_REVIEW,0
20798,GIS,GENERAL MILLS INC,GEN MILLS,GENERAL SCIENT CORP,GEN SCIENT,6,2016,2020,T3_REVIEW,0
20798,GIS,GENERAL MILLS INC,GEN MILLS,GENERAL ENERGY RECOVERY INC,GEN ENERGY RECOVERY,6,2018,2024,T3_REVIEW,0
20798,GIS,GENERAL MILLS INC,GEN MILLS,GEN LASERTRONICS CORP,GEN LASERTRONICS,5,2011,2015,T3_REVIEW,0
20798,GIS,GENERAL MILLS INC,GEN MILLS,GENERAL MFG LLC,GEN MFG,5,2016,2019,T3_REVIEW,0
20798,GIS,GENERAL MILLS INC,GEN MILLS,GEN PLASTICS & COMPOSITES L P,GEN PLASTICS COMPOSITES L P,5,2013,2015,T3_REVIEW,0
20798,GIS,GENERAL MILLS INC,GEN MILLS,THE GENERAL HOSPITAL CORP,GEN HOSPITAL,5,2023,2025,T3_REVIEW,0
20798,GIS,GENERAL MILLS INC,GEN MILLS,GEN NANOTECHNOLOGY LLC,GEN NANOTECHNOLOGY,5,2010,2011,T3_REVIEW,0
20798,GIS,GENERAL MILLS INC,GEN MILLS,GENERAL LED INC,GEN LED,4,2015,2017,T3_REVIEW,0
20798,GIS,GENERAL MILLS INC,GEN MILLS,GEN IP SINGAPORE PTE LTD AVAGO TECHNOLOGIES,GEN IP SINGAPORE PTE LTD AVAGO TECH,4,2012,2013,T3_REVIEW,0
20798,GIS,GENERAL MILLS INC,GEN MILLS,GENERAL ENGINEERING & RES L L C,GEN ENGINEERING RES L L C,4,2017,2020,T3_REVIEW,0
20798,GIS,GENERAL MILLS INC,GEN MILLS,GEN VORTEX ENERGY INC,GEN VORTEX ENERGY,4,2010,2011,T3_REVIEW,0
20798,GIS,GENERAL MILLS INC,GEN MILLS,GENERAL DYNAMICS OTS INC,GEN DYNAMICS OTS,4,2016,2020,T3_REVIEW,0
20798,GIS,GENERAL MILLS INC,GEN MILLS,GENERAL STARLIGHT CO INC,GEN STARLIGHT,4,2023,2025,T3_REVIEW,0
20798,GIS,GENERAL MILLS INC,GEN MILLS,GEN 9 INC,GEN 9,4,2010,2013,T3_REVIEW,0
20798,GIS,GENERAL MILLS INC,GEN MILLS,GENERAL HOSPITAL OF CHINESE PLA,GEN HOSPITAL OF CHINESE PLA,4,2020,2024,T3_REVIEW,0
20798,GIS,GENERAL MILLS INC,GEN MILLS,GENERAL WORKINGS INC,GEN WORKINGS,4,2018,2018,T3_REVIEW,0
20798,GIS,GENERAL MILLS INC,GEN MILLS,GENERAL DYNAMICS OTS CANADA INC,GEN DYNAMICS OTS CANADA,4,2014,2020,T3_REVIEW,0
20798,GIS,GENERAL MILLS INC,GEN MILLS,GEN CABLETECHNOLOGIES CORP,GEN CABLETECHNOLOGIES,4,2012,2014,T3_REVIEW,0
20798,GIS,GENERAL MILLS INC,GEN MILLS,GENERAL ELECTRIC COMPNAY,GEN ELEC COMPNAY,3,2015,2022,T3_REVIEW,0
20798,GIS,GENERAL MILLS INC,GEN MILLS,GENERAL ELECTRIC COMANY,GEN ELEC COMANY,3,2015,2018,T3_REVIEW,0
20798,GIS,GENERAL MILLS INC,GEN MILLS,GENERAL LED OPCO LLC,GEN LED OPCO,3,2018,2018,T3_REVIEW,0
20798,GIS,GENERAL MILLS INC,GEN MILLS,GENERAL LUMINAIRE KUNSHAN CO LTD,GEN LUMINAIRE KUNSHAN,3,2020,2022,T3_REVIEW,0
20798,GIS,GENERAL MILLS INC,GEN MILLS,GENERAL ACCESS SOLUTIONS LTD,GEN ACCESS SOLUTIONS,3,2016,2019,T3_REVIEW,0
20798,GIS,GENERAL MILLS INC,GEN MILLS,GENERAL TOOLS & INSTR COMPANY LLC,GEN TOOLS INSTR,3,2020,2024,T3_REVIEW,0
20798,GIS,GENERAL MILLS INC,GEN MILLS,GEN TOPICS SRL,GEN TOPICS,3,2013,2013,T3_REVIEW,0
20798,GIS,GENERAL MILLS INC,GEN MILLS,GENERAL TOOL INC,GEN TOOL,3,2018,2025,T3_REVIEW,0
20798,GIS,GENERAL MILLS INC,GEN MILLS,GENERAL ELECTRIC COMPANY POLSKA SP ZO O,GEN ELEC COMPANY POLSKA SP ZO O,3,2018,2018,T3_REVIEW,0
20798,GIS,GENERAL MILLS INC,GEN MILLS,GEN HOSPITAL CORP D B A,GEN HOSPITAL CORP D B A,3,2011,2012,T3_REVIEW,0
20798,GIS,GENERAL MILLS INC,GEN MILLS,GENERAL LUMINAIRE SHANGHAI CO LTD,GEN LUMINAIRE SHANGHAI,3,2020,2022,T3_REVIEW,0
20798,GIS,GENERAL MILLS INC,GEN MILLS,GEN DYNAMICS LAND SYSTEMS CANADA CORP,GEN DYNAMICS LAND SYS CANADA,3,2010,2013,T3_REVIEW,0
20798,GIS,GENERAL MILLS INC,GEN MILLS,GENERAL ELECTRONIC COMPANY,GEN ELECTRONIC,3,2016,2017,T3_REVIEW,0
20798,GIS,GENERAL MILLS INC,GEN MILLS,GENERAL OPTO SOLUTIONS LLC,GEN OPTO SOLUTIONS,3,2016,2018,T3_REVIEW,0
20798,GIS,GENERAL MILLS INC,GEN MILLS,GEN MEMS CORP,GEN MEMS,3,2010,2012,T3_REVIEW,0
20798,GIS,GENERAL MILLS INC,GEN MILLS,GEN DYNAMICS OTS INC,GEN DYNAMICS OTS,3,2013,2014,T3_REVIEW,0
20798,GIS,GENERAL MILLS INC,GEN MILLS,GEN TECH INC,GEN TECH,3,2025,2025,T3_REVIEW,0
20798,GIS,GENERAL MILLS INC,GEN MILLS,GENERAL MEDICAL MERATE S P A,GEN MEDICAL MERATE S P A,3,2018,2020,T3_REVIEW,0
20798,GIS,GENERAL MILLS INC,GEN MILLS,GEN DOWNHOLE TECHNOLOGIES LTD,GEN DOWNHOLE TECH,3,2013,2016,T3_REVIEW,0
20798,GIS,GENERAL MILLS INC,GEN MILLS,GENERAL INCORPORATED ASS THE JAPAN MULTINATIONAL TRIAL ORGANIZATION,GEN INCORPORATED ASS THE JAPAN MULTINATIONAL TRIAL ORGANIZATION,3,2020,2023,T3_REVIEW,0
20798,GIS,GENERAL MILLS INC,GEN MILLS,GEN PLASTICS & COMPOSITES LP,GEN PLASTICS COMPOSITES,3,2010,2012,T3_REVIEW,0
20798,GIS,GENERAL MILLS INC,GEN MILLS,GEN PATENT LLC,GEN PATENT,3,2012,2013,T3_REVIEW,0
20798,GIS,GENERAL MILLS INC,GEN MILLS,GENERAL DYNAMICS LAND SYSTEMS CANADA CORP D B A GENERAL DYNAMICS MISSION SYSTEMS CANADA,GEN DYNAMICS LAND SYS CANADA CORP D B A GEN DYNAMICS MISSION SYS CANADA,3,2019,2022,T3_REVIEW,0
20798,GIS,GENERAL MILLS INC,GEN MILLS,GENERAL SCIENT CORPORATION,GEN SCIENT,3,2016,2020,T3_REVIEW,0
20798,GIS,GENERAL MILLS INC,GEN MILLS,GEN ROYALTY CAPITAL COMPANY,GEN ROYALTY CAPITAL,3,2010,2010,T3_REVIEW,0
20798,GIS,GENERAL MILLS INC,GEN MILLS,Gen Pharma Holdings LLC,GEN PHARMA,3,2015,2017,T3_REVIEW,0
20798,GIS,GENERAL MILLS INC,GEN MILLS,GENERAL LUMINAIRE CO LTD,GEN LUMINAIRE,3,2020,2022,T3_REVIEW,0
20798,GIS,GENERAL MILLS INC,GEN MILLS,General Recycled,GEN RECYCLED,3,2017,2023,T3_REVIEW,0
20798,GIS,GENERAL MILLS INC,GEN MILLS,THE GENERAL HOSPTIAL CORP,GEN HOSPTIAL,3,2014,2016,T3_REVIEW,0
53554,GM,GENERAL MOTORS CO,GEN MOTORS,GEN ELECTRIC,GEN ELEC,23212,2010,2025,T3_REVIEW,0
53554,GM,GENERAL MOTORS CO,GEN MOTORS,GEN HOSPITAL CORP,GEN HOSPITAL,772,2010,2016,T3_REVIEW,0
53554,GM,GENERAL MOTORS CO,GEN MOTORS,GEN PROBE INC,GEN PROBE,570,2010,2025,T3_REVIEW,0
53554,GM,GENERAL MOTORS CO,GEN MOTORS,GENERAL ELECTRIC TECHNOLOGY GMBH,GEN ELEC TECH,548,2013,2024,T3_REVIEW,0
53554,GM,GENERAL MOTORS CO,GEN MOTORS,GEN INSTRUMENT CORP,GEN INSTRUMENT,518,2010,2014,T3_REVIEW,0
53554,GM,GENERAL MOTORS CO,GEN MOTORS,GEN MILLS INC,GEN MILLS,344,2010,2025,T3_REVIEW,0
53554,GM,GENERAL MOTORS CO,GEN MOTORS,GENERAL ELECTRIC RENOVABLES ESPANA SL,GEN ELEC RENOVABLES ESPANA SL,206,2018,2024,T3_REVIEW,0
53554,GM,GENERAL MOTORS CO,GEN MOTORS,GENERAL INTERFACE SOLUTION LTD,GEN INTERFACE SOLUTION,199,2015,2024,T3_REVIEW,0
53554,GM,GENERAL MOTORS CO,GEN MOTORS,GEN CABLE TECHNOLOGIES CORP,GEN CABLE TECH,113,2010,2023,T3_REVIEW,0
53554,GM,GENERAL MOTORS CO,GEN MOTORS,GENERAL ELECTRIC COMPANY POLSKA SP ZOO,GEN ELEC COMPANY POLSKA SP ZOO,81,2018,2025,T3_REVIEW,0
53554,GM,GENERAL MOTORS CO,GEN MOTORS,GENERAL ELECTRIC DEUTSCHLAND HOLDING GMBH,GEN ELEC DEUTSCHLAND,61,2021,2025,T3_REVIEW,0
53554,GM,GENERAL MOTORS CO,GEN MOTORS,THE GENERAL HOSPITAL CORP D/B/A MASSACHUSETTS GENERAL HOSPITAL,GEN HOSPITAL CORP D B A MASSACHUSETTS GEN HOSPITAL,60,2015,2024,T3_REVIEW,0
53554,GM,GENERAL MOTORS CO,GEN MOTORS,GENERAL DYNAMICS MISSION SYSTEMS INC,GEN DYNAMICS MISSION SYS,54,2016,2024,T3_REVIEW,0
53554,GM,GENERAL MOTORS CO,GEN MOTORS,GEN ELECTRIC TECHNOLOGY GMBH,GEN ELEC TECH,39,2014,2016,T3_REVIEW,0
53554,GM,GENERAL MOTORS CO,GEN MOTORS,GENERAL ATOMICS,GEN ATOMICS,36,2012,2023,T3_REVIEW,0
53554,GM,GENERAL MOTORS CO,GEN MOTORS,GEN ATOMICS,GEN ATOMICS,33,2010,2015,T3_REVIEW,0
53554,GM,GENERAL MOTORS CO,GEN MOTORS,GEN PLASTIC IND CO LTD,GEN PLASTIC IND,31,2013,2023,T3_REVIEW,0
53554,GM,GENERAL MOTORS CO,GEN MOTORS,GEN INTERFACE SOLUTION LTD,GEN INTERFACE SOLUTION,27,2014,2015,T3_REVIEW,0
53554,GM,GENERAL MOTORS CO,GEN MOTORS,GEN COMPRESSION INC,GEN COMPRESSION,24,2010,2015,T3_REVIEW,0
53554,GM,GENERAL MOTORS CO,GEN MOTORS,GEN EQUIPMENT & MFG CO INC DBA TOPWORX INC,GEN EQUIP MFG CO INC DBA TOPWORX,22,2011,2015,T3_REVIEW,0
53554,GM,GENERAL MOTORS CO,GEN MOTORS,GEN AUTOMATION LAB TECH INC,GEN AUTOMATION LAB TECH,22,2017,2021,T3_REVIEW,0
53554,GM,GENERAL MOTORS CO,GEN MOTORS,GEN KINEMATICS CORP,GEN KINEMATICS,22,2010,2025,T3_REVIEW,0
53554,GM,GENERAL MOTORS CO,GEN MOTORS,GEN DIGITAL INC,GEN DIGITAL,21,2020,2025,T3_REVIEW,0
53554,GM,GENERAL MOTORS CO,GEN MOTORS,GEN DYNAMICS C4 SYSTEMS INC,GEN DYNAMICS C4 SYS,19,2010,2016,T3_REVIEW,0
53554,GM,GENERAL MOTORS CO,GEN MOTORS,GENERAL FUSION INC,GEN FUSION,19,2015,2023,T3_REVIEW,0
53554,GM,GENERAL MOTORS CO,GEN MOTORS,GENERAL ATOMICS AERONAUTICAL SYSTEMS INC,GEN ATOMICS AERONAUTICAL SYS,18,2017,2024,T3_REVIEW,0
53554,GM,GENERAL MOTORS CO,GEN MOTORS,THE GENERAL HOSPITAL CORP DBA MASSACHUSETTS GENERAL HOSPITAL,GEN HOSPITAL CORP DBA MASSACHUSETTS GEN HOSPITAL,18,2014,2024,T3_REVIEW,0
53554,GM,GENERAL MOTORS CO,GEN MOTORS,GEN DYNAMICS BROADBAND INC,GEN DYNAMICS BROADBAND,17,2012,2014,T3_REVIEW,0
53554,GM,GENERAL MOTORS CO,GEN MOTORS,GEN Y CREATIONS LLC,GEN Y CREATIONS,17,2020,2025,T3_REVIEW,0
53554,GM,GENERAL MOTORS CO,GEN MOTORS,GEN DYNAMICS ADVANCED INF SYS,GEN DYNAMICS ADVANCED INF SYS,16,2010,2014,T3_REVIEW,0
53554,GM,GENERAL MOTORS CO,GEN MOTORS,GEN CO LTD,GEN,15,2012,2025,T3_REVIEW,0
53554,GM,GENERAL MOTORS CO,GEN MOTORS,GEN ELECTRONIC CO,GEN ELECTRONIC,14,2010,2014,T3_REVIEW,0
53554,GM,GENERAL MOTORS CO,GEN MOTORS,GEN DYNAMICS ORDNANCE & TACTIC,GEN DYNAMICS ORDNANCE TACTIC,14,2011,2025,T3_REVIEW,0
53554,GM,GENERAL MOTORS CO,GEN MOTORS,GENERAL RADAR CORP,GEN RADAR,14,2017,2024,T3_REVIEW,0
53554,GM,GENERAL MOTORS CO,GEN MOTORS,GENERAL TEST SYSTEMS INC,GEN TEST SYS,14,2015,2022,T3_REVIEW,0
53554,GM,GENERAL MOTORS CO,GEN MOTORS,GENERAL EQUIPMENT AND MFG COMPANY INC D/B/A TOPWORX INC,GEN EQUIP AND MFG COMPANY INC D B A TOPWORX,14,2016,2023,T3_REVIEW,0
53554,GM,GENERAL MOTORS CO,GEN MOTORS,GENERAL VIBRATION CORP,GEN VIBRATION,14,2014,2024,T3_REVIEW,0
53554,GM,GENERAL MOTORS CO,GEN MOTORS,GENERAL NANO LLC,GEN NANO,12,2015,2024,T3_REVIEW,0
53554,GM,GENERAL MOTORS CO,GEN MOTORS,GENERAL CABLE TECH CORP,GEN CABLE TECH,12,2016,2017,T3_REVIEW,0
53554,GM,GENERAL MOTORS CO,GEN MOTORS,GEN DYNAMICS ARMAMENT & TECH,GEN DYNAMICS ARMAMENT TECH,11,2010,2013,T3_REVIEW,0
53554,GM,GENERAL MOTORS CO,GEN MOTORS,GEN HOSPITAL CORP DBA MASSACHUSETTS GENERAL HOSPITAL,GEN HOSPITAL CORP DBA MASSACHUSETTS GEN HOSPITAL,11,2012,2015,T3_REVIEW,0
53554,GM,GENERAL MOTORS CO,GEN MOTORS,GEN RES INST NONFERROUS METALS,GEN RES INST NONFERROUS METALS,10,2010,2018,T3_REVIEW,0
53554,GM,GENERAL MOTORS CO,GEN MOTORS,GEN FUSION INC,GEN FUSION,10,2010,2016,T3_REVIEW,0
53554,GM,GENERAL MOTORS CO,GEN MOTORS,GENERAL ELECTRIC COMPANY,GEN ELEC,9,2024,2025,T3_REVIEW,0
53554,GM,GENERAL MOTORS CO,GEN MOTORS,GENERAL GRAPHENE CORP,GEN GRAPHENE,9,2022,2022,T3_REVIEW,0
53554,GM,GENERAL MOTORS CO,GEN MOTORS,GEN PROBE PRODESSE INC,GEN PROBE PRODESSE,9,2013,2022,T3_REVIEW,0
53554,GM,GENERAL MOTORS CO,GEN MOTORS,GENERAL PACKER CO LTD,GEN PACKER,9,2016,2021,T3_REVIEW,0
53554,GM,GENERAL MOTORS CO,GEN MOTORS,GEN SCIENTIFIC CORP,GEN SCIENT,9,2010,2014,T3_REVIEW,0
53554,GM,GENERAL MOTORS CO,GEN MOTORS,GEN CYBERNATION GROUP INC,GEN CYBERNATION,8,2010,2014,T3_REVIEW,0
53554,GM,GENERAL MOTORS CO,GEN MOTORS,GEN BISCUIT,GEN BISCUIT,8,2012,2014,T3_REVIEW,0
53554,GM,GENERAL MOTORS CO,GEN MOTORS,GENERAL PHOTONICS CORP,GEN PHOTONICS,8,2015,2018,T3_REVIEW,0
53554,GM,GENERAL MOTORS CO,GEN MOTORS,GEN PHOTONICS CORP,GEN PHOTONICS,8,2010,2015,T3_REVIEW,0
53554,GM,GENERAL MOTORS CO,GEN MOTORS,GENERAL CAPACITOR LLC,GEN CAPACITOR,8,2015,2021,T3_REVIEW,0
53554,GM,GENERAL MOTORS CO,GEN MOTORS,GEN MONITORS,GEN MONITORS,8,2013,2017,T3_REVIEW,0
53554,GM,GENERAL MOTORS CO,GEN MOTORS,GENERAL INCORPORATED ASS PHARMA VALLEY PROJECT SUPPORTING ORGANIZATION,GEN INCORPORATED ASS PHARMA VALLEY PROJECT SUPPORTING ORGANIZATION,8,2016,2024,T3_REVIEW,0
53554,GM,GENERAL MOTORS CO,GEN MOTORS,GENERAL EQUIPMENT FOR MEDICAL IMAGING S A,GEN EQUIP FOR MEDICAL IMAGING S A,8,2017,2024,T3_REVIEW,0
53554,GM,GENERAL MOTORS CO,GEN MOTORS,GENERAL INSPECTION LLC,GEN INSPECTION,8,2019,2025,T3_REVIEW,0
53554,GM,GENERAL MOTORS CO,GEN MOTORS,GEN MILLS MARKETING INC,GEN MILLS MARKETING,7,2010,2014,T3_REVIEW,0
53554,GM,GENERAL MOTORS CO,GEN MOTORS,GENERAL FIBRE PRODUCTS CORP,GEN FIBRE PRODUCTS,7,2020,2025,T3_REVIEW,0
53554,GM,GENERAL MOTORS CO,GEN MOTORS,GENERAL DOWNHOLE TOOLS LTD,GEN DOWNHOLE TOOLS,7,2020,2024,T3_REVIEW,0
53554,GM,GENERAL MOTORS CO,GEN MOTORS,GEN ELECTRIC COMPANY GLOBAL RES,GEN ELEC COMPANY GLOBAL RES,7,2010,2015,T3_REVIEW,0
53554,GM,GENERAL MOTORS CO,GEN MOTORS,GEN FOAM PLASTICS CORP,GEN FOAM PLASTICS,7,2010,2016,T3_REVIEW,0
53554,GM,GENERAL MOTORS CO,GEN MOTORS,GENERAL BIOLOGICALS CORP,GEN BIOLOGICALS,7,2016,2025,T3_REVIEW,0
53554,GM,GENERAL MOTORS CO,GEN MOTORS,GEN LUMINAIRE CO LTD,GEN LUMINAIRE,7,2012,2014,T3_REVIEW,0
53554,GM,GENERAL MOTORS CO,GEN MOTORS,GENERAL PLASMA INC,GEN PLASMA,6,2015,2018,T3_REVIEW,0
53554,GM,GENERAL MOTORS CO,GEN MOTORS,GENERAL CYBERNATION GROUP INC,GEN CYBERNATION,6,2022,2024,T3_REVIEW,0
53554,GM,GENERAL MOTORS CO,GEN MOTORS,GEN PACKER CO LTD,GEN PACKER,6,2012,2015,T3_REVIEW,0
53554,GM,GENERAL MOTORS CO,GEN MOTORS,GENERAL SASCHA,GEN SASCHA,6,2010,2010,T3_REVIEW,0
53554,GM,GENERAL MOTORS CO,GEN MOTORS,GEN PROTECHT GROUP INC,GEN PROTECHT,6,2010,2011,T3_REVIEW,0
53554,GM,GENERAL MOTORS CO,GEN MOTORS,GENERAL LASERTRONICS CORP,GEN LASERTRONICS,6,2016,2023,T3_REVIEW,0
53554,GM,GENERAL MOTORS CO,GEN MOTORS,GENERAL AVIATION MODIFICATIONS INC,GEN AVIATION MODIFICATIONS,6,2017,2024,T3_REVIEW,0
53554,GM,GENERAL MOTORS CO,GEN MOTORS,GENERAL ONCOLOGY INC,GEN ONCOLOGY,6,2016,2024,T3_REVIEW,0
53554,GM,GENERAL MOTORS CO,GEN MOTORS,GEN LED INC,GEN LED,6,2012,2015,T3_REVIEW,0
53554,GM,GENERAL MOTORS CO,GEN MOTORS,GENERAL LIGHTING ELECTRONIC CO LTD,GEN LIGHTING ELECTRONIC,6,2019,2024,T3_REVIEW,0
53554,GM,GENERAL MOTORS CO,GEN MOTORS,GEN PLASMA INC,GEN PLASMA,6,2011,2015,T3_REVIEW,0
53554,GM,GENERAL MOTORS CO,GEN MOTORS,GENERAL GENOMICS INC,GEN GENOMICS,6,2021,2024,T3_REVIEW,0
53554,GM,GENERAL MOTORS CO,GEN MOTORS,GENERAL PLASTICS & COMPOSITES L P,GEN PLASTICS COMPOSITES L P,6,2016,2018,T3_REVIEW,0
53554,GM,GENERAL MOTORS CO,GEN MOTORS,GENERAL SCIENT CORP,GEN SCIENT,6,2016,2020,T3_REVIEW,0
53554,GM,GENERAL MOTORS CO,GEN MOTORS,GENERAL ENERGY RECOVERY INC,GEN ENERGY RECOVERY,6,2018,2024,T3_REVIEW,0
53554,GM,GENERAL MOTORS CO,GEN MOTORS,GEN LASERTRONICS CORP,GEN LASERTRONICS,5,2011,2015,T3_REVIEW,0
53554,GM,GENERAL MOTORS CO,GEN MOTORS,GENERAL MFG LLC,GEN MFG,5,2016,2019,T3_REVIEW,0
53554,GM,GENERAL MOTORS CO,GEN MOTORS,GEN MILLS IP HOLDINGS II LLC,GEN MILLS IP HOLDINGS II,5,2010,2012,T3_REVIEW,0
53554,GM,GENERAL MOTORS CO,GEN MOTORS,GEN PLASTICS & COMPOSITES L P,GEN PLASTICS COMPOSITES L P,5,2013,2015,T3_REVIEW,0
53554,GM,GENERAL MOTORS CO,GEN MOTORS,THE GENERAL HOSPITAL CORP,GEN HOSPITAL,5,2023,2025,T3_REVIEW,0
53554,GM,GENERAL MOTORS CO,GEN MOTORS,GEN NANOTECHNOLOGY LLC,GEN NANOTECHNOLOGY,5,2010,2011,T3_REVIEW,0
53554,GM,GENERAL MOTORS CO,GEN MOTORS,GENERAL LED INC,GEN LED,4,2015,2017,T3_REVIEW,0
53554,GM,GENERAL MOTORS CO,GEN MOTORS,GEN IP SINGAPORE PTE LTD AVAGO TECHNOLOGIES,GEN IP SINGAPORE PTE LTD AVAGO TECH,4,2012,2013,T3_REVIEW,0
53554,GM,GENERAL MOTORS CO,GEN MOTORS,GENERAL ENGINEERING & RES L L C,GEN ENGINEERING RES L L C,4,2017,2020,T3_REVIEW,0
53554,GM,GENERAL MOTORS CO,GEN MOTORS,GEN VORTEX ENERGY INC,GEN VORTEX ENERGY,4,2010,2011,T3_REVIEW,0
53554,GM,GENERAL MOTORS CO,GEN MOTORS,GENERAL DYNAMICS OTS INC,GEN DYNAMICS OTS,4,2016,2020,T3_REVIEW,0
53554,GM,GENERAL MOTORS CO,GEN MOTORS,GENERAL STARLIGHT CO INC,GEN STARLIGHT,4,2023,2025,T3_REVIEW,0
53554,GM,GENERAL MOTORS CO,GEN MOTORS,GEN 9 INC,GEN 9,4,2010,2013,T3_REVIEW,0
53554,GM,GENERAL MOTORS CO,GEN MOTORS,GENERAL HOSPITAL OF CHINESE PLA,GEN HOSPITAL OF CHINESE PLA,4,2020,2024,T3_REVIEW,0
53554,GM,GENERAL MOTORS CO,GEN MOTORS,GENERAL WORKINGS INC,GEN WORKINGS,4,2018,2018,T3_REVIEW,0
53554,GM,GENERAL MOTORS CO,GEN MOTORS,GENERAL DYNAMICS OTS CANADA INC,GEN DYNAMICS OTS CANADA,4,2014,2020,T3_REVIEW,0
53554,GM,GENERAL MOTORS CO,GEN MOTORS,GEN CABLETECHNOLOGIES CORP,GEN CABLETECHNOLOGIES,4,2012,2014,T3_REVIEW,0
53554,GM,GENERAL MOTORS CO,GEN MOTORS,GENERAL ELECTRIC COMPNAY,GEN ELEC COMPNAY,3,2015,2022,T3_REVIEW,0
53554,GM,GENERAL MOTORS CO,GEN MOTORS,GENERAL ELECTRIC COMANY,GEN ELEC COMANY,3,2015,2018,T3_REVIEW,0
53554,GM,GENERAL MOTORS CO,GEN MOTORS,GENERAL LED OPCO LLC,GEN LED OPCO,3,2018,2018,T3_REVIEW,0
53554,GM,GENERAL MOTORS CO,GEN MOTORS,GENERAL LUMINAIRE KUNSHAN CO LTD,GEN LUMINAIRE KUNSHAN,3,2020,2022,T3_REVIEW,0
53554,GM,GENERAL MOTORS CO,GEN MOTORS,GENERAL ACCESS SOLUTIONS LTD,GEN ACCESS SOLUTIONS,3,2016,2019,T3_REVIEW,0
53554,GM,GENERAL MOTORS CO,GEN MOTORS,GENERAL TOOLS & INSTR COMPANY LLC,GEN TOOLS INSTR,3,2020,2024,T3_REVIEW,0
53554,GM,GENERAL MOTORS CO,GEN MOTORS,GEN TOPICS SRL,GEN TOPICS,3,2013,2013,T3_REVIEW,0
53554,GM,GENERAL MOTORS CO,GEN MOTORS,GENERAL TOOL INC,GEN TOOL,3,2018,2025,T3_REVIEW,0
53554,GM,GENERAL MOTORS CO,GEN MOTORS,GENERAL ELECTRIC COMPANY POLSKA SP ZO O,GEN ELEC COMPANY POLSKA SP ZO O,3,2018,2018,T3_REVIEW,0
53554,GM,GENERAL MOTORS CO,GEN MOTORS,GEN HOSPITAL CORP D B A,GEN HOSPITAL CORP D B A,3,2011,2012,T3_REVIEW,0
53554,GM,GENERAL MOTORS CO,GEN MOTORS,GENERAL LUMINAIRE SHANGHAI CO LTD,GEN LUMINAIRE SHANGHAI,3,2020,2022,T3_REVIEW,0
53554,GM,GENERAL MOTORS CO,GEN MOTORS,GEN DYNAMICS LAND SYSTEMS CANADA CORP,GEN DYNAMICS LAND SYS CANADA,3,2010,2013,T3_REVIEW,0
53554,GM,GENERAL MOTORS CO,GEN MOTORS,GENERAL ELECTRONIC COMPANY,GEN ELECTRONIC,3,2016,2017,T3_REVIEW,0
53554,GM,GENERAL MOTORS CO,GEN MOTORS,GENERAL OPTO SOLUTIONS LLC,GEN OPTO SOLUTIONS,3,2016,2018,T3_REVIEW,0
53554,GM,GENERAL MOTORS CO,GEN MOTORS,GEN MEMS CORP,GEN MEMS,3,2010,2012,T3_REVIEW,0
53554,GM,GENERAL MOTORS CO,GEN MOTORS,GEN DYNAMICS OTS INC,GEN DYNAMICS OTS,3,2013,2014,T3_REVIEW,0
53554,GM,GENERAL MOTORS CO,GEN MOTORS,GEN TECH INC,GEN TECH,3,2025,2025,T3_REVIEW,0
53554,GM,GENERAL MOTORS CO,GEN MOTORS,GENERAL MEDICAL MERATE S P A,GEN MEDICAL MERATE S P A,3,2018,2020,T3_REVIEW,0
53554,GM,GENERAL MOTORS CO,GEN MOTORS,GEN DOWNHOLE TECHNOLOGIES LTD,GEN DOWNHOLE TECH,3,2013,2016,T3_REVIEW,0
53554,GM,GENERAL MOTORS CO,GEN MOTORS,GENERAL INCORPORATED ASS THE JAPAN MULTINATIONAL TRIAL ORGANIZATION,GEN INCORPORATED ASS THE JAPAN MULTINATIONAL TRIAL ORGANIZATION,3,2020,2023,T3_REVIEW,0
53554,GM,GENERAL MOTORS CO,GEN MOTORS,GEN PLASTICS & COMPOSITES LP,GEN PLASTICS COMPOSITES,3,2010,2012,T3_REVIEW,0
53554,GM,GENERAL MOTORS CO,GEN MOTORS,GEN PATENT LLC,GEN PATENT,3,2012,2013,T3_REVIEW,0
53554,GM,GENERAL MOTORS CO,GEN MOTORS,GENERAL DYNAMICS LAND SYSTEMS CANADA CORP D B A GENERAL DYNAMICS MISSION SYSTEMS CANADA,GEN DYNAMICS LAND SYS CANADA CORP D B A GEN DYNAMICS MISSION SYS CANADA,3,2019,2022,T3_REVIEW,0
53554,GM,GENERAL MOTORS CO,GEN MOTORS,GENERAL SCIENT CORPORATION,GEN SCIENT,3,2016,2020,T3_REVIEW,0
53554,GM,GENERAL MOTORS CO,GEN MOTORS,GEN ROYALTY CAPITAL COMPANY,GEN ROYALTY CAPITAL,3,2010,2010,T3_REVIEW,0
53554,GM,GENERAL MOTORS CO,GEN MOTORS,Gen Pharma Holdings LLC,GEN PHARMA,3,2015,2017,T3_REVIEW,0
53554,GM,GENERAL MOTORS CO,GEN MOTORS,GENERAL LUMINAIRE CO LTD,GEN LUMINAIRE,3,2020,2022,T3_REVIEW,0
53554,GM,GENERAL MOTORS CO,GEN MOTORS,General Recycled,GEN RECYCLED,3,2017,2023,T3_REVIEW,0
53554,GM,GENERAL MOTORS CO,GEN MOTORS,THE GENERAL HOSPTIAL CORP,GEN HOSPTIAL,3,2014,2016,T3_REVIEW,0
1973,GSK,GLAXOSMITHKLINE PLC,G S K,G C DENTAL IND CORP,G C DENTAL IND,232,2010,2025,T3_REVIEW,0
1973,GSK,GLAXOSMITHKLINE PLC,G S K,G&H DIVERSIFIED MFG LP,G H DIVERSIFIED MFG,60,2015,2025,T3_REVIEW,0
1973,GSK,GLAXOSMITHKLINE PLC,G S K,G & W ELECTRIC,G W ELEC,56,2014,2025,T3_REVIEW,0
1973,GSK,GLAXOSMITHKLINE PLC,G S K,G I WINDOWS INC,G I WINDOWS,35,2013,2025,T3_REVIEW,0
1973,GSK,GLAXOSMITHKLINE PLC,G S K,G FORM LLC,G FORM,25,2011,2019,T3_REVIEW,0
1973,GSK,GLAXOSMITHKLINE PLC,G S K,G MONDINI S P A,G MONDINI S P A,15,2019,2024,T3_REVIEW,0
1973,GSK,GLAXOSMITHKLINE PLC,G S K,G TEKT CORP,G TEKT,14,2016,2023,T3_REVIEW,0
1973,GSK,GLAXOSMITHKLINE PLC,G S K,G I VIEW LTD,G I VIEW,9,2010,2022,T3_REVIEW,0
1973,GSK,GLAXOSMITHKLINE PLC,G S K,G LICENSING LLC DR,G LICENSING LLC DR,9,2012,2015,T3_REVIEW,0
1973,GSK,GLAXOSMITHKLINE PLC,G S K,G A W INC,G A W,9,2017,2024,T3_REVIEW,0
1973,GSK,GLAXOSMITHKLINE PLC,G S K,G&S LABORATORIES INC,G S LAB,8,2019,2025,T3_REVIEW,0
1973,GSK,GLAXOSMITHKLINE PLC,G S K,G FLAS LIFE SCIENCES,G FLAS LIFE SCIENT,8,2018,2021,T3_REVIEW,0
1973,GSK,GLAXOSMITHKLINE PLC,G S K,G E SCHMIDT INC,G E SCHMIDT,8,2016,2023,T3_REVIEW,0
1973,GSK,GLAXOSMITHKLINE PLC,G S K,G MEDICAL INNOVATIONS HOLDINGS LTD,G MEDICAL INNOVATIONS,8,2017,2023,T3_REVIEW,0
1973,GSK,GLAXOSMITHKLINE PLC,G S K,G A L MFG COMPANY LLC,G A L MFG,7,2017,2023,T3_REVIEW,0
1973,GSK,GLAXOSMITHKLINE PLC,G S K,G SMATT CO LTD,G SMATT,7,2012,2017,T3_REVIEW,0
1973,GSK,GLAXOSMITHKLINE PLC,G S K,G A E M S INC,G A E M S,7,2013,2020,T3_REVIEW,0
1973,GSK,GLAXOSMITHKLINE PLC,G S K,G B G I INC,G B G I,7,2018,2024,T3_REVIEW,0
1973,GSK,GLAXOSMITHKLINE PLC,G S K,G & CS CO LTD,G CS,7,2011,2014,T3_REVIEW,0
1973,GSK,GLAXOSMITHKLINE PLC,G S K,G S G SRL,G S G,6,2010,2012,T3_REVIEW,0
1973,GSK,GLAXOSMITHKLINE PLC,G S K,G M S GLOBAL MARITIME SERVICES LTD,G M S GLOBAL MARITIME SERVICES,6,2015,2020,T3_REVIEW,0
1973,GSK,GLAXOSMITHKLINE PLC,G S K,G POHL-BOSKAMP GMBH & CO KG,G POHL BOSKAMP,6,2014,2017,T3_REVIEW,0
1973,GSK,GLAXOSMITHKLINE PLC,G S K,G & G BIOTECHNOLOGY LTD,G G BIOTECHNOLOGY,6,2015,2021,T3_REVIEW,0
1973,GSK,GLAXOSMITHKLINE PLC,G S K,G&P BIOSCIENCE CO LTD,G P BIOSCIENCE,6,2018,2022,T3_REVIEW,0
1973,GSK,GLAXOSMITHKLINE PLC,G S K,G CON MFG INC,G CON MFG,6,2014,2020,T3_REVIEW,0
1973,GSK,GLAXOSMITHKLINE PLC,G S K,G&P INC,G P,5,2018,2021,T3_REVIEW,0
1973,GSK,GLAXOSMITHKLINE PLC,G S K,G TECH OPTOELECTRONICS CORP,G TECH OPTOELECTRONICS,5,2012,2022,T3_REVIEW,0
1973,GSK,GLAXOSMITHKLINE PLC,G S K,G TECH MEDICAL INC,G TECH MEDICAL,5,2018,2025,T3_REVIEW,0
1973,GSK,GLAXOSMITHKLINE PLC,G S K,G&G LED LLC,G G LED,5,2018,2023,T3_REVIEW,0
1973,GSK,GLAXOSMITHKLINE PLC,G S K,G BOATS OY,G BOATS,5,2018,2023,T3_REVIEW,0
1973,GSK,GLAXOSMITHKLINE PLC,G S K,G D SOC AZIONI,G D SOC AZIONI,5,2016,2022,T3_REVIEW,0
1973,GSK,GLAXOSMITHKLINE PLC,G S K,G & H TECH LLC,G H TECH,5,2018,2021,T3_REVIEW,0
1973,GSK,GLAXOSMITHKLINE PLC,G S K,GÜDPOD HOLDINGS LLC,G DPOD,5,2013,2015,T3_REVIEW,0
1973,GSK,GLAXOSMITHKLINE PLC,G S K,G S CONSULTING & RES CORRENET LTD,G S CONSULTING RES CORRENET,4,2020,2025,T3_REVIEW,0
1973,GSK,GLAXOSMITHKLINE PLC,G S K,GÜSSGEN OLAF,G SSGEN OLAF,4,2014,2017,T3_REVIEW,0
1973,GSK,GLAXOSMITHKLINE PLC,G S K,G-FORM LLC,G FORM,4,2016,2017,T3_REVIEW,0
1973,GSK,GLAXOSMITHKLINE PLC,G S K,GÖKTEKIN CÜNEYT,G KTEKIN C NEYT,4,2014,2017,T3_REVIEW,0
1973,GSK,GLAXOSMITHKLINE PLC,G S K,G CLOUD TECHNOLOGY CO LTD,G CLOUD TECH,4,2014,2016,T3_REVIEW,0
1973,GSK,GLAXOSMITHKLINE PLC,G S K,G SKILL INT ENTERPRISE CO LTD,G SKILL INT ENTPR,4,2017,2022,T3_REVIEW,0
1973,GSK,GLAXOSMITHKLINE PLC,G S K,G C LASER SYSTEMS INC,G C LASER SYS,4,2014,2021,T3_REVIEW,0
1973,GSK,GLAXOSMITHKLINE PLC,G S K,GÖBEL FRED,G BEL FRED,4,2012,2015,T3_REVIEW,0
1973,GSK,GLAXOSMITHKLINE PLC,G S K,G RAY SWITZERLAND SA,G RAY SWITZERLAND,4,2016,2018,T3_REVIEW,0
1973,GSK,GLAXOSMITHKLINE PLC,G S K,GÜNTNER GMBH & CO KG,G NTNER,4,2014,2015,T3_REVIEW,0
1973,GSK,GLAXOSMITHKLINE PLC,G S K,G-FORCE NANOTECHNOLOGY LTD,G FORCE NANOTECHNOLOGY,4,2015,2016,T3_REVIEW,0
1973,GSK,GLAXOSMITHKLINE PLC,G S K,GÜNTHNER STEFAN,G NTHNER STEFAN,4,2012,2012,T3_REVIEW,0
1973,GSK,GLAXOSMITHKLINE PLC,G S K,G FUN IND CORPORATION,G FUN IND,4,2021,2025,T3_REVIEW,0
1973,GSK,GLAXOSMITHKLINE PLC,G S K,G PAK TECH INC,G PAK TECH,4,2017,2021,T3_REVIEW,0
1973,GSK,GLAXOSMITHKLINE PLC,G S K,GÜNTHER JUDITH,G NTHER JUDITH,4,2012,2012,T3_REVIEW,0
1973,GSK,GLAXOSMITHKLINE PLC,G S K,G POHL BOSKAMP GMBH & CO KG,G POHL BOSKAMP,4,2017,2021,T3_REVIEW,0
1973,GSK,GLAXOSMITHKLINE PLC,G S K,Gürtler Christoph,G RTLER CHRISTOPH,4,2012,2012,T3_REVIEW,0
1973,GSK,GLAXOSMITHKLINE PLC,G S K,G CON LLC,G CON,3,2010,2012,T3_REVIEW,0
1973,GSK,GLAXOSMITHKLINE PLC,G S K,G A B DEV & ENGINEERING B V,G A B DEV ENGINEERING B V,3,2010,2014,T3_REVIEW,0
1973,GSK,GLAXOSMITHKLINE PLC,G S K,G & A TECHNICAL SOFTWARE INC,G A TECHNICAL SOFTWARE,3,2011,2013,T3_REVIEW,0
1973,GSK,GLAXOSMITHKLINE PLC,G S K,GÜNTHER HOLDING GMBH & CO KG,G NTHER,3,2013,2015,T3_REVIEW,0
1973,GSK,GLAXOSMITHKLINE PLC,G S K,G I SPORTZ INC,G I SPORTZ,3,2014,2017,T3_REVIEW,0
1973,GSK,GLAXOSMITHKLINE PLC,G S K,G&E INNOVATIONS INC,G E INNOVATIONS,3,2019,2023,T3_REVIEW,0
1973,GSK,GLAXOSMITHKLINE PLC,G S K,G HIPP & SOHN GMBH,G HIPP SOHN,3,2020,2022,T3_REVIEW,0
1973,GSK,GLAXOSMITHKLINE PLC,G S K,G D SOCIETA’ PER AZIONI,G D SOCIETA PER AZIONI,3,2014,2020,T3_REVIEW,0
1973,GSK,GLAXOSMITHKLINE PLC,G S K,G & H DIVERSIFIED MFG LP,G H DIVERSIFIED MFG,3,2013,2013,T3_REVIEW,0
1973,GSK,GLAXOSMITHKLINE PLC,G S K,G III APPAREL GROUP LTD,G III APPAREL,3,2012,2016,T3_REVIEW,0
1973,GSK,GLAXOSMITHKLINE PLC,G S K,G O A T FUEL INC,G O A T FUEL,3,2022,2024,T3_REVIEW,0
1973,GSK,GLAXOSMITHKLINE PLC,G S K,G & P AUTOMOTIVE CO LTD,G P AUTOMOTIVE,3,2014,2014,T3_REVIEW,0
1973,GSK,GLAXOSMITHKLINE PLC,G S K,GÜNTHER HEISSKANALTECHNIK GMBH,G NTHER HEISSKANALTECHNIK,3,2016,2017,T3_REVIEW,0
1973,GSK,GLAXOSMITHKLINE PLC,G S K,G L PHARMA GMBH,G L PHARMA,3,2017,2017,T3_REVIEW,0
1973,GSK,GLAXOSMITHKLINE PLC,G S K,G FORCE BRACES LLC,G FORCE BRACES,3,2022,2024,T3_REVIEW,0
1973,GSK,GLAXOSMITHKLINE PLC,G S K,G M CORP CO LTD,G M,3,2021,2024,T3_REVIEW,0
1973,GSK,GLAXOSMITHKLINE PLC,G S K,G&G TECH CO LTD,G G TECH,3,2018,2021,T3_REVIEW,0
1973,GSK,GLAXOSMITHKLINE PLC,G S K,G V RAVIKANTH,G V RAVIKANTH,3,2010,2011,T3_REVIEW,0
1973,GSK,GLAXOSMITHKLINE PLC,G S K,G CLO INC,G CLO,3,2012,2016,T3_REVIEW,0
1973,GSK,GLAXOSMITHKLINE PLC,G S K,GÖKPEKIN ARGUN,G KPEKIN ARGUN,3,2012,2012,T3_REVIEW,0
1973,GSK,GLAXOSMITHKLINE PLC,G S K,G-TECH MEDICAL INC,G TECH MEDICAL,3,2015,2016,T3_REVIEW,0
1973,GSK,GLAXOSMITHKLINE PLC,G S K,G D S P A,G D S P A,3,2023,2025,T3_REVIEW,0
1973,GSK,GLAXOSMITHKLINE PLC,G S K,GÖRGENS ULRICH,G RGENS ULRICH,3,2011,2014,T3_REVIEW,0
1973,GSK,GLAXOSMITHKLINE PLC,G S K,G H L INTERNATIONAL INC,G H L INT,3,2014,2014,T3_REVIEW,0
1973,GSK,GLAXOSMITHKLINE PLC,G S K,G E EHRLICH 1995 LTD,G E EHRLICH 1995,3,2023,2023,T3_REVIEW,0
1973,GSK,GLAXOSMITHKLINE PLC,G S K,G RAY IND SA,G RAY IND,3,2017,2019,T3_REVIEW,0
1973,GSK,GLAXOSMITHKLINE PLC,G S K,G TREEBNT CO LTD,G TREEBNT,3,2015,2018,T3_REVIEW,0
1973,GSK,GLAXOSMITHKLINE PLC,G S K,G M S GLOBAL MOBILE SOLUTIONS LTD,G M S GLOBAL MOBILE SOLUTIONS,3,2019,2019,T3_REVIEW,0
5085,HD,HOME DEPOT INC,HOME DEPOT,HOME BOX OFFICE INC,HOME BOX OFFICE,136,2010,2024,T3_REVIEW,0
5085,HD,HOME DEPOT INC,HOME DEPOT,HOME CONTROL SINGAPORE PTE LTD,HOME CONTROL SINGAPORE,10,2014,2023,T3_REVIEW,0
5085,HD,HOME DEPOT INC,HOME DEPOT,HOME TECH INNOVATION INC,HOME TECH INNOVATION,10,2017,2022,T3_REVIEW,0
5085,HD,HOME DEPOT INC,HOME DEPOT,HOME VALET INC,HOME VALET,7,2021,2024,T3_REVIEW,0
5085,HD,HOME DEPOT INC,HOME DEPOT,Home Run Dugout LLC,HOME RUN DUGOUT,6,2017,2025,T3_REVIEW,0
5085,HD,HOME DEPOT INC,HOME DEPOT,HOME DIALYSIS PLUS LTD,HOME DIALYSIS PLUS,6,2010,2014,T3_REVIEW,0
5085,HD,HOME DEPOT INC,HOME DEPOT,HOME BIOGAS LTD,HOME BIOGAS,6,2017,2024,T3_REVIEW,0
5085,HD,HOME DEPOT INC,HOME DEPOT,HOME EQUITY RENOVATIONS AND DESIGN INC,HOME EQUITY RENOVATIONS AND DESIGN,5,2020,2023,T3_REVIEW,0
5085,HD,HOME DEPOT INC,HOME DEPOT,HOME EQUITY SECURITIES LLC,HOME EQUITY SECURITIES,4,2014,2020,T3_REVIEW,0
5085,HD,HOME DEPOT INC,HOME DEPOT,Home Racer LLC,HOME RACER,4,2020,2023,T3_REVIEW,0
5085,HD,HOME DEPOT INC,HOME DEPOT,HOME PRODUCTS INTERNAT NORTH AMERICA INC,HOME PRODUCTS INTERNAT NORTH AMER,3,2011,2015,T3_REVIEW,0
5085,HD,HOME DEPOT INC,HOME DEPOT,HOME PRIDE INC,HOME PRIDE,3,2016,2020,T3_REVIEW,0
5085,HD,HOME DEPOT INC,HOME DEPOT,HOME FOCUS DEV LTD,HOME FOCUS DEV,3,2010,2011,T3_REVIEW,0
5085,HD,HOME DEPOT INC,HOME DEPOT,HOME FASHION TECHNOLOGIES INC,HOME FASHION TECH,3,2011,2015,T3_REVIEW,0
5085,HD,HOME DEPOT INC,HOME DEPOT,HOME PRODUCERS NETWORK LLC,HOME PRODUCERS NETWORK,3,2010,2013,T3_REVIEW,0
5085,HD,HOME DEPOT INC,HOME DEPOT,HOME PRODUCTS INT NORTH AMERICA INC,HOME PRODUCTS INT NORTH AMER,3,2017,2021,T3_REVIEW,0
5085,HD,HOME DEPOT INC,HOME DEPOT,HOME IMPROVEMENT SYSTEMS INC,HOME IMPROVEMENT SYS,3,2014,2020,T3_REVIEW,0
20064,HES,HESS CORP,HESS,HESS EDUARD,HESS EDUARD,6,2012,2014,T3_REVIEW,1
20064,HES,HESS CORP,HESS,HESS REINHARD,HESS REINHARD,4,2010,2012,T3_REVIEW,1
20064,HES,HESS CORP,HESS,HESS MARTIN LYSLE,HESS MARTIN LYSLE,3,2011,2012,T3_REVIEW,1
20064,HES,HESS CORP,HESS,HESS FELIX,HESS FELIX,3,2011,2011,T3_REVIEW,1
20064,HES,HESS CORP,HESS,HESS CARROSSERIE,HESS CARROSSERIE,3,2018,2025,T3_REVIEW,1
20064,HES,HESS CORP,HESS,HESS DUSTIN DELANY,HESS DUSTIN DELANY,3,2010,2012,T3_REVIEW,1
55421,HPE,HEWLETT PACKARD ENTERPRISE CO,HEWLETT PACKARD ENTPR,HEWLETT PACKARD DEVELOPMENT CO,HEWLETT PACKARD DEV,10334,2010,2025,T3_REVIEW,0
55421,HPE,HEWLETT PACKARD ENTERPRISE CO,HEWLETT PACKARD ENTPR,HEWLETT PACKARD DEVELOPMENT CO LP,HEWLETT PACKARD DEV,1480,2011,2020,T3_REVIEW,0
55421,HPE,HEWLETT PACKARD ENTERPRISE CO,HEWLETT PACKARD ENTPR,HEWLETT PACKARD INDIGO BV,HEWLETT PACKARD INDIGO,172,2010,2022,T3_REVIEW,0
55421,HPE,HEWLETT PACKARD ENTERPRISE CO,HEWLETT PACKARD ENTPR,HEWLETT PACKARD IND PRINTING,HEWLETT PACKARD IND PRINTING,40,2011,2017,T3_REVIEW,0
55421,HPE,HEWLETT PACKARD ENTERPRISE CO,HEWLETT PACKARD ENTPR,HEWLETT PACKARD DEVELOPEMENT COMPANY L P,HEWLETT PACKARD DEVELOPEMENT COMPANY L P,21,2010,2013,T3_REVIEW,0
55421,HPE,HEWLETT PACKARD ENTERPRISE CO,HEWLETT PACKARD ENTPR,HEWLETT PACKARD DEV COMPAN,HEWLETT PACKARD DEV COMPAN,19,2012,2012,T3_REVIEW,0
55421,HPE,HEWLETT PACKARD ENTERPRISE CO,HEWLETT PACKARD ENTPR,HEWLETT- PACKARD DEV COMPANY L P,HEWLETT PACKARD DEV COMPANY L P,17,2013,2015,T3_REVIEW,0
55421,HPE,HEWLETT PACKARD ENTERPRISE CO,HEWLETT PACKARD ENTPR,HEWLETT-PACKARD IND PRINTING LTD,HEWLETT PACKARD IND PRINTING,14,2014,2017,T3_REVIEW,0
55421,HPE,HEWLETT PACKARD ENTERPRISE CO,HEWLETT PACKARD ENTPR,HEWLETT PACKARD DEVELOPMENT LP,HEWLETT PACKARD DEV,11,2012,2019,T3_REVIEW,0
55421,HPE,HEWLETT PACKARD ENTERPRISE CO,HEWLETT PACKARD ENTPR,HEWLETT PACKARD CO,HEWLETT PACKARD,7,2011,2013,T3_REVIEW,0
55421,HPE,HEWLETT PACKARD ENTERPRISE CO,HEWLETT PACKARD ENTPR,HEWLETT PARKARD DEV COMPANY L P,HEWLETT PARKARD DEV COMPANY L P,5,2011,2017,T3_REVIEW,0
55421,HPE,HEWLETT PACKARD ENTERPRISE CO,HEWLETT PACKARD ENTPR,HEWLETT PACKARD DEV COMAPNY L P,HEWLETT PACKARD DEV COMAPNY L P,3,2010,2017,T3_REVIEW,0
55421,HPE,HEWLETT PACKARD ENTERPRISE CO,HEWLETT PACKARD ENTPR,HEWLETT PACKARD DEV,HEWLETT PACKARD DEV,3,2011,2016,T3_REVIEW,0
55421,HPE,HEWLETT PACKARD ENTERPRISE CO,HEWLETT PACKARD ENTPR,HEWLETT PARKARD ENTPR DEV LP,HEWLETT PARKARD ENTPR DEV,3,2013,2014,T3_REVIEW,0
55421,HPE,HEWLETT PACKARD ENTERPRISE CO,HEWLETT PACKARD ENTPR,HEWLETT PACKARD INTERPRISE DEV LP,HEWLETT PACKARD INTERPRISE DEV,3,2013,2014,T3_REVIEW,0
55421,HPE,HEWLETT PACKARD ENTERPRISE CO,HEWLETT PACKARD ENTPR,HEWLETT PACAKARD DEV COMPANY L P,HEWLETT PACAKARD DEV COMPANY L P,3,2011,2016,T3_REVIEW,0
55421,HPE,HEWLETT PACKARD ENTERPRISE CO,HEWLETT PACKARD ENTPR,HEWLETT PACKARD DEVLOPMENT COMPANY L P,HEWLETT PACKARD DEVLOPMENT COMPANY L P,3,2013,2015,T3_REVIEW,0
55421,HPE,HEWLETT PACKARD ENTERPRISE CO,HEWLETT PACKARD ENTPR,HEWLETT PACKARD DEVEOPMENT COMPANY L P,HEWLETT PACKARD DEVEOPMENT COMPANY L P,3,2012,2012,T3_REVIEW,0
55421,HPE,HEWLETT PACKARD ENTERPRISE CO,HEWLETT PACKARD ENTPR,HEWLETT ROBERT MCCOY,HEWLETT ROBERT MCCOY,3,2011,2013,T3_REVIEW,0
51655,HRBN,HARBIN ELECTRIC INC,HARBIN ELEC,HARBIN INST TECHNOLOGY,HARBIN INST TECH,185,2016,2025,T3_REVIEW,0
51655,HRBN,HARBIN ELECTRIC INC,HARBIN ELEC,HARBIN INST TECHNOLOGY SHENZHEN,HARBIN INST TECH SHENZHEN,35,2017,2024,T3_REVIEW,0
51655,HRBN,HARBIN ELECTRIC INC,HARBIN ELEC,HARBIN INST OF TECHNOLOGY,HARBIN INST OF TECH,24,2010,2014,T3_REVIEW,0
51655,HRBN,HARBIN ELECTRIC INC,HARBIN ELEC,HARBIN INSTITUTE TECHNOLOGY,HARBIN INSTITUTE TECH,20,2014,2016,T3_REVIEW,0
51655,HRBN,HARBIN ELECTRIC INC,HARBIN ELEC,HARBIN INST TECHNOLOGY WEIHAI,HARBIN INST TECH WEIHAI,10,2020,2025,T3_REVIEW,0
51655,HRBN,HARBIN ELECTRIC INC,HARBIN ELEC,HARBIN WELDING INST CO LTD,HARBIN WELDING INST,9,2020,2025,T3_REVIEW,0
51655,HRBN,HARBIN ELECTRIC INC,HARBIN ELEC,HARBIN INST TECHNOLOGY SHENZHEN GRADUATE SCHOOL,HARBIN INST TECH SHENZHEN GRADUATE SCHOOL,5,2017,2020,T3_REVIEW,0
51655,HRBN,HARBIN ELECTRIC INC,HARBIN ELEC,HARBIN KANGLONG PHARMACEUTICAL CO LTD,HARBIN KANGLONG PHARMACEUTICAL,3,2022,2025,T3_REVIEW,0
51655,HRBN,HARBIN ELECTRIC INC,HARBIN ELEC,HARBIN ZHENBAO PHARMACEUTICAL CO LTD,HARBIN ZHENBAO PHARMACEUTICAL,3,2016,2018,T3_REVIEW,0
11901,IAC,IAC INTERACTIVECORP,IAC INTERACTIVECORP,IAC IN NAT UNIV CHUNGNAM,IAC IN NAT UNIV CHUNGNAM,150,2010,2025,T3_REVIEW,0
11901,IAC,IAC INTERACTIVECORP,IAC INTERACTIVECORP,IAC SEARCH & MEDIA INC,IAC SEARCH MEDIA,21,2010,2014,T3_REVIEW,0
22075,IEX,IDEX CORP,IDEX,IDEX HEALTH & SCIENCE LLC,IDEX HEALTH SCIENT,73,2010,2025,T3_REVIEW,1
22075,IEX,IDEX CORP,IDEX,IDEX BIOMETRICS ASA,IDEX BIOMETRICS,24,2019,2023,T3_REVIEW,1
22075,IEX,IDEX CORP,IDEX,IDEX HEALTH AND SCIENCE LLC,IDEX HEALTH AND SCIENT,6,2017,2021,T3_REVIEW,1
16697,IIJI,INTERNET INITIATIVE JAPAN INC,INTERNET INITIATIVE JAPAN,INTERNET BRANDS INC,INTERNET BRANDS,8,2010,2016,T3_REVIEW,0
16697,IIJI,INTERNET INITIATIVE JAPAN INC,INTERNET INITIATIVE JAPAN,INTERNET CONNECTIVITY GROUP INC,INTERNET CONNECTIVITY,5,2010,2015,T3_REVIEW,0
16697,IIJI,INTERNET INITIATIVE JAPAN INC,INTERNET INITIATIVE JAPAN,INTERNET INFRASTRUCTURE SERVICES CORP,INTERNET INFRASTRUCTURE SERVICES,4,2014,2020,T3_REVIEW,0
16697,IIJI,INTERNET INITIATIVE JAPAN INC,INTERNET INITIATIVE JAPAN,INTERNET INVESTMENTS GROUP LTD,INTERNET INVESTMENTS,3,2023,2024,T3_REVIEW,0
16697,IIJI,INTERNET INITIATIVE JAPAN INC,INTERNET INITIATIVE JAPAN,INTERNET GAMING SERVICES INTERNAT,INTERNET GAMING SERVICES INTERNAT,3,2010,2011,T3_REVIEW,0
16697,IIJI,INTERNET INITIATIVE JAPAN INC,INTERNET INITIATIVE JAPAN,INTERNET PROMISE GROUP INC,INTERNET PROMISE,3,2015,2015,T3_REVIEW,0
9558,IIVI,II VI INC,II VI,II DAIZOU,II DAIZOU,8,2010,2012,T3_REVIEW,0
9558,IIVI,II VI INC,II VI,II RYOKI,II RYOKI,7,2010,2011,T3_REVIEW,0
9558,IIVI,II VI INC,II VI,II RYOSUKE,II RYOSUKE,3,2012,2012,T3_REVIEW,0
9558,IIVI,II VI INC,II VI,II YOSHITERU,II YOSHITERU,3,2011,2012,T3_REVIEW,0
9558,IIVI,II VI INC,II VI,II STANLEY CO INC,II STANLEY,3,2010,2021,T3_REVIEW,0
32174,INGR,INGREDION INC,CORN PRODUCTS INT,CORN PRODUCTS DEV INC,CORN PRODUCTS DEV,155,2012,2025,T3_REVIEW,0
32174,INGR,INGREDION INC,CORN PRODUCTS INT,CORN BAK BV,CORN BAK,14,2010,2023,T3_REVIEW,0
32174,INGR,INGREDION INC,CORN PRODUCTS INT,CORN VANCE E,CORN VANCE E,3,2010,2015,T3_REVIEW,0
32174,INGR,INGREDION INC,CORN PRODUCTS INT,CORN MAY L,CORN MAY L,3,2010,2011,T3_REVIEW,0
20996,IRF,INTERNATIONAL RECTIFIER CORP,INT RECTIFIER,INT PAPER CO,INT PAPER,356,2010,2025,T3_REVIEW,0
20996,IRF,INTERNATIONAL RECTIFIER CORP,INT RECTIFIER,INT FLAVORS & FRAGRANCES INC,INT FLAVORS FRAGRANCES,252,2011,2025,T3_REVIEW,0
20996,IRF,INTERNATIONAL RECTIFIER CORP,INT RECTIFIER,INT ENGINE INTELLECTUAL PROP,INT ENGINE INTELLECTUAL PROP,199,2010,2015,T3_REVIEW,0
20996,IRF,INTERNATIONAL RECTIFIER CORP,INT RECTIFIER,INT TRUCK INTELLECTUAL PROP CO,INT TRUCK INTELLECTUAL PROP,90,2010,2016,T3_REVIEW,0
20996,IRF,INTERNATIONAL RECTIFIER CORP,INT RECTIFIER,INT ENG IP CO LLC,INT ENG IP,73,2013,2024,T3_REVIEW,0
20996,IRF,INTERNATIONAL RECTIFIER CORP,INT RECTIFIER,INT TRUCK IP CO LLC,INT TRUCK IP,69,2015,2025,T3_REVIEW,0
20996,IRF,INTERNATIONAL RECTIFIER CORP,INT RECTIFIER,INT TECH CO LTD,INT TECH,61,2017,2020,T3_REVIEW,0
20996,IRF,INTERNATIONAL RECTIFIER CORP,INT RECTIFIER,INT INST CANCER IMMUNOLOGY INC,INT INST CANCER IMMUNOLOGY,59,2011,2023,T3_REVIEW,0
20996,IRF,INTERNATIONAL RECTIFIER CORP,INT RECTIFIER,INT TOBACCO MACHINERY POLAND SP ZOO,INT TOBACCO MACHINERY POLAND SP ZOO,59,2015,2022,T3_REVIEW,0
20996,IRF,INTERNATIONAL RECTIFIER CORP,INT RECTIFIER,INT N&H DENMARK APS,INT N H DENMARK,55,2022,2025,T3_REVIEW,0
20996,IRF,INTERNATIONAL RECTIFIER CORP,INT RECTIFIER,INT AIDS VACCINE INITIATIVE,INT AIDS VACCINE INITIATIVE,54,2012,2025,T3_REVIEW,0
20996,IRF,INTERNATIONAL RECTIFIER CORP,INT RECTIFIER,INT TOBACCO MACHINERY POLAND,INT TOBACCO MACHINERY POLAND,50,2010,2015,T3_REVIEW,0
20996,IRF,INTERNATIONAL RECTIFIER CORP,INT RECTIFIER,INT ELECTRONIC MACHINES CORP,INT ELECTRONIC MACH,44,2012,2022,T3_REVIEW,0
20996,IRF,INTERNATIONAL RECTIFIER CORP,INT RECTIFIER,INTERNATIONAL INSTITUTE OF INFORMATION TECH HYDERABAD,INT INSTITUTE OF INFORMATION TECH HYDERABAD,38,2017,2025,T3_REVIEW,0
20996,IRF,INTERNATIONAL RECTIFIER CORP,INT RECTIFIER,INT BUSINESS MACHINES CORPORATION,INT BUS MACH,31,2024,2025,T3_REVIEW,0
20996,IRF,INTERNATIONAL RECTIFIER CORP,INT RECTIFIER,INT AUTOMOTIVE COMPONENTS,INT AUTOMOTIVE COMPONENTS,30,2010,2015,T3_REVIEW,0
20996,IRF,INTERNATIONAL RECTIFIER CORP,INT RECTIFIER,INT AIDS VACCINE INITIATIVE INC,INT AIDS VACCINE INITIATIVE,26,2018,2025,T3_REVIEW,0
20996,IRF,INTERNATIONAL RECTIFIER CORP,INT RECTIFIER,INT AUTOMOTIVE COMPONENTS GROUP GMBH,INT AUTOMOTIVE COMPONENTS,25,2016,2022,T3_REVIEW,0
20996,IRF,INTERNATIONAL RECTIFIER CORP,INT RECTIFIER,INT BUSINESS MACHINE CORPORATION,INT BUS MACHINE,24,2016,2023,T3_REVIEW,0
20996,IRF,INTERNATIONAL RECTIFIER CORP,INT RECTIFIER,INT SUPERCONDUCTIVITY TECH,INT SUPERCONDUCTIVITY TECH,23,2010,2014,T3_REVIEW,0
20996,IRF,INTERNATIONAL RECTIFIER CORP,INT RECTIFIER,INT TEST SOLUTIONS INC,INT TEST SOLUTIONS,21,2011,2020,T3_REVIEW,0
20996,IRF,INTERNATIONAL RECTIFIER CORP,INT RECTIFIER,INT DEHYDRATED FOODS INC,INT DEHYDRATED FOODS,19,2016,2024,T3_REVIEW,0
20996,IRF,INTERNATIONAL RECTIFIER CORP,INT RECTIFIER,INT SPINAL INNOVATIONS LLC,INT SPINAL INNOVATIONS,18,2010,2019,T3_REVIEW,0
20996,IRF,INTERNATIONAL RECTIFIER CORP,INT RECTIFIER,INT CURRENCY TECH,INT CURRENCY TECH,17,2010,2013,T3_REVIEW,0
20996,IRF,INTERNATIONAL RECTIFIER CORP,INT RECTIFIER,INT LIFE SCIENCES LLC D/B/A ARTELON,INT LIFE SCIENT LLC D B A ARTELON,17,2016,2025,T3_REVIEW,0
20996,IRF,INTERNATIONAL RECTIFIER CORP,INT RECTIFIER,INT STEM CELL CORP,INT STEM CELL,17,2010,2016,T3_REVIEW,0
20996,IRF,INTERNATIONAL RECTIFIER CORP,INT RECTIFIER,INT REFILLS COMPANY LTD,INT REFILLS,17,2016,2025,T3_REVIEW,0
20996,IRF,INTERNATIONAL RECTIFIER CORP,INT RECTIFIER,INTERNATIONAL FRONTIER TECH LABORATORY INC,INT FRONTIER TECH LAB,14,2016,2025,T3_REVIEW,0
20996,IRF,INTERNATIONAL RECTIFIER CORP,INT RECTIFIER,INT SEMICONDUCTOR GROUP,INT SEMICONDUCTOR,13,2023,2025,T3_REVIEW,0
20996,IRF,INTERNATIONAL RECTIFIER CORP,INT RECTIFIER,INT IP HOLDINGS LLC,INT IP,12,2016,2024,T3_REVIEW,0
20996,IRF,INTERNATIONAL RECTIFIER CORP,INT RECTIFIER,INT FLORA TECHNOLOGIES LTD,INT FLORA TECH,12,2010,2015,T3_REVIEW,0
20996,IRF,INTERNATIONAL RECTIFIER CORP,INT RECTIFIER,INTERNATIONAL IMAGING MAT INC,INT IMAGING MAT,10,2020,2023,T3_REVIEW,0
20996,IRF,INTERNATIONAL RECTIFIER CORP,INT RECTIFIER,INT TEXTILE GROUP INC,INT TEXTILE,10,2016,2020,T3_REVIEW,0
20996,IRF,INTERNATIONAL RECTIFIER CORP,INT RECTIFIER,INT BATTERY METALS LTD,INT BATTERY METALS,10,2018,2025,T3_REVIEW,0
20996,IRF,INTERNATIONAL RECTIFIER CORP,INT RECTIFIER,INTERNATIONAL FLORA TECH LTD,INT FLORA TECH,9,2017,2021,T3_REVIEW,0
20996,IRF,INTERNATIONAL RECTIFIER CORP,INT RECTIFIER,INT CENTRE FOR GENETIC ENGINEERING AND BIOTECHNOLOGY,INT CENTRE FOR GENETIC ENGINEERING AND BIOTECHNOLOGY,9,2017,2023,T3_REVIEW,0
20996,IRF,INTERNATIONAL RECTIFIER CORP,INT RECTIFIER,INT WHEEL & TIRE COMPANY,INT WHEEL TIRE,9,2019,2024,T3_REVIEW,0
20996,IRF,INTERNATIONAL RECTIFIER CORP,INT RECTIFIER,INT CENTRE FOR GENETIC ENGINEERING AND BIOTECHNOLOGY ICGEB,INT CENTRE FOR GENETIC ENGINEERING AND BIOTECHNOLOGY ICGEB,9,2018,2024,T3_REVIEW,0
20996,IRF,INTERNATIONAL RECTIFIER CORP,INT RECTIFIER,INT REFILLS CO LTD,INT REFILLS,9,2010,2014,T3_REVIEW,0
20996,IRF,INTERNATIONAL RECTIFIER CORP,INT RECTIFIER,INT CRUISE & EXCURSION GALLERY INC,INT CRUISE EXCURSION GALLERY,8,2015,2019,T3_REVIEW,0
20996,IRF,INTERNATIONAL RECTIFIER CORP,INT RECTIFIER,INT INC,INT,8,2010,2015,T3_REVIEW,0
20996,IRF,INTERNATIONAL RECTIFIER CORP,INT RECTIFIER,INT FORTE GROUP LLC,INT FORTE,8,2019,2020,T3_REVIEW,0
20996,IRF,INTERNATIONAL RECTIFIER CORP,INT RECTIFIER,INT AUTOMOTIVE COMPONENTS GROUP NORTH AMERICA INC,INT AUTOMOTIVE COMPONENTS GROUP NORTH AMER,7,2015,2025,T3_REVIEW,0
20996,IRF,INTERNATIONAL RECTIFIER CORP,INT RECTIFIER,INT E Z UP INC,INT E Z UP,7,2019,2025,T3_REVIEW,0
20996,IRF,INTERNATIONAL RECTIFIER CORP,INT RECTIFIER,INT MEDICAL SOLUTIONS INC,INT MEDICAL SOLUTIONS,7,2020,2024,T3_REVIEW,0
20996,IRF,INTERNATIONAL RECTIFIER CORP,INT RECTIFIER,INT POWER SUPPLY AD,INT POWER SUPPLY AD,7,2016,2020,T3_REVIEW,0
20996,IRF,INTERNATIONAL RECTIFIER CORP,INT RECTIFIER,INT GAMES SYSTEM CO LTD,INT GAMES SYSTEM,7,2013,2024,T3_REVIEW,0
20996,IRF,INTERNATIONAL RECTIFIER CORP,INT RECTIFIER,INT ENTERPRISES INC,INT ENTPR,7,2010,2019,T3_REVIEW,0
20996,IRF,INTERNATIONAL RECTIFIER CORP,INT RECTIFIER,INT DEVELOPMENT LLC,INT DEV,7,2013,2016,T3_REVIEW,0
20996,IRF,INTERNATIONAL RECTIFIER CORP,INT RECTIFIER,INT SAFETY COMPONENTS LTD,INT SAFETY COMPONENTS,7,2014,2023,T3_REVIEW,0
20996,IRF,INTERNATIONAL RECTIFIER CORP,INT RECTIFIER,INT DESIGN PACKING CO LTD,INT DESIGN PACKING,7,2014,2019,T3_REVIEW,0
20996,IRF,INTERNATIONAL RECTIFIER CORP,INT RECTIFIER,INT BUSINES MACHINES CORPORATION,INT BUSINES MACH,6,2016,2019,T3_REVIEW,0
20996,IRF,INTERNATIONAL RECTIFIER CORP,INT RECTIFIER,INT BUSINESS MACHINES CORPORTION,INT BUS MACH CORPORTION,6,2015,2021,T3_REVIEW,0
20996,IRF,INTERNATIONAL RECTIFIER CORP,INT RECTIFIER,INT CT BAMBOO & RATTAN,INT CT BAMBOO RATTAN,6,2013,2021,T3_REVIEW,0
20996,IRF,INTERNATIONAL RECTIFIER CORP,INT RECTIFIER,INT PRIVATE BANK LLC,INT PRIVATE BANK,6,2018,2021,T3_REVIEW,0
20996,IRF,INTERNATIONAL RECTIFIER CORP,INT RECTIFIER,INT CONTROLS AND MEASUREMENTS CORPORATION,INT CONTROLS AND MEASUREMENTS,6,2016,2024,T3_REVIEW,0
20996,IRF,INTERNATIONAL RECTIFIER CORP,INT RECTIFIER,INT MICROSYSTEMS INC,INT MICROSYSTEMS,6,2015,2025,T3_REVIEW,0
20996,IRF,INTERNATIONAL RECTIFIER CORP,INT RECTIFIER,INT MARKETING INC,INT MARKETING,6,2010,2023,T3_REVIEW,0
20996,IRF,INTERNATIONAL RECTIFIER CORP,INT RECTIFIER,INT THERMAL INVEST LTD,INT THERMAL INVEST,6,2010,2012,T3_REVIEW,0
20996,IRF,INTERNATIONAL RECTIFIER CORP,INT RECTIFIER,INT BOXES S R L,INT BOXES S R L,6,2016,2022,T3_REVIEW,0
20996,IRF,INTERNATIONAL RECTIFIER CORP,INT RECTIFIER,INT MOBILE IOT CORP,INT MOBILE IOT,6,2015,2020,T3_REVIEW,0
20996,IRF,INTERNATIONAL RECTIFIER CORP,INT RECTIFIER,INT ROAD DYNAMICS INC,INT ROAD DYNAMICS,5,2014,2020,T3_REVIEW,0
20996,IRF,INTERNATIONAL RECTIFIER CORP,INT RECTIFIER,INT AGRICULTURE GROUP LLC,INT AGRICULTURE,5,2017,2022,T3_REVIEW,0
20996,IRF,INTERNATIONAL RECTIFIER CORP,INT RECTIFIER,INT DRUG DEVELOPMENT BIOTECH,INT DRUG DEV BIOTECH,5,2015,2022,T3_REVIEW,0
20996,IRF,INTERNATIONAL RECTIFIER CORP,INT RECTIFIER,INT AUTOMOTIVE COMPONENTS GROUP NA INC,INT AUTOMOTIVE COMPONENTS GROUP NA,5,2021,2024,T3_REVIEW,0
20996,IRF,INTERNATIONAL RECTIFIER CORP,INT RECTIFIER,INT BUSINESS MACHINES CORPRATION,INT BUS MACH CORPRATION,5,2017,2020,T3_REVIEW,0
20996,IRF,INTERNATIONAL RECTIFIER CORP,INT RECTIFIER,INT BIOCEUTICAL CO LLC,INT BIOCEUTICAL,5,2017,2019,T3_REVIEW,0
20996,IRF,INTERNATIONAL RECTIFIER CORP,INT RECTIFIER,INTERNATIONAL CURRENCY TECH CORPORATION,INT CURRENCY TECH,5,2017,2024,T3_REVIEW,0
20996,IRF,INTERNATIONAL RECTIFIER CORP,INT RECTIFIER,INTERNATIONAL SOC FOR DRUG DEVELOPMENT S R L,INT SOC FOR DRUG DEV S R L,5,2016,2020,T3_REVIEW,0
20996,IRF,INTERNATIONAL RECTIFIER CORP,INT RECTIFIER,INT TRUST MACHINES CORPORATION,INT TRUST MACH,5,2019,2023,T3_REVIEW,0
20996,IRF,INTERNATIONAL RECTIFIER CORP,INT RECTIFIER,INTERNATIONAL WATER TREAT MARITIME AS,INT WATER TREAT MARITIME,4,2024,2025,T3_REVIEW,0
20996,IRF,INTERNATIONAL RECTIFIER CORP,INT RECTIFIER,INT GAME TECH,INT GAME TECH,4,2011,2013,T3_REVIEW,0
20996,IRF,INTERNATIONAL RECTIFIER CORP,INT RECTIFIER,INT BIOPHYSICS CORP,INT BIOPHYSICS,4,2016,2016,T3_REVIEW,0
20996,IRF,INTERNATIONAL RECTIFIER CORP,INT RECTIFIER,INT BUSINESS MACHINES CORORATION,INT BUS MACH CORORATION,4,2015,2023,T3_REVIEW,0
20996,IRF,INTERNATIONAL RECTIFIER CORP,INT RECTIFIER,INT NUTRITION RES COMPANY,INT NUTRITION RES,4,2014,2016,T3_REVIEW,0
20996,IRF,INTERNATIONAL RECTIFIER CORP,INT RECTIFIER,INT COMMUNICATIONS CORP,INT COMMUNICATIONS,4,2017,2021,T3_REVIEW,0
20996,IRF,INTERNATIONAL RECTIFIER CORP,INT RECTIFIER,INTERNATIONAL THERMAL INVEST LTD,INT THERMAL INVEST,4,2020,2023,T3_REVIEW,0
20996,IRF,INTERNATIONAL RECTIFIER CORP,INT RECTIFIER,INTERNATIONAL MEDICAL SUPPLIERS & TECH INC,INT MEDICAL SUPPLIERS TECH,4,2017,2017,T3_REVIEW,0
20996,IRF,INTERNATIONAL RECTIFIER CORP,INT RECTIFIER,INT STEM CELL CORPORATION,INT STEM CELL,4,2018,2022,T3_REVIEW,0
20996,IRF,INTERNATIONAL RECTIFIER CORP,INT RECTIFIER,INT ELECTRONIC MACHINES CORPORATION,INT ELECTRONIC MACH,4,2017,2021,T3_REVIEW,0
20996,IRF,INTERNATIONAL RECTIFIER CORP,INT RECTIFIER,INT ENVIRONMENTAL CORPORATION,INT ENVIRONMENTAL,4,2018,2022,T3_REVIEW,0
20996,IRF,INTERNATIONAL RECTIFIER CORP,INT RECTIFIER,INT BRIDGE INC,INT BRIDGE,4,2017,2022,T3_REVIEW,0
20996,IRF,INTERNATIONAL RECTIFIER CORP,INT RECTIFIER,INT BUSINESS MACHINESS CORPORATION,INT BUS MACHINESS,3,2018,2021,T3_REVIEW,0
20996,IRF,INTERNATIONAL RECTIFIER CORP,INT RECTIFIER,INT TECHNIDYNE CORP,INT TECHNIDYNE,3,2012,2018,T3_REVIEW,0
20996,IRF,INTERNATIONAL RECTIFIER CORP,INT RECTIFIER,INTERNATIONAL REFILLS COMPANY LTD,INT REFILLS,3,2019,2025,T3_REVIEW,0
20996,IRF,INTERNATIONAL RECTIFIER CORP,INT RECTIFIER,INTERNATIONAL ELECTRIC COMPANY LTD,INT ELEC,3,2018,2023,T3_REVIEW,0
20996,IRF,INTERNATIONAL RECTIFIER CORP,INT RECTIFIER,INTERNATIONAL SOLAR ENERGY RES CENTER KONSTANZ E V,INT SOLAR ENERGY RES CENTER KONSTANZ E V,3,2021,2022,T3_REVIEW,0
20996,IRF,INTERNATIONAL RECTIFIER CORP,INT RECTIFIER,INT CONSOLIDATED BUSINESS GROUP PTY LTD,INT CONSOLIDATED BUS,3,2016,2023,T3_REVIEW,0
20996,IRF,INTERNATIONAL RECTIFIER CORP,INT RECTIFIER,INT L SHEAR LOCK SYSTEMS INC,INT L SHEAR LOCK SYS,3,2012,2014,T3_REVIEW,0
20996,IRF,INTERNATIONAL RECTIFIER CORP,INT RECTIFIER,INT CONSOLIDATED AIRLINES GROUP,INT CONSOLIDATED AIRLINES,3,2016,2018,T3_REVIEW,0
20996,IRF,INTERNATIONAL RECTIFIER CORP,INT RECTIFIER,INTERNATIONAL PLANT PROPAGATION TECH LTD,INT PLANT PROPAGATION TECH,3,2018,2023,T3_REVIEW,0
20996,IRF,INTERNATIONAL RECTIFIER CORP,INT RECTIFIER,INT BUSINESS MACHINES INT,INT BUS MACH INT,3,2015,2015,T3_REVIEW,0
20996,IRF,INTERNATIONAL RECTIFIER CORP,INT RECTIFIER,INT BIOPHYSICS CORPORATION,INT BIOPHYSICS,3,2017,2021,T3_REVIEW,0
20996,IRF,INTERNATIONAL RECTIFIER CORP,INT RECTIFIER,INT CONSOLIDATED AIRLINES GROUP S A,INT CONSOLIDATED AIRLINES GROUP S A,3,2020,2023,T3_REVIEW,0
20996,IRF,INTERNATIONAL RECTIFIER CORP,INT RECTIFIER,INT TOBACCO MACHINERY POLAND SPOLKA Z OGRANICZONA ODPOWIEDZIALNOSCIA,INT TOBACCO MACHINERY POLAND SPOLKA Z OGRANICZONA ODPOWIEDZIALNOSCIA,3,2016,2017,T3_REVIEW,0
20996,IRF,INTERNATIONAL RECTIFIER CORP,INT RECTIFIER,INT N&H USA INC,INT N H USA,3,2022,2025,T3_REVIEW,0
20996,IRF,INTERNATIONAL RECTIFIER CORP,INT RECTIFIER,INT PEANUT GROUP LLC,INT PEANUT,3,2024,2025,T3_REVIEW,0
20996,IRF,INTERNATIONAL RECTIFIER CORP,INT RECTIFIER,INT FOG INC,INT FOG,3,2015,2019,T3_REVIEW,0
20996,IRF,INTERNATIONAL RECTIFIER CORP,INT RECTIFIER,INT MACHINERY SOLUTIONS LTD,INT MACHINERY SOLUTIONS,3,2021,2022,T3_REVIEW,0
20996,IRF,INTERNATIONAL RECTIFIER CORP,INT RECTIFIER,INT WATER GUARD INDUSTRIES INC,INT WATER GUARD IND,3,2018,2020,T3_REVIEW,0
20996,IRF,INTERNATIONAL RECTIFIER CORP,INT RECTIFIER,INTERNATIONAL VENDING MAN INC,INT VENDING MAN,3,2021,2025,T3_REVIEW,0
20996,IRF,INTERNATIONAL RECTIFIER CORP,INT RECTIFIER,INTERNATIONAL ADVANCED RES CENTRE FOR POWDER METALLURGY AND NEW MATERIALS ARCI,INT ADVANCED RES CENTRE FOR POWDER METALLURGY AND NEW MATERIALS ARCI,3,2018,2021,T3_REVIEW,0
20996,IRF,INTERNATIONAL RECTIFIER CORP,INT RECTIFIER,INT BUSINESS MACHINES CORPORTATION,INT BUS MACH CORPORTATION,3,2015,2018,T3_REVIEW,0
20996,IRF,INTERNATIONAL RECTIFIER CORP,INT RECTIFIER,INT PARTNERSHIP FOR MICROBICIDES INC,INT PARTNERSHIP FOR MICROBICIDES,3,2015,2022,T3_REVIEW,0
20996,IRF,INTERNATIONAL RECTIFIER CORP,INT RECTIFIER,INTERNATIONAL CENTRE FOR DIARRHOEAL DISEASE RES BANGLADESH,INT CENTRE FOR DIARRHOEAL DISEASE RES BANGLADESH,3,2020,2023,T3_REVIEW,0
20996,IRF,INTERNATIONAL RECTIFIER CORP,INT RECTIFIER,INTERNATIONAL RICE RES INSTITUTE,INT RICE RES INSTITUTE,3,2016,2021,T3_REVIEW,0
20996,IRF,INTERNATIONAL RECTIFIER CORP,INT RECTIFIER,INT TECHNICAL COATINGS INC,INT TECHNICAL COATINGS,3,2021,2024,T3_REVIEW,0
20996,IRF,INTERNATIONAL RECTIFIER CORP,INT RECTIFIER,INT DIOXCIDE INC,INT DIOXCIDE,3,2016,2017,T3_REVIEW,0
20996,IRF,INTERNATIONAL RECTIFIER CORP,INT RECTIFIER,INT DRYING CORPORATION,INT DRYING,3,2019,2023,T3_REVIEW,0
20996,IRF,INTERNATIONAL RECTIFIER CORP,INT RECTIFIER,INT TECH B V,INT TECH B V,3,2015,2017,T3_REVIEW,0
20996,IRF,INTERNATIONAL RECTIFIER CORP,INT RECTIFIER,INT INSULATION PRODUCTS LLC,INT INSULATION PRODUCTS,3,2015,2023,T3_REVIEW,0
20996,IRF,INTERNATIONAL RECTIFIER CORP,INT RECTIFIER,INTERNATIONAL NUTRITION RES COMPANY,INT NUTRITION RES,3,2017,2021,T3_REVIEW,0
20996,IRF,INTERNATIONAL RECTIFIER CORP,INT RECTIFIER,INT NAME PLATE SUPPLIES LTD,INT NAME PLATE SUPPLIES,3,2022,2025,T3_REVIEW,0
20996,IRF,INTERNATIONAL RECTIFIER CORP,INT RECTIFIER,INT CENTRE FOR GENETIC ENG AND BIOTECHNOLOGY,INT CENTRE FOR GENETIC ENG AND BIOTECHNOLOGY,3,2015,2017,T3_REVIEW,0
37727,ISRG,INTUITIVE SURGICAL INC,INTUITIVE SURGICAL,INTUITIVE RESEARCH AND TECH CORPORATION,INTUITIVE RES AND TECH,26,2018,2025,T3_REVIEW,0
37727,ISRG,INTUITIVE SURGICAL INC,INTUITIVE SURGICAL,INTUITIVE CONTROL SYSTEMS LLC,INTUITIVE CONTROL SYS,4,2013,2016,T3_REVIEW,0
37727,ISRG,INTUITIVE SURGICAL INC,INTUITIVE SURGICAL,INTUITIVE BIOSCIENCES INC,INTUITIVE BIOSCIENCES,4,2013,2018,T3_REVIEW,0
37727,ISRG,INTUITIVE SURGICAL INC,INTUITIVE SURGICAL,INTUITIVE DESIGNS JERSEY LTD,INTUITIVE DESIGNS JERSEY,3,2016,2017,T3_REVIEW,0
37727,ISRG,INTUITIVE SURGICAL INC,INTUITIVE SURGICAL,INTUITIVE CREATIONS PTE LTD,INTUITIVE CREATIONS,3,2010,2014,T3_REVIEW,0
37727,ISRG,INTUITIVE SURGICAL INC,INTUITIVE SURGICAL,INTUITIVE RES AND TECHNOLOGY CORP,INTUITIVE RES AND TECH,3,2010,2015,T3_REVIEW,0
21019,JCI,JOHNSON CONTROLS INC,JOHNSON CONTROLS,JOHNSON MATTHEY PLC,JOHNSON MATTHEY,1012,2010,2025,T3_REVIEW,0
21019,JCI,JOHNSON CONTROLS INC,JOHNSON CONTROLS,JOHNSON & JOHNSON VISION CARE,JOHNSON JOHNSON VISION CARE,707,2012,2025,T3_REVIEW,0
21019,JCI,JOHNSON CONTROLS INC,JOHNSON CONTROLS,JOHNSON ELECTRIC SA,JOHNSON ELEC,537,2010,2018,T3_REVIEW,0
21019,JCI,JOHNSON CONTROLS INC,JOHNSON CONTROLS,JOHNSON & JOHNSON CONSUMER INC,JOHNSON JOHNSON CONSUMER,415,2014,2024,T3_REVIEW,0
21019,JCI,JOHNSON CONTROLS INC,JOHNSON CONTROLS,JOHNSON & SON INC S C,JOHNSON SON INC S C,368,2010,2025,T3_REVIEW,0
21019,JCI,JOHNSON CONTROLS INC,JOHNSON CONTROLS,JOHNSON & JOHNSON SURGICAL VISION INC,JOHNSON JOHNSON SURGICAL VISION,250,2018,2025,T3_REVIEW,0
21019,JCI,JOHNSON CONTROLS INC,JOHNSON CONTROLS,JOHNSON & JOHNSON CONSUMER,JOHNSON JOHNSON CONSUMER,100,2010,2015,T3_REVIEW,0
21019,JCI,JOHNSON CONTROLS INC,JOHNSON CONTROLS,JOHNSON HEALTH TECH CO LTD,JOHNSON HEALTH TECH,92,2010,2025,T3_REVIEW,0
21019,JCI,JOHNSON CONTROLS INC,JOHNSON CONTROLS,JOHNSON ELECTRIC INT AG,JOHNSON ELEC INT,78,2018,2025,T3_REVIEW,0
21019,JCI,JOHNSON CONTROLS INC,JOHNSON CONTROLS,JOHNSON MATTHEY DAVY TECHNOLOGIES LTD,JOHNSON MATTHEY DAVY TECH,75,2013,2025,T3_REVIEW,0
21019,JCI,JOHNSON CONTROLS INC,JOHNSON CONTROLS,JOHNSON OUTDOORS INC,JOHNSON OUTDOORS,70,2010,2025,T3_REVIEW,0
21019,JCI,JOHNSON CONTROLS INC,JOHNSON CONTROLS,JOHNSON NANCY L,JOHNSON NANCY L,61,2010,2012,T3_REVIEW,0
21019,JCI,JOHNSON CONTROLS INC,JOHNSON CONTROLS,JOHNSON MATTHEY FUEL CELLS LTD,JOHNSON MATTHEY FUEL CELLS,51,2011,2021,T3_REVIEW,0
21019,JCI,JOHNSON CONTROLS INC,JOHNSON CONTROLS,JOHNSON CO E F,JOHNSON CO E F,39,2011,2025,T3_REVIEW,0
21019,JCI,JOHNSON CONTROLS INC,JOHNSON CONTROLS,JOHNSON IP HOLDING LLC,JOHNSON IP,36,2012,2024,T3_REVIEW,0
21019,JCI,JOHNSON CONTROLS INC,JOHNSON CONTROLS,JOHNSON MATTHEY CATALYSTS GERMANY GMBH,JOHNSON MATTHEY CATALYSTS GERMANY,35,2010,2023,T3_REVIEW,0
21019,JCI,JOHNSON CONTROLS INC,JOHNSON CONTROLS,JOHNSON CONTR AUTOMOTIVE ELECT,JOHNSON CONTR AUTOMOTIVE ELECT,34,2010,2015,T3_REVIEW,0
21019,JCI,JOHNSON CONTROLS INC,JOHNSON CONTROLS,JOHNSON LANNY LEO,JOHNSON LANNY LEO,34,2012,2024,T3_REVIEW,0
21019,JCI,JOHNSON CONTROLS INC,JOHNSON CONTROLS,JOHNSON SAM,JOHNSON SAM,28,2011,2025,T3_REVIEW,0
21019,JCI,JOHNSON CONTROLS INC,JOHNSON CONTROLS,JOHNSON MATTHEY HYDROGEN TECHNOLOGIES LTD,JOHNSON MATTHEY HYDROGEN TECH,21,2020,2023,T3_REVIEW,0
21019,JCI,JOHNSON CONTROLS INC,JOHNSON CONTROLS,JOHNSON & JOHNSON GMBH,JOHNSON JOHNSON,20,2012,2024,T3_REVIEW,0
21019,JCI,JOHNSON CONTROLS INC,JOHNSON CONTROLS,JOHNSON LONNIE G,JOHNSON LONNIE G,20,2010,2025,T3_REVIEW,0
21019,JCI,JOHNSON CONTROLS INC,JOHNSON CONTROLS,JOHNSON LANNY L,JOHNSON LANNY L,20,2010,2020,T3_REVIEW,0
21019,JCI,JOHNSON CONTROLS INC,JOHNSON CONTROLS,JOHNSON LESLIE S,JOHNSON LESLIE S,17,2010,2014,T3_REVIEW,0
21019,JCI,JOHNSON CONTROLS INC,JOHNSON CONTROLS,JOHNSON NOBLE M,JOHNSON NOBLE M,17,2010,2012,T3_REVIEW,0
21019,JCI,JOHNSON CONTROLS INC,JOHNSON CONTROLS,JOHNSON CONTROL TECHNOLOGY COMPANY,JOHNSON CONTROL TECH,16,2010,2014,T3_REVIEW,0
21019,JCI,JOHNSON CONTROLS INC,JOHNSON CONTROLS,JOHNSON KRISTIN D,JOHNSON KRISTIN D,15,2010,2012,T3_REVIEW,0
21019,JCI,JOHNSON CONTROLS INC,JOHNSON CONTROLS,JOHNSON MITCH,JOHNSON MITCH,15,2011,2014,T3_REVIEW,0
21019,JCI,JOHNSON CONTROLS INC,JOHNSON CONTROLS,JOHNSON SCREENS INC,JOHNSON SCREENS,14,2010,2022,T3_REVIEW,0
21019,JCI,JOHNSON CONTROLS INC,JOHNSON CONTROLS,JOHNSON SANDRA K,JOHNSON SANDRA K,13,2010,2022,T3_REVIEW,0
21019,JCI,JOHNSON CONTROLS INC,JOHNSON CONTROLS,JOHNSON LYNDA KAYE,JOHNSON LYNDA KAYE,13,2010,2012,T3_REVIEW,0
21019,JCI,JOHNSON CONTROLS INC,JOHNSON CONTROLS,JOHNSON MICHAEL DUDLEY,JOHNSON MICHAEL DUDLEY,11,2011,2012,T3_REVIEW,0
21019,JCI,JOHNSON CONTROLS INC,JOHNSON CONTROLS,JOHNSON & JOHNSON MEDICAL,JOHNSON JOHNSON MEDICAL,11,2013,2018,T3_REVIEW,0
21019,JCI,JOHNSON CONTROLS INC,JOHNSON CONTROLS,JOHNSON DEACON,JOHNSON DEACON,10,2012,2025,T3_REVIEW,0
21019,JCI,JOHNSON CONTROLS INC,JOHNSON CONTROLS,JOHNSON MATTHEY SHANGHAI CHEMICALS LTD,JOHNSON MATTHEY SHANGHAI CHEM,10,2018,2025,T3_REVIEW,0
21019,JCI,JOHNSON CONTROLS INC,JOHNSON CONTROLS,JOHNSON & JOHNSON,JOHNSON JOHNSON,10,2010,2016,T3_REVIEW,0
21019,JCI,JOHNSON CONTROLS INC,JOHNSON CONTROLS,JOHNSON JOHN LESLIE,JOHNSON JOHN LESLIE,10,2012,2019,T3_REVIEW,0
21019,JCI,JOHNSON CONTROLS INC,JOHNSON CONTROLS,JOHNSON MATTHEY PROCESS TECH INC,JOHNSON MATTHEY PROCESS TECH,9,2016,2023,T3_REVIEW,0
21019,JCI,JOHNSON CONTROLS INC,JOHNSON CONTROLS,JOHNSON IND INC,JOHNSON IND,9,2012,2020,T3_REVIEW,0
21019,JCI,JOHNSON CONTROLS INC,JOHNSON CONTROLS,JOHNSON JESSI ERNEST,JOHNSON JESSI ERNEST,9,2011,2017,T3_REVIEW,0
21019,JCI,JOHNSON CONTROLS INC,JOHNSON CONTROLS,JOHNSON JESSI E,JOHNSON JESSI E,9,2010,2017,T3_REVIEW,0
21019,JCI,JOHNSON CONTROLS INC,JOHNSON CONTROLS,JOHNSON NELDON P,JOHNSON NELDON P,9,2011,2015,T3_REVIEW,0
21019,JCI,JOHNSON CONTROLS INC,JOHNSON CONTROLS,JOHNSON SAFETY INC,JOHNSON SAFETY,8,2014,2018,T3_REVIEW,0
21019,JCI,JOHNSON CONTROLS INC,JOHNSON CONTROLS,JOHNSON & JOHNSON ENTPR INNOVATION INC,JOHNSON JOHNSON ENTPR INNOVATION,8,2021,2023,T3_REVIEW,0
21019,JCI,JOHNSON CONTROLS INC,JOHNSON CONTROLS,JOHNSON DAVID AUGUST,JOHNSON DAVID AUGUST,8,2010,2012,T3_REVIEW,0
21019,JCI,JOHNSON CONTROLS INC,JOHNSON CONTROLS,JOHNSON CONTR INTERIORS GMBH,JOHNSON CONTR INTERIORS,8,2011,2012,T3_REVIEW,0
21019,JCI,JOHNSON CONTROLS INC,JOHNSON CONTROLS,JOHNSON ROYCE W,JOHNSON ROYCE W,8,2010,2013,T3_REVIEW,0
21019,JCI,JOHNSON CONTROLS INC,JOHNSON CONTROLS,JOHNSON GARRETT M,JOHNSON GARRETT M,8,2010,2012,T3_REVIEW,0
21019,JCI,JOHNSON CONTROLS INC,JOHNSON CONTROLS,JOHNSON STEPHEN BERTRAM,JOHNSON STEPHEN BERTRAM,7,2010,2012,T3_REVIEW,0
21019,JCI,JOHNSON CONTROLS INC,JOHNSON CONTROLS,JOHNSON IVY D,JOHNSON IVY D,7,2012,2015,T3_REVIEW,0
21019,JCI,JOHNSON CONTROLS INC,JOHNSON CONTROLS,JOHNSON DEBRA SHARON,JOHNSON DEBRA SHARON,7,2016,2025,T3_REVIEW,0
21019,JCI,JOHNSON CONTROLS INC,JOHNSON CONTROLS,JOHNSON ASHLEY BERNARD,JOHNSON ASHLEY BERNARD,7,2011,2012,T3_REVIEW,0
21019,JCI,JOHNSON CONTROLS INC,JOHNSON CONTROLS,JOHNSON NOEL R,JOHNSON NOEL R,7,2014,2020,T3_REVIEW,0
21019,JCI,JOHNSON CONTROLS INC,JOHNSON CONTROLS,JOHNSON KRISTEN,JOHNSON KRISTEN,7,2010,2018,T3_REVIEW,0
21019,JCI,JOHNSON CONTROLS INC,JOHNSON CONTROLS,JOHNSON TREVOR,JOHNSON TREVOR,7,2010,2013,T3_REVIEW,0
21019,JCI,JOHNSON CONTROLS INC,JOHNSON CONTROLS,JOHNSON MORGAN T,JOHNSON MORGAN T,7,2011,2013,T3_REVIEW,0
21019,JCI,JOHNSON CONTROLS INC,JOHNSON CONTROLS,JOHNSON GRAEME,JOHNSON GRAEME,6,2011,2012,T3_REVIEW,0
21019,JCI,JOHNSON CONTROLS INC,JOHNSON CONTROLS,JOHNSON REED,JOHNSON REED,6,2012,2019,T3_REVIEW,0
21019,JCI,JOHNSON CONTROLS INC,JOHNSON CONTROLS,JOHNSON CONSULTING LLC,JOHNSON CONSULTING,6,2021,2025,T3_REVIEW,0
21019,JCI,JOHNSON CONTROLS INC,JOHNSON CONTROLS,JOHNSON GAVIN S,JOHNSON GAVIN S,6,2010,2012,T3_REVIEW,0
21019,JCI,JOHNSON CONTROLS INC,JOHNSON CONTROLS,JOHNSON COREY B,JOHNSON COREY B,6,2018,2022,T3_REVIEW,0
21019,JCI,JOHNSON CONTROLS INC,JOHNSON CONTROLS,JOHNSON SCOT ARTHUR,JOHNSON SCOT ARTHUR,6,2020,2023,T3_REVIEW,0
21019,JCI,JOHNSON CONTROLS INC,JOHNSON CONTROLS,JOHNSON BARTLEY C,JOHNSON BARTLEY C,6,2010,2012,T3_REVIEW,0
21019,JCI,JOHNSON CONTROLS INC,JOHNSON CONTROLS,JOHNSON JAY WESLEY,JOHNSON JAY WESLEY,6,2010,2011,T3_REVIEW,0
21019,JCI,JOHNSON CONTROLS INC,JOHNSON CONTROLS,JOHNSON ELECTRIC INTERNAT UK LTD,JOHNSON ELEC INTERNAT UK,6,2013,2016,T3_REVIEW,0
21019,JCI,JOHNSON CONTROLS INC,JOHNSON CONTROLS,JOHNSON SOLID STATE LLC,JOHNSON SOLID STATE,6,2015,2021,T3_REVIEW,0
21019,JCI,JOHNSON CONTROLS INC,JOHNSON CONTROLS,JOHNSON CRUSHERS INT INC,JOHNSON CRUSHERS INT,6,2018,2024,T3_REVIEW,0
21019,JCI,JOHNSON CONTROLS INC,JOHNSON CONTROLS,JOHNSON DREW,JOHNSON DREW,5,2010,2020,T3_REVIEW,0
21019,JCI,JOHNSON CONTROLS INC,JOHNSON CONTROLS,JOHNSON LENAE VIRGINIA,JOHNSON LENAE VIRGINIA,5,2010,2011,T3_REVIEW,0
21019,JCI,JOHNSON CONTROLS INC,JOHNSON CONTROLS,JOHNSON BANKOLE A,JOHNSON BANKOLE A,5,2010,2016,T3_REVIEW,0
21019,JCI,JOHNSON CONTROLS INC,JOHNSON CONTROLS,JOHNSON COREY,JOHNSON COREY,5,2013,2022,T3_REVIEW,0
21019,JCI,JOHNSON CONTROLS INC,JOHNSON CONTROLS,JOHNSON JED K,JOHNSON JED K,5,2012,2014,T3_REVIEW,0
21019,JCI,JOHNSON CONTROLS INC,JOHNSON CONTROLS,JOHNSON KLEIN L,JOHNSON KLEIN L,5,2010,2012,T3_REVIEW,0
21019,JCI,JOHNSON CONTROLS INC,JOHNSON CONTROLS,JOHNSON AUGUST A,JOHNSON AUGUST A,5,2013,2013,T3_REVIEW,0
21019,JCI,JOHNSON CONTROLS INC,JOHNSON CONTROLS,JOHNSON BENEDICT YORKE,JOHNSON BENEDICT YORKE,5,2010,2013,T3_REVIEW,0
21019,JCI,JOHNSON CONTROLS INC,JOHNSON CONTROLS,JOHNSON KROY DONALD,JOHNSON KROY DONALD,5,2010,2012,T3_REVIEW,0
21019,JCI,JOHNSON CONTROLS INC,JOHNSON CONTROLS,JOHNSON LUKE A,JOHNSON LUKE A,5,2010,2014,T3_REVIEW,0
21019,JCI,JOHNSON CONTROLS INC,JOHNSON CONTROLS,JOHNSON GAVIN A,JOHNSON GAVIN A,5,2011,2020,T3_REVIEW,0
21019,JCI,JOHNSON CONTROLS INC,JOHNSON CONTROLS,JOHNSON MATTHEY CATALYSTS (GERMANY) GMBH,JOHNSON MATTHEY CATALYSTS GERMANY,5,2013,2016,T3_REVIEW,0
21019,JCI,JOHNSON CONTROLS INC,JOHNSON CONTROLS,JOHNSON LORIN,JOHNSON LORIN,5,2011,2025,T3_REVIEW,0
21019,JCI,JOHNSON CONTROLS INC,JOHNSON CONTROLS,JOHNSON KIRK R,JOHNSON KIRK R,5,2011,2011,T3_REVIEW,0
21019,JCI,JOHNSON CONTROLS INC,JOHNSON CONTROLS,JOHNSON SHANE,JOHNSON SHANE,5,2012,2020,T3_REVIEW,0
21019,JCI,JOHNSON CONTROLS INC,JOHNSON CONTROLS,JOHNSON KIRK W,JOHNSON KIRK W,5,2010,2012,T3_REVIEW,0
21019,JCI,JOHNSON CONTROLS INC,JOHNSON CONTROLS,JOHNSON II RICHARD A,JOHNSON II RICHARD A,5,2010,2012,T3_REVIEW,0
21019,JCI,JOHNSON CONTROLS INC,JOHNSON CONTROLS,JOHNSON LEWIS,JOHNSON LEWIS,5,2010,2011,T3_REVIEW,0
21019,JCI,JOHNSON CONTROLS INC,JOHNSON CONTROLS,JOHNSON WENDELL C,JOHNSON WENDELL C,5,2011,2012,T3_REVIEW,0
21019,JCI,JOHNSON CONTROLS INC,JOHNSON CONTROLS,JOHNSON MITCHELL A F,JOHNSON MITCHELL A F,5,2010,2011,T3_REVIEW,0
21019,JCI,JOHNSON CONTROLS INC,JOHNSON CONTROLS,JOHNSON IND INTERNATIONAL INC,JOHNSON IND INT,5,2013,2015,T3_REVIEW,0
21019,JCI,JOHNSON CONTROLS INC,JOHNSON CONTROLS,JOHNSON PATRICIA,JOHNSON PATRICIA,5,2010,2015,T3_REVIEW,0
21019,JCI,JOHNSON CONTROLS INC,JOHNSON CONTROLS,JOHNSON THERESA,JOHNSON THERESA,5,2015,2019,T3_REVIEW,0
21019,JCI,JOHNSON CONTROLS INC,JOHNSON CONTROLS,JOHNSON CHARLES LUTHER,JOHNSON CHARLES LUTHER,5,2010,2012,T3_REVIEW,0
21019,JCI,JOHNSON CONTROLS INC,JOHNSON CONTROLS,JOHNSON ROYCE,JOHNSON ROYCE,5,2010,2012,T3_REVIEW,0
21019,JCI,JOHNSON CONTROLS INC,JOHNSON CONTROLS,JOHNSON LANNY,JOHNSON LANNY,5,2011,2016,T3_REVIEW,0
21019,JCI,JOHNSON CONTROLS INC,JOHNSON CONTROLS,JOHNSON CURT,JOHNSON CURT,5,2010,2022,T3_REVIEW,0
21019,JCI,JOHNSON CONTROLS INC,JOHNSON CONTROLS,JOHNSON DESMOND FORD,JOHNSON DESMOND FORD,5,2011,2012,T3_REVIEW,0
21019,JCI,JOHNSON CONTROLS INC,JOHNSON CONTROLS,JOHNSON REBECCA,JOHNSON REBECCA,5,2011,2022,T3_REVIEW,0
21019,JCI,JOHNSON CONTROLS INC,JOHNSON CONTROLS,JOHNSON COUNTY COMMUNITY COLLEGE FOUNDATION INC,JOHNSON COUNTY COMMUNITY COLLEGE FOUNDATION,4,2014,2015,T3_REVIEW,0
21019,JCI,JOHNSON CONTROLS INC,JOHNSON CONTROLS,JOHNSON ALISA ANN,JOHNSON ALISA ANN,4,2021,2025,T3_REVIEW,0
21019,JCI,JOHNSON CONTROLS INC,JOHNSON CONTROLS,JOHNSON BRICE A,JOHNSON BRICE A,4,2010,2012,T3_REVIEW,0
21019,JCI,JOHNSON CONTROLS INC,JOHNSON CONTROLS,JOHNSON LANE MICHAEL,JOHNSON LANE MICHAEL,4,2010,2012,T3_REVIEW,0
21019,JCI,JOHNSON CONTROLS INC,JOHNSON CONTROLS,JOHNSON AHREN KARL,JOHNSON AHREN KARL,4,2010,2011,T3_REVIEW,0
21019,JCI,JOHNSON CONTROLS INC,JOHNSON CONTROLS,JOHNSON SVEN,JOHNSON SVEN,4,2022,2025,T3_REVIEW,0
21019,JCI,JOHNSON CONTROLS INC,JOHNSON CONTROLS,JOHNSON WES,JOHNSON WES,4,2012,2022,T3_REVIEW,0
21019,JCI,JOHNSON CONTROLS INC,JOHNSON CONTROLS,JOHNSON CORRY W,JOHNSON CORRY W,4,2011,2012,T3_REVIEW,0
21019,JCI,JOHNSON CONTROLS INC,JOHNSON CONTROLS,JOHNSON RAY M,JOHNSON RAY M,4,2010,2021,T3_REVIEW,0
21019,JCI,JOHNSON CONTROLS INC,JOHNSON CONTROLS,JOHNSON JUDY S,JOHNSON JUDY S,4,2010,2012,T3_REVIEW,0
21019,JCI,JOHNSON CONTROLS INC,JOHNSON CONTROLS,JOHNSON THERESA LOUISE,JOHNSON THERESA LOUISE,4,2010,2012,T3_REVIEW,0
21019,JCI,JOHNSON CONTROLS INC,JOHNSON CONTROLS,JOHNSON NOEL,JOHNSON NOEL,4,2012,2015,T3_REVIEW,0
21019,JCI,JOHNSON CONTROLS INC,JOHNSON CONTROLS,JOHNSON ERIN,JOHNSON ERIN,4,2010,2012,T3_REVIEW,0
21019,JCI,JOHNSON CONTROLS INC,JOHNSON CONTROLS,JOHNSON MATTHEY JAPAN G K,JOHNSON MATTHEY JAPAN G K,4,2014,2020,T3_REVIEW,0
21019,JCI,JOHNSON CONTROLS INC,JOHNSON CONTROLS,JOHNSON MYA,JOHNSON MYA,4,2019,2021,T3_REVIEW,0
21019,JCI,JOHNSON CONTROLS INC,JOHNSON CONTROLS,JOHNSON BRASS & MACHINE FOUNDRY INC,JOHNSON BRASS MACHINE FOUNDRY,4,2018,2020,T3_REVIEW,0
21019,JCI,JOHNSON CONTROLS INC,JOHNSON CONTROLS,JOHNSON TYLER,JOHNSON TYLER,4,2011,2023,T3_REVIEW,0
21019,JCI,JOHNSON CONTROLS INC,JOHNSON CONTROLS,JOHNSON ASHLEY,JOHNSON ASHLEY,4,2010,2013,T3_REVIEW,0
21019,JCI,JOHNSON CONTROLS INC,JOHNSON CONTROLS,JOHNSON TRUCK BODIES LLC,JOHNSON TRUCK BODIES,4,2010,2025,T3_REVIEW,0
21019,JCI,JOHNSON CONTROLS INC,JOHNSON CONTROLS,JOHNSON LUKAS,JOHNSON LUKAS,4,2010,2012,T3_REVIEW,0
21019,JCI,JOHNSON CONTROLS INC,JOHNSON CONTROLS,JOHNSON MATTHEY JAPAN GODO KAISHA,JOHNSON MATTHEY JAPAN GODO KAISHA,4,2012,2018,T3_REVIEW,0
21019,JCI,JOHNSON CONTROLS INC,JOHNSON CONTROLS,JOHNSON TRAVIS OGDEN,JOHNSON TRAVIS OGDEN,4,2012,2018,T3_REVIEW,0
21019,JCI,JOHNSON CONTROLS INC,JOHNSON CONTROLS,JOHNSON CAROLYN ROCHE,JOHNSON CAROLYN ROCHE,4,2011,2012,T3_REVIEW,0
21019,JCI,JOHNSON CONTROLS INC,JOHNSON CONTROLS,JOHNSON LOIS,JOHNSON LOIS,4,2010,2011,T3_REVIEW,0
21019,JCI,JOHNSON CONTROLS INC,JOHNSON CONTROLS,JOHNSON ROLLAND PAUL,JOHNSON ROLLAND PAUL,4,2016,2025,T3_REVIEW,0
21019,JCI,JOHNSON CONTROLS INC,JOHNSON CONTROLS,JOHNSON DREW S,JOHNSON DREW S,4,2010,2012,T3_REVIEW,0
21019,JCI,JOHNSON CONTROLS INC,JOHNSON CONTROLS,JOHNSON LEVEL & TOOL MFG,JOHNSON LEVEL TOOL MFG,4,2013,2015,T3_REVIEW,0
21019,JCI,JOHNSON CONTROLS INC,JOHNSON CONTROLS,JOHNSON PHIL,JOHNSON PHIL,4,2010,2011,T3_REVIEW,0
21019,JCI,JOHNSON CONTROLS INC,JOHNSON CONTROLS,JOHNSON REGAN,JOHNSON REGAN,4,2010,2011,T3_REVIEW,0
21019,JCI,JOHNSON CONTROLS INC,JOHNSON CONTROLS,JOHNSON MATHEY PLC,JOHNSON MATHEY,4,2011,2012,T3_REVIEW,0
21019,JCI,JOHNSON CONTROLS INC,JOHNSON CONTROLS,JOHNSON HENRI,JOHNSON HENRI,4,2012,2020,T3_REVIEW,0
21019,JCI,JOHNSON CONTROLS INC,JOHNSON CONTROLS,JOHNSON CLINT,JOHNSON CLINT,4,2010,2011,T3_REVIEW,0
21019,JCI,JOHNSON CONTROLS INC,JOHNSON CONTROLS,JOHNSON HEALTH TECH RETAIL INC,JOHNSON HEALTH TECH RETAIL,4,2024,2025,T3_REVIEW,0
21019,JCI,JOHNSON CONTROLS INC,JOHNSON CONTROLS,JOHNSON NEAL,JOHNSON NEAL,4,2020,2023,T3_REVIEW,0
21019,JCI,JOHNSON CONTROLS INC,JOHNSON CONTROLS,JOHNSON LUKAS WILLIAM,JOHNSON LUKAS WILLIAM,4,2011,2012,T3_REVIEW,0
21019,JCI,JOHNSON CONTROLS INC,JOHNSON CONTROLS,JOHNSON JEREMIAH,JOHNSON JEREMIAH,4,2011,2021,T3_REVIEW,0
21019,JCI,JOHNSON CONTROLS INC,JOHNSON CONTROLS,JOHNSON MORGAN,JOHNSON MORGAN,4,2011,2012,T3_REVIEW,0
21019,JCI,JOHNSON CONTROLS INC,JOHNSON CONTROLS,JOHNSON HALE,JOHNSON HALE,4,2014,2015,T3_REVIEW,0
21019,JCI,JOHNSON CONTROLS INC,JOHNSON CONTROLS,JOHNSON PRARTHANA PANCHAL,JOHNSON PRARTHANA PANCHAL,4,2015,2015,T3_REVIEW,0
21019,JCI,JOHNSON CONTROLS INC,JOHNSON CONTROLS,JOHNSON KARA W,JOHNSON KARA W,4,2013,2013,T3_REVIEW,0
21019,JCI,JOHNSON CONTROLS INC,JOHNSON CONTROLS,JOHNSON ELECTRIC GERMANY GMBH & CO KG,JOHNSON ELEC GERMANY,4,2015,2022,T3_REVIEW,0
21019,JCI,JOHNSON CONTROLS INC,JOHNSON CONTROLS,JOHNSON THERESA L,JOHNSON THERESA L,4,2012,2014,T3_REVIEW,0
21019,JCI,JOHNSON CONTROLS INC,JOHNSON CONTROLS,JOHNSON GREGORY WALKER,JOHNSON GREGORY WALKER,3,2015,2020,T3_REVIEW,0
21019,JCI,JOHNSON CONTROLS INC,JOHNSON CONTROLS,JOHNSON & ALLEN LTD,JOHNSON ALLEN,3,2011,2014,T3_REVIEW,0
21019,JCI,JOHNSON CONTROLS INC,JOHNSON CONTROLS,JOHNSON CLAUDE M,JOHNSON CLAUDE M,3,2012,2012,T3_REVIEW,0
21019,JCI,JOHNSON CONTROLS INC,JOHNSON CONTROLS,JOHNSON BRYCE,JOHNSON BRYCE,3,2010,2012,T3_REVIEW,0
21019,JCI,JOHNSON CONTROLS INC,JOHNSON CONTROLS,JOHNSON LANCE P,JOHNSON LANCE P,3,2011,2018,T3_REVIEW,0
21019,JCI,JOHNSON CONTROLS INC,JOHNSON CONTROLS,JOHNSON CYNTHIA,JOHNSON CYNTHIA,3,2022,2024,T3_REVIEW,0
21019,JCI,JOHNSON CONTROLS INC,JOHNSON CONTROLS,JOHNSON BERNADETTE,JOHNSON BERNADETTE,3,2011,2012,T3_REVIEW,0
21019,JCI,JOHNSON CONTROLS INC,JOHNSON CONTROLS,JOHNSON DOUG,JOHNSON DOUG,3,2011,2014,T3_REVIEW,0
21019,JCI,JOHNSON CONTROLS INC,JOHNSON CONTROLS,JOHNSON MARVIN,JOHNSON MARVIN,3,2012,2023,T3_REVIEW,0
21019,JCI,JOHNSON CONTROLS INC,JOHNSON CONTROLS,JOHNSON MATTHEY SHANGHAI CHEMICAL LTD,JOHNSON MATTHEY SHANGHAI CHEM,3,2018,2022,T3_REVIEW,0
21019,JCI,JOHNSON CONTROLS INC,JOHNSON CONTROLS,JOHNSON ABBY MARIE,JOHNSON ABBY MARIE,3,2013,2017,T3_REVIEW,0
21019,JCI,JOHNSON CONTROLS INC,JOHNSON CONTROLS,JOHNSON ELECTRIC ASTI S R L,JOHNSON ELEC ASTI S R L,3,2021,2024,T3_REVIEW,0
21019,JCI,JOHNSON CONTROLS INC,JOHNSON CONTROLS,JOHNSON CYNTHIA LOUISE,JOHNSON CYNTHIA LOUISE,3,2015,2017,T3_REVIEW,0
21019,JCI,JOHNSON CONTROLS INC,JOHNSON CONTROLS,JOHNSON KIMBERLY ANN,JOHNSON KIMBERLY ANN,3,2010,2012,T3_REVIEW,0
21019,JCI,JOHNSON CONTROLS INC,JOHNSON CONTROLS,JOHNSON BLAKE N,JOHNSON BLAKE N,3,2011,2014,T3_REVIEW,0
21019,JCI,JOHNSON CONTROLS INC,JOHNSON CONTROLS,JOHNSON RODNEY,JOHNSON RODNEY,3,2012,2023,T3_REVIEW,0
21019,JCI,JOHNSON CONTROLS INC,JOHNSON CONTROLS,JOHNSON LEROY B,JOHNSON LEROY B,3,2012,2012,T3_REVIEW,0
21019,JCI,JOHNSON CONTROLS INC,JOHNSON CONTROLS,JOHNSON KERRY,JOHNSON KERRY,3,2013,2016,T3_REVIEW,0
21019,JCI,JOHNSON CONTROLS INC,JOHNSON CONTROLS,JOHNSON SCOT LESLIE,JOHNSON SCOT LESLIE,3,2020,2021,T3_REVIEW,0
21019,JCI,JOHNSON CONTROLS INC,JOHNSON CONTROLS,JOHNSON JULIE,JOHNSON JULIE,3,2010,2022,T3_REVIEW,0
21019,JCI,JOHNSON CONTROLS INC,JOHNSON CONTROLS,JOHNSON BURGESS R,JOHNSON BURGESS R,3,2011,2012,T3_REVIEW,0
21019,JCI,JOHNSON CONTROLS INC,JOHNSON CONTROLS,JOHNSON & JOHNSON SERVICES INC,JOHNSON JOHNSON SERVICES,3,2014,2025,T3_REVIEW,0
21019,JCI,JOHNSON CONTROLS INC,JOHNSON CONTROLS,JOHNSON JOSIAH,JOHNSON JOSIAH,3,2012,2012,T3_REVIEW,0
21019,JCI,JOHNSON CONTROLS INC,JOHNSON CONTROLS,JOHNSON PAMELA,JOHNSON PAMELA,3,2013,2017,T3_REVIEW,0
21019,JCI,JOHNSON CONTROLS INC,JOHNSON CONTROLS,JOHNSON FREDERICK QUINCY,JOHNSON FREDERICK QUINCY,3,2012,2012,T3_REVIEW,0
21019,JCI,JOHNSON CONTROLS INC,JOHNSON CONTROLS,JOHNSON LEIGHTA MAUREEN,JOHNSON LEIGHTA MAUREEN,3,2010,2012,T3_REVIEW,0
21019,JCI,JOHNSON CONTROLS INC,JOHNSON CONTROLS,JOHNSON H STAN,JOHNSON H STAN,3,2013,2013,T3_REVIEW,0
21019,JCI,JOHNSON CONTROLS INC,JOHNSON CONTROLS,JOHNSON DANA L,JOHNSON DANA L,3,2010,2012,T3_REVIEW,0
21019,JCI,JOHNSON CONTROLS INC,JOHNSON CONTROLS,JOHNSON KRISTOPHER A,JOHNSON KRISTOPHER A,3,2010,2013,T3_REVIEW,0
21019,JCI,JOHNSON CONTROLS INC,JOHNSON CONTROLS,JOHNSON ROD,JOHNSON ROD,3,2011,2020,T3_REVIEW,0
21019,JCI,JOHNSON CONTROLS INC,JOHNSON CONTROLS,JOHNSON DEBRA,JOHNSON DEBRA,3,2011,2020,T3_REVIEW,0
21019,JCI,JOHNSON CONTROLS INC,JOHNSON CONTROLS,JOHNSON SONYA S,JOHNSON SONYA S,3,2011,2015,T3_REVIEW,0
21019,JCI,JOHNSON CONTROLS INC,JOHNSON CONTROLS,JOHNSON BAYARD K,JOHNSON BAYARD K,3,2011,2012,T3_REVIEW,0
21019,JCI,JOHNSON CONTROLS INC,JOHNSON CONTROLS,JOHNSON MARK DAVIS,JOHNSON MARK DAVIS,3,2010,2012,T3_REVIEW,0
21019,JCI,JOHNSON CONTROLS INC,JOHNSON CONTROLS,Johnson & Johnson Innovation LLC,JOHNSON JOHNSON INNOVATION,3,2014,2016,T3_REVIEW,0
21019,JCI,JOHNSON CONTROLS INC,JOHNSON CONTROLS,JOHNSON MIKALA,JOHNSON MIKALA,3,2014,2017,T3_REVIEW,0
21019,JCI,JOHNSON CONTROLS INC,JOHNSON CONTROLS,JOHNSON KALE R,JOHNSON KALE R,3,2011,2012,T3_REVIEW,0
21019,JCI,JOHNSON CONTROLS INC,JOHNSON CONTROLS,JOHNSON JR MORRIS STANLEY,JOHNSON JR MORRIS STANLEY,3,2010,2011,T3_REVIEW,0
21019,JCI,JOHNSON CONTROLS INC,JOHNSON CONTROLS,JOHNSON SHEPARD D,JOHNSON SHEPARD D,3,2011,2012,T3_REVIEW,0
21019,JCI,JOHNSON CONTROLS INC,JOHNSON CONTROLS,JOHNSON JAMIE,JOHNSON JAMIE,3,2010,2012,T3_REVIEW,0
21019,JCI,JOHNSON CONTROLS INC,JOHNSON CONTROLS,JOHNSON MEI-LING IN,JOHNSON MEI LING IN,3,2010,2011,T3_REVIEW,0
21019,JCI,JOHNSON CONTROLS INC,JOHNSON CONTROLS,JOHNSON NOEL L,JOHNSON NOEL L,3,2012,2012,T3_REVIEW,0
21019,JCI,JOHNSON CONTROLS INC,JOHNSON CONTROLS,JOHNSON MOSES,JOHNSON MOSES,3,2010,2011,T3_REVIEW,0
21019,JCI,JOHNSON CONTROLS INC,JOHNSON CONTROLS,JOHNSON & JOHNSON AB,JOHNSON JOHNSON,3,2014,2016,T3_REVIEW,0
21019,JCI,JOHNSON CONTROLS INC,JOHNSON CONTROLS,JOHNSON JR AUGUSTUS C,JOHNSON JR AUGUSTUS C,3,2012,2014,T3_REVIEW,0
21019,JCI,JOHNSON CONTROLS INC,JOHNSON CONTROLS,JOHNSON RES & DEV CO INC,JOHNSON RES DEV,3,2014,2016,T3_REVIEW,0
21019,JCI,JOHNSON CONTROLS INC,JOHNSON CONTROLS,JOHNSON ELECTRIC DRESDEN GMBH,JOHNSON ELEC DRESDEN,3,2010,2011,T3_REVIEW,0
21019,JCI,JOHNSON CONTROLS INC,JOHNSON CONTROLS,JOHNSON CAROLYN,JOHNSON CAROLYN,3,2012,2015,T3_REVIEW,0
21019,JCI,JOHNSON CONTROLS INC,JOHNSON CONTROLS,JOHNSON CAMERON MICHAEL,JOHNSON CAMERON MICHAEL,3,2012,2016,T3_REVIEW,0
21019,JCI,JOHNSON CONTROLS INC,JOHNSON CONTROLS,JOHNSON HILARY ANNA,JOHNSON HILARY ANNA,3,2018,2023,T3_REVIEW,0
21019,JCI,JOHNSON CONTROLS INC,JOHNSON CONTROLS,JOHNSON GARRETT,JOHNSON GARRETT,3,2011,2014,T3_REVIEW,0
21019,JCI,JOHNSON CONTROLS INC,JOHNSON CONTROLS,JOHNSON JED,JOHNSON JED,3,2012,2018,T3_REVIEW,0
21019,JCI,JOHNSON CONTROLS INC,JOHNSON CONTROLS,JOHNSON & JOHNSON CHINA LTD,JOHNSON JOHNSON CHINA,3,2018,2022,T3_REVIEW,0
21019,JCI,JOHNSON CONTROLS INC,JOHNSON CONTROLS,JOHNSON HANNAH,JOHNSON HANNAH,3,2014,2018,T3_REVIEW,0
21019,JCI,JOHNSON CONTROLS INC,JOHNSON CONTROLS,JOHNSON S JERMIKKO,JOHNSON S JERMIKKO,3,2016,2021,T3_REVIEW,0
21019,JCI,JOHNSON CONTROLS INC,JOHNSON CONTROLS,JOHNSON DONALD BRYCE,JOHNSON DONALD BRYCE,3,2010,2012,T3_REVIEW,0
21019,JCI,JOHNSON CONTROLS INC,JOHNSON CONTROLS,JOHNSON JEFFRY,JOHNSON JEFFRY,3,2012,2012,T3_REVIEW,0
21019,JCI,JOHNSON CONTROLS INC,JOHNSON CONTROLS,JOHNSON SAMUEL BRYANT,JOHNSON SAMUEL BRYANT,3,2012,2013,T3_REVIEW,0
21019,JCI,JOHNSON CONTROLS INC,JOHNSON CONTROLS,JOHNSON LAURA ALEXANDRA,JOHNSON LAURA ALEXANDRA,3,2014,2017,T3_REVIEW,0
21019,JCI,JOHNSON CONTROLS INC,JOHNSON CONTROLS,JOHNSON GREGORY RAY,JOHNSON GREGORY RAY,3,2013,2016,T3_REVIEW,0
21019,JCI,JOHNSON CONTROLS INC,JOHNSON CONTROLS,JOHNSON BRUCE FLETCHER,JOHNSON BRUCE FLETCHER,3,2011,2012,T3_REVIEW,0
21019,JCI,JOHNSON CONTROLS INC,JOHNSON CONTROLS,JOHNSON KIMBERLY,JOHNSON KIMBERLY,3,2011,2024,T3_REVIEW,0
21019,JCI,JOHNSON CONTROLS INC,JOHNSON CONTROLS,JOHNSON PAUL OAKLEY,JOHNSON PAUL OAKLEY,3,2012,2012,T3_REVIEW,0
21019,JCI,JOHNSON CONTROLS INC,JOHNSON CONTROLS,JOHNSON LORIN K,JOHNSON LORIN K,3,2013,2016,T3_REVIEW,0
21019,JCI,JOHNSON CONTROLS INC,JOHNSON CONTROLS,JOHNSON GRANT LEIGH,JOHNSON GRANT LEIGH,3,2010,2010,T3_REVIEW,0
21019,JCI,JOHNSON CONTROLS INC,JOHNSON CONTROLS,JOHNSON CLYDE H,JOHNSON CLYDE H,3,2012,2012,T3_REVIEW,0
21019,JCI,JOHNSON CONTROLS INC,JOHNSON CONTROLS,JOHNSON VAL SHAWN,JOHNSON VAL SHAWN,3,2010,2010,T3_REVIEW,0
21019,JCI,JOHNSON CONTROLS INC,JOHNSON CONTROLS,JOHNSON DAVID LINTON,JOHNSON DAVID LINTON,3,2011,2011,T3_REVIEW,0
21019,JCI,JOHNSON CONTROLS INC,JOHNSON CONTROLS,JOHNSON MORRIS,JOHNSON MORRIS,3,2015,2021,T3_REVIEW,0
21019,JCI,JOHNSON CONTROLS INC,JOHNSON CONTROLS,JOHNSON MARLIN L,JOHNSON MARLIN L,3,2012,2012,T3_REVIEW,0
21019,JCI,JOHNSON CONTROLS INC,JOHNSON CONTROLS,JOHNSON CODY,JOHNSON CODY,3,2022,2025,T3_REVIEW,0
21019,JCI,JOHNSON CONTROLS INC,JOHNSON CONTROLS,JOHNSON KENNETH CARLISLE,JOHNSON KENNETH CARLISLE,3,2016,2021,T3_REVIEW,0
21019,JCI,JOHNSON CONTROLS INC,JOHNSON CONTROLS,JOHNSON BRIAN BELLAMY,JOHNSON BRIAN BELLAMY,3,2010,2013,T3_REVIEW,0
21019,JCI,JOHNSON CONTROLS INC,JOHNSON CONTROLS,JOHNSON PHILIP BROWNING,JOHNSON PHILIP BROWNING,3,2010,2011,T3_REVIEW,0
21019,JCI,JOHNSON CONTROLS INC,JOHNSON CONTROLS,JOHNSON EZRA,JOHNSON EZRA,3,2010,2012,T3_REVIEW,0
21019,JCI,JOHNSON CONTROLS INC,JOHNSON CONTROLS,JOHNSON MATTHEY INC,JOHNSON MATTHEY,3,2010,2025,T3_REVIEW,0
21018,JNJ,JOHNSON & JOHNSON,JOHNSON JOHNSON,JOHNSON CONTROLS TECH CO,JOHNSON CONTROLS TECH,2174,2010,2025,T3_REVIEW,0
21018,JNJ,JOHNSON & JOHNSON,JOHNSON JOHNSON,JOHNSON MATTHEY PLC,JOHNSON MATTHEY,1012,2010,2025,T3_REVIEW,0
21018,JNJ,JOHNSON & JOHNSON,JOHNSON JOHNSON,Johnson Controls Tyco IP Holdings LLP,JOHNSON CONTROLS TYCO IP,707,2019,2024,T3_REVIEW,0
21018,JNJ,JOHNSON & JOHNSON,JOHNSON JOHNSON,JOHNSON ELECTRIC SA,JOHNSON ELEC,537,2010,2018,T3_REVIEW,0
21018,JNJ,JOHNSON & JOHNSON,JOHNSON JOHNSON,JOHNSON & SON INC S C,JOHNSON SON INC S C,368,2010,2025,T3_REVIEW,0
21018,JNJ,JOHNSON & JOHNSON,JOHNSON JOHNSON,JOHNSON CONTROLS GMBH,JOHNSON CONTROLS,131,2010,2016,T3_REVIEW,0
21018,JNJ,JOHNSON & JOHNSON,JOHNSON JOHNSON,JOHNSON HEALTH TECH CO LTD,JOHNSON HEALTH TECH,92,2010,2025,T3_REVIEW,0
21018,JNJ,JOHNSON & JOHNSON,JOHNSON JOHNSON,JOHNSON ELECTRIC INT AG,JOHNSON ELEC INT,78,2018,2025,T3_REVIEW,0
21018,JNJ,JOHNSON & JOHNSON,JOHNSON JOHNSON,JOHNSON MATTHEY DAVY TECHNOLOGIES LTD,JOHNSON MATTHEY DAVY TECH,75,2013,2025,T3_REVIEW,0
21018,JNJ,JOHNSON & JOHNSON,JOHNSON JOHNSON,JOHNSON OUTDOORS INC,JOHNSON OUTDOORS,70,2010,2025,T3_REVIEW,0
21018,JNJ,JOHNSON & JOHNSON,JOHNSON JOHNSON,JOHNSON NANCY L,JOHNSON NANCY L,61,2010,2012,T3_REVIEW,0
21018,JNJ,JOHNSON & JOHNSON,JOHNSON JOHNSON,JOHNSON CONTROLS COMPONENTS GMBH & CO KG,JOHNSON CONTROLS COMPONENTS,60,2012,2016,T3_REVIEW,0
21018,JNJ,JOHNSON & JOHNSON,JOHNSON JOHNSON,JOHNSON MATTHEY FUEL CELLS LTD,JOHNSON MATTHEY FUEL CELLS,51,2011,2021,T3_REVIEW,0
21018,JNJ,JOHNSON & JOHNSON,JOHNSON JOHNSON,JOHNSON CONTROLS FIRE PROT LP,JOHNSON CONTROLS FIRE PROT,41,2016,2024,T3_REVIEW,0
21018,JNJ,JOHNSON & JOHNSON,JOHNSON JOHNSON,JOHNSON CO E F,JOHNSON CO E F,39,2011,2025,T3_REVIEW,0
21018,JNJ,JOHNSON & JOHNSON,JOHNSON JOHNSON,JOHNSON IP HOLDING LLC,JOHNSON IP,36,2012,2024,T3_REVIEW,0
21018,JNJ,JOHNSON & JOHNSON,JOHNSON JOHNSON,JOHNSON MATTHEY CATALYSTS GERMANY GMBH,JOHNSON MATTHEY CATALYSTS GERMANY,35,2010,2023,T3_REVIEW,0
21018,JNJ,JOHNSON & JOHNSON,JOHNSON JOHNSON,JOHNSON CONTR AUTOMOTIVE ELECT,JOHNSON CONTR AUTOMOTIVE ELECT,34,2010,2015,T3_REVIEW,0
21018,JNJ,JOHNSON & JOHNSON,JOHNSON JOHNSON,JOHNSON LANNY LEO,JOHNSON LANNY LEO,34,2012,2024,T3_REVIEW,0
21018,JNJ,JOHNSON & JOHNSON,JOHNSON JOHNSON,JOHNSON CONTROLS AUTOBATTERIE GMBH & CO KGAA,JOHNSON CONTROLS AUTOBATTERIE,31,2011,2019,T3_REVIEW,0
21018,JNJ,JOHNSON & JOHNSON,JOHNSON JOHNSON,JOHNSON SAM,JOHNSON SAM,28,2011,2025,T3_REVIEW,0
21018,JNJ,JOHNSON & JOHNSON,JOHNSON JOHNSON,JOHNSON CONTROLS TECH LLC,JOHNSON CONTROLS TECH,24,2012,2016,T3_REVIEW,0
21018,JNJ,JOHNSON & JOHNSON,JOHNSON JOHNSON,JOHNSON MATTHEY HYDROGEN TECHNOLOGIES LTD,JOHNSON MATTHEY HYDROGEN TECH,21,2020,2023,T3_REVIEW,0
21018,JNJ,JOHNSON & JOHNSON,JOHNSON JOHNSON,JOHNSON LONNIE G,JOHNSON LONNIE G,20,2010,2025,T3_REVIEW,0
21018,JNJ,JOHNSON & JOHNSON,JOHNSON JOHNSON,JOHNSON LANNY L,JOHNSON LANNY L,20,2010,2020,T3_REVIEW,0
21018,JNJ,JOHNSON & JOHNSON,JOHNSON JOHNSON,JOHNSON CONTROLS-HITACHI AIR CONDITIONING TECH (HONG KONG) LTD,JOHNSON CONTROLS HITACHI AIR CONDITIONING TECH HONG KONG,19,2014,2016,T3_REVIEW,0
21018,JNJ,JOHNSON & JOHNSON,JOHNSON JOHNSON,JOHNSON CONTROLS AIR CONDITIONING AND REFRIGERATION WUXI CO LTD,JOHNSON CONTROLS AIR CONDITIONING AND REFRIGERATION WUXI,17,2015,2024,T3_REVIEW,0
21018,JNJ,JOHNSON & JOHNSON,JOHNSON JOHNSON,JOHNSON CONTROLS ADVANCED POWER SOLUTIONS GMBH,JOHNSON CONTROLS ADVANCED POWER SOLUTIONS,17,2012,2018,T3_REVIEW,0
21018,JNJ,JOHNSON & JOHNSON,JOHNSON JOHNSON,JOHNSON LESLIE S,JOHNSON LESLIE S,17,2010,2014,T3_REVIEW,0
21018,JNJ,JOHNSON & JOHNSON,JOHNSON JOHNSON,JOHNSON NOBLE M,JOHNSON NOBLE M,17,2010,2012,T3_REVIEW,0
21018,JNJ,JOHNSON & JOHNSON,JOHNSON JOHNSON,JOHNSON CONTROL TECHNOLOGY COMPANY,JOHNSON CONTROL TECH,16,2010,2014,T3_REVIEW,0
21018,JNJ,JOHNSON & JOHNSON,JOHNSON JOHNSON,JOHNSON KRISTIN D,JOHNSON KRISTIN D,15,2010,2012,T3_REVIEW,0
21018,JNJ,JOHNSON & JOHNSON,JOHNSON JOHNSON,JOHNSON MITCH,JOHNSON MITCH,15,2011,2014,T3_REVIEW,0
21018,JNJ,JOHNSON & JOHNSON,JOHNSON JOHNSON,JOHNSON CONTROLS SAFT ADVANCED,JOHNSON CONTROLS SAFT ADVANCED,14,2010,2015,T3_REVIEW,0
21018,JNJ,JOHNSON & JOHNSON,JOHNSON JOHNSON,JOHNSON SCREENS INC,JOHNSON SCREENS,14,2010,2022,T3_REVIEW,0
21018,JNJ,JOHNSON & JOHNSON,JOHNSON JOHNSON,JOHNSON SANDRA K,JOHNSON SANDRA K,13,2010,2022,T3_REVIEW,0
21018,JNJ,JOHNSON & JOHNSON,JOHNSON JOHNSON,JOHNSON LYNDA KAYE,JOHNSON LYNDA KAYE,13,2010,2012,T3_REVIEW,0
21018,JNJ,JOHNSON & JOHNSON,JOHNSON JOHNSON,JOHNSON MICHAEL DUDLEY,JOHNSON MICHAEL DUDLEY,11,2011,2012,T3_REVIEW,0
21018,JNJ,JOHNSON & JOHNSON,JOHNSON JOHNSON,JOHNSON DEACON,JOHNSON DEACON,10,2012,2025,T3_REVIEW,0
21018,JNJ,JOHNSON & JOHNSON,JOHNSON JOHNSON,JOHNSON MATTHEY SHANGHAI CHEMICALS LTD,JOHNSON MATTHEY SHANGHAI CHEM,10,2018,2025,T3_REVIEW,0
21018,JNJ,JOHNSON & JOHNSON,JOHNSON JOHNSON,JOHNSON JOHN LESLIE,JOHNSON JOHN LESLIE,10,2012,2019,T3_REVIEW,0
21018,JNJ,JOHNSON & JOHNSON,JOHNSON JOHNSON,JOHNSON CONTROLS SAFT ADVANCED POWER SOLUTIONS LLC,JOHNSON CONTROLS SAFT ADVANCED POWER SOLUTIONS,10,2010,2011,T3_REVIEW,0
21018,JNJ,JOHNSON & JOHNSON,JOHNSON JOHNSON,JOHNSON MATTHEY PROCESS TECH INC,JOHNSON MATTHEY PROCESS TECH,9,2016,2023,T3_REVIEW,0
21018,JNJ,JOHNSON & JOHNSON,JOHNSON JOHNSON,JOHNSON IND INC,JOHNSON IND,9,2012,2020,T3_REVIEW,0
21018,JNJ,JOHNSON & JOHNSON,JOHNSON JOHNSON,JOHNSON JESSI ERNEST,JOHNSON JESSI ERNEST,9,2011,2017,T3_REVIEW,0
21018,JNJ,JOHNSON & JOHNSON,JOHNSON JOHNSON,JOHNSON CONTROLS HYBRID & RECYCLING GMBH,JOHNSON CONTROLS HYBRID RECYCLING,9,2010,2017,T3_REVIEW,0
21018,JNJ,JOHNSON & JOHNSON,JOHNSON JOHNSON,JOHNSON CONTROLS AUTOMOTIVE ELECTRONICS SAS,JOHNSON CONTROLS AUTOMOTIVE ELECTRONICS,9,2013,2015,T3_REVIEW,0
21018,JNJ,JOHNSON & JOHNSON,JOHNSON JOHNSON,JOHNSON JESSI E,JOHNSON JESSI E,9,2010,2017,T3_REVIEW,0
21018,JNJ,JOHNSON & JOHNSON,JOHNSON JOHNSON,JOHNSON NELDON P,JOHNSON NELDON P,9,2011,2015,T3_REVIEW,0
21018,JNJ,JOHNSON & JOHNSON,JOHNSON JOHNSON,Johnson Controls Advanced Power Solutions LLC,JOHNSON CONTROLS ADVANCED POWER SOLUTIONS,8,2011,2020,T3_REVIEW,0
21018,JNJ,JOHNSON & JOHNSON,JOHNSON JOHNSON,JOHNSON SAFETY INC,JOHNSON SAFETY,8,2014,2018,T3_REVIEW,0
21018,JNJ,JOHNSON & JOHNSON,JOHNSON JOHNSON,JOHNSON DAVID AUGUST,JOHNSON DAVID AUGUST,8,2010,2012,T3_REVIEW,0
21018,JNJ,JOHNSON & JOHNSON,JOHNSON JOHNSON,JOHNSON CONTROLS INC,JOHNSON CONTROLS,8,2012,2022,T3_REVIEW,0
21018,JNJ,JOHNSON & JOHNSON,JOHNSON JOHNSON,JOHNSON CONTR INTERIORS GMBH,JOHNSON CONTR INTERIORS,8,2011,2012,T3_REVIEW,0
21018,JNJ,JOHNSON & JOHNSON,JOHNSON JOHNSON,JOHNSON ROYCE W,JOHNSON ROYCE W,8,2010,2013,T3_REVIEW,0
21018,JNJ,JOHNSON & JOHNSON,JOHNSON JOHNSON,JOHNSON GARRETT M,JOHNSON GARRETT M,8,2010,2012,T3_REVIEW,0
21018,JNJ,JOHNSON & JOHNSON,JOHNSON JOHNSON,JOHNSON STEPHEN BERTRAM,JOHNSON STEPHEN BERTRAM,7,2010,2012,T3_REVIEW,0
21018,JNJ,JOHNSON & JOHNSON,JOHNSON JOHNSON,JOHNSON IVY D,JOHNSON IVY D,7,2012,2015,T3_REVIEW,0
21018,JNJ,JOHNSON & JOHNSON,JOHNSON JOHNSON,JOHNSON DEBRA SHARON,JOHNSON DEBRA SHARON,7,2016,2025,T3_REVIEW,0
21018,JNJ,JOHNSON & JOHNSON,JOHNSON JOHNSON,JOHNSON ASHLEY BERNARD,JOHNSON ASHLEY BERNARD,7,2011,2012,T3_REVIEW,0
21018,JNJ,JOHNSON & JOHNSON,JOHNSON JOHNSON,JOHNSON NOEL R,JOHNSON NOEL R,7,2014,2020,T3_REVIEW,0
21018,JNJ,JOHNSON & JOHNSON,JOHNSON JOHNSON,JOHNSON KRISTEN,JOHNSON KRISTEN,7,2010,2018,T3_REVIEW,0
21018,JNJ,JOHNSON & JOHNSON,JOHNSON JOHNSON,JOHNSON TREVOR,JOHNSON TREVOR,7,2010,2013,T3_REVIEW,0
21018,JNJ,JOHNSON & JOHNSON,JOHNSON JOHNSON,JOHNSON MORGAN T,JOHNSON MORGAN T,7,2011,2013,T3_REVIEW,0
21018,JNJ,JOHNSON & JOHNSON,JOHNSON JOHNSON,JOHNSON GRAEME,JOHNSON GRAEME,6,2011,2012,T3_REVIEW,0
21018,JNJ,JOHNSON & JOHNSON,JOHNSON JOHNSON,JOHNSON REED,JOHNSON REED,6,2012,2019,T3_REVIEW,0
21018,JNJ,JOHNSON & JOHNSON,JOHNSON JOHNSON,JOHNSON CONSULTING LLC,JOHNSON CONSULTING,6,2021,2025,T3_REVIEW,0
21018,JNJ,JOHNSON & JOHNSON,JOHNSON JOHNSON,JOHNSON CONTROLS DENMARK APS,JOHNSON CONTROLS DENMARK,6,2011,2022,T3_REVIEW,0
21018,JNJ,JOHNSON & JOHNSON,JOHNSON JOHNSON,JOHNSON GAVIN S,JOHNSON GAVIN S,6,2010,2012,T3_REVIEW,0
21018,JNJ,JOHNSON & JOHNSON,JOHNSON JOHNSON,JOHNSON COREY B,JOHNSON COREY B,6,2018,2022,T3_REVIEW,0
21018,JNJ,JOHNSON & JOHNSON,JOHNSON JOHNSON,JOHNSON SCOT ARTHUR,JOHNSON SCOT ARTHUR,6,2020,2023,T3_REVIEW,0
21018,JNJ,JOHNSON & JOHNSON,JOHNSON JOHNSON,JOHNSON BARTLEY C,JOHNSON BARTLEY C,6,2010,2012,T3_REVIEW,0
21018,JNJ,JOHNSON & JOHNSON,JOHNSON JOHNSON,JOHNSON JAY WESLEY,JOHNSON JAY WESLEY,6,2010,2011,T3_REVIEW,0
21018,JNJ,JOHNSON & JOHNSON,JOHNSON JOHNSON,JOHNSON ELECTRIC INTERNAT UK LTD,JOHNSON ELEC INTERNAT UK,6,2013,2016,T3_REVIEW,0
21018,JNJ,JOHNSON & JOHNSON,JOHNSON JOHNSON,JOHNSON SOLID STATE LLC,JOHNSON SOLID STATE,6,2015,2021,T3_REVIEW,0
21018,JNJ,JOHNSON & JOHNSON,JOHNSON JOHNSON,JOHNSON CRUSHERS INT INC,JOHNSON CRUSHERS INT,6,2018,2024,T3_REVIEW,0
21018,JNJ,JOHNSON & JOHNSON,JOHNSON JOHNSON,JOHNSON DREW,JOHNSON DREW,5,2010,2020,T3_REVIEW,0
21018,JNJ,JOHNSON & JOHNSON,JOHNSON JOHNSON,JOHNSON LENAE VIRGINIA,JOHNSON LENAE VIRGINIA,5,2010,2011,T3_REVIEW,0
21018,JNJ,JOHNSON & JOHNSON,JOHNSON JOHNSON,JOHNSON BANKOLE A,JOHNSON BANKOLE A,5,2010,2016,T3_REVIEW,0
21018,JNJ,JOHNSON & JOHNSON,JOHNSON JOHNSON,JOHNSON CONTROLS HITACHI AIR CONDITIONING TECH HONG KONG LIMITED,JOHNSON CONTROLS HITACHI AIR CONDITIONING TECH HONG KONG,5,2015,2017,T3_REVIEW,0
21018,JNJ,JOHNSON & JOHNSON,JOHNSON JOHNSON,JOHNSON COREY,JOHNSON COREY,5,2013,2022,T3_REVIEW,0
21018,JNJ,JOHNSON & JOHNSON,JOHNSON JOHNSON,JOHNSON JED K,JOHNSON JED K,5,2012,2014,T3_REVIEW,0
21018,JNJ,JOHNSON & JOHNSON,JOHNSON JOHNSON,JOHNSON KLEIN L,JOHNSON KLEIN L,5,2010,2012,T3_REVIEW,0
21018,JNJ,JOHNSON & JOHNSON,JOHNSON JOHNSON,JOHNSON AUGUST A,JOHNSON AUGUST A,5,2013,2013,T3_REVIEW,0
21018,JNJ,JOHNSON & JOHNSON,JOHNSON JOHNSON,JOHNSON BENEDICT YORKE,JOHNSON BENEDICT YORKE,5,2010,2013,T3_REVIEW,0
21018,JNJ,JOHNSON & JOHNSON,JOHNSON JOHNSON,JOHNSON KROY DONALD,JOHNSON KROY DONALD,5,2010,2012,T3_REVIEW,0
21018,JNJ,JOHNSON & JOHNSON,JOHNSON JOHNSON,JOHNSON LUKE A,JOHNSON LUKE A,5,2010,2014,T3_REVIEW,0
21018,JNJ,JOHNSON & JOHNSON,JOHNSON JOHNSON,JOHNSON GAVIN A,JOHNSON GAVIN A,5,2011,2020,T3_REVIEW,0
21018,JNJ,JOHNSON & JOHNSON,JOHNSON JOHNSON,JOHNSON MATTHEY CATALYSTS (GERMANY) GMBH,JOHNSON MATTHEY CATALYSTS GERMANY,5,2013,2016,T3_REVIEW,0
21018,JNJ,JOHNSON & JOHNSON,JOHNSON JOHNSON,JOHNSON LORIN,JOHNSON LORIN,5,2011,2025,T3_REVIEW,0
21018,JNJ,JOHNSON & JOHNSON,JOHNSON JOHNSON,JOHNSON KIRK R,JOHNSON KIRK R,5,2011,2011,T3_REVIEW,0
21018,JNJ,JOHNSON & JOHNSON,JOHNSON JOHNSON,JOHNSON SHANE,JOHNSON SHANE,5,2012,2020,T3_REVIEW,0
21018,JNJ,JOHNSON & JOHNSON,JOHNSON JOHNSON,JOHNSON KIRK W,JOHNSON KIRK W,5,2010,2012,T3_REVIEW,0
21018,JNJ,JOHNSON & JOHNSON,JOHNSON JOHNSON,JOHNSON II RICHARD A,JOHNSON II RICHARD A,5,2010,2012,T3_REVIEW,0
21018,JNJ,JOHNSON & JOHNSON,JOHNSON JOHNSON,JOHNSON LEWIS,JOHNSON LEWIS,5,2010,2011,T3_REVIEW,0
21018,JNJ,JOHNSON & JOHNSON,JOHNSON JOHNSON,JOHNSON WENDELL C,JOHNSON WENDELL C,5,2011,2012,T3_REVIEW,0
21018,JNJ,JOHNSON & JOHNSON,JOHNSON JOHNSON,JOHNSON MITCHELL A F,JOHNSON MITCHELL A F,5,2010,2011,T3_REVIEW,0
21018,JNJ,JOHNSON & JOHNSON,JOHNSON JOHNSON,JOHNSON IND INTERNATIONAL INC,JOHNSON IND INT,5,2013,2015,T3_REVIEW,0
21018,JNJ,JOHNSON & JOHNSON,JOHNSON JOHNSON,JOHNSON PATRICIA,JOHNSON PATRICIA,5,2010,2015,T3_REVIEW,0
21018,JNJ,JOHNSON & JOHNSON,JOHNSON JOHNSON,JOHNSON THERESA,JOHNSON THERESA,5,2015,2019,T3_REVIEW,0
21018,JNJ,JOHNSON & JOHNSON,JOHNSON JOHNSON,JOHNSON CHARLES LUTHER,JOHNSON CHARLES LUTHER,5,2010,2012,T3_REVIEW,0
21018,JNJ,JOHNSON & JOHNSON,JOHNSON JOHNSON,JOHNSON ROYCE,JOHNSON ROYCE,5,2010,2012,T3_REVIEW,0
21018,JNJ,JOHNSON & JOHNSON,JOHNSON JOHNSON,JOHNSON LANNY,JOHNSON LANNY,5,2011,2016,T3_REVIEW,0
21018,JNJ,JOHNSON & JOHNSON,JOHNSON JOHNSON,JOHNSON CURT,JOHNSON CURT,5,2010,2022,T3_REVIEW,0
21018,JNJ,JOHNSON & JOHNSON,JOHNSON JOHNSON,JOHNSON DESMOND FORD,JOHNSON DESMOND FORD,5,2011,2012,T3_REVIEW,0
21018,JNJ,JOHNSON & JOHNSON,JOHNSON JOHNSON,JOHNSON REBECCA,JOHNSON REBECCA,5,2011,2022,T3_REVIEW,0
21018,JNJ,JOHNSON & JOHNSON,JOHNSON JOHNSON,JOHNSON COUNTY COMMUNITY COLLEGE FOUNDATION INC,JOHNSON COUNTY COMMUNITY COLLEGE FOUNDATION,4,2014,2015,T3_REVIEW,0
21018,JNJ,JOHNSON & JOHNSON,JOHNSON JOHNSON,JOHNSON ALISA ANN,JOHNSON ALISA ANN,4,2021,2025,T3_REVIEW,0
21018,JNJ,JOHNSON & JOHNSON,JOHNSON JOHNSON,JOHNSON BRICE A,JOHNSON BRICE A,4,2010,2012,T3_REVIEW,0
21018,JNJ,JOHNSON & JOHNSON,JOHNSON JOHNSON,JOHNSON LANE MICHAEL,JOHNSON LANE MICHAEL,4,2010,2012,T3_REVIEW,0
21018,JNJ,JOHNSON & JOHNSON,JOHNSON JOHNSON,JOHNSON AHREN KARL,JOHNSON AHREN KARL,4,2010,2011,T3_REVIEW,0
21018,JNJ,JOHNSON & JOHNSON,JOHNSON JOHNSON,JOHNSON SVEN,JOHNSON SVEN,4,2022,2025,T3_REVIEW,0
21018,JNJ,JOHNSON & JOHNSON,JOHNSON JOHNSON,JOHNSON WES,JOHNSON WES,4,2012,2022,T3_REVIEW,0
21018,JNJ,JOHNSON & JOHNSON,JOHNSON JOHNSON,JOHNSON CORRY W,JOHNSON CORRY W,4,2011,2012,T3_REVIEW,0
21018,JNJ,JOHNSON & JOHNSON,JOHNSON JOHNSON,JOHNSON RAY M,JOHNSON RAY M,4,2010,2021,T3_REVIEW,0
21018,JNJ,JOHNSON & JOHNSON,JOHNSON JOHNSON,JOHNSON JUDY S,JOHNSON JUDY S,4,2010,2012,T3_REVIEW,0
21018,JNJ,JOHNSON & JOHNSON,JOHNSON JOHNSON,JOHNSON THERESA LOUISE,JOHNSON THERESA LOUISE,4,2010,2012,T3_REVIEW,0
21018,JNJ,JOHNSON & JOHNSON,JOHNSON JOHNSON,JOHNSON NOEL,JOHNSON NOEL,4,2012,2015,T3_REVIEW,0
21018,JNJ,JOHNSON & JOHNSON,JOHNSON JOHNSON,JOHNSON ERIN,JOHNSON ERIN,4,2010,2012,T3_REVIEW,0
21018,JNJ,JOHNSON & JOHNSON,JOHNSON JOHNSON,JOHNSON MATTHEY JAPAN G K,JOHNSON MATTHEY JAPAN G K,4,2014,2020,T3_REVIEW,0
21018,JNJ,JOHNSON & JOHNSON,JOHNSON JOHNSON,JOHNSON MYA,JOHNSON MYA,4,2019,2021,T3_REVIEW,0
21018,JNJ,JOHNSON & JOHNSON,JOHNSON JOHNSON,JOHNSON BRASS & MACHINE FOUNDRY INC,JOHNSON BRASS MACHINE FOUNDRY,4,2018,2020,T3_REVIEW,0
21018,JNJ,JOHNSON & JOHNSON,JOHNSON JOHNSON,JOHNSON TYLER,JOHNSON TYLER,4,2011,2023,T3_REVIEW,0
21018,JNJ,JOHNSON & JOHNSON,JOHNSON JOHNSON,JOHNSON ASHLEY,JOHNSON ASHLEY,4,2010,2013,T3_REVIEW,0
21018,JNJ,JOHNSON & JOHNSON,JOHNSON JOHNSON,JOHNSON TRUCK BODIES LLC,JOHNSON TRUCK BODIES,4,2010,2025,T3_REVIEW,0
21018,JNJ,JOHNSON & JOHNSON,JOHNSON JOHNSON,JOHNSON LUKAS,JOHNSON LUKAS,4,2010,2012,T3_REVIEW,0
21018,JNJ,JOHNSON & JOHNSON,JOHNSON JOHNSON,JOHNSON MATTHEY JAPAN GODO KAISHA,JOHNSON MATTHEY JAPAN GODO KAISHA,4,2012,2018,T3_REVIEW,0
21018,JNJ,JOHNSON & JOHNSON,JOHNSON JOHNSON,JOHNSON TRAVIS OGDEN,JOHNSON TRAVIS OGDEN,4,2012,2018,T3_REVIEW,0
21018,JNJ,JOHNSON & JOHNSON,JOHNSON JOHNSON,JOHNSON CAROLYN ROCHE,JOHNSON CAROLYN ROCHE,4,2011,2012,T3_REVIEW,0
21018,JNJ,JOHNSON & JOHNSON,JOHNSON JOHNSON,JOHNSON LOIS,JOHNSON LOIS,4,2010,2011,T3_REVIEW,0
21018,JNJ,JOHNSON & JOHNSON,JOHNSON JOHNSON,JOHNSON ROLLAND PAUL,JOHNSON ROLLAND PAUL,4,2016,2025,T3_REVIEW,0
21018,JNJ,JOHNSON & JOHNSON,JOHNSON JOHNSON,JOHNSON DREW S,JOHNSON DREW S,4,2010,2012,T3_REVIEW,0
21018,JNJ,JOHNSON & JOHNSON,JOHNSON JOHNSON,JOHNSON CONTROLS METALS & MECHANISMS GMBH & CO KG,JOHNSON CONTROLS METALS MECHANISMS,4,2012,2014,T3_REVIEW,0
21018,JNJ,JOHNSON & JOHNSON,JOHNSON JOHNSON,JOHNSON LEVEL & TOOL MFG,JOHNSON LEVEL TOOL MFG,4,2013,2015,T3_REVIEW,0
21018,JNJ,JOHNSON & JOHNSON,JOHNSON JOHNSON,JOHNSON PHIL,JOHNSON PHIL,4,2010,2011,T3_REVIEW,0
21018,JNJ,JOHNSON & JOHNSON,JOHNSON JOHNSON,JOHNSON REGAN,JOHNSON REGAN,4,2010,2011,T3_REVIEW,0
21018,JNJ,JOHNSON & JOHNSON,JOHNSON JOHNSON,JOHNSON MATHEY PLC,JOHNSON MATHEY,4,2011,2012,T3_REVIEW,0
21018,JNJ,JOHNSON & JOHNSON,JOHNSON JOHNSON,JOHNSON HENRI,JOHNSON HENRI,4,2012,2020,T3_REVIEW,0
21018,JNJ,JOHNSON & JOHNSON,JOHNSON JOHNSON,JOHNSON CLINT,JOHNSON CLINT,4,2010,2011,T3_REVIEW,0
21018,JNJ,JOHNSON & JOHNSON,JOHNSON JOHNSON,JOHNSON HEALTH TECH RETAIL INC,JOHNSON HEALTH TECH RETAIL,4,2024,2025,T3_REVIEW,0
21018,JNJ,JOHNSON & JOHNSON,JOHNSON JOHNSON,JOHNSON NEAL,JOHNSON NEAL,4,2020,2023,T3_REVIEW,0
21018,JNJ,JOHNSON & JOHNSON,JOHNSON JOHNSON,JOHNSON LUKAS WILLIAM,JOHNSON LUKAS WILLIAM,4,2011,2012,T3_REVIEW,0
21018,JNJ,JOHNSON & JOHNSON,JOHNSON JOHNSON,JOHNSON JEREMIAH,JOHNSON JEREMIAH,4,2011,2021,T3_REVIEW,0
21018,JNJ,JOHNSON & JOHNSON,JOHNSON JOHNSON,JOHNSON MORGAN,JOHNSON MORGAN,4,2011,2012,T3_REVIEW,0
21018,JNJ,JOHNSON & JOHNSON,JOHNSON JOHNSON,JOHNSON HALE,JOHNSON HALE,4,2014,2015,T3_REVIEW,0
21018,JNJ,JOHNSON & JOHNSON,JOHNSON JOHNSON,JOHNSON PRARTHANA PANCHAL,JOHNSON PRARTHANA PANCHAL,4,2015,2015,T3_REVIEW,0
21018,JNJ,JOHNSON & JOHNSON,JOHNSON JOHNSON,JOHNSON KARA W,JOHNSON KARA W,4,2013,2013,T3_REVIEW,0
21018,JNJ,JOHNSON & JOHNSON,JOHNSON JOHNSON,JOHNSON ELECTRIC GERMANY GMBH & CO KG,JOHNSON ELEC GERMANY,4,2015,2022,T3_REVIEW,0
21018,JNJ,JOHNSON & JOHNSON,JOHNSON JOHNSON,JOHNSON THERESA L,JOHNSON THERESA L,4,2012,2014,T3_REVIEW,0
21018,JNJ,JOHNSON & JOHNSON,JOHNSON JOHNSON,JOHNSON GREGORY WALKER,JOHNSON GREGORY WALKER,3,2015,2020,T3_REVIEW,0
21018,JNJ,JOHNSON & JOHNSON,JOHNSON JOHNSON,JOHNSON & ALLEN LTD,JOHNSON ALLEN,3,2011,2014,T3_REVIEW,0
21018,JNJ,JOHNSON & JOHNSON,JOHNSON JOHNSON,JOHNSON CLAUDE M,JOHNSON CLAUDE M,3,2012,2012,T3_REVIEW,0
21018,JNJ,JOHNSON & JOHNSON,JOHNSON JOHNSON,JOHNSON BRYCE,JOHNSON BRYCE,3,2010,2012,T3_REVIEW,0
21018,JNJ,JOHNSON & JOHNSON,JOHNSON JOHNSON,JOHNSON LANCE P,JOHNSON LANCE P,3,2011,2018,T3_REVIEW,0
21018,JNJ,JOHNSON & JOHNSON,JOHNSON JOHNSON,JOHNSON CYNTHIA,JOHNSON CYNTHIA,3,2022,2024,T3_REVIEW,0
21018,JNJ,JOHNSON & JOHNSON,JOHNSON JOHNSON,JOHNSON BERNADETTE,JOHNSON BERNADETTE,3,2011,2012,T3_REVIEW,0
21018,JNJ,JOHNSON & JOHNSON,JOHNSON JOHNSON,JOHNSON DOUG,JOHNSON DOUG,3,2011,2014,T3_REVIEW,0
21018,JNJ,JOHNSON & JOHNSON,JOHNSON JOHNSON,JOHNSON MARVIN,JOHNSON MARVIN,3,2012,2023,T3_REVIEW,0
21018,JNJ,JOHNSON & JOHNSON,JOHNSON JOHNSON,JOHNSON MATTHEY SHANGHAI CHEMICAL LTD,JOHNSON MATTHEY SHANGHAI CHEM,3,2018,2022,T3_REVIEW,0
21018,JNJ,JOHNSON & JOHNSON,JOHNSON JOHNSON,JOHNSON ABBY MARIE,JOHNSON ABBY MARIE,3,2013,2017,T3_REVIEW,0
21018,JNJ,JOHNSON & JOHNSON,JOHNSON JOHNSON,JOHNSON ELECTRIC ASTI S R L,JOHNSON ELEC ASTI S R L,3,2021,2024,T3_REVIEW,0
21018,JNJ,JOHNSON & JOHNSON,JOHNSON JOHNSON,JOHNSON CYNTHIA LOUISE,JOHNSON CYNTHIA LOUISE,3,2015,2017,T3_REVIEW,0
21018,JNJ,JOHNSON & JOHNSON,JOHNSON JOHNSON,JOHNSON KIMBERLY ANN,JOHNSON KIMBERLY ANN,3,2010,2012,T3_REVIEW,0
21018,JNJ,JOHNSON & JOHNSON,JOHNSON JOHNSON,JOHNSON BLAKE N,JOHNSON BLAKE N,3,2011,2014,T3_REVIEW,0
21018,JNJ,JOHNSON & JOHNSON,JOHNSON JOHNSON,JOHNSON RODNEY,JOHNSON RODNEY,3,2012,2023,T3_REVIEW,0
21018,JNJ,JOHNSON & JOHNSON,JOHNSON JOHNSON,JOHNSON LEROY B,JOHNSON LEROY B,3,2012,2012,T3_REVIEW,0
21018,JNJ,JOHNSON & JOHNSON,JOHNSON JOHNSON,JOHNSON KERRY,JOHNSON KERRY,3,2013,2016,T3_REVIEW,0
21018,JNJ,JOHNSON & JOHNSON,JOHNSON JOHNSON,JOHNSON SCOT LESLIE,JOHNSON SCOT LESLIE,3,2020,2021,T3_REVIEW,0
21018,JNJ,JOHNSON & JOHNSON,JOHNSON JOHNSON,JOHNSON CONTROLS BUILDING EFFICIENCY TECHNOLOGY WUXI COMPANY LTD,JOHNSON CONTROLS BUILDING EFFICIENCY TECH WUXI,3,2011,2014,T3_REVIEW,0
21018,JNJ,JOHNSON & JOHNSON,JOHNSON JOHNSON,JOHNSON JULIE,JOHNSON JULIE,3,2010,2022,T3_REVIEW,0
21018,JNJ,JOHNSON & JOHNSON,JOHNSON JOHNSON,JOHNSON BURGESS R,JOHNSON BURGESS R,3,2011,2012,T3_REVIEW,0
21018,JNJ,JOHNSON & JOHNSON,JOHNSON JOHNSON,JOHNSON JOSIAH,JOHNSON JOSIAH,3,2012,2012,T3_REVIEW,0
21018,JNJ,JOHNSON & JOHNSON,JOHNSON JOHNSON,JOHNSON PAMELA,JOHNSON PAMELA,3,2013,2017,T3_REVIEW,0
21018,JNJ,JOHNSON & JOHNSON,JOHNSON JOHNSON,JOHNSON FREDERICK QUINCY,JOHNSON FREDERICK QUINCY,3,2012,2012,T3_REVIEW,0
21018,JNJ,JOHNSON & JOHNSON,JOHNSON JOHNSON,JOHNSON LEIGHTA MAUREEN,JOHNSON LEIGHTA MAUREEN,3,2010,2012,T3_REVIEW,0
21018,JNJ,JOHNSON & JOHNSON,JOHNSON JOHNSON,JOHNSON H STAN,JOHNSON H STAN,3,2013,2013,T3_REVIEW,0
21018,JNJ,JOHNSON & JOHNSON,JOHNSON JOHNSON,JOHNSON DANA L,JOHNSON DANA L,3,2010,2012,T3_REVIEW,0
21018,JNJ,JOHNSON & JOHNSON,JOHNSON JOHNSON,JOHNSON KRISTOPHER A,JOHNSON KRISTOPHER A,3,2010,2013,T3_REVIEW,0
21018,JNJ,JOHNSON & JOHNSON,JOHNSON JOHNSON,JOHNSON ROD,JOHNSON ROD,3,2011,2020,T3_REVIEW,0
21018,JNJ,JOHNSON & JOHNSON,JOHNSON JOHNSON,JOHNSON DEBRA,JOHNSON DEBRA,3,2011,2020,T3_REVIEW,0
21018,JNJ,JOHNSON & JOHNSON,JOHNSON JOHNSON,JOHNSON SONYA S,JOHNSON SONYA S,3,2011,2015,T3_REVIEW,0
21018,JNJ,JOHNSON & JOHNSON,JOHNSON JOHNSON,JOHNSON BAYARD K,JOHNSON BAYARD K,3,2011,2012,T3_REVIEW,0
21018,JNJ,JOHNSON & JOHNSON,JOHNSON JOHNSON,JOHNSON MARK DAVIS,JOHNSON MARK DAVIS,3,2010,2012,T3_REVIEW,0
21018,JNJ,JOHNSON & JOHNSON,JOHNSON JOHNSON,JOHNSON CONTROLS IND SAS,JOHNSON CONTROLS IND,3,2019,2021,T3_REVIEW,0
21018,JNJ,JOHNSON & JOHNSON,JOHNSON JOHNSON,JOHNSON MIKALA,JOHNSON MIKALA,3,2014,2017,T3_REVIEW,0
21018,JNJ,JOHNSON & JOHNSON,JOHNSON JOHNSON,JOHNSON KALE R,JOHNSON KALE R,3,2011,2012,T3_REVIEW,0
21018,JNJ,JOHNSON & JOHNSON,JOHNSON JOHNSON,JOHNSON JR MORRIS STANLEY,JOHNSON JR MORRIS STANLEY,3,2010,2011,T3_REVIEW,0
21018,JNJ,JOHNSON & JOHNSON,JOHNSON JOHNSON,JOHNSON SHEPARD D,JOHNSON SHEPARD D,3,2011,2012,T3_REVIEW,0
21018,JNJ,JOHNSON & JOHNSON,JOHNSON JOHNSON,JOHNSON JAMIE,JOHNSON JAMIE,3,2010,2012,T3_REVIEW,0
21018,JNJ,JOHNSON & JOHNSON,JOHNSON JOHNSON,JOHNSON MEI-LING IN,JOHNSON MEI LING IN,3,2010,2011,T3_REVIEW,0
21018,JNJ,JOHNSON & JOHNSON,JOHNSON JOHNSON,JOHNSON NOEL L,JOHNSON NOEL L,3,2012,2012,T3_REVIEW,0
21018,JNJ,JOHNSON & JOHNSON,JOHNSON JOHNSON,JOHNSON MOSES,JOHNSON MOSES,3,2010,2011,T3_REVIEW,0
21018,JNJ,JOHNSON & JOHNSON,JOHNSON JOHNSON,JOHNSON CONTROLS BUILDING EFFICIENCY TECH WUXI CO LTD,JOHNSON CONTROLS BUILDING EFFICIENCY TECH WUXI,3,2019,2021,T3_REVIEW,0
21018,JNJ,JOHNSON & JOHNSON,JOHNSON JOHNSON,JOHNSON CONTROLS AIR CONDITIONING AND REFRIGERATION WUXI COMPANY LTD,JOHNSON CONTROLS AIR CONDITIONING AND REFRIGERATION WUXI,3,2012,2024,T3_REVIEW,0
21018,JNJ,JOHNSON & JOHNSON,JOHNSON JOHNSON,JOHNSON JR AUGUSTUS C,JOHNSON JR AUGUSTUS C,3,2012,2014,T3_REVIEW,0
21018,JNJ,JOHNSON & JOHNSON,JOHNSON JOHNSON,JOHNSON RES & DEV CO INC,JOHNSON RES DEV,3,2014,2016,T3_REVIEW,0
21018,JNJ,JOHNSON & JOHNSON,JOHNSON JOHNSON,JOHNSON ELECTRIC DRESDEN GMBH,JOHNSON ELEC DRESDEN,3,2010,2011,T3_REVIEW,0
21018,JNJ,JOHNSON & JOHNSON,JOHNSON JOHNSON,JOHNSON CAROLYN,JOHNSON CAROLYN,3,2012,2015,T3_REVIEW,0
21018,JNJ,JOHNSON & JOHNSON,JOHNSON JOHNSON,JOHNSON CAMERON MICHAEL,JOHNSON CAMERON MICHAEL,3,2012,2016,T3_REVIEW,0
21018,JNJ,JOHNSON & JOHNSON,JOHNSON JOHNSON,JOHNSON HILARY ANNA,JOHNSON HILARY ANNA,3,2018,2023,T3_REVIEW,0
21018,JNJ,JOHNSON & JOHNSON,JOHNSON JOHNSON,JOHNSON GARRETT,JOHNSON GARRETT,3,2011,2014,T3_REVIEW,0
21018,JNJ,JOHNSON & JOHNSON,JOHNSON JOHNSON,JOHNSON JED,JOHNSON JED,3,2012,2018,T3_REVIEW,0
21018,JNJ,JOHNSON & JOHNSON,JOHNSON JOHNSON,JOHNSON HANNAH,JOHNSON HANNAH,3,2014,2018,T3_REVIEW,0
21018,JNJ,JOHNSON & JOHNSON,JOHNSON JOHNSON,JOHNSON S JERMIKKO,JOHNSON S JERMIKKO,3,2016,2021,T3_REVIEW,0
21018,JNJ,JOHNSON & JOHNSON,JOHNSON JOHNSON,JOHNSON DONALD BRYCE,JOHNSON DONALD BRYCE,3,2010,2012,T3_REVIEW,0
21018,JNJ,JOHNSON & JOHNSON,JOHNSON JOHNSON,JOHNSON JEFFRY,JOHNSON JEFFRY,3,2012,2012,T3_REVIEW,0
21018,JNJ,JOHNSON & JOHNSON,JOHNSON JOHNSON,JOHNSON SAMUEL BRYANT,JOHNSON SAMUEL BRYANT,3,2012,2013,T3_REVIEW,0
21018,JNJ,JOHNSON & JOHNSON,JOHNSON JOHNSON,JOHNSON LAURA ALEXANDRA,JOHNSON LAURA ALEXANDRA,3,2014,2017,T3_REVIEW,0
21018,JNJ,JOHNSON & JOHNSON,JOHNSON JOHNSON,JOHNSON GREGORY RAY,JOHNSON GREGORY RAY,3,2013,2016,T3_REVIEW,0
21018,JNJ,JOHNSON & JOHNSON,JOHNSON JOHNSON,JOHNSON BRUCE FLETCHER,JOHNSON BRUCE FLETCHER,3,2011,2012,T3_REVIEW,0
21018,JNJ,JOHNSON & JOHNSON,JOHNSON JOHNSON,JOHNSON KIMBERLY,JOHNSON KIMBERLY,3,2011,2024,T3_REVIEW,0
21018,JNJ,JOHNSON & JOHNSON,JOHNSON JOHNSON,Johnson Controls Tyco Holdings LLP,JOHNSON CONTROLS TYCO,3,2022,2023,T3_REVIEW,0
21018,JNJ,JOHNSON & JOHNSON,JOHNSON JOHNSON,JOHNSON PAUL OAKLEY,JOHNSON PAUL OAKLEY,3,2012,2012,T3_REVIEW,0
21018,JNJ,JOHNSON & JOHNSON,JOHNSON JOHNSON,JOHNSON LORIN K,JOHNSON LORIN K,3,2013,2016,T3_REVIEW,0
21018,JNJ,JOHNSON & JOHNSON,JOHNSON JOHNSON,JOHNSON GRANT LEIGH,JOHNSON GRANT LEIGH,3,2010,2010,T3_REVIEW,0
21018,JNJ,JOHNSON & JOHNSON,JOHNSON JOHNSON,JOHNSON CLYDE H,JOHNSON CLYDE H,3,2012,2012,T3_REVIEW,0
21018,JNJ,JOHNSON & JOHNSON,JOHNSON JOHNSON,JOHNSON VAL SHAWN,JOHNSON VAL SHAWN,3,2010,2010,T3_REVIEW,0
21018,JNJ,JOHNSON & JOHNSON,JOHNSON JOHNSON,JOHNSON DAVID LINTON,JOHNSON DAVID LINTON,3,2011,2011,T3_REVIEW,0
21018,JNJ,JOHNSON & JOHNSON,JOHNSON JOHNSON,JOHNSON MORRIS,JOHNSON MORRIS,3,2015,2021,T3_REVIEW,0
21018,JNJ,JOHNSON & JOHNSON,JOHNSON JOHNSON,JOHNSON MARLIN L,JOHNSON MARLIN L,3,2012,2012,T3_REVIEW,0
21018,JNJ,JOHNSON & JOHNSON,JOHNSON JOHNSON,JOHNSON CODY,JOHNSON CODY,3,2022,2025,T3_REVIEW,0
21018,JNJ,JOHNSON & JOHNSON,JOHNSON JOHNSON,JOHNSON KENNETH CARLISLE,JOHNSON KENNETH CARLISLE,3,2016,2021,T3_REVIEW,0
21018,JNJ,JOHNSON & JOHNSON,JOHNSON JOHNSON,JOHNSON BRIAN BELLAMY,JOHNSON BRIAN BELLAMY,3,2010,2013,T3_REVIEW,0
21018,JNJ,JOHNSON & JOHNSON,JOHNSON JOHNSON,JOHNSON PHILIP BROWNING,JOHNSON PHILIP BROWNING,3,2010,2011,T3_REVIEW,0
21018,JNJ,JOHNSON & JOHNSON,JOHNSON JOHNSON,JOHNSON EZRA,JOHNSON EZRA,3,2010,2012,T3_REVIEW,0
21018,JNJ,JOHNSON & JOHNSON,JOHNSON JOHNSON,JOHNSON MATTHEY INC,JOHNSON MATTHEY,3,2010,2025,T3_REVIEW,0
16614,JNPR,JUNIPER NETWORKS INC,JUNIPER NETWORKS,JUNIPER NETWORK INC,JUNIPER NETWORK,4,2012,2016,T3_REVIEW,0
16614,JNPR,JUNIPER NETWORKS INC,JUNIPER NETWORKS,JUNIPER NETWORDS INC,JUNIPER NETWORDS,3,2018,2021,T3_REVIEW,0
16614,JNPR,JUNIPER NETWORKS INC,JUNIPER NETWORKS,JUNIPER DESIGN GROUP INC,JUNIPER DESIGN,3,2020,2025,T3_REVIEW,0
30497,KEP,KOREA ELECTRIC POWER CO,KOREA ELEC POWER,KOREA ELECTRONICS TELECOMM,KOREA ELECTRONICS TELECOMM,6580,2010,2016,T3_REVIEW,0
30497,KEP,KOREA ELECTRIC POWER CO,KOREA ELEC POWER,KOREA ADVANCED INST SCI & TECH,KOREA ADVANCED INST SCI TECH,2869,2010,2025,T3_REVIEW,0
30497,KEP,KOREA ELECTRIC POWER CO,KOREA ELEC POWER,KOREA INST SCI & TECH,KOREA INST SCI TECH,1960,2010,2025,T3_REVIEW,0
30497,KEP,KOREA ELECTRIC POWER CO,KOREA ELEC POWER,KOREA ELECTRONICS TECHNOLOGY,KOREA ELECTRONICS TECH,687,2010,2025,T3_REVIEW,0
30497,KEP,KOREA ELECTRIC POWER CO,KOREA ELEC POWER,KOREA RES INST CHEMICAL TECH,KOREA RES INST CHEM TECH,373,2014,2025,T3_REVIEW,0
30497,KEP,KOREA ELECTRIC POWER CO,KOREA ELEC POWER,KOREA ATOMIC ENERGY RES,KOREA ATOMIC ENERGY RES,347,2010,2025,T3_REVIEW,0
30497,KEP,KOREA ELECTRIC POWER CO,KOREA ELEC POWER,KOREA ENERGY RESEARCH INST,KOREA ENERGY RES INST,318,2010,2017,T3_REVIEW,0
30497,KEP,KOREA ELECTRIC POWER CO,KOREA ELEC POWER,KOREA HYDRO & NUCLEAR POWER CO,KOREA HYDRO NUCLEAR POWER,234,2010,2025,T3_REVIEW,0
30497,KEP,KOREA ELECTRIC POWER CO,KOREA ELEC POWER,KOREA IND TECH INST,KOREA IND TECH INST,233,2010,2017,T3_REVIEW,0
30497,KEP,KOREA ELECTRIC POWER CO,KOREA ELEC POWER,KOREA AEROSPACE RES INST,KOREA AEROSPACE RES INST,219,2010,2025,T3_REVIEW,0
30497,KEP,KOREA ELECTRIC POWER CO,KOREA ELEC POWER,KOREA MACH & MATERIALS INST,KOREA MACH MATERIALS INST,206,2010,2017,T3_REVIEW,0
30497,KEP,KOREA ELECTRIC POWER CO,KOREA ELEC POWER,KOREA RES INST STANDARDS & SCI,KOREA RES INST STANDARDS SCI,181,2013,2025,T3_REVIEW,0
30497,KEP,KOREA ELECTRIC POWER CO,KOREA ELEC POWER,KOREA INST ENERGY RES,KOREA INST ENERGY RES,164,2015,2025,T3_REVIEW,0
30497,KEP,KOREA ELECTRIC POWER CO,KOREA ELEC POWER,KOREA RES INST BIOSCIENCE & BIOTECHNOLOGY,KOREA RES INST BIOSCIENCE BIOTECHNOLOGY,162,2013,2025,T3_REVIEW,0
30497,KEP,KOREA ELECTRIC POWER CO,KOREA ELEC POWER,KOREA INST GEOSCIENCE & MINERA,KOREA INST GEOSCIENCE MINERA,161,2010,2015,T3_REVIEW,0
30497,KEP,KOREA ELECTRIC POWER CO,KOREA ELEC POWER,KOREA BASIC SCIENCE INST,KOREA BASIC SCIENT INST,155,2010,2025,T3_REVIEW,0
30497,KEP,KOREA ELECTRIC POWER CO,KOREA ELEC POWER,KOREA INST MACH & MATERIALS,KOREA INST MACH MATERIALS,152,2015,2024,T3_REVIEW,0
30497,KEP,KOREA ELECTRIC POWER CO,KOREA ELEC POWER,KOREA INST OCEAN SCI & TECH,KOREA INST OCEAN SCI TECH,136,2012,2025,T3_REVIEW,0
30497,KEP,KOREA ELECTRIC POWER CO,KOREA ELEC POWER,KOREA RES INST OF BIOSCIENCE,KOREA RES INST OF BIOSCIENCE,134,2010,2016,T3_REVIEW,0
30497,KEP,KOREA ELECTRIC POWER CO,KOREA ELEC POWER,KOREA INST IND TECH,KOREA INST IND TECH,127,2014,2025,T3_REVIEW,0
30497,KEP,KOREA ELECTRIC POWER CO,KOREA ELEC POWER,KOREA RES INST CHEM TECH,KOREA RES INST CHEM TECH,99,2010,2015,T3_REVIEW,0
30497,KEP,KOREA ELECTRIC POWER CO,KOREA ELEC POWER,KOREA INTERNET & SECURITY AGENCY,KOREA INTERNET SECURITY AGENCY,87,2010,2024,T3_REVIEW,0
30497,KEP,KOREA ELECTRIC POWER CO,KOREA ELEC POWER,KOREA RES INST OF STANDARDS,KOREA RES INST OF STANDARDS,82,2010,2016,T3_REVIEW,0
30497,KEP,KOREA ELECTRIC POWER CO,KOREA ELEC POWER,KOREA PHOTONICS TECH INST,KOREA PHOTONICS TECH INST,78,2010,2025,T3_REVIEW,0
30497,KEP,KOREA ELECTRIC POWER CO,KOREA ELEC POWER,KOREA NATIONAL UNIV OF TRANSPORTATION INDUSTRY ACADEMIC COOPERATION FOUNDATION,KOREA NAT UNIV OF TRANSPORTATION INDUSTRY ACADEMIC COOPERATION FOUNDATION,73,2017,2025,T3_REVIEW,0
30497,KEP,KOREA ELECTRIC POWER CO,KOREA ELEC POWER,KOREA INST ORIENTAL MEDICINE,KOREA INST ORIENTAL MEDICINE,72,2010,2024,T3_REVIEW,0
30497,KEP,KOREA ELECTRIC POWER CO,KOREA ELEC POWER,KOREA FOOD RES INST,KOREA FOOD RES INST,71,2010,2024,T3_REVIEW,0
30497,KEP,KOREA ELECTRIC POWER CO,KOREA ELEC POWER,KOREA INST GEOSCIENCE & MINERAL RESOURCES,KOREA INST GEOSCIENCE MINERAL RESOURCES,71,2014,2025,T3_REVIEW,0
30497,KEP,KOREA ELECTRIC POWER CO,KOREA ELEC POWER,KOREA KUMHO PETROCHEMICAL CO LTD,KOREA KUMHO PETROCHEMICAL,70,2015,2025,T3_REVIEW,0
30497,KEP,KOREA ELECTRIC POWER CO,KOREA ELEC POWER,KOREA INST CIVIL ENG & BUILDING TECH,KOREA INST CIVIL ENG BUILDING TECH,65,2015,2023,T3_REVIEW,0
30497,KEP,KOREA ELECTRIC POWER CO,KOREA ELEC POWER,KOREA ELECTROTECH RES INST,KOREA ELECTROTECH RES INST,58,2010,2015,T3_REVIEW,0
30497,KEP,KOREA ELECTRIC POWER CO,KOREA ELEC POWER,KOREA INST CERAMIC ENG & TECH,KOREA INST CERAMIC ENG TECH,52,2010,2024,T3_REVIEW,0
30497,KEP,KOREA ELECTRIC POWER CO,KOREA ELEC POWER,KOREA INST SCI & TECH INF,KOREA INST SCI TECH INF,51,2010,2025,T3_REVIEW,0
30497,KEP,KOREA ELECTRIC POWER CO,KOREA ELEC POWER,KOREA KUMHO PETROCHEM CO LTD,KOREA KUMHO PETROCHEM,51,2010,2015,T3_REVIEW,0
30497,KEP,KOREA ELECTRIC POWER CO,KOREA ELEC POWER,KOREA INST RADIOLOGICAL & MEDICAL SCIENCES,KOREA INST RADIOLOGICAL MEDICAL SCIENT,49,2010,2024,T3_REVIEW,0
30497,KEP,KOREA ELECTRIC POWER CO,KOREA ELEC POWER,KOREA RAILROAD RES INSTITUTE,KOREA RAILROAD RES INSTITUTE,42,2015,2025,T3_REVIEW,0
30497,KEP,KOREA ELECTRIC POWER CO,KOREA ELEC POWER,KOREA GAS CORP,KOREA GAS,40,2010,2025,T3_REVIEW,0
30497,KEP,KOREA ELECTRIC POWER CO,KOREA ELEC POWER,KOREA INSTITUTE MATERIALS SCIENCE,KOREA INSTITUTE MATERIALS SCIENT,34,2019,2025,T3_REVIEW,0
30497,KEP,KOREA ELECTRIC POWER CO,KOREA ELEC POWER,KOREA METEOROLOGICAL ADMINISTRATION,KOREA METEOROLOGICAL ADMINISTRATION,31,2010,2023,T3_REVIEW,0
30497,KEP,KOREA ELECTRIC POWER CO,KOREA ELEC POWER,KOREA ELECTRIC TERMINAL CO LTD,KOREA ELEC TERMINAL,30,2010,2025,T3_REVIEW,0
30497,KEP,KOREA ELECTRIC POWER CO,KOREA ELEC POWER,KOREA INST CONSTRUCTION TECH,KOREA INST CONSTRUCTION TECH,29,2010,2014,T3_REVIEW,0
30497,KEP,KOREA ELECTRIC POWER CO,KOREA ELEC POWER,KOREA INST OF FUSION ENERGY,KOREA INST OF FUSION ENERGY,28,2020,2025,T3_REVIEW,0
30497,KEP,KOREA ELECTRIC POWER CO,KOREA ELEC POWER,KOREA ZINC CO LTD,KOREA ZINC,27,2019,2024,T3_REVIEW,0
30497,KEP,KOREA ELECTRIC POWER CO,KOREA ELEC POWER,KOREA RAILROAD RES INST,KOREA RAILROAD RES INST,24,2010,2017,T3_REVIEW,0
30497,KEP,KOREA ELECTRIC POWER CO,KOREA ELEC POWER,KOREA AIRPORTS CORP,KOREA AIRPORTS,22,2012,2022,T3_REVIEW,0
30497,KEP,KOREA ELECTRIC POWER CO,KOREA ELEC POWER,KOREA AUTOMOTIVE TECH INST,KOREA AUTOMOTIVE TECH INST,21,2010,2024,T3_REVIEW,0
30497,KEP,KOREA ELECTRIC POWER CO,KOREA ELEC POWER,KOREA INST RADL & MED SCIENCES,KOREA INST RADL MED SCIENT,21,2010,2016,T3_REVIEW,0
30497,KEP,KOREA ELECTRIC POWER CO,KOREA ELEC POWER,KOREA FUEL TECH CORP,KOREA FUEL TECH,20,2011,2025,T3_REVIEW,0
30497,KEP,KOREA ELECTRIC POWER CO,KOREA ELEC POWER,KOREA ASTRONOMY & SPACE SCIENCE INST,KOREA ASTRONOMY SPACE SCIENT INST,19,2012,2025,T3_REVIEW,0
30497,KEP,KOREA ELECTRIC POWER CO,KOREA ELEC POWER,KOREA MARITIME UNIV IND ACAD,KOREA MARITIME UNIV IND ACAD,17,2011,2025,T3_REVIEW,0
30497,KEP,KOREA ELECTRIC POWER CO,KOREA ELEC POWER,KOREA INST OF MEDICAL MICROROBOTICS,KOREA INST OF MEDICAL MICROROBOTICS,17,2020,2023,T3_REVIEW,0
30497,KEP,KOREA ELECTRIC POWER CO,KOREA ELEC POWER,KOREA OCEAN RES DEV INST,KOREA OCEAN RES DEV INST,15,2010,2014,T3_REVIEW,0
30497,KEP,KOREA ELECTRIC POWER CO,KOREA ELEC POWER,KOREA ADVANCED INSTITUTE OF SCIENCE AND TECH KAIST,KOREA ADVANCED INSTITUTE OF SCIENT AND TECH KAIST,14,2017,2024,T3_REVIEW,0
30497,KEP,KOREA ELECTRIC POWER CO,KOREA ELEC POWER,KOREA INSTITUTE OF ENERGY TECH,KOREA INSTITUTE OF ENERGY TECH,13,2023,2025,T3_REVIEW,0
30497,KEP,KOREA ELECTRIC POWER CO,KOREA ELEC POWER,KOREA UNITED PHARM INC,KOREA UNITED PHARM,11,2014,2019,T3_REVIEW,0
30497,KEP,KOREA ELECTRIC POWER CO,KOREA ELEC POWER,KOREA PNEUMATIC SYS CO LTD,KOREA PNEUMATIC SYS,10,2011,2015,T3_REVIEW,0
30497,KEP,KOREA ELECTRIC POWER CO,KOREA ELEC POWER,KOREA RESOURCES CORP,KOREA RESOURCES,10,2011,2019,T3_REVIEW,0
30497,KEP,KOREA ELECTRIC POWER CO,KOREA ELEC POWER,KOREA INST OF GEOSCIENCE AND MINERAL RESOURCE,KOREA INST OF GEOSCIENCE AND MINERAL RESOURCE,10,2014,2018,T3_REVIEW,0
30497,KEP,KOREA ELECTRIC POWER CO,KOREA ELEC POWER,KOREA INST OF OCEAN SCIENCE AND TECHNOLOGY,KOREA INST OF OCEAN SCIENT AND TECH,10,2012,2015,T3_REVIEW,0
30497,KEP,KOREA ELECTRIC POWER CO,KOREA ELEC POWER,KOREA WATER RESOURCES CORP,KOREA WATER RESOURCES,9,2011,2021,T3_REVIEW,0
30497,KEP,KOREA ELECTRIC POWER CO,KOREA ELEC POWER,KOREA UNIVERSITY RES & BUSINESS FOUNDATION,KOREA UNIV RES BUS FOUNDATION,9,2010,2014,T3_REVIEW,0
30497,KEP,KOREA ELECTRIC POWER CO,KOREA ELEC POWER,KOREA RADIOACTIVE WASTE AGENCY,KOREA RADIOACTIVE WASTE AGENCY,9,2019,2025,T3_REVIEW,0
30497,KEP,KOREA ELECTRIC POWER CO,KOREA ELEC POWER,KOREA RES INSTITUTE OF STANDARD AND SCIENCE,KOREA RES INSTITUTE OF STANDARD AND SCIENT,9,2018,2024,T3_REVIEW,0
30497,KEP,KOREA ELECTRIC POWER CO,KOREA ELEC POWER,KOREA OGK CO LTD,KOREA OGK,9,2010,2024,T3_REVIEW,0
30497,KEP,KOREA ELECTRIC POWER CO,KOREA ELEC POWER,KOREA WHEEL CORP,KOREA WHEEL,9,2020,2022,T3_REVIEW,0
30497,KEP,KOREA ELECTRIC POWER CO,KOREA ELEC POWER,KOREA POLYTECHNIC UNIV INDUSTRY ACADEMIC COOPERATION FOUNDATION,KOREA POLYTECHNIC UNIV INDUSTRY ACADEMIC COOPERATION FOUNDATION,9,2018,2020,T3_REVIEW,0
30497,KEP,KOREA ELECTRIC POWER CO,KOREA ELEC POWER,KOREA WESTERN POWER CO LTD,KOREA WESTERN POWER,8,2015,2024,T3_REVIEW,0
30497,KEP,KOREA ELECTRIC POWER CO,KOREA ELEC POWER,KOREA POLYTECH UNIV IND ACAD,KOREA POLYTECH UNIV IND ACAD,8,2010,2015,T3_REVIEW,0
30497,KEP,KOREA ELECTRIC POWER CO,KOREA ELEC POWER,KOREA INST ROBOT & CONVERGENCE,KOREA INST ROBOT CONVERGENCE,8,2011,2025,T3_REVIEW,0
30497,KEP,KOREA ELECTRIC POWER CO,KOREA ELEC POWER,KOREA DISTR HEATING CORP,KOREA DISTR HEATING,8,2014,2022,T3_REVIEW,0
30497,KEP,KOREA ELECTRIC POWER CO,KOREA ELEC POWER,KOREA JCC CO LTD,KOREA JCC,8,2015,2020,T3_REVIEW,0
30497,KEP,KOREA ELECTRIC POWER CO,KOREA ELEC POWER,KOREA EXPRESSWAY CORP,KOREA EXPRESSWAY,7,2017,2020,T3_REVIEW,0
30497,KEP,KOREA ELECTRIC POWER CO,KOREA ELEC POWER,KOREA UNIV RESEARCH & BUSINESS FOUNDATION,KOREA UNIV RES BUS FOUNDATION,7,2018,2024,T3_REVIEW,0
30497,KEP,KOREA ELECTRIC POWER CO,KOREA ELEC POWER,KOREA INST OF ROBOT AND CONVERGENCE,KOREA INST OF ROBOT AND CONVERGENCE,7,2018,2023,T3_REVIEW,0
30497,KEP,KOREA ELECTRIC POWER CO,KOREA ELEC POWER,KOREA INST OF GEOSCIENCE AND MINERAL RESOURCES (KIGAM),KOREA INST OF GEOSCIENCE AND MINERAL RESOURCES KIGAM,7,2015,2016,T3_REVIEW,0
30497,KEP,KOREA ELECTRIC POWER CO,KOREA ELEC POWER,KOREA NAT INSTITUTE OF HEALTH,KOREA NAT INSTITUTE OF HEALTH,7,2021,2025,T3_REVIEW,0
30497,KEP,KOREA ELECTRIC POWER CO,KOREA ELEC POWER,KOREA ENG PLASTICS CO LTD,KOREA ENG PLASTICS,7,2012,2020,T3_REVIEW,0
30497,KEP,KOREA ELECTRIC POWER CO,KOREA ELEC POWER,KOREA INST CARBON CONVERGENCE TECH,KOREA INST CARBON CONVERGENCE TECH,6,2016,2023,T3_REVIEW,0
30497,KEP,KOREA ELECTRIC POWER CO,KOREA ELEC POWER,KOREA ADVANCED NANO FAB CENTER,KOREA ADVANCED NANO FAB CENTER,6,2018,2024,T3_REVIEW,0
30497,KEP,KOREA ELECTRIC POWER CO,KOREA ELEC POWER,KOREA PALLET POOL CO LTD,KOREA PALLET POOL,6,2014,2020,T3_REVIEW,0
30497,KEP,KOREA ELECTRIC POWER CO,KOREA ELEC POWER,KOREA EAST WEST POWER CO LTD,KOREA EAST WEST POWER,6,2011,2020,T3_REVIEW,0
30497,KEP,KOREA ELECTRIC POWER CO,KOREA ELEC POWER,KOREA UNIV OF TECHNOLOGY AND EDUCATION INDUSTRY UNIV COOPERATION,KOREA UNIV OF TECH AND EDUCATION INDUSTRY UNIV COOPERATION,5,2016,2023,T3_REVIEW,0
30497,KEP,KOREA ELECTRIC POWER CO,KOREA ELEC POWER,KOREA SINTERED METAL CO LTD,KOREA SINTERED METAL,5,2010,2023,T3_REVIEW,0
30497,KEP,KOREA ELECTRIC POWER CO,KOREA ELEC POWER,KOREA INSTITUTE OF OCEAN SCIENCE TECH,KOREA INSTITUTE OF OCEAN SCIENT TECH,5,2015,2022,T3_REVIEW,0
30497,KEP,KOREA ELECTRIC POWER CO,KOREA ELEC POWER,KOREA DEVELOPMENT BANK,KOREA DEV BANK,5,2013,2014,T3_REVIEW,0
30497,KEP,KOREA ELECTRIC POWER CO,KOREA ELEC POWER,KOREA GINSENG CORP,KOREA GINSENG,5,2018,2022,T3_REVIEW,0
30497,KEP,KOREA ELECTRIC POWER CO,KOREA ELEC POWER,Korea Univ Research and Business Foundation,KOREA UNIV RES AND BUS FOUNDATION,5,2023,2025,T3_REVIEW,0
30497,KEP,KOREA ELECTRIC POWER CO,KOREA ELEC POWER,KOREA PETROCHEMICAL IND CO LTD,KOREA PETROCHEMICAL IND,5,2017,2022,T3_REVIEW,0
30497,KEP,KOREA ELECTRIC POWER CO,KOREA ELEC POWER,KOREA CT DISEASE CONTROL & PREVENTION,KOREA CT DISEASE CONTROL PREVENTION,5,2010,2013,T3_REVIEW,0
30497,KEP,KOREA ELECTRIC POWER CO,KOREA ELEC POWER,KOREA ADVANCED INSTITUTE OF SCIENCE & TECH,KOREA ADVANCED INSTITUTE OF SCIENT TECH,5,2017,2024,T3_REVIEW,0
30497,KEP,KOREA ELECTRIC POWER CO,KOREA ELEC POWER,KOREA PLANT SERV & ENG CO LTD,KOREA PLANT SERV ENG,5,2013,2015,T3_REVIEW,0
30497,KEP,KOREA ELECTRIC POWER CO,KOREA ELEC POWER,KOREA INSTITUTE OF OCEAN SCIENCE AND TECH,KOREA INSTITUTE OF OCEAN SCIENT AND TECH,5,2014,2019,T3_REVIEW,0
30497,KEP,KOREA ELECTRIC POWER CO,KOREA ELEC POWER,KOREA FOOD & DRUG ADMIN,KOREA FOOD DRUG ADMIN,5,2011,2022,T3_REVIEW,0
30497,KEP,KOREA ELECTRIC POWER CO,KOREA ELEC POWER,KOREA INF & COMM CO LTD,KOREA INF COMM,5,2011,2016,T3_REVIEW,0
30497,KEP,KOREA ELECTRIC POWER CO,KOREA ELEC POWER,KOREA ELECTRO TECH RESEARCH INSTITUTE,KOREA ELECTRO TECH RES INSTITUTE,4,2017,2025,T3_REVIEW,0
30497,KEP,KOREA ELECTRIC POWER CO,KOREA ELEC POWER,KOREA VILENE CO LTD,KOREA VILENE,4,2018,2024,T3_REVIEW,0
30497,KEP,KOREA ELECTRIC POWER CO,KOREA ELEC POWER,KOREA CONTAINER POOL CO LTD,KOREA CONTAINER POOL,4,2012,2015,T3_REVIEW,0
30497,KEP,KOREA ELECTRIC POWER CO,KOREA ELEC POWER,KOREA ADVANCED INSTITUTE OF SCIENCE AND TECH,KOREA ADVANCED INSTITUTE OF SCIENT AND TECH,4,2023,2025,T3_REVIEW,0
30497,KEP,KOREA ELECTRIC POWER CO,KOREA ELEC POWER,KOREA TESTING LABORATORY,KOREA TESTING LAB,4,2020,2024,T3_REVIEW,0
30497,KEP,KOREA ELECTRIC POWER CO,KOREA ELEC POWER,KOREA LABOR WELFARE CORP CO LTD,KOREA LABOR WELFARE,4,2019,2021,T3_REVIEW,0
30497,KEP,KOREA ELECTRIC POWER CO,KOREA ELEC POWER,KOREA SHIPBUILDING & OFFSHORE ENG CO LTD,KOREA SHIPBUILDING OFFSHORE ENG,4,2020,2022,T3_REVIEW,0
30497,KEP,KOREA ELECTRIC POWER CO,KOREA ELEC POWER,KOREA MINTING SECURITY PRINTING & IDCARD OPERATING CORP,KOREA MINTING SECURITY PRINTING IDCARD OPERATING,4,2018,2025,T3_REVIEW,0
30497,KEP,KOREA ELECTRIC POWER CO,KOREA ELEC POWER,KOREA NUCLEAR ENGINEERING CO LTD,KOREA NUCLEAR ENGINEERING,4,2011,2012,T3_REVIEW,0
30497,KEP,KOREA ELECTRIC POWER CO,KOREA ELEC POWER,KOREA INST CIVIL ENGINEERING & BUILDING TECHNOLOGY,KOREA INST CIVIL ENGINEERING BUILDING TECH,4,2013,2016,T3_REVIEW,0
30497,KEP,KOREA ELECTRIC POWER CO,KOREA ELEC POWER,KOREA I T S CO LTD,KOREA I T S,4,2020,2024,T3_REVIEW,0
30497,KEP,KOREA ELECTRIC POWER CO,KOREA ELEC POWER,KOREA DELPHI AUTOMOTIVE SYSTEM,KOREA DELPHI AUTOMOTIVE SYSTEM,4,2010,2013,T3_REVIEW,0
30497,KEP,KOREA ELECTRIC POWER CO,KOREA ELEC POWER,KOREA CENTER DISEASE CONTROL & PREVENTION,KOREA CENTER DISEASE CONTROL PREVENTION,4,2018,2022,T3_REVIEW,0
30497,KEP,KOREA ELECTRIC POWER CO,KOREA ELEC POWER,KOREA PHARMA CO LTD,KOREA PHARMA,4,2018,2021,T3_REVIEW,0
30497,KEP,KOREA ELECTRIC POWER CO,KOREA ELEC POWER,KOREA SOUTH POWER CO LTD,KOREA SOUTH POWER,4,2014,2019,T3_REVIEW,0
30497,KEP,KOREA ELECTRIC POWER CO,KOREA ELEC POWER,KOREA NUCLEAR FUEL CO LTD,KOREA NUCLEAR FUEL,4,2010,2013,T3_REVIEW,0
30497,KEP,KOREA ELECTRIC POWER CO,KOREA ELEC POWER,KOREA INVENT PROMOTION ASSOCIATION,KOREA INVENT PROMOTION ASS,4,2018,2025,T3_REVIEW,0
30497,KEP,KOREA ELECTRIC POWER CO,KOREA ELEC POWER,KOREA AEROSPACE IND LTD,KOREA AEROSPACE IND,4,2011,2018,T3_REVIEW,0
30497,KEP,KOREA ELECTRIC POWER CO,KOREA ELEC POWER,KOREA RES INSTITUTE OF BIO SCIENCE AND BIOTECHNOLOGY,KOREA RES INSTITUTE OF BIO SCIENT AND BIOTECHNOLOGY,4,2017,2020,T3_REVIEW,0
30497,KEP,KOREA ELECTRIC POWER CO,KOREA ELEC POWER,KOREA POWER ENG CO INC,KOREA POWER ENG,4,2010,2015,T3_REVIEW,0
30497,KEP,KOREA ELECTRIC POWER CO,KOREA ELEC POWER,KOREA INST OF ATMOSPHERIC PREDICTION SYSTEMS,KOREA INST OF ATMOSPHERIC PREDICTION SYS,4,2013,2014,T3_REVIEW,0
30497,KEP,KOREA ELECTRIC POWER CO,KOREA ELEC POWER,KOREA INST OF MACHINERY AND MAT,KOREA INST OF MACHINERY AND MAT,4,2015,2016,T3_REVIEW,0
30497,KEP,KOREA ELECTRIC POWER CO,KOREA ELEC POWER,KOREA INST OF SCIENCE AND TECH INFORMATION,KOREA INST OF SCIENT AND TECH INFORMATION,4,2014,2016,T3_REVIEW,0
30497,KEP,KOREA ELECTRIC POWER CO,KOREA ELEC POWER,KOREA BIO MEDICAL SCIENCE INST,KOREA BIO MEDICAL SCIENT INST,3,2015,2016,T3_REVIEW,0
30497,KEP,KOREA ELECTRIC POWER CO,KOREA ELEC POWER,KOREA AUTOGLASS CORP,KOREA AUTOGLASS,3,2012,2019,T3_REVIEW,0
30497,KEP,KOREA ELECTRIC POWER CO,KOREA ELEC POWER,KOREA SOUTH EAST POWER CO LTD,KOREA SOUTH EAST POWER,3,2016,2021,T3_REVIEW,0
30497,KEP,KOREA ELECTRIC POWER CO,KOREA ELEC POWER,KOREA UNIVERSITY OF TECHNOLOGY AND EDUCATION INDUSTRY UNIVERSITY COOPERATION,KOREA UNIV OF TECH AND EDUCATION INDUSTRY UNIV COOPERATION,3,2012,2015,T3_REVIEW,0
30497,KEP,KOREA ELECTRIC POWER CO,KOREA ELEC POWER,KOREA OCEANIC AND ATMOSPHERIC SYSTEM TECH KOAST,KOREA OCEANIC AND ATMOSPHERIC SYSTEM TECH KOAST,3,2018,2021,T3_REVIEW,0
30497,KEP,KOREA ELECTRIC POWER CO,KOREA ELEC POWER,KOREA INSTITUTE OF CERAMIC ENGINEERING & TECH,KOREA INSTITUTE OF CERAMIC ENGINEERING TECH,3,2016,2025,T3_REVIEW,0
30497,KEP,KOREA ELECTRIC POWER CO,KOREA ELEC POWER,KOREA DISEASE CONTROL AND PREVENTION AGENCY,KOREA DISEASE CONTROL AND PREVENTION AGENCY,3,2021,2021,T3_REVIEW,0
30497,KEP,KOREA ELECTRIC POWER CO,KOREA ELEC POWER,KOREA TRADE NETWORK,KOREA TRADE NETWORK,3,2011,2015,T3_REVIEW,0
30497,KEP,KOREA ELECTRIC POWER CO,KOREA ELEC POWER,KOREA LAND & HOUSING CORP,KOREA LAND HOUSING,3,2020,2024,T3_REVIEW,0
30497,KEP,KOREA ELECTRIC POWER CO,KOREA ELEC POWER,KOREA PRIME PHARM CO LTD,KOREA PRIME PHARM,3,2017,2018,T3_REVIEW,0
30497,KEP,KOREA ELECTRIC POWER CO,KOREA ELEC POWER,KOREA MARITIME AND OCEAN UNIV RESEARCH AND DEVELOPMENT BUSINESS FOUNDATION,KOREA MARITIME AND OCEAN UNIV RES AND DEV BUS FOUNDATION,3,2016,2019,T3_REVIEW,0
30497,KEP,KOREA ELECTRIC POWER CO,KOREA ELEC POWER,KOREA FUEL-TECH CORP,KOREA FUEL TECH,3,2014,2016,T3_REVIEW,0
30497,KEP,KOREA ELECTRIC POWER CO,KOREA ELEC POWER,KOREA ALUMINIUM CO LTD,KOREA ALUMINIUM,3,2020,2020,T3_REVIEW,0
30497,KEP,KOREA ELECTRIC POWER CO,KOREA ELEC POWER,KOREA RES INSTITUTE OF BIOSCIENCE AND BIOTECH NOLOGY,KOREA RES INSTITUTE OF BIOSCIENCE AND BIOTECH NOLOGY,3,2016,2018,T3_REVIEW,0
30497,KEP,KOREA ELECTRIC POWER CO,KOREA ELEC POWER,KOREA TRANSP INST,KOREA TRANSP INST,3,2011,2013,T3_REVIEW,0
30497,KEP,KOREA ELECTRIC POWER CO,KOREA ELEC POWER,KOREA SMART AUTHENTICATION CORP,KOREA SMART AUTHENTICATION,3,2020,2021,T3_REVIEW,0
30497,KEP,KOREA ELECTRIC POWER CO,KOREA ELEC POWER,KOREA ENGINEERING & CLEAN TECH CO LTD,KOREA ENGINEERING CLEAN TECH,3,2022,2022,T3_REVIEW,0
30497,KEP,KOREA ELECTRIC POWER CO,KOREA ELEC POWER,KOREA DIGITAL TWIN LAB INC,KOREA DIGITAL TWIN LAB,3,2021,2023,T3_REVIEW,0
30497,KEP,KOREA ELECTRIC POWER CO,KOREA ELEC POWER,KOREA GAS SAFETY CORP,KOREA GAS SAFETY,3,2013,2023,T3_REVIEW,0
30497,KEP,KOREA ELECTRIC POWER CO,KOREA ELEC POWER,KOREA HITEK CO LTD,KOREA HITEK,3,2014,2016,T3_REVIEW,0
30497,KEP,KOREA ELECTRIC POWER CO,KOREA ELEC POWER,KOREA INSTITUTE OF OCEAN SCIENCE & TECH [KIOST],KOREA INSTITUTE OF OCEAN SCIENT TECH KIOST,3,2023,2025,T3_REVIEW,0
30497,KEP,KOREA ELECTRIC POWER CO,KOREA ELEC POWER,KOREA NATIONAL UNIV OF TRANSPORTATION INDUSTRY ACADEMIC CORPORATION FOUNDATION,KOREA NAT UNIV OF TRANSPORTATION INDUSTRY ACADEMIC CORPORATION FOUNDATION,3,2020,2023,T3_REVIEW,0
30497,KEP,KOREA ELECTRIC POWER CO,KOREA ELEC POWER,KOREA INSTITUTE OF SCIENCE AND TECH INFORMATION,KOREA INSTITUTE OF SCIENT AND TECH INFORMATION,3,2016,2024,T3_REVIEW,0
30497,KEP,KOREA ELECTRIC POWER CO,KOREA ELEC POWER,KOREA FLANGE CO LTD,KOREA FLANGE,3,2017,2021,T3_REVIEW,0
30497,KEP,KOREA ELECTRIC POWER CO,KOREA ELEC POWER,KOREA CONFORMITY LABORATORIES,KOREA CONFORMITY LAB,3,2019,2024,T3_REVIEW,0
30497,KEP,KOREA ELECTRIC POWER CO,KOREA ELEC POWER,KOREA TACONIC CO LTD,KOREA TACONIC,3,2015,2018,T3_REVIEW,0
30497,KEP,KOREA ELECTRIC POWER CO,KOREA ELEC POWER,KOREA OCEAN RES & DEV INST,KOREA OCEAN RES DEV INST,3,2012,2013,T3_REVIEW,0
30497,KEP,KOREA ELECTRIC POWER CO,KOREA ELEC POWER,KOREA NAT UNIV OF TRANSP INDUSTRY-ACADEMIC COOP FOUND,KOREA NAT UNIV OF TRANSP INDUSTRY ACADEMIC COOP FOUND,3,2014,2016,T3_REVIEW,0
30497,KEP,KOREA ELECTRIC POWER CO,KOREA ELEC POWER,KOREA UNIV RESEARCH AND BUSINESS,KOREA UNIV RES AND BUS,3,2020,2022,T3_REVIEW,0
30497,KEP,KOREA ELECTRIC POWER CO,KOREA ELEC POWER,KOREA MIDLAND POWER CO LTD,KOREA MIDLAND POWER,3,2016,2019,T3_REVIEW,0
30497,KEP,KOREA ELECTRIC POWER CO,KOREA ELEC POWER,KOREA I O TECH,KOREA I O TECH,3,2010,2010,T3_REVIEW,0
30497,KEP,KOREA ELECTRIC POWER CO,KOREA ELEC POWER,KOREA INST OF SCIENCE AND TECHOLOGY,KOREA INST OF SCIENT AND TECHOLOGY,3,2023,2023,T3_REVIEW,0
13125,LJPC,LA JOLLA PHARMACEUTICAL CO,LA JOLLA PHARMACEUTICAL,LA Z BOY INC,LA Z BOY,68,2010,2024,T3_REVIEW,0
13125,LJPC,LA JOLLA PHARMACEUTICAL CO,LA JOLLA PHARMACEUTICAL,LA JOLLA INST FOR IMMUNOLOGY,LA JOLLA INST FOR IMMUNOLOGY,44,2019,2025,T3_REVIEW,0
13125,LJPC,LA JOLLA PHARMACEUTICAL CO,LA JOLLA PHARMACEUTICAL,LA JOLLA INST ALLERGY & IMMUNOLOGY,LA JOLLA INST ALLERGY IMMUNOLOGY,40,2014,2023,T3_REVIEW,0
13125,LJPC,LA JOLLA PHARMACEUTICAL CO,LA JOLLA PHARMACEUTICAL,LA CROSSE TECH LTD,LA CROSSE TECH,26,2016,2025,T3_REVIEW,0
13125,LJPC,LA JOLLA PHARMACEUTICAL CO,LA JOLLA PHARMACEUTICAL,LA MARZOCCO SRL,LA MARZOCCO,24,2015,2023,T3_REVIEW,0
13125,LJPC,LA JOLLA PHARMACEUTICAL CO,LA JOLLA PHARMACEUTICAL,LA PHARMATECH INC,LA PHARMATECH,14,2019,2025,T3_REVIEW,0
13125,LJPC,LA JOLLA PHARMACEUTICAL CO,LA JOLLA PHARMACEUTICAL,LA JOLLA PHARMA CO,LA JOLLA PHARMA,13,2015,2021,T3_REVIEW,0
13125,LJPC,LA JOLLA PHARMACEUTICAL CO,LA JOLLA PHARMACEUTICAL,LA TULIPE JR DOUGLAS C,LA TULIPE JR DOUGLAS C,10,2010,2012,T3_REVIEW,0
13125,LJPC,LA JOLLA PHARMACEUTICAL CO,LA JOLLA PHARMACEUTICAL,LA VIT TECH LLC,LA VIT TECH,8,2015,2021,T3_REVIEW,0
13125,LJPC,LA JOLLA PHARMACEUTICAL CO,LA JOLLA PHARMACEUTICAL,LA JOLLA PHARMA LLC,LA JOLLA PHARMA,8,2018,2024,T3_REVIEW,0
13125,LJPC,LA JOLLA PHARMACEUTICAL CO,LA JOLLA PHARMACEUTICAL,LA CORP DE LECOLE POLYTECHNIQUE DE MONTREAL,LA CORP DE LECOLE POLYTECHNIQUE DE MONTREAL,7,2017,2024,T3_REVIEW,0
13125,LJPC,LA JOLLA PHARMACEUTICAL CO,LA JOLLA PHARMACEUTICAL,LA PRAIRIE GROUP AG,LA PRAIRIE,7,2014,2023,T3_REVIEW,0
13125,LJPC,LA JOLLA PHARMACEUTICAL CO,LA JOLLA PHARMACEUTICAL,LA SIESTA GMBH,LA SIESTA,6,2017,2019,T3_REVIEW,0
13125,LJPC,LA JOLLA PHARMACEUTICAL CO,LA JOLLA PHARMACEUTICAL,LA FOREST MARK L,LA FOREST MARK L,5,2010,2012,T3_REVIEW,0
13125,LJPC,LA JOLLA PHARMACEUTICAL CO,LA JOLLA PHARMACEUTICAL,LA FRANCAISE DES JEUX,LA FRANCAISE DES JEUX,5,2016,2025,T3_REVIEW,0
13125,LJPC,LA JOLLA PHARMACEUTICAL CO,LA JOLLA PHARMACEUTICAL,LA CORP DE I ECOLE POLYTECHNIQUE DE MONTREAL,LA CORP DE I ECOLE POLYTECHNIQUE DE MONTREAL,5,2024,2025,T3_REVIEW,0
13125,LJPC,LA JOLLA PHARMACEUTICAL CO,LA JOLLA PHARMACEUTICAL,LA CROIX CLIFF,LA CROIX CLIFF,5,2010,2012,T3_REVIEW,0
13125,LJPC,LA JOLLA PHARMACEUTICAL CO,LA JOLLA PHARMACEUTICAL,LA COLOMBE TORREFACTION INC,LA COLOMBE TORREFACTION,5,2015,2020,T3_REVIEW,0
13125,LJPC,LA JOLLA PHARMACEUTICAL CO,LA JOLLA PHARMACEUTICAL,LA Golf Partners LLC,LA GOLF PARTNERS,5,2021,2025,T3_REVIEW,0
13125,LJPC,LA JOLLA PHARMACEUTICAL CO,LA JOLLA PHARMACEUTICAL,LA SAN MARCO S P A,LA SAN MARCO S P A,4,2015,2023,T3_REVIEW,0
13125,LJPC,LA JOLLA PHARMACEUTICAL CO,LA JOLLA PHARMACEUTICAL,LA ROVERE THOMAS ANTHONY,LA ROVERE THOMAS ANTHONY,4,2014,2024,T3_REVIEW,0
13125,LJPC,LA JOLLA PHARMACEUTICAL CO,LA JOLLA PHARMACEUTICAL,LA O' GERARDO JOSE,LA O GERARDO JOSE,4,2011,2012,T3_REVIEW,0
13125,LJPC,LA JOLLA PHARMACEUTICAL CO,LA JOLLA PHARMACEUTICAL,LA PIEDRA BIOTECNOLOGIA SPA,LA PIEDRA BIOTECNOLOGIA,4,2017,2022,T3_REVIEW,0
13125,LJPC,LA JOLLA PHARMACEUTICAL CO,LA JOLLA PHARMACEUTICAL,LA JOLLA INST FOR ALLERGY & IMMUNOLOGY,LA JOLLA INST FOR ALLERGY IMMUNOLOGY,4,2015,2018,T3_REVIEW,0
13125,LJPC,LA JOLLA PHARMACEUTICAL CO,LA JOLLA PHARMACEUTICAL,LA ROSA THOMAS J,LA ROSA THOMAS J,4,2010,2012,T3_REVIEW,0
13125,LJPC,LA JOLLA PHARMACEUTICAL CO,LA JOLLA PHARMACEUTICAL,LA BIOMEDICAL RES INSTITUTE AT HARBOR UCLA MEDICAL CENTER,LA BIOMEDICAL RES INSTITUTE AT HARBOR UCLA MEDICAL CENTER,3,2017,2018,T3_REVIEW,0
13125,LJPC,LA JOLLA PHARMACEUTICAL CO,LA JOLLA PHARMACEUTICAL,LA EYE LLC,LA EYE,3,2022,2024,T3_REVIEW,0
13125,LJPC,LA JOLLA PHARMACEUTICAL CO,LA JOLLA PHARMACEUTICAL,LA JOLLA BIOLOGICS INC,LA JOLLA BIOLOGICS,3,2016,2020,T3_REVIEW,0
13125,LJPC,LA JOLLA PHARMACEUTICAL CO,LA JOLLA PHARMACEUTICAL,LA DUE CHRISTOPH KARL,LA DUE CHRISTOPH KARL,3,2011,2013,T3_REVIEW,0
13125,LJPC,LA JOLLA PHARMACEUTICAL CO,LA JOLLA PHARMACEUTICAL,LA CHINA MARCO,LA CHINA MARCO,3,2011,2012,T3_REVIEW,0
13125,LJPC,LA JOLLA PHARMACEUTICAL CO,LA JOLLA PHARMACEUTICAL,LA DUONG,LA DUONG,3,2011,2014,T3_REVIEW,0
13125,LJPC,LA JOLLA PHARMACEUTICAL CO,LA JOLLA PHARMACEUTICAL,LA SALVIA JOSE ALEXANDRE,LA SALVIA JOSE ALEXANDRE,3,2010,2011,T3_REVIEW,0
13125,LJPC,LA JOLLA PHARMACEUTICAL CO,LA JOLLA PHARMACEUTICAL,LA SCALA JOHN JOSEPH,LA SCALA JOHN JOSEPH,3,2011,2021,T3_REVIEW,0
13125,LJPC,LA JOLLA PHARMACEUTICAL CO,LA JOLLA PHARMACEUTICAL,LA SORDA TERENCE D,LA SORDA TERENCE D,3,2011,2012,T3_REVIEW,0
13125,LJPC,LA JOLLA PHARMACEUTICAL CO,LA JOLLA PHARMACEUTICAL,LA GROU JOHN HOWARD,LA GROU JOHN HOWARD,3,2016,2017,T3_REVIEW,0
13125,LJPC,LA JOLLA PHARMACEUTICAL CO,LA JOLLA PHARMACEUTICAL,LA ROSA FRANCESCO,LA ROSA FRANCESCO,3,2012,2012,T3_REVIEW,0
13125,LJPC,LA JOLLA PHARMACEUTICAL CO,LA JOLLA PHARMACEUTICAL,LA SCIENCE SAS,LA SCIENT,3,2023,2025,T3_REVIEW,0
13125,LJPC,LA JOLLA PHARMACEUTICAL CO,LA JOLLA PHARMACEUTICAL,LA TERMOPLASTIC F B M S R L,LA TERMOPLASTIC F B M S R L,3,2016,2021,T3_REVIEW,0
13125,LJPC,LA JOLLA PHARMACEUTICAL CO,LA JOLLA PHARMACEUTICAL,LA TORRE CARLOS,LA TORRE CARLOS,3,2012,2012,T3_REVIEW,0
13125,LJPC,LA JOLLA PHARMACEUTICAL CO,LA JOLLA PHARMACEUTICAL,LA MANTIA FABIO,LA MANTIA FABIO,3,2011,2013,T3_REVIEW,0
13125,LJPC,LA JOLLA PHARMACEUTICAL CO,LA JOLLA PHARMACEUTICAL,LA BARRIE SIMEON,LA BARRIE SIMEON,3,2013,2021,T3_REVIEW,0
13125,LJPC,LA JOLLA PHARMACEUTICAL CO,LA JOLLA PHARMACEUTICAL,LA SPINA GIOVANNI,LA SPINA GIOVANNI,3,2011,2012,T3_REVIEW,0
21110,LMT,LOCKHEED MARTIN CORP,LOCKHEED MARTIN,LOCKHEED CORP,LOCKHEED,1517,2010,2025,T3_REVIEW,0
55609,LN,LINE CORP,LINE,LINE PLUS CORP,LINE PLUS,176,2015,2025,T3_REVIEW,1
55609,LN,LINE CORP,LINE,LINE JOHNATHAN ANDREW,LINE JOHNATHAN ANDREW,18,2010,2012,T3_REVIEW,1
55609,LN,LINE CORP,LINE,LINE PAY CORP,LINE PAY,9,2019,2022,T3_REVIEW,1
55609,LN,LINE CORP,LINE,LINE IND CO LTD,LINE IND,3,2022,2025,T3_REVIEW,1
55609,LN,LINE CORP,LINE,LINE UP CORP,LINE UP,3,2018,2019,T3_REVIEW,1
55609,LN,LINE CORP,LINE,LINE 6 INC,LINE 6,3,2010,2017,T3_REVIEW,1
55609,LN,LINE CORP,LINE,LINE 6 BIOTECHNOLOGY INC,LINE 6 BIOTECHNOLOGY,3,2022,2025,T3_REVIEW,1
55609,LN,LINE CORP,LINE,LINE BIZPLUS PTE LTD,LINE BIZPLUS,3,2015,2017,T3_REVIEW,1
10359,LSCC,LATTICE SEMICONDUCTOR CORP,LATTICE SEMICONDUCTOR,LATTICE HEALTH SYSTEMS INC,LATTICE HEALTH SYS,5,2017,2024,T3_REVIEW,0
10359,LSCC,LATTICE SEMICONDUCTOR CORP,LATTICE SEMICONDUCTOR,LATTICE ENERGY TECHNOLOGY CORP,LATTICE ENERGY TECH,4,2012,2013,T3_REVIEW,0
10359,LSCC,LATTICE SEMICONDUCTOR CORP,LATTICE SEMICONDUCTOR,LATTICE POWER JIANGXI CORP,LATTICE POWER JIANGXI,3,2011,2013,T3_REVIEW,0
10359,LSCC,LATTICE SEMICONDUCTOR CORP,LATTICE SEMICONDUCTOR,LATTICE IND INC,LATTICE IND,3,2022,2023,T3_REVIEW,0
10359,LSCC,LATTICE SEMICONDUCTOR CORP,LATTICE SEMICONDUCTOR,LATTICE INT AS,LATTICE INT,3,2021,2023,T3_REVIEW,0
50864,LUNA,LUNA INNOVATIONS INC,LUNA INNOVATIONS,LUNA MICHAEL EDWARD SMITH,LUNA MICHAEL EDWARD SMITH,95,2011,2016,T3_REVIEW,0
50864,LUNA,LUNA INNOVATIONS INC,LUNA INNOVATIONS,LUNA LABS USA LLC,LUNA LAB USA,7,2022,2025,T3_REVIEW,0
50864,LUNA,LUNA INNOVATIONS INC,LUNA INNOVATIONS,LUNA TECHNOLOGY SYSTEMS LTS GMBH,LUNA TECH SYS LTS,6,2010,2013,T3_REVIEW,0
50864,LUNA,LUNA INNOVATIONS INC,LUNA INNOVATIONS,LUNA HEALTH INC,LUNA HEALTH,5,2023,2024,T3_REVIEW,0
50864,LUNA,LUNA INNOVATIONS INC,LUNA INNOVATIONS,LUNA CO LTD,LUNA,4,2010,2020,T3_REVIEW,0
50864,LUNA,LUNA INNOVATIONS INC,LUNA INNOVATIONS,LUNA SERGIO,LUNA SERGIO,3,2020,2024,T3_REVIEW,0
50864,LUNA,LUNA INNOVATIONS INC,LUNA INNOVATIONS,LUNA KAROLINA,LUNA KAROLINA,3,2010,2017,T3_REVIEW,0
50864,LUNA,LUNA INNOVATIONS INC,LUNA INNOVATIONS,LUNA JENNIFER BUGAYONG,LUNA JENNIFER BUGAYONG,3,2019,2023,T3_REVIEW,0
55315,MCRB,SERES THERAPEUTICS INC,SERIES THERAPEUTICS,SERIES INT LLC,SERIES INT,15,2019,2023,T3_REVIEW,0
55315,MCRB,SERES THERAPEUTICS INC,SERES THERAPEUTICS,SERES HEALTH INC,SERES HEALTH,6,2013,2015,T3_REVIEW,0
41680,MDLZ,MONDELEZ INTERNATIONAL INC,KRAFT FOODS,KRAFT CLIFFORD H,KRAFT CLIFFORD H,10,2010,2014,T3_REVIEW,0
41680,MDLZ,MONDELEZ INTERNATIONAL INC,MONDELEZ INT,MONDELEZ UK R & D LTD,MONDELEZ UK R D,8,2012,2019,T3_REVIEW,0
41680,MDLZ,MONDELEZ INTERNATIONAL INC,KRAFT FOODS,KRAFT EDGAR,KRAFT EDGAR,8,2010,2013,T3_REVIEW,0
41680,MDLZ,MONDELEZ INTERNATIONAL INC,KRAFT FOODS,KRAFT REINER,KRAFT REINER,7,2010,2012,T3_REVIEW,0
41680,MDLZ,MONDELEZ INTERNATIONAL INC,KRAFT FOODS,KRAFT TORSTEN,KRAFT TORSTEN,6,2010,2013,T3_REVIEW,0
41680,MDLZ,MONDELEZ INTERNATIONAL INC,KRAFT FOODS,KRAFT KERSTEN,KRAFT KERSTEN,5,2012,2021,T3_REVIEW,0
41680,MDLZ,MONDELEZ INTERNATIONAL INC,KRAFT FOODS,KRAFT CLIFFORD,KRAFT CLIFFORD,4,2010,2012,T3_REVIEW,0
41680,MDLZ,MONDELEZ INTERNATIONAL INC,MONDELEZ INT,MONDELEZ JAPAN LTD,MONDELEZ JAPAN,3,2012,2015,T3_REVIEW,0
41680,MDLZ,MONDELEZ INTERNATIONAL INC,MONDELEZ INT,MONDELEZ UK R&D LTD,MONDELEZ UK R D,3,2014,2018,T3_REVIEW,0
21219,MOGB,MOOG INC,MOOG,MOOG UNNA GMBH,MOOG UNNA,17,2010,2017,T3_REVIEW,1
21219,MOGB,MOOG INC,MOOG,MOOG WOLVERHAMPTON LTD,MOOG WOLVERHAMPTON,9,2010,2023,T3_REVIEW,1
21219,MOGB,MOOG INC,MOOG,MOOG CONTROLS LTD,MOOG CONTROLS,8,2011,2024,T3_REVIEW,1
21219,MOGB,MOOG INC,MOOG,MOOG JAPAN LTD,MOOG JAPAN,5,2010,2020,T3_REVIEW,1
21230,MSI,MOTOROLA SOLUTIONS INC,MOTOROLA SOLUTIONS,MOTOROLA MOBILITY LLC,MOTOROLA MOBILITY,2400,2010,2025,T3_REVIEW,0
21230,MSI,MOTOROLA SOLUTIONS INC,MOTOROLA SOLUTIONS,MOTOROLA MOBILITY INC,MOTOROLA MOBILITY,414,2010,2014,T3_REVIEW,0
21230,MSI,MOTOROLA SOLUTIONS INC,MOTOROLA SOLUTIONS,MOTOROLA INC,MOTOROLA,262,2010,2014,T3_REVIEW,0
21230,MSI,MOTOROLA SOLUTIONS INC,MOTOROLA SOLUTIONS,MOTOROLA SOLUTION INC,MOTOROLA SOLUTION,8,2013,2023,T3_REVIEW,0
21236,MUR,MURPHY OIL CORP,MURPHY OIL,MURPHY LEON,MURPHY LEON,15,2011,2016,T3_REVIEW,0
21236,MUR,MURPHY OIL CORP,MURPHY OIL,MURPHY II WILLIAM LEWIS,MURPHY II WILLIAM LEWIS,12,2013,2021,T3_REVIEW,0
21236,MUR,MURPHY OIL CORP,MURPHY OIL,MURPHY KIERAN P,MURPHY KIERAN P,9,2010,2023,T3_REVIEW,0
21236,MUR,MURPHY OIL CORP,MURPHY OIL,MURPHY GERALD DONAL,MURPHY GERALD DONAL,9,2010,2014,T3_REVIEW,0
21236,MUR,MURPHY OIL CORP,MURPHY OIL,MURPHY BRENDAN BOYCE,MURPHY BRENDAN BOYCE,8,2012,2025,T3_REVIEW,0
21236,MUR,MURPHY OIL CORP,MURPHY OIL,MURPHY RODERICK JOHN,MURPHY RODERICK JOHN,7,2010,2014,T3_REVIEW,0
21236,MUR,MURPHY OIL CORP,MURPHY OIL,MURPHY M D STEPHEN B,MURPHY M D STEPHEN B,6,2019,2024,T3_REVIEW,0
21236,MUR,MURPHY OIL CORP,MURPHY OIL,Murphy Pipe & Civil IP Pty Ltd,MURPHY PIPE CIVIL IP,6,2013,2015,T3_REVIEW,0
21236,MUR,MURPHY OIL CORP,MURPHY OIL,MURPHY STEPHEN VAUGHAN,MURPHY STEPHEN VAUGHAN,5,2011,2012,T3_REVIEW,0
21236,MUR,MURPHY OIL CORP,MURPHY OIL,MURPHY BARBARA H,MURPHY BARBARA H,5,2015,2018,T3_REVIEW,0
21236,MUR,MURPHY OIL CORP,MURPHY OIL,MURPHY RICHARD LUKE,MURPHY RICHARD LUKE,5,2010,2012,T3_REVIEW,0
21236,MUR,MURPHY OIL CORP,MURPHY OIL,MURPHY NATHANAEL S,MURPHY NATHANAEL S,5,2011,2012,T3_REVIEW,0
21236,MUR,MURPHY OIL CORP,MURPHY OIL,MURPHY NESTOR P,MURPHY NESTOR P,4,2010,2012,T3_REVIEW,0
21236,MUR,MURPHY OIL CORP,MURPHY OIL,MURPHY KAITLIN A,MURPHY KAITLIN A,4,2012,2012,T3_REVIEW,0
21236,MUR,MURPHY OIL CORP,MURPHY OIL,MURPHY MORGAN D,MURPHY MORGAN D,4,2010,2012,T3_REVIEW,0
21236,MUR,MURPHY OIL CORP,MURPHY OIL,MURPHY HEATH E,MURPHY HEATH E,3,2018,2018,T3_REVIEW,0
21236,MUR,MURPHY OIL CORP,MURPHY OIL,MURPHY GRAHAM RICKETSON,MURPHY GRAHAM RICKETSON,3,2011,2011,T3_REVIEW,0
21236,MUR,MURPHY OIL CORP,MURPHY OIL,MURPHY ALISON,MURPHY ALISON,3,2012,2015,T3_REVIEW,0
21236,MUR,MURPHY OIL CORP,MURPHY OIL,MURPHY ROSEMARY,MURPHY ROSEMARY,3,2010,2013,T3_REVIEW,0
21236,MUR,MURPHY OIL CORP,MURPHY OIL,MURPHY KIERAN,MURPHY KIERAN,3,2010,2013,T3_REVIEW,0
21236,MUR,MURPHY OIL CORP,MURPHY OIL,MURPHY INGRID,MURPHY INGRID,3,2018,2025,T3_REVIEW,0
21236,MUR,MURPHY OIL CORP,MURPHY OIL,MURPHY RYAN WESLEY,MURPHY RYAN WESLEY,3,2012,2012,T3_REVIEW,0
14031,MYGN,MYRIAD GENETICS INC,MYRIAD GENETICS,MYRIAD WOMENS HEALTH INC,MYRIAD WOMENS HEALTH,55,2018,2025,T3_REVIEW,0
14031,MYGN,MYRIAD GENETICS INC,MYRIAD GENETICS,MYRIAD GROUP AG,MYRIAD,11,2011,2013,T3_REVIEW,0
14031,MYGN,MYRIAD GENETICS INC,MYRIAD GENETICS,MYRIAD PHARMACEUTICALS INC,MYRIAD PHARMACEUTICALS,7,2010,2010,T3_REVIEW,0
14031,MYGN,MYRIAD GENETICS INC,MYRIAD GENETICS,Myriad Medical LLC,MYRIAD MEDICAL,6,2011,2019,T3_REVIEW,0
14031,MYGN,MYRIAD GENETICS INC,MYRIAD GENETICS,MYRIAD INT GMBH,MYRIAD INT,6,2018,2024,T3_REVIEW,0
14031,MYGN,MYRIAD GENETICS INC,MYRIAD GENETICS,MYRIAD SENSORS INC,MYRIAD SENSORS,6,2015,2021,T3_REVIEW,0
14031,MYGN,MYRIAD GENETICS INC,MYRIAD GENETICS,MYRIAD FRANCE,MYRIAD FRANCE,4,2012,2013,T3_REVIEW,0
14031,MYGN,MYRIAD GENETICS INC,MYRIAD GENETICS,MYRIAD MYPATH LLC,MYRIAD MYPATH,4,2021,2023,T3_REVIEW,0
3104,MYL,MYLAN N V,MYLAN N V,MYLAN INC,MYLAN,65,2010,2020,T3_REVIEW,0
3104,MYL,MYLAN N V,MYLAN N V,MYLAN LABORATORIES LTD,MYLAN LAB,43,2014,2025,T3_REVIEW,0
3104,MYL,MYLAN N V,MYLAN N V,MYLAN LAB LTD,MYLAN LAB,13,2011,2015,T3_REVIEW,0
3104,MYL,MYLAN N V,MYLAN N V,MYLAN GROUP,MYLAN,11,2010,2019,T3_REVIEW,0
3104,MYL,MYLAN N V,MYLAN N V,MYLAN TECHNOLOGIES INC,MYLAN TECH,10,2010,2015,T3_REVIEW,0
3104,MYL,MYLAN N V,MYLAN N V,MYLAN SPECIALTY L P,MYLAN SPECIALTY L P,5,2013,2022,T3_REVIEW,0
3104,MYL,MYLAN N V,MYLAN N V,MYLAN PHARMA UK LTD,MYLAN PHARMA UK,4,2020,2021,T3_REVIEW,0
3104,MYL,MYLAN N V,MYLAN N V,MYLAN PHARMACEUTICALS INC,MYLAN PHARMACEUTICALS,4,2011,2024,T3_REVIEW,0
3104,MYL,MYLAN N V,MYLAN N V,MYLAN TECH INC,MYLAN TECH,3,2016,2018,T3_REVIEW,0
20684,NEE,NEXTERA ENERGY INC,F P L,F SECURE CORP,F SECURE,132,2010,2023,T3_REVIEW,0
20684,NEE,NEXTERA ENERGY INC,F P L,F S KOREA IND INC,F S KOREA IND,39,2011,2023,T3_REVIEW,0
20684,NEE,NEXTERA ENERGY INC,F P L,F TECH INC,F TECH,32,2010,2023,T3_REVIEW,0
20684,NEE,NEXTERA ENERGY INC,F P L,F R DRAKE CO,F R DRAKE,24,2012,2023,T3_REVIEW,0
20684,NEE,NEXTERA ENERGY INC,F P L,F M PRODUCTS INC,F M PRODUCTS,20,2017,2024,T3_REVIEW,0
20684,NEE,NEXTERA ENERGY INC,F P L,F ROBOTICS ACQUISITIONS LTD,F ROBOTICS ACQUISITIONS,13,2010,2019,T3_REVIEW,0
20684,NEE,NEXTERA ENERGY INC,F P L,F STAR BETA LTD,F STAR BETA,11,2017,2019,T3_REVIEW,0
20684,NEE,NEXTERA ENERGY INC,F P L,F HOLZER GMBH,F HOLZER,10,2010,2019,T3_REVIEW,0
20684,NEE,NEXTERA ENERGY INC,F P L,F TIME TECH INDUSTRIAL CO LTD,F TIME TECH IND,10,2019,2024,T3_REVIEW,0
20684,NEE,NEXTERA ENERGY INC,F P L,F&S TOOL INC,F S TOOL,10,2017,2025,T3_REVIEW,0
20684,NEE,NEXTERA ENERGY INC,F P L,F STAR THERAPEUTICS LTD,F STAR THERAPEUTICS,9,2020,2024,T3_REVIEW,0
20684,NEE,NEXTERA ENERGY INC,F P L,F I S - FABBRICA ITALIANA SINTETICI S P A,F I S FABBRICA ITALIANA SINTETICI S P A,9,2015,2017,T3_REVIEW,0
20684,NEE,NEXTERA ENERGY INC,F P L,F SMIT HOLDING B V,F SMIT HOLDING B V,9,2015,2022,T3_REVIEW,0
20684,NEE,NEXTERA ENERGY INC,F P L,F STAR BIOTECH FORSCH & ENTW,F STAR BIOTECH FORSCH ENTW,9,2010,2016,T3_REVIEW,0
20684,NEE,NEXTERA ENERGY INC,F P L,F L AUTO SRL,F L AUTO,7,2013,2017,T3_REVIEW,0
20684,NEE,NEXTERA ENERGY INC,F P L,F SECURE OYJ,F SECURE,6,2010,2013,T3_REVIEW,0
20684,NEE,NEXTERA ENERGY INC,F P L,F P BOURGAULT TILLAGE TOOLS LTD,F P BOURGAULT TILLAGE TOOLS,5,2016,2021,T3_REVIEW,0
20684,NEE,NEXTERA ENERGY INC,F P L,F M LOCOTOS CO INC,F M LOCOTOS,5,2010,2023,T3_REVIEW,0
20684,NEE,NEXTERA ENERGY INC,F P L,F J ASCHWANDEN AG,F J ASCHWANDEN,5,2010,2014,T3_REVIEW,0
20684,NEE,NEXTERA ENERGY INC,F P L,F LLI RIGHINI S R L,F LLI RIGHINI S R L,5,2018,2023,T3_REVIEW,0
20684,NEE,NEXTERA ENERGY INC,F P L,F-STAR BIOTECHNOLOGISCHE FORSCHUNGS- UND ENTW M B H,F STAR BIOTECHNOLOGISCHE FORSCHUNGS UND ENTW M B H,5,2016,2017,T3_REVIEW,0
20684,NEE,NEXTERA ENERGY INC,NEXTERA ENERGY,NEXTERA VIDEO INC,NEXTERA VIDEO,4,2017,2020,T3_REVIEW,0
20684,NEE,NEXTERA ENERGY INC,NEXTERA ENERGY,NEXTERA AS,NEXTERA,4,2010,2022,T3_REVIEW,0
20684,NEE,NEXTERA ENERGY INC,F P L,Fäcke Thomas,F CKE THOMAS,4,2012,2014,T3_REVIEW,0
20684,NEE,NEXTERA ENERGY INC,F P L,F T G G LLC,F T G G,4,2014,2021,T3_REVIEW,0
20684,NEE,NEXTERA ENERGY INC,F P L,F I S FABRICA ITALIANA SINT S P A,F I S FABRICA ITALIANA SINT S P A,4,2012,2015,T3_REVIEW,0
20684,NEE,NEXTERA ENERGY INC,F P L,F STAR BIOTECHNOLOGISCHE FORSCHUNGS UND ENTW M B H,F STAR BIOTECHNOLOGISCHE FORSCHUNGS UND ENTW M B H,4,2017,2021,T3_REVIEW,0
20684,NEE,NEXTERA ENERGY INC,F P L,F B BALZANELLI AVVOLGITORI S P A,F B BALZANELLI AVVOLGITORI S P A,4,2013,2014,T3_REVIEW,0
20684,NEE,NEXTERA ENERGY INC,F P L,F-TECH INC,F TECH,4,2014,2016,T3_REVIEW,0
20684,NEE,NEXTERA ENERGY INC,F P L,F K INNOVATIONEN GMBH & CO KG,F K INNOVATIONEN,3,2016,2019,T3_REVIEW,0
20684,NEE,NEXTERA ENERGY INC,F P L,F STAR THERAPEUTICS INC,F STAR THERAPEUTICS,3,2020,2023,T3_REVIEW,0
20684,NEE,NEXTERA ENERGY INC,F P L,F S K COLOR,F S K COLOR,3,2011,2015,T3_REVIEW,0
20684,NEE,NEXTERA ENERGY INC,F P L,F W WEBB COMPANY,F W WEBB,3,2021,2024,T3_REVIEW,0
20684,NEE,NEXTERA ENERGY INC,F P L,F G ELLIOTT LLC,F G ELLIOTT,3,2021,2025,T3_REVIEW,0
20684,NEE,NEXTERA ENERGY INC,F P L,F D WORLDWIDE MERCHANDISE GROUP INC,F D WORLDWIDE MERCHANDISE,3,2017,2020,T3_REVIEW,0
20684,NEE,NEXTERA ENERGY INC,F P L,F LLI MENABO S R L,F LLI MENABO S R L,3,2018,2023,T3_REVIEW,0
20684,NEE,NEXTERA ENERGY INC,F P L,F&P ROBOTICS AG,F P ROBOTICS,3,2014,2016,T3_REVIEW,0
20684,NEE,NEXTERA ENERGY INC,F P L,F TEC CO LTD,F TEC,3,2022,2024,T3_REVIEW,0
20684,NEE,NEXTERA ENERGY INC,F P L,F ZIMMERMANN GMBH,F ZIMMERMANN,3,2017,2019,T3_REVIEW,0
20684,NEE,NEXTERA ENERGY INC,F P L,F A R FONDERIE ACCIAIERIE ROIALE SPA,F A R FONDERIE ACCIAIERIE ROIALE,3,2011,2013,T3_REVIEW,0
20684,NEE,NEXTERA ENERGY INC,F P L,F&P TECH FITNESS LTD,F P TECH FITNESS,3,2021,2025,T3_REVIEW,0
20684,NEE,NEXTERA ENERGY INC,F P L,F D SIGNWORKS LLC,F D SIGNWORKS,3,2017,2020,T3_REVIEW,0
20684,NEE,NEXTERA ENERGY INC,F P L,F VON LANGSDORFF LICENSING LTD,F VON LANGSDORFF LICENSING,3,2012,2018,T3_REVIEW,0
20684,NEE,NEXTERA ENERGY INC,F P L,F & S TOOL INC,F S TOOL,3,2011,2013,T3_REVIEW,0
21286,NEM,NEWMONT MINING CORP,NEWMONT MINING,NEWMONT USA LTD,NEWMONT USA,3,2014,2017,T3_REVIEW,0
36350,NGG,NATIONAL GRID PLC,NAT GRID,NAT UNIV SINGAPORE,NAT UNIV SINGAPORE,832,2014,2025,T3_REVIEW,0
36350,NGG,NATIONAL GRID PLC,NAT GRID,NAT UNIV TSING HUA,NAT UNIV TSING HUA,759,2010,2017,T3_REVIEW,0
36350,NGG,NATIONAL GRID PLC,NAT GRID,NAT OILWELL VARCO LP,NAT OILWELL VARCO,541,2010,2025,T3_REVIEW,0
36350,NGG,NATIONAL GRID PLC,NAT GRID,NAT RES COUNCIL CANADA,NAT RES COUNCIL CANADA,459,2011,2025,T3_REVIEW,0
36350,NGG,NATIONAL GRID PLC,NAT GRID,NAT INST OF ADVANCED IND SCIEN,NAT INST OF ADVANCED IND SCIEN,458,2010,2016,T3_REVIEW,0
36350,NGG,NATIONAL GRID PLC,NAT GRID,NAT TECH & ENG SOLUTIONS SANDIA LLC,NAT TECH ENG SOLUTIONS SANDIA,425,2016,2025,T3_REVIEW,0
36350,NGG,NATIONAL GRID PLC,NAT GRID,NAT CANCER CT,NAT CANCER CT,382,2010,2025,T3_REVIEW,0
36350,NGG,NATIONAL GRID PLC,NAT GRID,NATIONAL YANG MING CHIAO TUNG UNIV,NAT YANG MING CHIAO TUNG UNIV,318,2019,2025,T3_REVIEW,0
36350,NGG,NATIONAL GRID PLC,NAT GRID,NATIONAL UNIV CORPORATION TOKAI NATIONAL HIGHER EDUCATION AND RESEARCH SYSTEM,NAT UNIV CORPORATION TOKAI NAT HIGHER EDUCATION AND RES SYSTEM,284,2018,2025,T3_REVIEW,0
36350,NGG,NATIONAL GRID PLC,NAT GRID,NAT APPLIED RES LABORATORIES,NAT APPLIED RES LAB,261,2010,2025,T3_REVIEW,0
36350,NGG,NATIONAL GRID PLC,NAT GRID,NAT INST MATERIALS SCIENCE,NAT INST MATERIALS SCIENT,260,2015,2025,T3_REVIEW,0
36350,NGG,NATIONAL GRID PLC,NAT GRID,NAT INST INF & COMM TECH,NAT INST INF COMM TECH,258,2010,2025,T3_REVIEW,0
36350,NGG,NATIONAL GRID PLC,NAT GRID,NAT UNIV PUSAN IND UNIV COOP FOUND,NAT UNIV PUSAN IND UNIV COOP FOUND,192,2016,2025,T3_REVIEW,0
36350,NGG,NATIONAL GRID PLC,NAT GRID,NAT INST FOR MATERIALS SCIENCE,NAT INST FOR MATERIALS SCIENT,185,2010,2017,T3_REVIEW,0
36350,NGG,NATIONAL GRID PLC,NAT GRID,NAT INSTR CORP,NAT INSTR,181,2012,2017,T3_REVIEW,0
36350,NGG,NATIONAL GRID PLC,NAT GRID,NAT CHUNG SHAN INST SCIENCE & TECH,NAT CHUNG SHAN INST SCIENT TECH,178,2016,2025,T3_REVIEW,0
36350,NGG,NATIONAL GRID PLC,NAT GRID,NAT SEMICONDUCTOR CORP,NAT SEMICONDUCTOR,165,2010,2017,T3_REVIEW,0
36350,NGG,NATIONAL GRID PLC,NAT GRID,NAT INST ADVANCED IND SCIENCE & TECH,NAT INST ADVANCED IND SCIENT TECH,152,2014,2017,T3_REVIEW,0
36350,NGG,NATIONAL GRID PLC,NAT GRID,NAT UNIV PUKYONG IND UNIV COOP FOUND,NAT UNIV PUKYONG IND UNIV COOP FOUND,142,2015,2025,T3_REVIEW,0
36350,NGG,NATIONAL GRID PLC,NAT GRID,NAT JEWISH HEALTH,NAT JEWISH HEALTH,139,2010,2025,T3_REVIEW,0
36350,NGG,NATIONAL GRID PLC,NAT GRID,NATIONAL SUN YAT SEN UNIVERSITY,NAT SUN YAT SEN UNIV,130,2016,2025,T3_REVIEW,0
36350,NGG,NATIONAL GRID PLC,NAT GRID,NAT UNIV IRELAND GALWAY,NAT UNIV IRELAND GALWAY,120,2014,2025,T3_REVIEW,0
36350,NGG,NATIONAL GRID PLC,NAT GRID,NAT UNIV GYEONGSANG IACF,NAT UNIV GYEONGSANG IACF,119,2010,2025,T3_REVIEW,0
36350,NGG,NATIONAL GRID PLC,NAT GRID,NAT INSTRUMENTS CORP,NAT INSTR,117,2011,2025,T3_REVIEW,0
36350,NGG,NATIONAL GRID PLC,NAT GRID,NATIONAL HEALTH RES INST,NAT HEALTH RES INST,109,2015,2025,T3_REVIEW,0
36350,NGG,NATIONAL GRID PLC,NAT GRID,NAT UNIV CHUNG CHENG,NAT UNIV CHUNG CHENG,107,2010,2016,T3_REVIEW,0
36350,NGG,NATIONAL GRID PLC,NAT GRID,NAT UNIV CORP YOKOHAMA NAT UNIV,NAT UNIV CORP YOKOHAMA NAT UNIV,100,2014,2025,T3_REVIEW,0
36350,NGG,NATIONAL GRID PLC,NAT GRID,NAT UNIV CHONBUK IND COOP FOUND,NAT UNIV CHONBUK IND COOP FOUND,87,2010,2025,T3_REVIEW,0
36350,NGG,NATIONAL GRID PLC,NAT GRID,NAT UNIV CORP TOTTORI UNIV,NAT UNIV CORP TOTTORI UNIV,85,2010,2025,T3_REVIEW,0
36350,NGG,NATIONAL GRID PLC,NAT GRID,NAT UNIV CORPORATION OKAYAMA UNIV,NAT UNIV CORPORATION OKAYAMA UNIV,82,2015,2025,T3_REVIEW,0
36350,NGG,NATIONAL GRID PLC,NAT GRID,NAT OILWELL DHT LP,NAT OILWELL DHT,81,2010,2022,T3_REVIEW,0
36350,NGG,NATIONAL GRID PLC,NAT GRID,NAT INST OF STANDARDS & TECH,NAT INST OF STANDARDS TECH,81,2010,2016,T3_REVIEW,0
36350,NGG,NATIONAL GRID PLC,NAT GRID,NAT HEALTH RESEARCH INSTITUTES,NAT HEALTH RES INSTITUTES,74,2010,2017,T3_REVIEW,0
36350,NGG,NATIONAL GRID PLC,NAT GRID,NAT CEREBRAL & CARDIOVASCULAR CT,NAT CEREBRAL CARDIOVASCULAR CT,74,2010,2024,T3_REVIEW,0
36350,NGG,NATIONAL GRID PLC,NAT GRID,NAT CENTER NEUROLOGY & PSYCHIATRY,NAT CENTER NEUROLOGY PSYCHIATRY,72,2015,2024,T3_REVIEW,0
36350,NGG,NATIONAL GRID PLC,NAT GRID,NAT OILWELL VARCO NORWAY AS,NAT OILWELL VARCO NORWAY,70,2010,2022,T3_REVIEW,0
36350,NGG,NATIONAL GRID PLC,NAT GRID,NATIONAL UNIV OF DEFENSE TECHNOLOGY,NAT UNIV OF DEFENSE TECH,68,2016,2025,T3_REVIEW,0
36350,NGG,NATIONAL GRID PLC,NAT GRID,NAT STEEL CAR LTD,NAT STEEL CAR,68,2010,2025,T3_REVIEW,0
36350,NGG,NATIONAL GRID PLC,NAT GRID,NAT INST CLEAN & LOW CARBON ENERGY,NAT INST CLEAN LOW CARBON ENERGY,65,2012,2023,T3_REVIEW,0
36350,NGG,NATIONAL GRID PLC,NAT GRID,NATIONAL UNIV CORPORATION TOKYO UNIV OF AGRICULTURE AND TECHNOLOGY,NAT UNIV CORPORATION TOKYO UNIV OF AGRICULTURE AND TECH,65,2015,2023,T3_REVIEW,0
36350,NGG,NATIONAL GRID PLC,NAT GRID,NAT ICT AUSTRALIA LTD,NAT ICT AUSTRALIA,65,2010,2022,T3_REVIEW,0
36350,NGG,NATIONAL GRID PLC,NAT GRID,NAT GUARD HEALTH AFFAIRS,NAT GUARD HEALTH AFFAIRS,64,2013,2023,T3_REVIEW,0
36350,NGG,NATIONAL GRID PLC,NAT GRID,NAT PRODUCTS INC,NAT PRODUCTS,64,2012,2025,T3_REVIEW,0
36350,NGG,NATIONAL GRID PLC,NAT GRID,NAT AGRICULTURE & FOOD RES ORG,NAT AGRICULTURE FOOD RES ORG,63,2015,2025,T3_REVIEW,0
36350,NGG,NATIONAL GRID PLC,NAT GRID,NAT NAIL CORP,NAT NAIL,58,2010,2025,T3_REVIEW,0
36350,NGG,NATIONAL GRID PLC,NAT GRID,NAT UNIV CORP KYOTO INST TECHNOLOGY,NAT UNIV CORP KYOTO INST TECH,56,2016,2025,T3_REVIEW,0
36350,NGG,NATIONAL GRID PLC,NAT GRID,NAT OILWELL VARCO DENMARK IS,NAT OILWELL VARCO DENMARK IS,56,2010,2020,T3_REVIEW,0
36350,NGG,NATIONAL GRID PLC,NAT GRID,NAT UNIV CHUNG HSING,NAT UNIV CHUNG HSING,55,2011,2017,T3_REVIEW,0
36350,NGG,NATIONAL GRID PLC,NAT GRID,NAT UNIV CHUNGBUK IND ACAD COOP FOUND,NAT UNIV CHUNGBUK IND ACAD COOP FOUND,53,2015,2025,T3_REVIEW,0
36350,NGG,NATIONAL GRID PLC,NAT GRID,NATIONAL INSTITUTES FOR QUANTUM SCIENCE AND TECH,NAT INSTITUTES FOR QUANTUM SCIENT AND TECH,53,2020,2025,T3_REVIEW,0
36350,NGG,NATIONAL GRID PLC,NAT GRID,NAT UNIV IRELAND,NAT UNIV IRELAND,50,2010,2016,T3_REVIEW,0
36350,NGG,NATIONAL GRID PLC,NAT GRID,NAT UNIV CORP TOKYO MED & DENT,NAT UNIV CORP TOKYO MED DENT,50,2010,2015,T3_REVIEW,0
36350,NGG,NATIONAL GRID PLC,NAT GRID,NAT INST BIOMEDICAL INNOVATION HEALTH & NUTRITION,NAT INST BIOMEDICAL INNOVATION HEALTH NUTRITION,49,2014,2024,T3_REVIEW,0
36350,NGG,NATIONAL GRID PLC,NAT GRID,NAT UNIV CORP NAGOYA UNIV,NAT UNIV CORP NAGOYA UNIV,48,2014,2017,T3_REVIEW,0
36350,NGG,NATIONAL GRID PLC,NAT GRID,NAT INST METROLOGY CHINA,NAT INST METROLOGY CHINA,47,2015,2025,T3_REVIEW,0
36350,NGG,NATIONAL GRID PLC,NAT GRID,NAT UNIV HOSPITAL SINGAPORE PTE LTD,NAT UNIV HOSPITAL SINGAPORE,43,2016,2024,T3_REVIEW,0
36350,NGG,NATIONAL GRID PLC,NAT GRID,NAT INST CHUNG SHAN SCIENCE & TECHNOLOGY,NAT INST CHUNG SHAN SCIENT TECH,43,2014,2016,T3_REVIEW,0
36350,NGG,NATIONAL GRID PLC,NAT GRID,NAT INST BIOTECHNOLOGY NEGEV LTD,NAT INST BIOTECHNOLOGY NEGEV,41,2016,2025,T3_REVIEW,0
36350,NGG,NATIONAL GRID PLC,NAT GRID,NAT UNIV IRELAND MAYNOOTH,NAT UNIV IRELAND MAYNOOTH,40,2010,2025,T3_REVIEW,0
36350,NGG,NATIONAL GRID PLC,NAT GRID,NAT UNIV CORP UNIV KOBE,NAT UNIV CORP UNIV KOBE,40,2010,2015,T3_REVIEW,0
36350,NGG,NATIONAL GRID PLC,NAT GRID,NAT DEFENSE MEDICAL CENTER,NAT DEFENSE MEDICAL CENTER,39,2016,2025,T3_REVIEW,0
36350,NGG,NATIONAL GRID PLC,NAT GRID,NAT INSTITUTE OF METEOROLOGICAL SCIENCES,NAT INSTITUTE OF METEOROLOGICAL SCIENT,39,2018,2025,T3_REVIEW,0
36350,NGG,NATIONAL GRID PLC,NAT GRID,NAT CT GERIATRICS & GERONTOLOGY,NAT CT GERIATRICS GERONTOLOGY,39,2010,2022,T3_REVIEW,0
36350,NGG,NATIONAL GRID PLC,NAT GRID,NATIONAL UNIV CORPORATION TOYOHASHI UNIV OF TECHNOLOGY,NAT UNIV CORPORATION TOYOHASHI UNIV OF TECH,37,2016,2024,T3_REVIEW,0
36350,NGG,NATIONAL GRID PLC,NAT GRID,NAT DEFENSE MEDICAL CT,NAT DEFENSE MEDICAL CT,37,2010,2016,T3_REVIEW,0
36350,NGG,NATIONAL GRID PLC,NAT GRID,NATIONAL UNIV CORPORATION IWATE UNIV,NAT UNIV CORPORATION IWATE UNIV,36,2016,2025,T3_REVIEW,0
36350,NGG,NATIONAL GRID PLC,NAT GRID,NAT SUN YAT-SEN UNIV,NAT SUN YAT SEN UNIV,36,2015,2017,T3_REVIEW,0
36350,NGG,NATIONAL GRID PLC,NAT GRID,NAT UNIV CORP NAGOYA INST TECH,NAT UNIV CORP NAGOYA INST TECH,35,2010,2015,T3_REVIEW,0
36350,NGG,NATIONAL GRID PLC,NAT GRID,NAT INST RADIOLOG,NAT INST RADIOLOG,35,2010,2015,T3_REVIEW,0
36350,NGG,NATIONAL GRID PLC,NAT GRID,NAT COUPLING CO INC,NAT COUPLING,33,2010,2025,T3_REVIEW,0
36350,NGG,NATIONAL GRID PLC,NAT GRID,NATIONAL UNIV CORPORATION SAITAMA UNIV,NAT UNIV CORPORATION SAITAMA UNIV,33,2016,2025,T3_REVIEW,0
36350,NGG,NATIONAL GRID PLC,NAT GRID,NATIONAL INSTITUTE OF TECH,NAT INSTITUTE OF TECH,32,2015,2025,T3_REVIEW,0
36350,NGG,NATIONAL GRID PLC,NAT GRID,NATIONAL UNIV CORPORATION NAGAOKA UNIV OF TECHNOLOGY,NAT UNIV CORPORATION NAGAOKA UNIV OF TECH,32,2016,2025,T3_REVIEW,0
36350,NGG,NATIONAL GRID PLC,NAT GRID,NAT UNIV CORP HOKKAIDO UNIV,NAT UNIV CORP HOKKAIDO UNIV,31,2010,2017,T3_REVIEW,0
36350,NGG,NATIONAL GRID PLC,NAT GRID,NAT INST HEALTH,NAT INST HEALTH,31,2010,2016,T3_REVIEW,0
36350,NGG,NATIONAL GRID PLC,NAT GRID,NAT CENTER FOR GLOBAL HEALTH AND MEDICINE,NAT CENTER FOR GLOBAL HEALTH AND MEDICINE,31,2012,2025,T3_REVIEW,0
36350,NGG,NATIONAL GRID PLC,NAT GRID,NATIONAL INSTITUTES FOR QUANTUM AND RADIOLOGICAL SCIENCE AND TECH,NAT INSTITUTES FOR QUANTUM AND RADIOLOGICAL SCIENT AND TECH,30,2016,2025,T3_REVIEW,0
36350,NGG,NATIONAL GRID PLC,NAT GRID,NAT INSTITUTE OF BIOLOGICAL SCIENCES BEIJING,NAT INSTITUTE OF BIOLOGICAL SCIENT BEIJING,29,2017,2022,T3_REVIEW,0
36350,NGG,NATIONAL GRID PLC,NAT GRID,NAT INST OF AGROBIO SCIENCES,NAT INST OF AGROBIO SCIENT,29,2010,2014,T3_REVIEW,0
36350,NGG,NATIONAL GRID PLC,NAT GRID,NAT PRESTO INDUSTRIES INC,NAT PRESTO IND,28,2016,2024,T3_REVIEW,0
36350,NGG,NATIONAL GRID PLC,NAT GRID,NAT SERVICE ALLIANCE HOUSTON LLC,NAT SERVICE ALLIANCE HOUSTON,28,2020,2023,T3_REVIEW,0
36350,NGG,NATIONAL GRID PLC,NAT GRID,NATIONAL UNIV CORPORATION NARA INSTITUTE OF SCIENCE AND TECHNOLOGY,NAT UNIV CORPORATION NARA INSTITUTE OF SCIENT AND TECH,28,2016,2023,T3_REVIEW,0
36350,NGG,NATIONAL GRID PLC,NAT GRID,NATIONAL UNIV CORPORATION UNIV OF TOYAMA,NAT UNIV CORPORATION UNIV OF TOYAMA,27,2016,2025,T3_REVIEW,0
36350,NGG,NATIONAL GRID PLC,NAT GRID,NAT UNIV KONGJU IND UNIV COOP FOUND,NAT UNIV KONGJU IND UNIV COOP FOUND,26,2017,2025,T3_REVIEW,0
36350,NGG,NATIONAL GRID PLC,NAT GRID,NAT DENTEX LLC,NAT DENTEX,25,2017,2025,T3_REVIEW,0
36350,NGG,NATIONAL GRID PLC,NAT GRID,NAT UNIV PUKYONG IND UNIV COOP,NAT UNIV PUKYONG IND UNIV COOP,25,2011,2014,T3_REVIEW,0
36350,NGG,NATIONAL GRID PLC,NAT GRID,NATIONAL PINGTUNG UNIV OF SCIENCE AND TECHNOLOGY,NAT PINGTUNG UNIV OF SCIENT AND TECH,25,2017,2025,T3_REVIEW,0
36350,NGG,NATIONAL GRID PLC,NAT GRID,NAT CT CHILD HEALTH & DEV,NAT CT CHILD HEALTH DEV,25,2018,2025,T3_REVIEW,0
36350,NGG,NATIONAL GRID PLC,NAT GRID,NAT GYPSUM PROPERTIES LLC,NAT GYPSUM PROPERTIES,24,2011,2020,T3_REVIEW,0
36350,NGG,NATIONAL GRID PLC,NAT GRID,NATIONAL UNIV CORPORATION HAMAMATSU UNIV SCHOOL OF MEDICINE,NAT UNIV CORPORATION HAMAMATSU UNIV SCHOOL OF MEDICINE,24,2017,2023,T3_REVIEW,0
36350,NGG,NATIONAL GRID PLC,NAT GRID,NATIONAL UNIV CORPORATION SHIGA UNIV OF MEDICAL SCIENCE,NAT UNIV CORPORATION SHIGA UNIV OF MEDICAL SCIENT,24,2016,2025,T3_REVIEW,0
36350,NGG,NATIONAL GRID PLC,NAT GRID,NAT UNIV CORP KYOTO INST TECH,NAT UNIV CORP KYOTO INST TECH,24,2010,2015,T3_REVIEW,0
36350,NGG,NATIONAL GRID PLC,NAT GRID,NAT UNIV CORP YAMAGATA UNIV,NAT UNIV CORP YAMAGATA UNIV,23,2011,2016,T3_REVIEW,0
36350,NGG,NATIONAL GRID PLC,NAT GRID,NAT UNIV CORP HAMAMATSU,NAT UNIV CORP HAMAMATSU,22,2010,2015,T3_REVIEW,0
36350,NGG,NATIONAL GRID PLC,NAT GRID,NATIONAL UNIV CORPORATION ASAHIKAWA MEDICAL UNIV,NAT UNIV CORPORATION ASAHIKAWA MEDICAL UNIV,21,2015,2025,T3_REVIEW,0
36350,NGG,NATIONAL GRID PLC,NAT GRID,NAT UNIV CHONNAM IND FOUND,NAT UNIV CHONNAM IND FOUND,21,2014,2017,T3_REVIEW,0
36350,NGG,NATIONAL GRID PLC,NAT GRID,NAT CHUNG SHAN INST OF SCIENCE AND TECH,NAT CHUNG SHAN INST OF SCIENT AND TECH,21,2015,2016,T3_REVIEW,0
36350,NGG,NATIONAL GRID PLC,NAT GRID,NAT UNIV CHUNGBUK IND ACAD,NAT UNIV CHUNGBUK IND ACAD,20,2010,2015,T3_REVIEW,0
36350,NGG,NATIONAL GRID PLC,NAT GRID,NAT UNIV CORP NARA INST,NAT UNIV CORP NARA INST,20,2010,2014,T3_REVIEW,0
36350,NGG,NATIONAL GRID PLC,NAT GRID,NAT TREE COMPANY,NAT TREE,18,2014,2020,T3_REVIEW,0
36350,NGG,NATIONAL GRID PLC,NAT GRID,NAT BEEF PACKING COMPANY LLC,NAT BEEF PACKING,18,2010,2025,T3_REVIEW,0
36350,NGG,NATIONAL GRID PLC,NAT GRID,NAT UNIV CHIN YI TECHNOLOGY,NAT UNIV CHIN YI TECH,18,2010,2024,T3_REVIEW,0
36350,NGG,NATIONAL GRID PLC,NAT GRID,NAT UNIV CORP CHIBA UNIV,NAT UNIV CORP CHIBA UNIV,17,2014,2017,T3_REVIEW,0
36350,NGG,NATIONAL GRID PLC,NAT GRID,NAT DISASTER MANAGEMENT RES INST,NAT DISASTER MANAGEMENT RES INST,17,2017,2025,T3_REVIEW,0
36350,NGG,NATIONAL GRID PLC,NAT GRID,NAT UNIV CORP TOYOHASHI UNIV,NAT UNIV CORP TOYOHASHI UNIV,17,2012,2015,T3_REVIEW,0
36350,NGG,NATIONAL GRID PLC,NAT GRID,NAT DIVERSIFIED SALES INC,NAT DIVERSIFIED SALES,17,2010,2023,T3_REVIEW,0
36350,NGG,NATIONAL GRID PLC,NAT GRID,NAT MACHINERY LLC,NAT MACHINERY,17,2012,2024,T3_REVIEW,0
36350,NGG,NATIONAL GRID PLC,NAT GRID,NATIONAL AND KAPODISTRIAN UNIV OF ATHENS,NAT AND KAPODISTRIAN UNIV OF ATHENS,17,2016,2024,T3_REVIEW,0
36350,NGG,NATIONAL GRID PLC,NAT GRID,NAT HOSPITAL ORGANIZATION,NAT HOSPITAL ORGANIZATION,17,2012,2023,T3_REVIEW,0
36350,NGG,NATIONAL GRID PLC,NAT GRID,NAT UNIV CORP TOYOHASHI UNIV T,NAT UNIV CORP TOYOHASHI UNIV T,16,2010,2013,T3_REVIEW,0
36350,NGG,NATIONAL GRID PLC,NAT GRID,NAT CT NANOSCIENCE & TECHNOLOGY CHINA,NAT CT NANOSCIENCE TECH CHINA,16,2015,2024,T3_REVIEW,0
36350,NGG,NATIONAL GRID PLC,NAT GRID,NAT INST IMMUNOLOGY,NAT INST IMMUNOLOGY,15,2010,2014,T3_REVIEW,0
36350,NGG,NATIONAL GRID PLC,NAT GRID,NAT UNIV CORP EHIME UNIV,NAT UNIV CORP EHIME UNIV,15,2010,2017,T3_REVIEW,0
36350,NGG,NATIONAL GRID PLC,NAT GRID,NATIONAL SYNCHROTRON RADIATION RES CENTER,NAT SYNCHROTRON RADIATION RES CENTER,15,2017,2024,T3_REVIEW,0
36350,NGG,NATIONAL GRID PLC,NAT GRID,NAT UNIV CHANGWON IND ACADEMY COOP CORPS,NAT UNIV CHANGWON IND ACADEMY COOP CORPS,15,2016,2024,T3_REVIEW,0
36350,NGG,NATIONAL GRID PLC,NAT GRID,NAT CHIP IMPLEMENTATION CT NAT APPLIED RES LAB,NAT CHIP IMPLEMENTATION CT NAT APPLIED RES LAB,15,2010,2012,T3_REVIEW,0
36350,NGG,NATIONAL GRID PLC,NAT GRID,NATIONAL UNIV CORPORATION OITA UNIV,NAT UNIV CORPORATION OITA UNIV,15,2016,2025,T3_REVIEW,0
36350,NGG,NATIONAL GRID PLC,NAT GRID,NATIONAL ENGINEERING RES CENTER OF ADVANCED ENERGY STORAGE MATERIALS SHENZHEN CO LTD,NAT ENGINEERING RES CENTER OF ADVANCED ENERGY STORAGE MATERIALS SHENZHEN,14,2019,2024,T3_REVIEW,0
36350,NGG,NATIONAL GRID PLC,NAT GRID,NATIONAL UNIV CORPORATION TOKYO UNIV OF MARINE SCIENCE AND TECHNOLOGY,NAT UNIV CORPORATION TOKYO UNIV OF MARINE SCIENT AND TECH,14,2016,2025,T3_REVIEW,0
36350,NGG,NATIONAL GRID PLC,NAT GRID,NAT INSTITUTES OF HEALTH,NAT INSTITUTES OF HEALTH,14,2015,2024,T3_REVIEW,0
36350,NGG,NATIONAL GRID PLC,NAT GRID,NAT UNIV CORP MIE UNIV,NAT UNIV CORP MIE UNIV,14,2011,2017,T3_REVIEW,0
36350,NGG,NATIONAL GRID PLC,NAT GRID,NAT CT NEUROLOGY & PSYCHIATRY,NAT CT NEUROLOGY PSYCHIATRY,13,2010,2015,T3_REVIEW,0
36350,NGG,NATIONAL GRID PLC,NAT GRID,NAT UNIV KAOHSIUNG,NAT UNIV KAOHSIUNG,13,2014,2024,T3_REVIEW,0
36350,NGG,NATIONAL GRID PLC,NAT GRID,NAT UNIV CORP NAGAOKA UNIV TEC,NAT UNIV CORP NAGAOKA UNIV TEC,13,2010,2015,T3_REVIEW,0
36350,NGG,NATIONAL GRID PLC,NAT GRID,NATIONAL INSTITUTE OF MARITIME PORT AND AVIATION TECH,NAT INSTITUTE OF MARITIME PORT AND AVIATION TECH,13,2016,2024,T3_REVIEW,0
36350,NGG,NATIONAL GRID PLC,NAT GRID,NAT CANCER CENTER JAPAN,NAT CANCER CENTER JAPAN,13,2017,2025,T3_REVIEW,0
36350,NGG,NATIONAL GRID PLC,NAT GRID,NAT INSTITUTE OF IMMUNOLOGY,NAT INSTITUTE OF IMMUNOLOGY,13,2017,2023,T3_REVIEW,0
36350,NGG,NATIONAL GRID PLC,NAT GRID,NAT UNIV CORP YOKOHAMA NAT UNI,NAT UNIV CORP YOKOHAMA NAT UNI,12,2010,2014,T3_REVIEW,0
36350,NGG,NATIONAL GRID PLC,NAT GRID,NATIONAL CHENGCHI UNIV,NAT CHENGCHI UNIV,12,2019,2025,T3_REVIEW,0
36350,NGG,NATIONAL GRID PLC,NAT GRID,NAT GUARD PRODUCTS INC,NAT GUARD PRODUCTS,12,2019,2025,T3_REVIEW,0
36350,NGG,NATIONAL GRID PLC,NAT GRID,NAT YANG-MING UNIV,NAT YANG MING UNIV,12,2015,2017,T3_REVIEW,0
36350,NGG,NATIONAL GRID PLC,NAT GRID,NAT UNIV CORP UNIV TOYAMA,NAT UNIV CORP UNIV TOYAMA,12,2010,2015,T3_REVIEW,0
36350,NGG,NATIONAL GRID PLC,NAT GRID,NATIONAL ATOMIC RES INSTITUTE,NAT ATOMIC RES INSTITUTE,12,2023,2025,T3_REVIEW,0
36350,NGG,NATIONAL GRID PLC,NAT GRID,NAT UNIV CORP TOKYO MEDICAL & DENTAL UNIV,NAT UNIV CORP TOKYO MEDICAL DENTAL UNIV,12,2014,2017,T3_REVIEW,0
36350,NGG,NATIONAL GRID PLC,NAT GRID,NAT UNIV CORP OKAYAMA UNIV,NAT UNIV CORP OKAYAMA UNIV,12,2010,2017,T3_REVIEW,0
36350,NGG,NATIONAL GRID PLC,NAT GRID,NAT CT FOR ADVANCED PACKAGING,NAT CT FOR ADVANCED PACKAGING,12,2013,2015,T3_REVIEW,0
36350,NGG,NATIONAL GRID PLC,NAT GRID,NAT TITANIUM DIOXIDE CO LTD CRISTAL,NAT TITANIUM DIOXIDE CO LTD CRISTAL,12,2010,2015,T3_REVIEW,0
36350,NGG,NATIONAL GRID PLC,NAT GRID,NAT MARINE BIODIVERSITY INSTITUTE OF KOREA,NAT MARINE BIODIVERSITY INSTITUTE OF KOREA,12,2018,2024,T3_REVIEW,0
36350,NGG,NATIONAL GRID PLC,NAT GRID,NAT INST AEROSPACE ASSOCIATES,NAT INST AEROSPACE ASSOCIATES,11,2010,2014,T3_REVIEW,0
36350,NGG,NATIONAL GRID PLC,NAT GRID,NAT CENTER FOR ADVANCED PACKAGING CO LTD,NAT CENTER FOR ADVANCED PACKAGING,11,2015,2022,T3_REVIEW,0
36350,NGG,NATIONAL GRID PLC,NAT GRID,NAT UNIV CORP KOBE UNIV,NAT UNIV CORP KOBE UNIV,11,2014,2016,T3_REVIEW,0
36350,NGG,NATIONAL GRID PLC,NAT GRID,NAT BOSS HOG ENERGY SERVICES LLC,NAT BOSS HOG ENERGY SERVICES,11,2014,2015,T3_REVIEW,0
36350,NGG,NATIONAL GRID PLC,NAT GRID,NAT PASTEURIZED EGGS INC,NAT PASTEURIZED EGGS,11,2010,2018,T3_REVIEW,0
36350,NGG,NATIONAL GRID PLC,NAT GRID,NATIONAL UNIV CORPORATION SHIMANE UNIV,NAT UNIV CORPORATION SHIMANE UNIV,11,2016,2024,T3_REVIEW,0
36350,NGG,NATIONAL GRID PLC,NAT GRID,NATIONAL CHENG KUNG UNIV HOSPITAL,NAT CHENG KUNG UNIV HOSPITAL,11,2017,2024,T3_REVIEW,0
36350,NGG,NATIONAL GRID PLC,NAT GRID,NAT UNIV KUNSAN IACF,NAT UNIV KUNSAN IACF,11,2012,2024,T3_REVIEW,0
36350,NGG,NATIONAL GRID PLC,NAT GRID,NAT FLOORING EQUIPMENT INC,NAT FLOORING EQUIP,11,2017,2024,T3_REVIEW,0
36350,NGG,NATIONAL GRID PLC,NAT GRID,NAT PRESTO IND,NAT PRESTO IND,11,2012,2017,T3_REVIEW,0
36350,NGG,NATIONAL GRID PLC,NAT GRID,NAT TSING HUA UNIVERSITY TAIWAN,NAT TSING HUA UNIV TAIWAN,10,2010,2012,T3_REVIEW,0
36350,NGG,NATIONAL GRID PLC,NAT GRID,NAT UNIV CORP KUMAMOTO UNIV,NAT UNIV CORP KUMAMOTO UNIV,10,2010,2016,T3_REVIEW,0
36350,NGG,NATIONAL GRID PLC,NAT GRID,NATIONAL TECH AND ENGINEERING SOLUTIONS OF SANDIA LLC,NAT TECH AND ENGINEERING SOLUTIONS OF SANDIA,10,2019,2023,T3_REVIEW,0
36350,NGG,NATIONAL GRID PLC,NAT GRID,NAT REHABILITATION CT,NAT REHABILITATION CT,10,2015,2022,T3_REVIEW,0
36350,NGG,NATIONAL GRID PLC,NAT GRID,NAT INSTITUTE FOR BIOTECHNOLOGY IN THE NEGEV LTD,NAT INSTITUTE FOR BIOTECHNOLOGY IN THE NEGEV,10,2019,2022,T3_REVIEW,0
36350,NGG,NATIONAL GRID PLC,NAT GRID,NATIONAL CHUNG SHAN INSTITUTE OF SCIENCE & TECH,NAT CHUNG SHAN INSTITUTE OF SCIENT TECH,10,2016,2018,T3_REVIEW,0
36350,NGG,NATIONAL GRID PLC,NAT GRID,NAT MACHINE CO,NAT MACHINE,10,2011,2024,T3_REVIEW,0
36350,NGG,NATIONAL GRID PLC,NAT GRID,NAT UNIV DONG HWA,NAT UNIV DONG HWA,10,2011,2016,T3_REVIEW,0
36350,NGG,NATIONAL GRID PLC,NAT GRID,NAT OILWELL VARCO UK LIMITED,NAT OILWELL VARCO UK,9,2015,2021,T3_REVIEW,0
36350,NGG,NATIONAL GRID PLC,NAT GRID,NAT UNIV KONGJU IND ACAD COOP,NAT UNIV KONGJU IND ACAD COOP,9,2011,2015,T3_REVIEW,0
36350,NGG,NATIONAL GRID PLC,NAT GRID,NAT UNIV CORP KAGAWA UNIV,NAT UNIV CORP KAGAWA UNIV,9,2015,2017,T3_REVIEW,0
36350,NGG,NATIONAL GRID PLC,NAT GRID,NATIONAL SCIENCE AND TECH DEVELOPMENT AGENCY,NAT SCIENT AND TECH DEV AGENCY,9,2016,2024,T3_REVIEW,0
36350,NGG,NATIONAL GRID PLC,NAT GRID,NAT DEEP SEA CT,NAT DEEP SEA CT,9,2016,2020,T3_REVIEW,0
36350,NGG,NATIONAL GRID PLC,NAT GRID,NAT COMPUTERIZATION AGENCY,NAT COMPUTERIZATION AGENCY,9,2014,2023,T3_REVIEW,0
36350,NGG,NATIONAL GRID PLC,NAT GRID,NAT RAILROAD PASSENGER CORP,NAT RAILROAD PASSENGER,8,2011,2016,T3_REVIEW,0
36350,NGG,NATIONAL GRID PLC,NAT GRID,NAT INST FOR QUANTUM AND RADIOLOGICAL SCIENCE AND TECH,NAT INST FOR QUANTUM AND RADIOLOGICAL SCIENT AND TECH,8,2015,2017,T3_REVIEW,0
36350,NGG,NATIONAL GRID PLC,NAT GRID,NAT INST FOREST SCIENCE,NAT INST FOREST SCIENT,8,2016,2018,T3_REVIEW,0
36350,NGG,NATIONAL GRID PLC,NAT GRID,NAT UNIVERSITY IWATE UNIV INC,NAT UNIV IWATE UNIV,8,2011,2015,T3_REVIEW,0
36350,NGG,NATIONAL GRID PLC,NAT GRID,NAT TAIWAN UNIV HOSPITAL,NAT TAIWAN UNIV HOSPITAL,8,2014,2016,T3_REVIEW,0
36350,NGG,NATIONAL GRID PLC,NAT GRID,NAT UNIV CORP SHIMANE UNIV,NAT UNIV CORP SHIMANE UNIV,8,2011,2017,T3_REVIEW,0
36350,NGG,NATIONAL GRID PLC,NAT GRID,NAT CONCESSIONS GROUP INC,NAT CONCESSIONS,8,2014,2019,T3_REVIEW,0
36350,NGG,NATIONAL GRID PLC,NAT GRID,NATIONAL UNIV CORPORATION NAGOYA INSTITUTE OF TECHNOLOGY,NAT UNIV CORPORATION NAGOYA INSTITUTE OF TECH,8,2017,2024,T3_REVIEW,0
36350,NGG,NATIONAL GRID PLC,NAT GRID,NAT INSTITUTE OF FISHERIES SCIENCE,NAT INSTITUTE OF FISHERIES SCIENT,8,2016,2019,T3_REVIEW,0
36350,NGG,NATIONAL GRID PLC,NAT GRID,NAT INST OF ADVANCE IND SCIENCE AND TECHNOLOGY,NAT INST OF ADVANCE IND SCIENT AND TECH,8,2010,2014,T3_REVIEW,0
36350,NGG,NATIONAL GRID PLC,NAT GRID,NAT UNIV CORP GUNMA UNIV,NAT UNIV CORP GUNMA UNIV,8,2014,2016,T3_REVIEW,0
36350,NGG,NATIONAL GRID PLC,NAT GRID,NAT INDUSTRIALIZATION COMPANY TASNEE,NAT INDUSTRIALIZATION COMPANY TASNEE,8,2024,2025,T3_REVIEW,0
36350,NGG,NATIONAL GRID PLC,NAT GRID,NAT UNIV CORP TOHOKU UNIV,NAT UNIV CORP TOHOKU UNIV,7,2013,2016,T3_REVIEW,0
36350,NGG,NATIONAL GRID PLC,NAT GRID,NAT CHI NAN UNIV,NAT CHI NAN UNIV,7,2015,2016,T3_REVIEW,0
36350,NGG,NATIONAL GRID PLC,NAT GRID,NAT INSTITUTE FOR ENVIRONMENTAL STUDIES,NAT INSTITUTE FOR ENVIRONMENTAL STUDIES,7,2017,2024,T3_REVIEW,0
36350,NGG,NATIONAL GRID PLC,NAT GRID,NAT CHUNG-SHAN INST OF SCIENCE AND TECH,NAT CHUNG SHAN INST OF SCIENT AND TECH,7,2015,2017,T3_REVIEW,0
36350,NGG,NATIONAL GRID PLC,NAT GRID,NAT ASSOCIATION OF BROADCASTERS,NAT ASS OF BROADCASTERS,7,2022,2025,T3_REVIEW,0
36350,NGG,NATIONAL GRID PLC,NAT GRID,NAT INSTITUTE OF ECOLOGY,NAT INSTITUTE OF ECOLOGY,7,2017,2024,T3_REVIEW,0
36350,NGG,NATIONAL GRID PLC,NAT GRID,NAT SECURITY TECHNOLOGIES LLC,NAT SECURITY TECH,7,2012,2015,T3_REVIEW,0
36350,NGG,NATIONAL GRID PLC,NAT GRID,NAT UNIV CHANGWON IND ACADEMY,NAT UNIV CHANGWON IND ACADEMY,7,2010,2014,T3_REVIEW,0
36350,NGG,NATIONAL GRID PLC,NAT GRID,NAT INST JAPAN SCIENCE & TECHNOLOGY AGENCY,NAT INST JAPAN SCIENT TECH AGENCY,7,2013,2016,T3_REVIEW,0
36350,NGG,NATIONAL GRID PLC,NAT GRID,NATIONAL INSTITUTE OF STANDARDS AND TECH,NAT INSTITUTE OF STANDARDS AND TECH,7,2017,2023,T3_REVIEW,0
36350,NGG,NATIONAL GRID PLC,NAT GRID,NAT HEALTH COALITION INC,NAT HEALTH COALITION,7,2017,2019,T3_REVIEW,0
36350,NGG,NATIONAL GRID PLC,NAT GRID,NAT SECURITY TECH LLC,NAT SECURITY TECH,7,2016,2017,T3_REVIEW,0
36350,NGG,NATIONAL GRID PLC,NAT GRID,NAT INST BIOMEDICAL INNOVATION,NAT INST BIOMEDICAL INNOVATION,6,2010,2016,T3_REVIEW,0
36350,NGG,NATIONAL GRID PLC,NAT GRID,NATIONAL UNIV CORPORATION UNIV OF FUKUI,NAT UNIV CORPORATION UNIV OF FUKUI,6,2018,2021,T3_REVIEW,0
36350,NGG,NATIONAL GRID PLC,NAT GRID,NAT INSTITUTE OF METROLOGY,NAT INSTITUTE OF METROLOGY,6,2016,2024,T3_REVIEW,0
36350,NGG,NATIONAL GRID PLC,NAT GRID,NAT CHENG KUNG UNIV HOSPITAL,NAT CHENG KUNG UNIV HOSPITAL,6,2015,2017,T3_REVIEW,0
36350,NGG,NATIONAL GRID PLC,NAT GRID,NAT TELEPHONE SUPPLY CO,NAT TELEPHONE SUPPLY,6,2013,2015,T3_REVIEW,0
36350,NGG,NATIONAL GRID PLC,NAT GRID,NAT INST OF TECH,NAT INST OF TECH,6,2014,2014,T3_REVIEW,0
36350,NGG,NATIONAL GRID PLC,NAT GRID,NATIONAL RES INSTITUTE OF CHINESE MEDICINE MINISTRY OF HEALTH AND WELFARE,NAT RES INSTITUTE OF CHINESE MEDICINE MINISTRY OF HEALTH AND WELFARE,6,2017,2025,T3_REVIEW,0
36350,NGG,NATIONAL GRID PLC,NAT GRID,NAT SKIN CENTRE SINGAPORE PTE LTD,NAT SKIN CENTRE SINGAPORE,6,2017,2023,T3_REVIEW,0
36350,NGG,NATIONAL GRID PLC,NAT GRID,NAT OILWELL VARCO UK LTD,NAT OILWELL VARCO UK,6,2010,2013,T3_REVIEW,0
36350,NGG,NATIONAL GRID PLC,NAT GRID,NATIONAL UNIV OF TAINAN,NAT UNIV OF TAINAN,6,2021,2024,T3_REVIEW,0
36350,NGG,NATIONAL GRID PLC,NAT GRID,NATIONAL TAIWAN UNIV HOSPITAL HSIN CHU BRANCH,NAT TAIWAN UNIV HOSPITAL HSIN CHU BRANCH,6,2023,2025,T3_REVIEW,0
36350,NGG,NATIONAL GRID PLC,NAT GRID,NAT ASS FOR STOCK CAR AUTO RACING INC,NAT ASS FOR STOCK CAR AUTO RACING,6,2010,2016,T3_REVIEW,0
36350,NGG,NATIONAL GRID PLC,NAT GRID,NATIONAL CHANGHUA UNIV OF EDUCATION,NAT CHANGHUA UNIV OF EDUCATION,6,2017,2024,T3_REVIEW,0
36350,NGG,NATIONAL GRID PLC,NAT GRID,NAT ENTERTAINMENT COLLECTIBLES ASS INC,NAT ENTERTAINMENT COLLECTIBLES ASS,6,2013,2017,T3_REVIEW,0
36350,NGG,NATIONAL GRID PLC,NAT GRID,NAT STUDENT CLEARINGHOUSE,NAT STUDENT CLEARINGHOUSE,6,2011,2023,T3_REVIEW,0
36350,NGG,NATIONAL GRID PLC,NAT GRID,NAT CHRISTMAS PRODUCTS LLC,NAT CHRISTMAS PRODUCTS,6,2020,2022,T3_REVIEW,0
36350,NGG,NATIONAL GRID PLC,NAT GRID,NAT CENTRE FOR BIOLOGICAL SCIENCES,NAT CENTRE FOR BIOLOGICAL SCIENT,6,2013,2024,T3_REVIEW,0
36350,NGG,NATIONAL GRID PLC,NAT GRID,NAT DONG HUA UNIVERSITY,NAT DONG HUA UNIV,6,2013,2016,T3_REVIEW,0
36350,NGG,NATIONAL GRID PLC,NAT GRID,NAT UNIV CORP TOKYO UNIV AGRICULTURE & TECH,NAT UNIV CORP TOKYO UNIV AGRICULTURE TECH,6,2014,2016,T3_REVIEW,0
36350,NGG,NATIONAL GRID PLC,NAT GRID,THE NAT INSTITUTES OF PHARMACEUTICAL R&D CO LTD,NAT INSTITUTES OF PHARMACEUTICAL R D,6,2019,2022,T3_REVIEW,0
36350,NGG,NATIONAL GRID PLC,NAT GRID,NAT CENTRE FOR CELL SCIENCE,NAT CENTRE FOR CELL SCIENT,6,2015,2022,T3_REVIEW,0
36350,NGG,NATIONAL GRID PLC,NAT GRID,NATIONAL RES COUNCIL CANADA,NAT RES COUNCIL CANADA,6,2015,2023,T3_REVIEW,0
36350,NGG,NATIONAL GRID PLC,NAT GRID,NATIONAL INSTITUTE OF PLANT GENOME RES,NAT INSTITUTE OF PLANT GENOME RES,5,2016,2021,T3_REVIEW,0
36350,NGG,NATIONAL GRID PLC,NAT GRID,NAT BOOK SWAP LLC,NAT BOOK SWAP,5,2010,2014,T3_REVIEW,0
36350,NGG,NATIONAL GRID PLC,NAT GRID,NAT UNIVERSITY CORP,NAT UNIV,5,2010,2014,T3_REVIEW,0
36350,NGG,NATIONAL GRID PLC,NAT GRID,NAT UNIV CORP UNIV OF TOYAMA,NAT UNIV CORP UNIV OF TOYAMA,5,2015,2016,T3_REVIEW,0
36350,NGG,NATIONAL GRID PLC,NAT GRID,NAT UNIV CORP KANAZAWA UNIV,NAT UNIV CORP KANAZAWA UNIV,5,2015,2017,T3_REVIEW,0
36350,NGG,NATIONAL GRID PLC,NAT GRID,NAT GYPSUM CO,NAT GYPSUM,5,2013,2016,T3_REVIEW,0
36350,NGG,NATIONAL GRID PLC,NAT GRID,NAT CARDIAC INC,NAT CARDIAC,5,2017,2017,T3_REVIEW,0
36350,NGG,NATIONAL GRID PLC,NAT GRID,NATIONAL CURRENCY TECH INC,NAT CURRENCY TECH,5,2022,2024,T3_REVIEW,0
36350,NGG,NATIONAL GRID PLC,NAT GRID,NAT MECHANICAL GROUP CORP,NAT MECHANICAL,5,2018,2019,T3_REVIEW,0
36350,NGG,NATIONAL GRID PLC,NAT GRID,NATIONAL ENGINEERING RES CENTRE OF RUIKE RARE EARTH METALLURGY AND FUNCTION MATERIALS CO LTD,NAT ENGINEERING RES CENTRE OF RUIKE RARE EARTH METALLURGY AND FUNCTION MATERIALS,5,2017,2022,T3_REVIEW,0
36350,NGG,NATIONAL GRID PLC,NAT GRID,NAT INST FOOD & DRUG CONTROL,NAT INST FOOD DRUG CONTROL,5,2019,2025,T3_REVIEW,0
36350,NGG,NATIONAL GRID PLC,NAT GRID,NAT NONWOVENS INC,NAT NONWOVENS,5,2013,2021,T3_REVIEW,0
36350,NGG,NATIONAL GRID PLC,NAT GRID,NAT TRENCH SAFETY,NAT TRENCH SAFETY,5,2011,2017,T3_REVIEW,0
36350,NGG,NATIONAL GRID PLC,NAT GRID,NAT CT FOR CHILD HEALTH AND DEV,NAT CT FOR CHILD HEALTH AND DEV,5,2012,2016,T3_REVIEW,0
36350,NGG,NATIONAL GRID PLC,NAT GRID,NAT SYNCHROTRON RADIATION RES CT,NAT SYNCHROTRON RADIATION RES CT,5,2011,2015,T3_REVIEW,0
36350,NGG,NATIONAL GRID PLC,NAT GRID,NAT RAILROAD PASSENGER CORPORATION,NAT RAILROAD PASSENGER,5,2017,2023,T3_REVIEW,0
36350,NGG,NATIONAL GRID PLC,NAT GRID,NAT UNIV HANBAT INDUSTRY,NAT UNIV HANBAT INDUSTRY,5,2011,2015,T3_REVIEW,0
36350,NGG,NATIONAL GRID PLC,NAT GRID,NAT UNIV CORP IWATE UNIV,NAT UNIV CORP IWATE UNIV,5,2015,2017,T3_REVIEW,0
36350,NGG,NATIONAL GRID PLC,NAT GRID,NAT INST OF BIOMEDICAL INNOVATION HEALTH AND NUTRITION,NAT INST OF BIOMEDICAL INNOVATION HEALTH AND NUTRITION,5,2013,2014,T3_REVIEW,0
36350,NGG,NATIONAL GRID PLC,NAT GRID,NAT TIME SERVICE CT CAS,NAT TIME SERVICE CT CAS,5,2022,2024,T3_REVIEW,0
36350,NGG,NATIONAL GRID PLC,NAT GRID,NAT UNIV CORP NARA INST OF SCIENCE AND TECH,NAT UNIV CORP NARA INST OF SCIENT AND TECH,5,2014,2016,T3_REVIEW,0
36350,NGG,NATIONAL GRID PLC,NAT GRID,NAT INST OF METROLOGY P R CHINA,NAT INST OF METROLOGY P R CHINA,5,2012,2014,T3_REVIEW,0
36350,NGG,NATIONAL GRID PLC,NAT GRID,NAT UNIV SEOUL TECH CTENTER,NAT UNIV SEOUL TECH CTENTER,5,2012,2014,T3_REVIEW,0
36350,NGG,NATIONAL GRID PLC,NAT GRID,NAT INSTR IRELAND RESOURCES LTD,NAT INSTR IRELAND RESOURCES,5,2012,2014,T3_REVIEW,0
36350,NGG,NATIONAL GRID PLC,NAT GRID,NATIONAL TSINGHUA UNIV,NAT TSINGHUA UNIV,5,2017,2022,T3_REVIEW,0
36350,NGG,NATIONAL GRID PLC,NAT GRID,NAT UNIVERSITY CORP UNIVERSITY OF FUKUI,NAT UNIV CORP UNIV OF FUKUI,5,2010,2015,T3_REVIEW,0
36350,NGG,NATIONAL GRID PLC,NAT GRID,NAT ENVIRONMENTAL PROD,NAT ENVIRONMENTAL PROD,5,2013,2021,T3_REVIEW,0
36350,NGG,NATIONAL GRID PLC,NAT GRID,NAT AGRICULTURE & FOOD RES ORGANIZATION,NAT AGRICULTURE FOOD RES ORGANIZATION,5,2014,2017,T3_REVIEW,0
36350,NGG,NATIONAL GRID PLC,NAT GRID,NATIONAL SECURITY TECH LLC,NAT SECURITY TECH,5,2014,2019,T3_REVIEW,0
36350,NGG,NATIONAL GRID PLC,NAT GRID,NAT UNIVERSITY CORP ASAHIKAWA MEDICAL UNIVERSITY,NAT UNIV CORP ASAHIKAWA MEDICAL UNIV,5,2011,2013,T3_REVIEW,0
36350,NGG,NATIONAL GRID PLC,NAT GRID,NAT CT NANOSCIENCE NCNST CHINA,NAT CT NANOSCIENCE NCNST CHINA,5,2011,2013,T3_REVIEW,0
36350,NGG,NATIONAL GRID PLC,NAT GRID,NAT DIAGNOSTICS INC,NAT DIAGNOSTICS,5,2017,2023,T3_REVIEW,0
36350,NGG,NATIONAL GRID PLC,NAT GRID,NAT UNIV CORP TOKYO UNIV OF MARINE SCIENCE AND TECH,NAT UNIV CORP TOKYO UNIV OF MARINE SCIENT AND TECH,5,2014,2015,T3_REVIEW,0
36350,NGG,NATIONAL GRID PLC,NAT GRID,NAT UNIVERSITY CORP KYUSHU INST OF TECHNOLOGY,NAT UNIV CORP KYUSHU INST OF TECH,5,2010,2013,T3_REVIEW,0
36350,NGG,NATIONAL GRID PLC,NAT GRID,NAT ENTERTAINMENT COLLECTIBLES ASSOCIATION INC,NAT ENTERTAINMENT COLLECTIBLES ASS,5,2020,2023,T3_REVIEW,0
36350,NGG,NATIONAL GRID PLC,NAT GRID,NAT INST OF AEROSPACE,NAT INST OF AEROSPACE,4,2013,2013,T3_REVIEW,0
36350,NGG,NATIONAL GRID PLC,NAT GRID,NAT PAYMENT CARD ASS,NAT PAYMENT CARD ASS,4,2013,2015,T3_REVIEW,0
36350,NGG,NATIONAL GRID PLC,NAT GRID,NAT CT FOR BIOLOG SCIENCES,NAT CT FOR BIOLOG SCIENT,4,2012,2015,T3_REVIEW,0
36350,NGG,NATIONAL GRID PLC,NAT GRID,NAT NANOMATERIALS INC,NAT NANOMATERIALS,4,2011,2014,T3_REVIEW,0
36350,NGG,NATIONAL GRID PLC,NAT GRID,NAT ENVIRONMENT AGENCY,NAT ENVIRONMENT AGENCY,4,2018,2023,T3_REVIEW,0
36350,NGG,NATIONAL GRID PLC,NAT GRID,NAT INST OF TECHNOLOGY,NAT INST OF TECH,4,2013,2015,T3_REVIEW,0
36350,NGG,NATIONAL GRID PLC,NAT GRID,NAT OILWELL VARCO INC,NAT OILWELL VARCO,4,2011,2017,T3_REVIEW,0
36350,NGG,NATIONAL GRID PLC,NAT GRID,NAT UNIV CORP TOYOHASHI UNIV OF TECH,NAT UNIV CORP TOYOHASHI UNIV OF TECH,4,2014,2016,T3_REVIEW,0
36350,NGG,NATIONAL GRID PLC,NAT GRID,NAT PAYMENTS CORPORATION OF INDIA,NAT PAYMENTS CORPORATION OF INDIA,4,2017,2022,T3_REVIEW,0
36350,NGG,NATIONAL GRID PLC,NAT GRID,NAT UNIVERSITY CORP IWATE UNIVERSITY,NAT UNIV CORP IWATE UNIV,4,2013,2014,T3_REVIEW,0
36350,NGG,NATIONAL GRID PLC,NAT GRID,NAT UNIV DEFENSE TECHNOLOGY,NAT UNIV DEFENSE TECH,4,2010,2014,T3_REVIEW,0
36350,NGG,NATIONAL GRID PLC,NAT GRID,NATIONAL INSTITUTE OF TECH AND EVALUATION,NAT INSTITUTE OF TECH AND EVALUATION,4,2018,2020,T3_REVIEW,0
36350,NGG,NATIONAL GRID PLC,NAT GRID,NAT RES AND DEV AGENCY NAT AGRICULTURE AND FOOD RES ORGANIZATION,NAT RES AND DEV AGENCY NAT AGRICULTURE AND FOOD RES ORGANIZATION,4,2014,2015,T3_REVIEW,0
36350,NGG,NATIONAL GRID PLC,NAT GRID,NAT ENGINEERING RES CT OF DRYING TECHNOLOGY AND EQUIPMENT,NAT ENGINEERING RES CT OF DRYING TECH AND EQUIP,4,2013,2013,T3_REVIEW,0
36350,NGG,NATIONAL GRID PLC,NAT GRID,NAT INST NATURAL SCIENCES,NAT INST NATURAL SCIENT,4,2014,2016,T3_REVIEW,0
36350,NGG,NATIONAL GRID PLC,NAT GRID,NAT CHUNG-HSING UNIV,NAT CHUNG HSING UNIV,4,2016,2017,T3_REVIEW,0
36350,NGG,NATIONAL GRID PLC,NAT GRID,NAT UNIV PUSAN HOSPITAL,NAT UNIV PUSAN HOSPITAL,4,2024,2024,T3_REVIEW,0
36350,NGG,NATIONAL GRID PLC,NAT GRID,NATIONAL SUN YAT-SEN UNIV,NAT SUN YAT SEN UNIV,4,2016,2017,T3_REVIEW,0
36350,NGG,NATIONAL GRID PLC,NAT GRID,NAT UNIVERSITY OF IRELAND MAYNOOTH,NAT UNIV OF IRELAND MAYNOOTH,4,2010,2013,T3_REVIEW,0
36350,NGG,NATIONAL GRID PLC,NAT GRID,NATIONAL CENTER OF TECH INNOVATION FOR COMPREHENSIVE UTILIZATION OF SALINE ALKALI LAND,NAT CENTER OF TECH INNOVATION FOR COMPREHENSIVE UTILIZATION OF SALINE ALKALI LAND,4,2025,2025,T3_REVIEW,0
36350,NGG,NATIONAL GRID PLC,NAT GRID,NAT UNIVERSITY CORP NARA INST OF,NAT UNIV CORP NARA INST,4,2011,2012,T3_REVIEW,0
36350,NGG,NATIONAL GRID PLC,NAT GRID,NAT SECURITY AND DOOR CORP,NAT SECURITY AND DOOR,4,2015,2021,T3_REVIEW,0
36350,NGG,NATIONAL GRID PLC,NAT GRID,NAT FEDERATION OF AGRICULTURAL COOPERATIVE ASSOCIATIONS,NAT FEDERATION OF AGRICULTURAL COOPERATIVE ASSOCIATIONS,4,2016,2019,T3_REVIEW,0
36350,NGG,NATIONAL GRID PLC,NAT GRID,NAT ASSOC OF BOARDS OF PHARMACY,NAT ASSOC OF BOARDS OF PHARMACY,4,2012,2014,T3_REVIEW,0
36350,NGG,NATIONAL GRID PLC,NAT GRID,NAT BIOMEDICAL RES FOUNDATION,NAT BIOMEDICAL RES FOUNDATION,4,2011,2014,T3_REVIEW,0
36350,NGG,NATIONAL GRID PLC,NAT GRID,NAT UNIV HOSPITAL (SINGAPORE) PTE LTD,NAT UNIV HOSPITAL SINGAPORE,4,2015,2015,T3_REVIEW,0
36350,NGG,NATIONAL GRID PLC,NAT GRID,NAT CT FOR GLOBAL HEALTH & MEDICINE,NAT CT FOR GLOBAL HEALTH MEDICINE,4,2012,2014,T3_REVIEW,0
36350,NGG,NATIONAL GRID PLC,NAT GRID,NATIONAL SOC OF MEDICAL SCIENTISTS,NAT SOC OF MEDICAL SCIENTISTS,4,2022,2023,T3_REVIEW,0
36350,NGG,NATIONAL GRID PLC,NAT GRID,NAT TRENCH SAFETY LLC,NAT TRENCH SAFETY,4,2018,2019,T3_REVIEW,0
36350,NGG,NATIONAL GRID PLC,NAT GRID,NATIONAL UNIV CORPORATION TOHOKU UNIV,NAT UNIV CORPORATION TOHOKU UNIV,4,2015,2023,T3_REVIEW,0
36350,NGG,NATIONAL GRID PLC,NAT GRID,NAT UNIVERSITY CORP KITAMI INST OF TECHNOLOGY,NAT UNIV CORP KITAMI INST OF TECH,4,2012,2016,T3_REVIEW,0
36350,NGG,NATIONAL GRID PLC,NAT GRID,NAT INST OF BIOLOGICAL SCIENCES BEIJING,NAT INST OF BIOLOGICAL SCIENT BEIJING,4,2016,2017,T3_REVIEW,0
36350,NGG,NATIONAL GRID PLC,NAT GRID,NAT COLLOID COMPANY,NAT COLLOID,4,2010,2010,T3_REVIEW,0
36350,NGG,NATIONAL GRID PLC,NAT GRID,NATIONAL CENTRE FOR SCIENT RESEARCH DEMOKRITOS,NAT CENTRE FOR SCIENT RES DEMOKRITOS,4,2019,2022,T3_REVIEW,0
36350,NGG,NATIONAL GRID PLC,NAT GRID,NAT PINGTUNG UNIV OF SCIENCE & TECH,NAT PINGTUNG UNIV OF SCIENT TECH,4,2015,2016,T3_REVIEW,0
36350,NGG,NATIONAL GRID PLC,NAT GRID,NAT FLEET PRODUCTS INC,NAT FLEET PRODUCTS,3,2022,2023,T3_REVIEW,0
36350,NGG,NATIONAL GRID PLC,NAT GRID,NAT RECOVERY TECHNOLOGIES LLC,NAT RECOVERY TECH,3,2013,2013,T3_REVIEW,0
36350,NGG,NATIONAL GRID PLC,NAT GRID,THE NAT INST FOR BIOTECHNOLOGY IN THE NEGEV LTD,NAT INST FOR BIOTECHNOLOGY IN THE NEGEV,3,2015,2016,T3_REVIEW,0
36350,NGG,NATIONAL GRID PLC,NAT GRID,NAT INSTITUTE OF MENTAL HEALTH,NAT INSTITUTE OF MENTAL HEALTH,3,2021,2025,T3_REVIEW,0
36350,NGG,NATIONAL GRID PLC,NAT GRID,NAT KAOHSIUNG FIRST UNIV OF SCIENCE AND TECH,NAT KAOHSIUNG FIRST UNIV OF SCIENT AND TECH,3,2015,2017,T3_REVIEW,0
36350,NGG,NATIONAL GRID PLC,NAT GRID,NAT UNIV CORP KOCHI UNIV,NAT UNIV CORP KOCHI UNIV,3,2014,2016,T3_REVIEW,0
36350,NGG,NATIONAL GRID PLC,NAT GRID,NAT UNIVERSITY CORP OITA UNIVERSITY,NAT UNIV CORP OITA UNIV,3,2013,2015,T3_REVIEW,0
36350,NGG,NATIONAL GRID PLC,NAT GRID,NATIONAL RES INSTITUTE FOR FAMILY PLANNING,NAT RES INSTITUTE FOR FAMILY PLANNING,3,2019,2023,T3_REVIEW,0
36350,NGG,NATIONAL GRID PLC,NAT GRID,NAT ELECTRONICS WARRANTY LLC,NAT ELECTRONICS WARRANTY,3,2010,2010,T3_REVIEW,0
36350,NGG,NATIONAL GRID PLC,NAT GRID,NAT INST INFECTIOUS DISEASES,NAT INST INFECTIOUS DISEASES,3,2010,2011,T3_REVIEW,0
36350,NGG,NATIONAL GRID PLC,NAT GRID,NAT CHUNG-SHAN INST OF SCIENCE & TECH,NAT CHUNG SHAN INST OF SCIENT TECH,3,2015,2015,T3_REVIEW,0
36350,NGG,NATIONAL GRID PLC,NAT GRID,NATIONAL UNIV CORPORATION MIE UNIV,NAT UNIV CORPORATION MIE UNIV,3,2018,2020,T3_REVIEW,0
36350,NGG,NATIONAL GRID PLC,NAT GRID,NAT RESILIENCE INC,NAT RESILIENCE,3,2023,2023,T3_REVIEW,0
36350,NGG,NATIONAL GRID PLC,NAT GRID,NATIONAL ENGINEERING RESEARCH CENTER OF CHEMICAL FERTILIZER CATALYST FUZHOU UNIV,NAT ENGINEERING RES CENTER OF CHEM FERTILIZER CATALYST FUZHOU UNIV,3,2019,2020,T3_REVIEW,0
36350,NGG,NATIONAL GRID PLC,NAT GRID,NAT DIGITAL RES CT LTD,NAT DIGITAL RES CT,3,2010,2015,T3_REVIEW,0
36350,NGG,NATIONAL GRID PLC,NAT GRID,NAT INST OF HEALTH NIH,NAT INST OF HEALTH NIH,3,2010,2013,T3_REVIEW,0
36350,NGG,NATIONAL GRID PLC,NAT GRID,NAT ICT AUSTRALIA LIMITIED,NAT ICT AUSTRALIA LIMITIED,3,2012,2013,T3_REVIEW,0
36350,NGG,NATIONAL GRID PLC,NAT GRID,NAT CENTER FOR CHILD HEALTH AND DEV,NAT CENTER FOR CHILD HEALTH AND DEV,3,2014,2015,T3_REVIEW,0
36350,NGG,NATIONAL GRID PLC,NAT GRID,NATIONAL INSTITUTE OF STANDARDS AND TECH NIST,NAT INSTITUTE OF STANDARDS AND TECH NIST,3,2019,2022,T3_REVIEW,0
36350,NGG,NATIONAL GRID PLC,NAT GRID,NAT UNIVERSITY CORP FUKUSHIMA UNIVERSITY,NAT UNIV CORP FUKUSHIMA UNIV,3,2012,2015,T3_REVIEW,0
36350,NGG,NATIONAL GRID PLC,NAT GRID,NAT SCIENT CO,NAT SCIENT,3,2011,2012,T3_REVIEW,0
36350,NGG,NATIONAL GRID PLC,NAT GRID,NAT TAIWAN OCEAN UNIV,NAT TAIWAN OCEAN UNIV,3,2015,2016,T3_REVIEW,0
36350,NGG,NATIONAL GRID PLC,NAT GRID,NAT SCIENCE AND TECHNOLOGY DEV AGENCY,NAT SCIENT AND TECH DEV AGENCY,3,2012,2014,T3_REVIEW,0
36350,NGG,NATIONAL GRID PLC,NAT GRID,NAT CHIAO-TUNG UNIV,NAT CHIAO TUNG UNIV,3,2015,2016,T3_REVIEW,0
36350,NGG,NATIONAL GRID PLC,NAT GRID,NAT UNIVERSITY CORP SHIGA UNIVERSITY OF MEDICAL SCIENCE,NAT UNIV CORP SHIGA UNIV OF MEDICAL SCIENT,3,2012,2013,T3_REVIEW,0
36350,NGG,NATIONAL GRID PLC,NAT GRID,NAT BOARD OF MEDICAL EXAMINERS,NAT BOARD OF MEDICAL EXAMINERS,3,2014,2017,T3_REVIEW,0
36350,NGG,NATIONAL GRID PLC,NAT GRID,NAT UNIVERSITY HOSPITAL S PTE LTD,NAT UNIV HOSPITAL S,3,2011,2013,T3_REVIEW,0
36350,NGG,NATIONAL GRID PLC,NAT GRID,NAT UNIV CORP HAMAMATSU UNIV SCHOOL OF MEDICINE,NAT UNIV CORP HAMAMATSU UNIV SCHOOL OF MEDICINE,3,2015,2015,T3_REVIEW,0
36350,NGG,NATIONAL GRID PLC,NAT GRID,NAT ASSOCIATION OF CONVENIENCE STORES,NAT ASS OF CONVENIENCE STORES,3,2021,2023,T3_REVIEW,0
36350,NGG,NATIONAL GRID PLC,NAT GRID,NAT OILWELL NORWAY AS,NAT OILWELL NORWAY,3,2010,2014,T3_REVIEW,0
36350,NGG,NATIONAL GRID PLC,NAT GRID,NATIONAL UNIV CORPORATION TOKYO UNIV O F AGRICULTURE AND TECHNOLOGY,NAT UNIV CORPORATION TOKYO UNIV O F AGRICULTURE AND TECH,3,2016,2018,T3_REVIEW,0
36350,NGG,NATIONAL GRID PLC,NAT GRID,NAT ASTRONOMICAL OBSERVATORIES CAS,NAT ASTRONOMICAL OBSERVATORIES CAS,3,2020,2023,T3_REVIEW,0
36350,NGG,NATIONAL GRID PLC,NAT GRID,NATIONAL NANFAN RES INSTITUTE SANYA CHINESE ACADEMY OF AGRICULTURAL SCIENCES,NAT NANFAN RES INSTITUTE SANYA CHINESE ACADEMY OF AGRICULTURAL SCIENT,3,2024,2024,T3_REVIEW,0
36350,NGG,NATIONAL GRID PLC,NAT GRID,NAT UNIVERSITY CORP SHINSHU UNIVERSITY,NAT UNIV CORP SHINSHU UNIV,3,2013,2014,T3_REVIEW,0
36350,NGG,NATIONAL GRID PLC,NAT GRID,NATIONAL INSTITUTE OF INFORMATION AND COMMUNICATIO NS TECH,NAT INSTITUTE OF INFORMATION AND COMMUNICATIO NS TECH,3,2016,2017,T3_REVIEW,0
36350,NGG,NATIONAL GRID PLC,NAT GRID,NAT YUNLIN UNIV OF SCIENCE & TECH,NAT YUNLIN UNIV OF SCIENT TECH,3,2015,2016,T3_REVIEW,0
36350,NGG,NATIONAL GRID PLC,NAT GRID,NAT UNIV CORP KYOTO UNIV,NAT UNIV CORP KYOTO UNIV,3,2012,2014,T3_REVIEW,0
36350,NGG,NATIONAL GRID PLC,NAT GRID,NAT SAFETY APPAREL INC,NAT SAFETY APPAREL,3,2015,2018,T3_REVIEW,0
36350,NGG,NATIONAL GRID PLC,NAT GRID,NAT INSTITUTE OF TRANSPLANTATION FOUNDATION,NAT INSTITUTE OF TRANSPLANTATION FOUNDATION,3,2017,2021,T3_REVIEW,0
36350,NGG,NATIONAL GRID PLC,NAT GRID,NAT CT FOR PELVIC PAIN RES DEVICES INC,NAT CT FOR PELVIC PAIN RES DEVICES,3,2012,2013,T3_REVIEW,0
36350,NGG,NATIONAL GRID PLC,NAT GRID,NAT YANG MING UNIV,NAT YANG MING UNIV,3,2015,2017,T3_REVIEW,0
36350,NGG,NATIONAL GRID PLC,NAT GRID,NAT CHAIN COMPANY,NAT CHAIN,3,2018,2024,T3_REVIEW,0
36350,NGG,NATIONAL GRID PLC,NAT GRID,NATIONAL DEFENSE EDUCATION AND RES FOUNDATION,NAT DEFENSE EDUCATION AND RES FOUNDATION,3,2016,2022,T3_REVIEW,0
36350,NGG,NATIONAL GRID PLC,NAT GRID,NAT PUBLIC RADIO,NAT PUBLIC RADIO,3,2013,2013,T3_REVIEW,0
36350,NGG,NATIONAL GRID PLC,NAT GRID,NAT NUCLEAR LABORATORY LIMITED,NAT NUCLEAR LAB,3,2019,2022,T3_REVIEW,0
36350,NGG,NATIONAL GRID PLC,NAT GRID,NAT RENEWABLE ENERGY LAB,NAT RENEWABLE ENERGY LAB,3,2012,2013,T3_REVIEW,0
36350,NGG,NATIONAL GRID PLC,NAT GRID,NATIONAL INSTITUTE OF ADVANCED INDUSTRIAL SCIENCE TECH,NAT INSTITUTE OF ADVANCED IND SCIENT TECH,3,2016,2019,T3_REVIEW,0
36350,NGG,NATIONAL GRID PLC,NAT GRID,NAT SCIENCE FOUNDATION,NAT SCIENT FOUNDATION,3,2010,2014,T3_REVIEW,0
36350,NGG,NATIONAL GRID PLC,NAT GRID,NAT UNIV CORP NAGAOKA UNIV OF TECH,NAT UNIV CORP NAGAOKA UNIV OF TECH,3,2014,2014,T3_REVIEW,0
36350,NGG,NATIONAL GRID PLC,NAT GRID,NATIONAL INSTITUTE OF ENVIRONMENTAL RES,NAT INSTITUTE OF ENVIRONMENTAL RES,3,2017,2022,T3_REVIEW,0
36350,NGG,NATIONAL GRID PLC,NAT GRID,NATIONAL TECH & ENGINEERING SOLUTION OF SANDIA LLC,NAT TECH ENGINEERING SOLUTION OF SANDIA,3,2023,2023,T3_REVIEW,0
36350,NGG,NATIONAL GRID PLC,NAT GRID,NAT OPTRONICS INC,NAT OPTRONICS,3,2012,2017,T3_REVIEW,0
36350,NGG,NATIONAL GRID PLC,NAT GRID,NAT INST METROLOGY PRC,NAT INST METROLOGY PRC,3,2014,2016,T3_REVIEW,0
36350,NGG,NATIONAL GRID PLC,NAT GRID,NAT TIME SERVICE CENTER THE CHINESE ACADEMY OF SCIENCES,NAT TIME SERVICE CENTER THE CHINESE ACADEMY OF SCIENT,3,2022,2024,T3_REVIEW,0
36350,NGG,NATIONAL GRID PLC,NAT GRID,NAT INSTITUTE OF HEALTH SCIENCES,NAT INSTITUTE OF HEALTH SCIENT,3,2019,2025,T3_REVIEW,0
36350,NGG,NATIONAL GRID PLC,NAT GRID,NAT SERVICE ALLIANCE - HOUSTON LLC,NAT SERVICE ALLIANCE HOUSTON,3,2020,2020,T3_REVIEW,0
36350,NGG,NATIONAL GRID PLC,NAT GRID,NATIONAL UNIV CORP KOBE UNIV,NAT UNIV CORP KOBE UNIV,3,2017,2018,T3_REVIEW,0
36350,NGG,NATIONAL GRID PLC,NAT GRID,NAT INST OF PLANT GENOME RES,NAT INST OF PLANT GENOME RES,3,2013,2015,T3_REVIEW,0
36350,NGG,NATIONAL GRID PLC,NAT GRID,NAT REFRIGERATION & AIR CONDITIONING CANADA CORP,NAT REFRIGERATION AIR CONDITIONING CANADA,3,2013,2015,T3_REVIEW,0
36350,NGG,NATIONAL GRID PLC,NAT GRID,NAT UNIV CORP OITA UNIV,NAT UNIV CORP OITA UNIV,3,2014,2017,T3_REVIEW,0
36350,NGG,NATIONAL GRID PLC,NAT GRID,NAT SIGNAL LLC,NAT SIGNAL,3,2023,2024,T3_REVIEW,0
36350,NGG,NATIONAL GRID PLC,NAT GRID,NATIONAL UNIV CORPORATION NIIGATA UNIV,NAT UNIV CORPORATION NIIGATA UNIV,3,2019,2020,T3_REVIEW,0
36350,NGG,NATIONAL GRID PLC,NAT GRID,NAT MOLDING LLC,NAT MOLDING,3,2017,2018,T3_REVIEW,0
36350,NGG,NATIONAL GRID PLC,NAT GRID,NAT AVIATION ACADEMY,NAT AVIATION ACADEMY,3,2015,2019,T3_REVIEW,0
36350,NGG,NATIONAL GRID PLC,NAT GRID,NAT YUNLIN UNIVERSITY OF SCIENCE AND TECHNOLOGY,NAT YUNLIN UNIV OF SCIENT AND TECH,3,2010,2010,T3_REVIEW,0
36350,NGG,NATIONAL GRID PLC,NAT GRID,NAT TIME SERVICE CENTER NTSC CHINESE ACADEMY OF SCIENCE CAS,NAT TIME SERVICE CENTER NTSC CHINESE ACADEMY OF SCIENT CAS,3,2021,2023,T3_REVIEW,0
36350,NGG,NATIONAL GRID PLC,NAT GRID,NAT JEWISH MED & RES CENTER,NAT JEWISH MED RES CENTER,3,2010,2014,T3_REVIEW,0
3194,NKE,NIKE INC,NIKE,NIKE INNOVATE CV,NIKE INNOVATE,10,2014,2017,T3_REVIEW,1
3194,NKE,NIKE INC,NIKE,NIKE INTERNATIONAL LTD,NIKE INT,5,2010,2012,T3_REVIEW,1
21303,NOC,NORTHROP GRUMMAN CORP,NORTHROP GRUMMAN,NORTHROP MELANEY,NORTHROP MELANEY,5,2011,2013,T3_REVIEW,0
21303,NOC,NORTHROP GRUMMAN CORP,NORTHROP GRUMMAN,NORTHROP JERE,NORTHROP JERE,4,2010,2011,T3_REVIEW,0
21303,NOC,NORTHROP GRUMMAN CORP,NORTHROP GRUMMAN,NORTHROP CLAY,NORTHROP CLAY,3,2012,2012,T3_REVIEW,0
14205,NUAN,NUANCE COMMUNICATIONS INC,NUANCE COMMUNICATIONS,NUANCE COMM AUSTRIA GMBH,NUANCE COMM AUSTRIA,9,2011,2013,T3_REVIEW,0
14205,NUAN,NUANCE COMMUNICATIONS INC,NUANCE COMMUNICATIONS,NUANCE HEARING LTD,NUANCE HEARING,7,2018,2024,T3_REVIEW,0
14205,NUAN,NUANCE COMMUNICATIONS INC,NUANCE COMMUNICATIONS,NUANCE COMMUNICATION INC,NUANCE COMMUNICATION,5,2012,2014,T3_REVIEW,0
14205,NUAN,NUANCE COMMUNICATIONS INC,NUANCE COMMUNICATIONS,NUANCE COMM INC,NUANCE COMM,5,2010,2015,T3_REVIEW,0
14205,NUAN,NUANCE COMMUNICATIONS INC,NUANCE COMMUNICATIONS,NUANCE DESIGNS OF CT LLC,NUANCE DESIGNS OF CT,5,2016,2019,T3_REVIEW,0
37176,ON,ON SEMICONDUCTOR CORP,ON SEMICONDUCTOR,ON BRIGHT ELECTRONICS SHANGHAI CO LTD,ON BRIGHT ELECTRONICS SHANGHAI,353,2010,2024,T3_REVIEW,0
37176,ON,ON SEMICONDUCTOR CORP,ON SEMICONDUCTOR,ON CLOUDS GMBH,ON CLOUDS,43,2013,2025,T3_REVIEW,0
37176,ON,ON SEMICONDUCTOR CORP,ON SEMICONDUCTOR,ON CHIP BIOTECHNOLOGIES CO LTD,ON CHIP BIOTECHNOLOGIES,25,2010,2025,T3_REVIEW,0
37176,ON,ON SEMICONDUCTOR CORP,ON SEMICONDUCTOR,ON TARGET LABORATORIES LLC,ON TARGET LAB,20,2015,2024,T3_REVIEW,0
37176,ON,ON SEMICONDUCTOR CORP,ON SEMICONDUCTOR,ON TIME STAFFING INC,ON TIME STAFFING,17,2019,2024,T3_REVIEW,0
37176,ON,ON SEMICONDUCTOR CORP,ON SEMICONDUCTOR,ON BRIGHT INTEGRATIONS CO LTD,ON BRIGHT INTEGRATIONS,13,2024,2025,T3_REVIEW,0
37176,ON,ON SEMICONDUCTOR CORP,ON SEMICONDUCTOR,ON TRACK INNOVATIONS LTD,ON TRACK INNOVATIONS,11,2010,2016,T3_REVIEW,0
37176,ON,ON SEMICONDUCTOR CORP,ON SEMICONDUCTOR,ON RAMP WIRELESS INC,ON RAMP WIRELESS,9,2011,2015,T3_REVIEW,0
37176,ON,ON SEMICONDUCTOR CORP,ON SEMICONDUCTOR,ON POWER INC,ON POWER,8,2017,2017,T3_REVIEW,0
37176,ON,ON SEMICONDUCTOR CORP,ON SEMICONDUCTOR,ON X LIFE TECH INC,ON X LIFE TECH,8,2016,2025,T3_REVIEW,0
37176,ON,ON SEMICONDUCTOR CORP,ON SEMICONDUCTOR,ON TIME SYSTEMS INC,ON TIME SYS,7,2012,2013,T3_REVIEW,0
37176,ON,ON SEMICONDUCTOR CORP,ON SEMICONDUCTOR,ON QUOC AN,ON QUOC AN,7,2010,2012,T3_REVIEW,0
37176,ON,ON SEMICONDUCTOR CORP,ON SEMICONDUCTOR,ON THE BLOCK L L C,ON THE BLOCK L L C,6,2013,2021,T3_REVIEW,0
37176,ON,ON SEMICONDUCTOR CORP,ON SEMICONDUCTOR,ON STREET MEDIA USA LLC,ON STREET MEDIA USA,6,2017,2023,T3_REVIEW,0
37176,ON,ON SEMICONDUCTOR CORP,ON SEMICONDUCTOR,ON TARGET LABORATORIES INC,ON TARGET LAB,6,2020,2024,T3_REVIEW,0
37176,ON,ON SEMICONDUCTOR CORP,ON SEMICONDUCTOR,ON TARGET THERAPEUTICS LLC,ON TARGET THERAPEUTICS,6,2017,2024,T3_REVIEW,0
37176,ON,ON SEMICONDUCTOR CORP,ON SEMICONDUCTOR,ON Q TELECOM SYSTEMS CO INC,ON Q TELECOM SYS,5,2010,2011,T3_REVIEW,0
37176,ON,ON SEMICONDUCTOR CORP,ON SEMICONDUCTOR,ON NURI ELECTRONICS INC,ON NURI ELECTRONICS,5,2012,2013,T3_REVIEW,0
37176,ON,ON SEMICONDUCTOR CORP,ON SEMICONDUCTOR,ON TOP SAFETY INC,ON TOP SAFETY,5,2018,2021,T3_REVIEW,0
37176,ON,ON SEMICONDUCTOR CORP,ON SEMICONDUCTOR,ON SEIGO,ON SEIGO,5,2011,2012,T3_REVIEW,0
37176,ON,ON SEMICONDUCTOR CORP,ON SEMICONDUCTOR,ON CHIP CELLOMICS CONSORTIUM,ON CHIP CELLOMICS CONSORTIUM,5,2011,2015,T3_REVIEW,0
37176,ON,ON SEMICONDUCTOR CORP,ON SEMICONDUCTOR,ON-X LIFE TECH INC,ON X LIFE TECH,5,2016,2017,T3_REVIEW,0
37176,ON,ON SEMICONDUCTOR CORP,ON SEMICONDUCTOR,ON CT SOFTWARE INC,ON CT SOFTWARE,4,2012,2013,T3_REVIEW,0
37176,ON,ON SEMICONDUCTOR CORP,ON SEMICONDUCTOR,ON TOP SAFETY EQUIPMENT LLC,ON TOP SAFETY EQUIP,4,2021,2023,T3_REVIEW,0
37176,ON,ON SEMICONDUCTOR CORP,ON SEMICONDUCTOR,ON CUE GOLF INC,ON CUE GOLF,4,2015,2019,T3_REVIEW,0
37176,ON,ON SEMICONDUCTOR CORP,ON SEMICONDUCTOR,ON HANSON,ON HANSON,4,2010,2012,T3_REVIEW,0
37176,ON,ON SEMICONDUCTOR CORP,ON SEMICONDUCTOR,ON DECK CAPITAL INC,ON DECK CAPITAL,4,2013,2014,T3_REVIEW,0
37176,ON,ON SEMICONDUCTOR CORP,ON SEMICONDUCTOR,ON DEMAND THERAPEUTICS INC,ON DEMAND THERAPEUTICS,4,2011,2014,T3_REVIEW,0
37176,ON,ON SEMICONDUCTOR CORP,ON SEMICONDUCTOR,ON X LIFE TECHNOLOGIES INC,ON X LIFE TECH,4,2012,2014,T3_REVIEW,0
37176,ON,ON SEMICONDUCTOR CORP,ON SEMICONDUCTOR,ON BEHALF OF THE UNIVERSITY OF NEVADA RENO,ON BEHALF OF THE UNIV OF NEVADA RENO,3,2010,2012,T3_REVIEW,0
37176,ON,ON SEMICONDUCTOR CORP,ON SEMICONDUCTOR,ON SECOND THOUGHT INC,ON SECOND THOUGHT,3,2017,2023,T3_REVIEW,0
37176,ON,ON SEMICONDUCTOR CORP,ON SEMICONDUCTOR,ON THE LEVEL BILLIARDS LLC,ON THE LEVEL BILLIARDS,3,2011,2013,T3_REVIEW,0
37176,ON,ON SEMICONDUCTOR CORP,ON SEMICONDUCTOR,On My Wave LLC,ON MY WAVE,3,2016,2022,T3_REVIEW,0
37176,ON,ON SEMICONDUCTOR CORP,ON SEMICONDUCTOR,ON THE WAY LLC,ON THE WAY,3,2024,2025,T3_REVIEW,0
37176,ON,ON SEMICONDUCTOR CORP,ON SEMICONDUCTOR,ON Q ITY INC,ON Q ITY,3,2011,2012,T3_REVIEW,0
55173,ONCE,SPARK THERAPEUTICS INC,SPARK THERAPEUTICS,Spark Connected LLC,SPARK CONNECTED,24,2018,2023,T3_REVIEW,0
55173,ONCE,SPARK THERAPEUTICS INC,SPARK THERAPEUTICS,SPARK THERMIONICS INC,SPARK THERMIONICS,23,2018,2025,T3_REVIEW,0
55173,ONCE,SPARK THERAPEUTICS INC,SPARK THERAPEUTICS,SPARK BIOMEDICAL INC,SPARK BIOMEDICAL,20,2019,2025,T3_REVIEW,0
55173,ONCE,SPARK THERAPEUTICS INC,SPARK THERAPEUTICS,SPARK R&D IP HOLDINGS LLC,SPARK R D IP,12,2016,2023,T3_REVIEW,0
55173,ONCE,SPARK THERAPEUTICS INC,SPARK THERAPEUTICS,Spark Innovation LLC,SPARK INNOVATION,6,2016,2023,T3_REVIEW,0
55173,ONCE,SPARK THERAPEUTICS INC,SPARK THERAPEUTICS,SPARK HOLLAND BV,SPARK HOLLAND,6,2010,2021,T3_REVIEW,0
55173,ONCE,SPARK THERAPEUTICS INC,SPARK THERAPEUTICS,SPARK BIOPHARMA INC,SPARK BIOPHARMA,6,2017,2022,T3_REVIEW,0
55173,ONCE,SPARK THERAPEUTICS INC,SPARK THERAPEUTICS,SPARK GRILLS INC,SPARK GRILLS,5,2018,2022,T3_REVIEW,0
55173,ONCE,SPARK THERAPEUTICS INC,SPARK THERAPEUTICS,SPARK MICROSYSTEMS INC,SPARK MICROSYSTEMS,4,2022,2025,T3_REVIEW,0
55173,ONCE,SPARK THERAPEUTICS INC,SPARK THERAPEUTICS,SPARK STUDIOS LLC,SPARK STUDIOS,4,2013,2015,T3_REVIEW,0
55173,ONCE,SPARK THERAPEUTICS INC,SPARK THERAPEUTICS,SPARK COMMERCE INC,SPARK COMMERCE,4,2012,2014,T3_REVIEW,0
55173,ONCE,SPARK THERAPEUTICS INC,SPARK THERAPEUTICS,SPARK INSIGHTS INC,SPARK INSIGHTS,3,2021,2022,T3_REVIEW,0
55173,ONCE,SPARK THERAPEUTICS INC,SPARK THERAPEUTICS,SPARK COMMERCE LLC,SPARK COMMERCE,3,2017,2018,T3_REVIEW,0
55173,ONCE,SPARK THERAPEUTICS INC,SPARK THERAPEUTICS,SPARK XIAMEN SANITARY WARE CO LTD,SPARK XIAMEN SANITARY WARE,3,2022,2022,T3_REVIEW,0
32109,ORAN,ORANGE,FRANCE TELECOM,FRANCE REDUCTEURS,FRANCE REDUCTEURS,31,2010,2022,T3_REVIEW,0
32109,ORAN,ORANGE,ORANGE,ORANGE ELECTRONIC CO LTD,ORANGE ELECTRONIC,24,2011,2024,T3_REVIEW,1
32109,ORAN,ORANGE,FRANCE TELECOM,FRANCE BREVETS,FRANCE BREVETS,17,2012,2018,T3_REVIEW,0
32109,ORAN,ORANGE,ORANGE,ORANGE POWER LTD,ORANGE POWER,13,2013,2017,T3_REVIEW,1
32109,ORAN,ORANGE,ORANGE,ORANGE BIOMED LTD CO,ORANGE BIOMED,8,2022,2024,T3_REVIEW,1
32109,ORAN,ORANGE,ORANGE,Orange Maker LLC,ORANGE MAKER,7,2014,2024,T3_REVIEW,1
32109,ORAN,ORANGE,FRANCE TELECOM,FRANCE ETAT,FRANCE ETAT,7,2010,2019,T3_REVIEW,0
32109,ORAN,ORANGE,ORANGE,ORANGE GILLES,ORANGE GILLES,6,2010,2011,T3_REVIEW,1
32109,ORAN,ORANGE,ORANGE,ORANGE MEDICS INC,ORANGE MEDICS,6,2018,2022,T3_REVIEW,1
32109,ORAN,ORANGE,FRANCE TELECOM,FRANCE JAMES DOMINIC,FRANCE JAMES DOMINIC,5,2010,2011,T3_REVIEW,0
32109,ORAN,ORANGE,FRANCE TELECOM,FRANCE BED CO,FRANCE BED,5,2012,2019,T3_REVIEW,0
32109,ORAN,ORANGE,ORANGE,ORANGE PHOTONICS INC,ORANGE PHOTONICS,4,2016,2024,T3_REVIEW,1
32109,ORAN,ORANGE,ORANGE,ORANGE MUSIC ELECTRONIC COMPANY LTD,ORANGE MUSIC ELECTRONIC,4,2011,2015,T3_REVIEW,1
32109,ORAN,ORANGE,FRANCE TELECOM,FRANCE CHIRURGIE INSTR,FRANCE CHIRURGIE INSTR,3,2012,2013,T3_REVIEW,0
14305,OTEX,OPEN TEXT CORP,OPEN TEXT,OPEN INVENTION NETWORK LLC,OPEN INVENTION NETWORK,45,2010,2022,T3_REVIEW,0
14305,OTEX,OPEN TEXT CORP,OPEN TEXT,OPEN WATER INTERNET INC,OPEN WATER INTERNET,31,2017,2023,T3_REVIEW,0
14305,OTEX,OPEN TEXT CORP,OPEN TEXT,OPEN SPACE LABS INC,OPEN SPACE LAB,27,2018,2025,T3_REVIEW,0
14305,OTEX,OPEN TEXT CORP,OPEN TEXT,OPEN WEAVER INC,OPEN WEAVER,16,2022,2023,T3_REVIEW,0
14305,OTEX,OPEN TEXT CORP,OPEN TEXT,OPEN ACCESS TECHNOLOGY INTERNATIONAL INC,OPEN ACCESS TECH INT,15,2011,2015,T3_REVIEW,0
14305,OTEX,OPEN TEXT CORP,OPEN TEXT,OPEN MIND VENTURES S L U,OPEN MIND VENTURES S L U,13,2019,2025,T3_REVIEW,0
14305,OTEX,OPEN TEXT CORP,OPEN TEXT,OPEN TV INC,OPEN TV,12,2013,2023,T3_REVIEW,0
14305,OTEX,OPEN TEXT CORP,OPEN TEXT,OPEN BIONICS LTD,OPEN BIONICS,11,2019,2025,T3_REVIEW,0
14305,OTEX,OPEN TEXT CORP,OPEN TEXT,Open Inference Holdings LLC,OPEN INFERENCE,8,2018,2019,T3_REVIEW,0
14305,OTEX,OPEN TEXT CORP,OPEN TEXT,OPEN MIND TECH AG,OPEN MIND TECH,7,2014,2022,T3_REVIEW,0
14305,OTEX,OPEN TEXT CORP,OPEN TEXT,OPEN GARDEN INC,OPEN GARDEN,7,2014,2017,T3_REVIEW,0
14305,OTEX,OPEN TEXT CORP,OPEN TEXT,OPEN PLATFORM SYSTEMS LLC,OPEN PLATFORM SYS,7,2020,2022,T3_REVIEW,0
14305,OTEX,OPEN TEXT CORP,OPEN TEXT,THE OPEN UNIV,OPEN UNIV,7,2017,2022,T3_REVIEW,0
14305,OTEX,OPEN TEXT CORP,OPEN TEXT,OPEN MONOCLONAL TECH INC,OPEN MONOCLONAL TECH,6,2016,2020,T3_REVIEW,0
14305,OTEX,OPEN TEXT CORP,OPEN TEXT,Open World Entertainment LLC,OPEN WORLD ENTERTAINMENT,5,2022,2024,T3_REVIEW,0
14305,OTEX,OPEN TEXT CORP,OPEN TEXT,OPEN MINDER GROUP LTD,OPEN MINDER,5,2010,2010,T3_REVIEW,0
14305,OTEX,OPEN TEXT CORP,OPEN TEXT,OPEN INV NETWORKS LLC,OPEN INV NETWORKS,5,2010,2015,T3_REVIEW,0
14305,OTEX,OPEN TEXT CORP,OPEN TEXT,OPEN ACCESS TECH INTERNATIONAL INC,OPEN ACCESS TECH INT,4,2017,2025,T3_REVIEW,0
14305,OTEX,OPEN TEXT CORP,OPEN TEXT,OPEN IMAGING INC,OPEN IMAGING,4,2010,2014,T3_REVIEW,0
14305,OTEX,OPEN TEXT CORP,OPEN TEXT,OPEN ACCESS TECH INT INC,OPEN ACCESS TECH INT,4,2016,2016,T3_REVIEW,0
14305,OTEX,OPEN TEXT CORP,OPEN TEXT,OPEN JOINT STOCK COMPANY RUSSIAN RAILWAYS,OPEN JOINT STOCK COMPANY RUSSIAN RAILWAYS,4,2016,2016,T3_REVIEW,0
14305,OTEX,OPEN TEXT CORP,OPEN TEXT,OPEN STENT SOLUTION SAS,OPEN STENT SOLUTION,4,2022,2024,T3_REVIEW,0
14305,OTEX,OPEN TEXT CORP,OPEN TEXT,OPEN MIND DEV CORPORATION,OPEN MIND DEV,4,2019,2024,T3_REVIEW,0
14305,OTEX,OPEN TEXT CORP,OPEN TEXT,OPEN INV NETWORK,OPEN INV NETWORK,4,2012,2015,T3_REVIEW,0
14305,OTEX,OPEN TEXT CORP,OPEN TEXT,OPEN ENERGI LTD,OPEN ENERGI,4,2017,2021,T3_REVIEW,0
14305,OTEX,OPEN TEXT CORP,OPEN TEXT,OPEN DATA GROUP INC,OPEN DATA,4,2017,2019,T3_REVIEW,0
14305,OTEX,OPEN TEXT CORP,OPEN TEXT,OPEN WATER POWER INC,OPEN WATER POWER,4,2015,2017,T3_REVIEW,0
14305,OTEX,OPEN TEXT CORP,OPEN TEXT,OPEN LENS PROJECT LTD,OPEN LENS PROJECT,3,2020,2022,T3_REVIEW,0
14305,OTEX,OPEN TEXT CORP,OPEN TEXT,OPEN STACK INC,OPEN STACK,3,2018,2020,T3_REVIEW,0
14305,OTEX,OPEN TEXT CORP,OPEN TEXT,OPEN SILICON INC,OPEN SILICON,3,2014,2022,T3_REVIEW,0
14305,OTEX,OPEN TEXT CORP,OPEN TEXT,OPEN ROAD SOLUTIONS INC,OPEN ROAD SOLUTIONS,3,2024,2024,T3_REVIEW,0
37949,OVTI,OMNIVISION TECHNOLOGIES INC,OMNIVISION TECH,OMNIVISION SENSOR SOLUTION SHANGHAI CO LTD,OMNIVISION SENSOR SOLUTION SHANGHAI,13,2020,2023,T3_REVIEW,0
37949,OVTI,OMNIVISION TECHNOLOGIES INC,OMNIVISION TECH,OMNIVISION SEMICONDUCTOR SHANGHAI CO LTD,OMNIVISION SEMICONDUCTOR SHANGHAI,7,2018,2024,T3_REVIEW,0
21322,OXY,OCCIDENTAL PETROLEUM CORP,OCCIDENTAL PETROLEUM,OCCIDENTAL CHEM CO,OCCIDENTAL CHEM,29,2011,2024,T3_REVIEW,0
21322,OXY,OCCIDENTAL PETROLEUM CORP,OCCIDENTAL PETROLEUM,OCCIDENTAL OIL AND GAS CORP,OCCIDENTAL OIL AND GAS,5,2021,2024,T3_REVIEW,0
21322,OXY,OCCIDENTAL PETROLEUM CORP,OCCIDENTAL PETROLEUM,OCCIDENTAL COLLEGE,OCCIDENTAL COLLEGE,3,2016,2020,T3_REVIEW,0
54139,PANW,PALO ALTO NETWORKS INC,PALO ALTO NETWORKS,PALO ALTO RES CT INC,PALO ALTO RES CT,1823,2010,2024,T3_REVIEW,0
54139,PANW,PALO ALTO NETWORKS INC,PALO ALTO NETWORKS,PALO ALTO INVESTORS,PALO ALTO INVESTORS,28,2013,2019,T3_REVIEW,0
54139,PANW,PALO ALTO NETWORKS INC,PALO ALTO NETWORKS,PALO ALTO RES CT INCORPORAT,PALO ALTO RES CT INCORPORAT,8,2012,2012,T3_REVIEW,0
54139,PANW,PALO ALTO NETWORKS INC,PALO ALTO NETWORKS,Palo Alto Investors LP,PALO ALTO INVESTORS,7,2019,2022,T3_REVIEW,0
54139,PANW,PALO ALTO NETWORKS INC,PALO ALTO NETWORKS,PALO ALTO INNOVATION LLC,PALO ALTO INNOVATION,4,2019,2025,T3_REVIEW,0
54139,PANW,PALO ALTO NETWORKS INC,PALO ALTO NETWORKS,PALO MATTI,PALO MATTI,4,2017,2021,T3_REVIEW,0
54139,PANW,PALO ALTO NETWORKS INC,PALO ALTO NETWORKS,PALO JR MATTI,PALO JR MATTI,3,2012,2016,T3_REVIEW,0
54139,PANW,PALO ALTO NETWORKS INC,PALO ALTO NETWORKS,PALO ARLETTE,PALO ARLETTE,3,2010,2012,T3_REVIEW,0
54139,PANW,PALO ALTO NETWORKS INC,PALO ALTO NETWORKS,PALO ALTO RES CENTER,PALO ALTO RES CENTER,3,2019,2020,T3_REVIEW,0
54139,PANW,PALO ALTO NETWORKS INC,PALO ALTO NETWORKS,PALO ALTO HEALTH SCIENCES INC,PALO ALTO HEALTH SCIENT,3,2014,2018,T3_REVIEW,0
21446,PG,PROCTER & GAMBLE CO,PROCTER GAMBLE,PROCTER AND GAMBLE INC,PROCTER AND GAMBLE,6,2012,2012,T3_REVIEW,0
21425,PII,POLARIS INDUSTRIES INC,POLARIS IND,POLARIS INC,POLARIS,773,2010,2025,T3_REVIEW,0
21425,PII,POLARIS INDUSTRIES INC,POLARIS IND,POLARIS WIRELESS INC,POLARIS WIRELESS,66,2010,2024,T3_REVIEW,0
21425,PII,POLARIS INDUSTRIES INC,POLARIS IND,POLARIS SENSOR TECH INC,POLARIS SENSOR TECH,19,2015,2022,T3_REVIEW,0
21425,PII,POLARIS INDUSTRIES INC,POLARIS IND,POLARIS CAPITAL CORP,POLARIS CAPITAL,9,2020,2024,T3_REVIEW,0
21425,PII,POLARIS INDUSTRIES INC,POLARIS IND,POLARIS GROUP,POLARIS,9,2014,2025,T3_REVIEW,0
21425,PII,POLARIS INDUSTRIES INC,POLARIS IND,POLARIS SENSOR TECHNOLOGIES INC,POLARIS SENSOR TECH,7,2010,2015,T3_REVIEW,0
21425,PII,POLARIS INDUSTRIES INC,POLARIS IND,POLARIS CAPITAL LLC,POLARIS CAPITAL,5,2020,2021,T3_REVIEW,0
21425,PII,POLARIS INDUSTRIES INC,POLARIS IND,POLARIS,POLARIS,4,2020,2023,T3_REVIEW,0
21425,PII,POLARIS INDUSTRIES INC,POLARIS IND,Polaris IP Pty Ltd,POLARIS IP,4,2020,2023,T3_REVIEW,0
21425,PII,POLARIS INDUSTRIES INC,POLARIS IND,POLARIS SOLUTIONS LTD,POLARIS SOLUTIONS,3,2010,2021,T3_REVIEW,0
21425,PII,POLARIS INDUSTRIES INC,POLARIS IND,POLARIS BIOTECHNOLOGY INC,POLARIS BIOTECHNOLOGY,3,2010,2011,T3_REVIEW,0
21425,PII,POLARIS INDUSTRIES INC,POLARIS IND,POLARIS FINANCIAL TECHNOLOGY LTD,POLARIS FINANCIAL TECH,3,2013,2014,T3_REVIEW,0
21425,PII,POLARIS INDUSTRIES INC,POLARIS IND,POLARIS SURGICAL LLC,POLARIS SURGICAL,3,2013,2015,T3_REVIEW,0
21425,PII,POLARIS INDUSTRIES INC,POLARIS IND,POLARIS PHARMACEUTICALS INC,POLARIS PHARMACEUTICALS,3,2017,2023,T3_REVIEW,0
21425,PII,POLARIS INDUSTRIES INC,POLARIS IND,POLARIS TECH GLOBAL LTD,POLARIS TECH GLOBAL,3,2015,2016,T3_REVIEW,0
39138,PSO,PEARSON PLC,PEARSON,PEARSON EDUCATION INC,PEARSON EDUCATION,344,2012,2025,T3_REVIEW,1
39138,PSO,PEARSON PLC,PEARSON,PEARSON ENG LTD,PEARSON ENG,13,2013,2022,T3_REVIEW,1
39138,PSO,PEARSON PLC,PEARSON,PEARSON MAN SERVICES LIMITED,PEARSON MAN SERVICES,11,2018,2020,T3_REVIEW,1
39138,PSO,PEARSON PLC,PEARSON,PEARSON PACKAGING SYSTEMS,PEARSON PACKAGING SYS,10,2010,2024,T3_REVIEW,1
39138,PSO,PEARSON PLC,PEARSON,PEARSON CO R A,PEARSON CO R A,8,2011,2018,T3_REVIEW,1
39138,PSO,PEARSON PLC,PEARSON,PEARSON TREVOR,PEARSON TREVOR,6,2010,2012,T3_REVIEW,1
39138,PSO,PEARSON PLC,PEARSON,PEARSON SIANI,PEARSON SIANI,5,2010,2011,T3_REVIEW,1
39138,PSO,PEARSON PLC,PEARSON,PEARSON LEVI,PEARSON LEVI,5,2011,2011,T3_REVIEW,1
39138,PSO,PEARSON PLC,PEARSON,PEARSON ROBERT MANSELL,PEARSON ROBERT MANSELL,5,2024,2025,T3_REVIEW,1
39138,PSO,PEARSON PLC,PEARSON,PEARSON MEGHAN,PEARSON MEGHAN,4,2012,2012,T3_REVIEW,1
39138,PSO,PEARSON PLC,PEARSON,PEARSON PAUL DREWRY,PEARSON PAUL DREWRY,4,2012,2023,T3_REVIEW,1
39138,PSO,PEARSON PLC,PEARSON,PEARSON MALCOLM ERIK,PEARSON MALCOLM ERIK,3,2010,2010,T3_REVIEW,1
39138,PSO,PEARSON PLC,PEARSON,PEARSON DAVE,PEARSON DAVE,3,2010,2014,T3_REVIEW,1
39138,PSO,PEARSON PLC,PEARSON,PEARSON CHADWICK PHILLIP,PEARSON CHADWICK PHILLIP,3,2015,2024,T3_REVIEW,1
47003,RDS,ROYAL DUTCH SHELL PLC,SHELL,SHELL OIL CO,SHELL OIL,1619,2010,2022,T3_REVIEW,1
47003,RDS,ROYAL DUTCH SHELL PLC,ROYAL DUTCH SHELL,ROYAL BANK OF CANADA,ROYAL BANK OF CANADA,443,2010,2025,T3_REVIEW,0
47003,RDS,ROYAL DUTCH SHELL PLC,ROYAL DUTCH SHELL,THE ROYAL INSTITUTION FOR THE ADVANCEMENT OF LEARNING/MCGILL UNIV,ROYAL INSTITUTION FOR THE ADVANCEMENT OF LEARNING MCGILL UNIV,189,2016,2025,T3_REVIEW,0
47003,RDS,ROYAL DUTCH SHELL PLC,SHELL,SHELL USA INC,SHELL USA,106,2020,2025,T3_REVIEW,1
47003,RDS,ROYAL DUTCH SHELL PLC,SHELL,SHELL INT RESEARCH,SHELL INT RES,61,2010,2022,T3_REVIEW,1
47003,RDS,ROYAL DUTCH SHELL PLC,ROYAL DUTCH SHELL,THE ROYAL INSTITUTION FOR THE ADVANCEMENT OF LEARNING / MCGILL UNIV,ROYAL INSTITUTION FOR THE ADVANCEMENT OF LEARNING MCGILL UNIV,44,2016,2025,T3_REVIEW,0
47003,RDS,ROYAL DUTCH SHELL PLC,ROYAL DUTCH SHELL,ROYAL CARIBBEAN CRUISES LTD,ROYAL CARIBBEAN CRUISES,38,2018,2025,T3_REVIEW,0
47003,RDS,ROYAL DUTCH SHELL PLC,ROYAL DUTCH SHELL,THE ROYAL INST FOR THE ADVANCEMENT OF LEARNING/MCGILL UNIV,ROYAL INST FOR THE ADVANCEMENT OF LEARNING MCGILL UNIV,36,2014,2017,T3_REVIEW,0
47003,RDS,ROYAL DUTCH SHELL PLC,ROYAL DUTCH SHELL,ROYAL COLLEGE SURGEONS IRELAND,ROYAL COLLEGE SURGEONS IRELAND,27,2010,2025,T3_REVIEW,0
47003,RDS,ROYAL DUTCH SHELL PLC,ROYAL DUTCH SHELL,ROYAL COLLEGE OF SURGEONS IE,ROYAL COLLEGE OF SURGEONS IE,21,2010,2022,T3_REVIEW,0
47003,RDS,ROYAL DUTCH SHELL PLC,ROYAL DUTCH SHELL,ROYAL HOLLOWAY & BEDFORD NEW COLLEGE,ROYAL HOLLOWAY BEDFORD NEW COLLEGE,19,2015,2023,T3_REVIEW,0
47003,RDS,ROYAL DUTCH SHELL PLC,ROYAL DUTCH SHELL,ROYAL PREC PRODUCTS LLC,ROYAL PREC PRODUCTS,14,2020,2022,T3_REVIEW,0
47003,RDS,ROYAL DUTCH SHELL PLC,SHELL,SHELL CANADA ENERGY,SHELL CANADA ENERGY,12,2013,2015,T3_REVIEW,1
47003,RDS,ROYAL DUTCH SHELL PLC,ROYAL DUTCH SHELL,ROYAL GROUP INC,ROYAL,10,2011,2020,T3_REVIEW,0
47003,RDS,ROYAL DUTCH SHELL PLC,ROYAL DUTCH SHELL,THE ROYAL VETERINARY COLLEGE,ROYAL VETERINARY COLLEGE,10,2014,2023,T3_REVIEW,0
47003,RDS,ROYAL DUTCH SHELL PLC,ROYAL DUTCH SHELL,ROYAL BANK SCOTLAND PLC,ROYAL BANK SCOTLAND,10,2010,2014,T3_REVIEW,0
47003,RDS,ROYAL DUTCH SHELL PLC,ROYAL DUTCH SHELL,ROYAL CANADIAN MINT MONNAIE ROYALE CANADIENNE,ROYAL CANADIAN MINT MONNAIE ROYALE CANADIENNE,10,2010,2014,T3_REVIEW,0
47003,RDS,ROYAL DUTCH SHELL PLC,ROYAL DUTCH SHELL,ROYAL TRUCK & EQUIPMENT INC,ROYAL TRUCK EQUIP,9,2016,2023,T3_REVIEW,0
47003,RDS,ROYAL DUTCH SHELL PLC,ROYAL DUTCH SHELL,THE ROYAL INST FOR THE ADVANCEMENT OF LEARNING / MCGILL UNIV,ROYAL INST FOR THE ADVANCEMENT OF LEARNING MCGILL UNIV,9,2014,2016,T3_REVIEW,0
47003,RDS,ROYAL DUTCH SHELL PLC,ROYAL DUTCH SHELL,ROYAL CONSUMER PRODUCTS LLC,ROYAL CONSUMER PRODUCTS,9,2010,2022,T3_REVIEW,0
47003,RDS,ROYAL DUTCH SHELL PLC,ROYAL DUTCH SHELL,ROYAL IHC LTD,ROYAL IHC,8,2016,2023,T3_REVIEW,0
47003,RDS,ROYAL DUTCH SHELL PLC,ROYAL DUTCH SHELL,THE ROYAL MARSDEN NHS FOUND TRUST,ROYAL MARSDEN NHS FOUND,8,2018,2025,T3_REVIEW,0
47003,RDS,ROYAL DUTCH SHELL PLC,ROYAL DUTCH SHELL,ROYAL DUYVIS WIENER BV,ROYAL DUYVIS WIENER,7,2013,2020,T3_REVIEW,0
47003,RDS,ROYAL DUTCH SHELL PLC,SHELL,SHELL INTERNET BEIJING SECURITY TECHNOLOGY CO LTD,SHELL INTERNET BEIJING SECURITY TECH,7,2013,2015,T3_REVIEW,1
47003,RDS,ROYAL DUTCH SHELL PLC,ROYAL DUTCH SHELL,ROYAL INST FOR THE ADVANCEMENT OF LEARNING MCGILL UNIVERSITY,ROYAL INST FOR THE ADVANCEMENT OF LEARNING MCGILL UNIV,6,2010,2015,T3_REVIEW,0
47003,RDS,ROYAL DUTCH SHELL PLC,ROYAL DUTCH SHELL,ROYAL BIOTECH INC,ROYAL BIOTECH,6,2020,2024,T3_REVIEW,0
47003,RDS,ROYAL DUTCH SHELL PLC,SHELL,SHELL INTERNET (BEIJING) SECURITY TECH CO LTD,SHELL INTERNET BEIJING SECURITY TECH,6,2014,2014,T3_REVIEW,1
47003,RDS,ROYAL DUTCH SHELL PLC,ROYAL DUTCH SHELL,ROYAL HOLLOWAY UNIVERSITY OF LONDON,ROYAL HOLLOWAY UNIV OF LONDON,5,2011,2015,T3_REVIEW,0
47003,RDS,ROYAL DUTCH SHELL PLC,ROYAL DUTCH SHELL,ROYAL ADHESIVES & SEALANTS CANADA LTD,ROYAL ADHESIVES SEALANTS CANADA,5,2013,2020,T3_REVIEW,0
47003,RDS,ROYAL DUTCH SHELL PLC,ROYAL DUTCH SHELL,ROYAL HOLLOWAY UNIV OF LONDON,ROYAL HOLLOWAY UNIV OF LONDON,5,2014,2022,T3_REVIEW,0
47003,RDS,ROYAL DUTCH SHELL PLC,ROYAL DUTCH SHELL,ROYAL MINT LTD,ROYAL MINT,5,2013,2015,T3_REVIEW,0
47003,RDS,ROYAL DUTCH SHELL PLC,ROYAL DUTCH SHELL,ROYAL APP LTD,ROYAL APP,4,2016,2021,T3_REVIEW,0
47003,RDS,ROYAL DUTCH SHELL PLC,ROYAL DUTCH SHELL,ROYAL COLLEGE OF ART,ROYAL COLLEGE OF ART,4,2011,2021,T3_REVIEW,0
47003,RDS,ROYAL DUTCH SHELL PLC,ROYAL DUTCH SHELL,ROYAL BUILDING PRODUCTS USA INC,ROYAL BUILDING PRODUCTS USA,4,2016,2022,T3_REVIEW,0
47003,RDS,ROYAL DUTCH SHELL PLC,ROYAL DUTCH SHELL,Royal Biologics,ROYAL BIOLOGICS,4,2016,2024,T3_REVIEW,0
47003,RDS,ROYAL DUTCH SHELL PLC,ROYAL DUTCH SHELL,ROYAL ENG COMPOSITES INC,ROYAL ENG COMPOSITES,4,2022,2022,T3_REVIEW,0
47003,RDS,ROYAL DUTCH SHELL PLC,ROYAL DUTCH SHELL,ROYAL DIE & STAMPING CO INC,ROYAL DIE STAMPING,4,2014,2018,T3_REVIEW,0
47003,RDS,ROYAL DUTCH SHELL PLC,ROYAL DUTCH SHELL,THE ROYAL INSTITUTION FOR THE ADVANCEMENT OF LEARNING/ MCGILL UNIV,ROYAL INSTITUTION FOR THE ADVANCEMENT OF LEARNING MCGILL UNIV,4,2017,2020,T3_REVIEW,0
47003,RDS,ROYAL DUTCH SHELL PLC,ROYAL DUTCH SHELL,ROYAL ADHESIVES AND SEALANTS LLC,ROYAL ADHESIVES AND SEALANTS,4,2013,2022,T3_REVIEW,0
47003,RDS,ROYAL DUTCH SHELL PLC,ROYAL DUTCH SHELL,ROYAL BOON EDAM INT B V,ROYAL BOON EDAM INT B V,4,2018,2024,T3_REVIEW,0
47003,RDS,ROYAL DUTCH SHELL PLC,ROYAL DUTCH SHELL,THE ROYAL INSTITUTION FOR THE ADVANCEMENT OF LEARNING /MCGILL UNIV,ROYAL INSTITUTION FOR THE ADVANCEMENT OF LEARNING MCGILL UNIV,3,2017,2020,T3_REVIEW,0
47003,RDS,ROYAL DUTCH SHELL PLC,ROYAL DUTCH SHELL,ROYAL VETERINARY COLLEGE,ROYAL VETERINARY COLLEGE,3,2010,2013,T3_REVIEW,0
47003,RDS,ROYAL DUTCH SHELL PLC,ROYAL DUTCH SHELL,ROYAL BOX GROUP LLC,ROYAL BOX,3,2016,2020,T3_REVIEW,0
47003,RDS,ROYAL DUTCH SHELL PLC,ROYAL DUTCH SHELL,ROYAL TECHNOLOGIES CORP,ROYAL TECH,3,2013,2014,T3_REVIEW,0
47003,RDS,ROYAL DUTCH SHELL PLC,ROYAL DUTCH SHELL,ROYAL METAL IND CO LTD,ROYAL METAL IND,3,2021,2021,T3_REVIEW,0
47003,RDS,ROYAL DUTCH SHELL PLC,ROYAL DUTCH SHELL,ROYAL COMPLETION TOOLS LLC,ROYAL COMPLETION TOOLS,3,2023,2025,T3_REVIEW,0
47003,RDS,ROYAL DUTCH SHELL PLC,ROYAL DUTCH SHELL,ROYAL VENDORS INC,ROYAL VENDORS,3,2014,2018,T3_REVIEW,0
47003,RDS,ROYAL DUTCH SHELL PLC,ROYAL DUTCH SHELL,ROYAL EIJKELKAMP B V,ROYAL EIJKELKAMP B V,3,2020,2023,T3_REVIEW,0
47003,RDS,ROYAL DUTCH SHELL PLC,ROYAL DUTCH SHELL,ROYAL BRUSH MFG INC,ROYAL BRUSH MFG,3,2016,2019,T3_REVIEW,0
47003,RDS,ROYAL DUTCH SHELL PLC,ROYAL DUTCH SHELL,THE ROYAL INSTITUTE FOR THE ADVANCEMENT OF LEARNING/MCGILL UNIV,ROYAL INSTITUTE FOR THE ADVANCEMENT OF LEARNING MCGILL UNIV,3,2016,2018,T3_REVIEW,0
47003,RDS,ROYAL DUTCH SHELL PLC,ROYAL DUTCH SHELL,ROYAL HOUDIJK B V,ROYAL HOUDIJK B V,3,2023,2025,T3_REVIEW,0
47003,RDS,ROYAL DUTCH SHELL PLC,ROYAL DUTCH SHELL,ROYAL JOHN HENRI,ROYAL JOHN HENRI,3,2010,2015,T3_REVIEW,0
47003,RDS,ROYAL DUTCH SHELL PLC,ROYAL DUTCH SHELL,ROYAL MASTER GRINDERS INC,ROYAL MASTER GRINDERS,3,2021,2025,T3_REVIEW,0
47003,RDS,ROYAL DUTCH SHELL PLC,ROYAL DUTCH SHELL,THE ROYAL MINT LTD,ROYAL MINT,3,2016,2018,T3_REVIEW,0
47003,RDS,ROYAL DUTCH SHELL PLC,SHELL,SHELL SHOCK TECH LLC,SHELL SHOCK TECH,3,2019,2024,T3_REVIEW,1
30501,RELX,RELX PLC,REED ELSEVIER,REED ALASTAIR M,REED ALASTAIR M,18,2010,2012,T3_REVIEW,0
30501,RELX,RELX PLC,REED ELSEVIER,REED MAX WILLIAM,REED MAX WILLIAM,15,2010,2012,T3_REVIEW,0
30501,RELX,RELX PLC,REED ELSEVIER,REED Kieran,REED KIERAN,14,2016,2022,T3_REVIEW,0
30501,RELX,RELX PLC,REED ELSEVIER,REED LORIN,REED LORIN,10,2014,2021,T3_REVIEW,0
30501,RELX,RELX PLC,REED ELSEVIER,REED SEMICONDUCTOR CORP,REED SEMICONDUCTOR,8,2022,2025,T3_REVIEW,0
30501,RELX,RELX PLC,REED ELSEVIER,REED RYLAND M,REED RYLAND M,8,2011,2012,T3_REVIEW,0
30501,RELX,RELX PLC,REED ELSEVIER,REED SONIA,REED SONIA,7,2012,2017,T3_REVIEW,0
30501,RELX,RELX PLC,REED ELSEVIER,REED ADVANCED MAT PTY LTD,REED ADVANCED MAT,6,2014,2023,T3_REVIEW,0
30501,RELX,RELX PLC,REED ELSEVIER,REED GEORGE ASHFORD,REED GEORGE ASHFORD,5,2015,2016,T3_REVIEW,0
30501,RELX,RELX PLC,REED ELSEVIER,REED COKE S,REED COKE S,5,2011,2019,T3_REVIEW,0
30501,RELX,RELX PLC,REED ELSEVIER,REED DANNY ALLEN,REED DANNY ALLEN,5,2010,2012,T3_REVIEW,0
30501,RELX,RELX PLC,REED ELSEVIER,REED MARK JEFFERSON,REED MARK JEFFERSON,4,2014,2019,T3_REVIEW,0
30501,RELX,RELX PLC,REED ELSEVIER,REED MFG CO,REED MFG,4,2014,2024,T3_REVIEW,0
30501,RELX,RELX PLC,REED ELSEVIER,REED MICHAEL LEON,REED MICHAEL LEON,4,2010,2010,T3_REVIEW,0
30501,RELX,RELX PLC,REED ELSEVIER,REED GUDRUN,REED GUDRUN,4,2010,2017,T3_REVIEW,0
30501,RELX,RELX PLC,REED ELSEVIER,REED SHERRI,REED SHERRI,4,2010,2011,T3_REVIEW,0
30501,RELX,RELX PLC,REED ELSEVIER,REED JUDSON,REED JUDSON,3,2010,2017,T3_REVIEW,0
30501,RELX,RELX PLC,REED ELSEVIER,REED WESLEY,REED WESLEY,3,2011,2013,T3_REVIEW,0
30501,RELX,RELX PLC,REED ELSEVIER,REED III THOMAS INARD,REED III THOMAS INARD,3,2014,2020,T3_REVIEW,0
30501,RELX,RELX PLC,REED ELSEVIER,REED GORDON MILLER,REED GORDON MILLER,3,2012,2012,T3_REVIEW,0
30501,RELX,RELX PLC,REED ELSEVIER,Reed Amanda,REED AMANDA,3,2024,2025,T3_REVIEW,0
30501,RELX,RELX PLC,REED ELSEVIER,REED II HENRY VERNON,REED II HENRY VERNON,3,2015,2019,T3_REVIEW,0
30501,RELX,RELX PLC,REED ELSEVIER,REED SAM,REED SAM,3,2010,2011,T3_REVIEW,0
30501,RELX,RELX PLC,REED ELSEVIER,REED III FLOYD E,REED III FLOYD E,3,2020,2021,T3_REVIEW,0
30501,RELX,RELX PLC,REED ELSEVIER,REED PAMELA J,REED PAMELA J,3,2010,2011,T3_REVIEW,0
58063,RGTI,RIGETTI COMPUTING INC,RIGETTI COMPUTING,RIGETTI & CO INC,RIGETTI,42,2015,2024,T3_REVIEW,0
58063,RGTI,RIGETTI COMPUTING INC,RIGETTI COMPUTING,RIGETTI & CO LLC,RIGETTI,38,2021,2025,T3_REVIEW,0
58063,RGTI,RIGETTI COMPUTING INC,SUPERNOVA PRTNRS ACQ CO II,SUPERNOVA DIAGNOSTICS INC,SUPERNOVA DIAGNOSTICS,6,2010,2015,T3_REVIEW,0
58063,RGTI,RIGETTI COMPUTING INC,SUPERNOVA PRTNRS ACQ CO II,SUPERNOVA BIO CO LTD,SUPERNOVA BIO,4,2020,2024,T3_REVIEW,0
16753,RHT,RED HAT INC,RED HAT,RED COM INC,RED COM,54,2010,2017,T3_REVIEW,0
16753,RHT,RED HAT INC,RED HAT,RED BULL GMBH,RED BULL,43,2010,2025,T3_REVIEW,0
16753,RHT,RED HAT INC,RED HAT,RED BEND LTD,RED BEND,27,2010,2024,T3_REVIEW,0
16753,RHT,RED HAT INC,RED HAT,RED SIX AEROSPACE INC,RED SIX AEROSPACE,25,2021,2025,T3_REVIEW,0
16753,RHT,RED HAT INC,RED HAT,RED TAIL HAWK CORP,RED TAIL HAWK,25,2010,2024,T3_REVIEW,0
16753,RHT,RED HAT INC,RED HAT,RED LEAF RESOURCES INC,RED LEAF RESOURCES,25,2010,2025,T3_REVIEW,0
16753,RHT,RED HAT INC,RED HAT,RED POINT POSITIONING CORP,RED POINT POSITIONING,24,2014,2022,T3_REVIEW,0
16753,RHT,RED HAT INC,RED HAT,RED COM LLC,RED COM,23,2017,2023,T3_REVIEW,0
16753,RHT,RED HAT INC,RED HAT,RED BANK TECH LLC,RED BANK TECH,18,2016,2025,T3_REVIEW,0
16753,RHT,RED HAT INC,RED HAT,RED WING SHOE CO,RED WING SHOE,18,2010,2024,T3_REVIEW,0
16753,RHT,RED HAT INC,RED HAT,RED LEADER TECH INC,RED LEADER TECH,15,2019,2024,T3_REVIEW,0
16753,RHT,RED HAT INC,RED HAT,RED MOUNTAIN MED SPA LLC,RED MOUNTAIN MED,12,2013,2025,T3_REVIEW,0
16753,RHT,RED HAT INC,RED HAT,RED LION 49 LTD,RED LION 49,10,2011,2018,T3_REVIEW,0
16753,RHT,RED HAT INC,RED HAT,RED VALVE CO INC,RED VALVE,10,2012,2025,T3_REVIEW,0
16753,RHT,RED HAT INC,RED HAT,RED DEVIL INC,RED DEVIL,9,2014,2025,T3_REVIEW,0
16753,RHT,RED HAT INC,RED HAT,RED BALLOON SECURITY INC,RED BALLOON SECURITY,9,2016,2024,T3_REVIEW,0
16753,RHT,RED HAT INC,RED HAT,RED LAMBDA INC,RED LAMBDA,8,2012,2015,T3_REVIEW,0
16753,RHT,RED HAT INC,RED HAT,RED CREAMERY LLC,RED CREAMERY,7,2020,2025,T3_REVIEW,0
16753,RHT,RED HAT INC,RED HAT,RED SPIDER TECHNOLOGY LTD,RED SPIDER TECH,6,2011,2013,T3_REVIEW,0
16753,RHT,RED HAT INC,RED HAT,RED OAK INNOVATIONS LTD,RED OAK INNOVATIONS,6,2024,2025,T3_REVIEW,0
16753,RHT,RED HAT INC,RED HAT,RED BOX RECORDERS LTD,RED BOX RECORDERS,6,2018,2023,T3_REVIEW,0
16753,RHT,RED HAT INC,RED HAT,RED RHINO LEAK DETECTION INC,RED RHINO LEAK DETECTION,5,2018,2023,T3_REVIEW,0
16753,RHT,RED HAT INC,RED HAT,RED AUTOMOTIVE TECH PTY LTD,RED AUTOMOTIVE TECH,5,2016,2023,T3_REVIEW,0
16753,RHT,RED HAT INC,RED HAT,RED HEN SYSTEMS LLC,RED HEN SYS,5,2016,2017,T3_REVIEW,0
16753,RHT,RED HAT INC,RED HAT,RED OAX HOLDINGS LLC,RED OAX,5,2014,2014,T3_REVIEW,0
16753,RHT,RED HAT INC,RED HAT,RED STAR HOLDINGS LLC,RED STAR,5,2024,2024,T3_REVIEW,0
16753,RHT,RED HAT INC,RED HAT,RED SEA FARMS LTD,RED SEA FARMS,5,2024,2024,T3_REVIEW,0
16753,RHT,RED HAT INC,RED HAT,RED RIVER TEA COMPANY,RED RIVER TEA,5,2019,2025,T3_REVIEW,0
16753,RHT,RED HAT INC,RED HAT,Red Analytics Pty Ltd,RED ANALYTICS,4,2018,2020,T3_REVIEW,0
16753,RHT,RED HAT INC,RED HAT,RED HILL BIOPHARMA LTD,RED HILL BIOPHARMA,4,2012,2014,T3_REVIEW,0
16753,RHT,RED HAT INC,RED HAT,RED SEA AQUATICS DEV LTD,RED SEA AQUATICS DEV,4,2021,2024,T3_REVIEW,0
16753,RHT,RED HAT INC,RED HAT,RED PILL VR INC,RED PILL VR,4,2017,2017,T3_REVIEW,0
16753,RHT,RED HAT INC,RED HAT,RED WEATHER SYSTEMS INC,RED WEATHER SYS,4,2023,2025,T3_REVIEW,0
16753,RHT,RED HAT INC,RED HAT,RED LION BIO ENERGY TECHNOLOGIES,RED LION BIO ENERGY TECH,4,2011,2011,T3_REVIEW,0
16753,RHT,RED HAT INC,RED HAT,RED PATENT B V,RED PATENT B V,4,2011,2013,T3_REVIEW,0
16753,RHT,RED HAT INC,RED HAT,RED LION CONTROLS INC,RED LION CONTROLS,3,2013,2021,T3_REVIEW,0
16753,RHT,RED HAT INC,RED HAT,RED SENSORS LTD,RED SENSORS,3,2017,2023,T3_REVIEW,0
16753,RHT,RED HAT INC,RED HAT,RED C OPTICAL NETWORKS LTD,RED C OPTICAL NETWORKS,3,2010,2012,T3_REVIEW,0
16753,RHT,RED HAT INC,RED HAT,RED CLOUD INC,RED CLOUD,3,2018,2024,T3_REVIEW,0
16753,RHT,RED HAT INC,RED HAT,RED GIANT INC,RED GIANT,3,2012,2014,T3_REVIEW,0
16753,RHT,RED HAT INC,RED HAT,Red Bag Solutions,RED BAG SOLUTIONS,3,2011,2014,T3_REVIEW,0
16753,RHT,RED HAT INC,RED HAT,RED FLINT GROUP LLC,RED FLINT,3,2014,2018,T3_REVIEW,0
16753,RHT,RED HAT INC,RED HAT,RED AVENUE NEW MAT GROUP CO LTD,RED AVENUE NEW MAT,3,2018,2022,T3_REVIEW,0
16753,RHT,RED HAT INC,RED HAT,Red Coral Acupuncture Supplies Pty Ltd,RED CORAL ACUPUNCTURE SUPPLIES,3,2020,2024,T3_REVIEW,0
16753,RHT,RED HAT INC,RED HAT,RED CORAL IP HOLDING COMPANY INC,RED CORAL IP,3,2020,2021,T3_REVIEW,0
16753,RHT,RED HAT INC,RED HAT,RED WIRE OY,RED WIRE,3,2016,2017,T3_REVIEW,0
16753,RHT,RED HAT INC,RED HAT,RED FIRE INTERNAT CO LTD,RED FIRE INTERNAT,3,2013,2014,T3_REVIEW,0
16753,RHT,RED HAT INC,RED HAT,RED MILAWA PTY LTD,RED MILAWA,3,2014,2020,T3_REVIEW,0
16753,RHT,RED HAT INC,RED HAT,RED ATLAS INC,RED ATLAS,3,2024,2024,T3_REVIEW,0
16753,RHT,RED HAT INC,RED HAT,RED VASCULAR TECH LLC,RED VASCULAR TECH,3,2017,2018,T3_REVIEW,0
16753,RHT,RED HAT INC,RED HAT,RED DEVIL EQUIPMENT CO,RED DEVIL EQUIP,3,2013,2013,T3_REVIEW,0
26084,RIO,RIO TINTO PLC,RIO TINTO,RIO BRANDS LLC,RIO BRANDS,16,2015,2021,T3_REVIEW,0
26084,RIO,RIO TINTO PLC,RIO TINTO,RIO SYSTEMS LTD,RIO SYS,3,2011,2011,T3_REVIEW,0
26084,RIO,RIO TINTO PLC,RIO TINTO,RIO PARANA ENERGIA S A,RIO PARANA ENERGIA S A,3,2021,2024,T3_REVIEW,0
26084,RIO,RIO TINTO PLC,RIO TINTO,RIO GRANDE NEUROSCIENCES INC,RIO GRANDE NEUROSCIENCES,3,2013,2016,T3_REVIEW,0
57140,RLAY,RELAY THERAPEUTICS INC,RELAY THERAPEUTICS,RELAY PAYMENTS INC,RELAY PAYMENTS,7,2023,2025,T3_REVIEW,0
57140,RLAY,RELAY THERAPEUTICS INC,RELAY THERAPEUTICS,RELAY HOLDINGS LLC,RELAY,6,2010,2011,T3_REVIEW,0
57140,RLAY,RELAY THERAPEUTICS INC,RELAY THERAPEUTICS,RELAY INC,RELAY,3,2024,2024,T3_REVIEW,0
21526,ROG,ROGERS CORP,ROGERS,ROGERS GERMANY GMBH,ROGERS GERMANY,38,2013,2023,T3_REVIEW,1
21526,ROG,ROGERS CORP,ROGERS,ROGERS COMMUNICATIONS INC,ROGERS COMMUNICATIONS,37,2010,2014,T3_REVIEW,1
21526,ROG,ROGERS CORP,ROGERS,ROGERS-EVANS MARK,ROGERS EVANS MARK,19,2010,2014,T3_REVIEW,1
21526,ROG,ROGERS CORP,ROGERS,ROGERS LESCO L,ROGERS LESCO L,14,2010,2012,T3_REVIEW,1
21526,ROG,ROGERS CORP,ROGERS,ROGERS CAREY SHAWN,ROGERS CAREY SHAWN,12,2010,2012,T3_REVIEW,1
21526,ROG,ROGERS CORP,ROGERS,ROGERS ATHLETIC COMPANY INC,ROGERS ATHLETIC,11,2014,2019,T3_REVIEW,1
21526,ROG,ROGERS CORP,ROGERS,ROGERS ROBERT DERWARD,ROGERS ROBERT DERWARD,11,2011,2020,T3_REVIEW,1
21526,ROG,ROGERS CORP,ROGERS,ROGERS EVAN,ROGERS EVAN,9,2011,2013,T3_REVIEW,1
21526,ROG,ROGERS CORP,ROGERS,ROGERS BOBBY E,ROGERS BOBBY E,8,2011,2013,T3_REVIEW,1
21526,ROG,ROGERS CORP,ROGERS,ROGERS INOAC CORP,ROGERS INOAC,7,2012,2023,T3_REVIEW,1
21526,ROG,ROGERS CORP,ROGERS,ROGERS HENK B,ROGERS HENK B,6,2012,2016,T3_REVIEW,1
21526,ROG,ROGERS CORP,ROGERS,ROGERS SCIENCES INC,ROGERS SCIENT,6,2012,2020,T3_REVIEW,1
21526,ROG,ROGERS CORP,ROGERS,Rogers Family Trust,ROGERS FAMILY,5,2011,2016,T3_REVIEW,1
21526,ROG,ROGERS CORP,ROGERS,ROGERS GRANT,ROGERS GRANT,5,2010,2011,T3_REVIEW,1
21526,ROG,ROGERS CORP,ROGERS,ROGERS ORLEY DAVID,ROGERS ORLEY DAVID,4,2011,2012,T3_REVIEW,1
21526,ROG,ROGERS CORP,ROGERS,ROGERS ARPI,ROGERS ARPI,4,2015,2021,T3_REVIEW,1
21526,ROG,ROGERS CORP,ROGERS,ROGERS SHANE,ROGERS SHANE,4,2014,2021,T3_REVIEW,1
21526,ROG,ROGERS CORP,ROGERS,ROGERS DOLLEVA,ROGERS DOLLEVA,4,2010,2011,T3_REVIEW,1
21526,ROG,ROGERS CORP,ROGERS,ROGERS ELIOT,ROGERS ELIOT,4,2011,2014,T3_REVIEW,1
21526,ROG,ROGERS CORP,ROGERS,ROGERS ATHLETIC CO,ROGERS ATHLETIC,4,2013,2015,T3_REVIEW,1
21526,ROG,ROGERS CORP,ROGERS,ROGERS RONAN,ROGERS RONAN,4,2011,2012,T3_REVIEW,1
21526,ROG,ROGERS CORP,ROGERS,ROGERS LEIF,ROGERS LEIF,3,2010,2023,T3_REVIEW,1
21526,ROG,ROGERS CORP,ROGERS,ROGERS BRAYTON CAMERON,ROGERS BRAYTON CAMERON,3,2019,2023,T3_REVIEW,1
21526,ROG,ROGERS CORP,ROGERS,ROGERS COURTNEY GENE,ROGERS COURTNEY GENE,3,2014,2016,T3_REVIEW,1
21526,ROG,ROGERS CORP,ROGERS,ROGERS SIMON DARRYL,ROGERS SIMON DARRYL,3,2012,2012,T3_REVIEW,1
21526,ROG,ROGERS CORP,ROGERS,ROGERS DAVID MARRELL,ROGERS DAVID MARRELL,3,2013,2017,T3_REVIEW,1
21526,ROG,ROGERS CORP,ROGERS,ROGERS PAULA,ROGERS PAULA,3,2011,2013,T3_REVIEW,1
21526,ROG,ROGERS CORP,ROGERS,ROGERS OIL TOOLS LLC,ROGERS OIL TOOLS,3,2017,2021,T3_REVIEW,1
21526,ROG,ROGERS CORP,ROGERS,ROGERS ELDON C,ROGERS ELDON C,3,2010,2011,T3_REVIEW,1
21526,ROG,ROGERS CORP,ROGERS,ROGERS SAM,ROGERS SAM,3,2011,2012,T3_REVIEW,1
51816,ROSG,ROSETTA GENOMICS LTD,ROSETTA GENOMICS,ROSETTA STONE LTD,ROSETTA STONE,13,2010,2020,T3_REVIEW,0
51816,ROSG,ROSETTA GENOMICS LTD,ROSETTA GENOMICS,ROSETTA HARDSCAPES LLC,ROSETTA HARDSCAPES,5,2011,2021,T3_REVIEW,0
51816,ROSG,ROSETTA GENOMICS LTD,ROSETTA GENOMICS,ROSETTA EXOSOME,ROSETTA EXOSOME,5,2018,2020,T3_REVIEW,0
55867,SNAP,SNAP INC,SNAP,SNAP ON TOOLS CORP,SNAP ON TOOLS,355,2010,2022,T3_REVIEW,1
55867,SNAP,SNAP INC,SNAP,SNAP ON INCORPORATED,SNAP ON,222,2015,2025,T3_REVIEW,1
55867,SNAP,SNAP INC,SNAP,SNAP ON EQUIP SRL UNICO SOCIO,SNAP ON EQUIP SRL UNICO SOCIO,31,2010,2025,T3_REVIEW,1
55867,SNAP,SNAP INC,SNAP,SNAP ONE LLC,SNAP ONE,22,2022,2025,T3_REVIEW,1
55867,SNAP,SNAP INC,SNAP,SNAP CPAP LLC,SNAP CPAP,13,2017,2025,T3_REVIEW,1
55867,SNAP,SNAP INC,SNAP,SNAP TRENDS INC,SNAP TRENDS,9,2012,2015,T3_REVIEW,1
55867,SNAP,SNAP INC,SNAP,SNAP-ON EQUIPMENT SRL A UNICO SOCIO,SNAP ON EQUIP SRL A UNICO SOCIO,6,2015,2017,T3_REVIEW,1
55867,SNAP,SNAP INC,SNAP,SNAP OUT SOLUTIONS LLC,SNAP OUT SOLUTIONS,5,2014,2020,T3_REVIEW,1
55867,SNAP,SNAP INC,SNAP,SNAP LOCK IND INC,SNAP LOCK IND,4,2012,2021,T3_REVIEW,1
55867,SNAP,SNAP INC,SNAP,SNAP LOC CARGO CONTROL SYSTEMS LLC,SNAP LOC CARGO CONTROL SYS,3,2011,2018,T3_REVIEW,1
55867,SNAP,SNAP INC,SNAP,SNAP BIO INC,SNAP BIO,3,2018,2022,T3_REVIEW,1
55867,SNAP,SNAP INC,SNAP,SNAP ON TOOLS CANADA LTD,SNAP ON TOOLS CANADA,3,2013,2015,T3_REVIEW,1
55867,SNAP,SNAP INC,SNAP,SNAP ON EQUIPMENT S R L A UNICO SOCIO,SNAP ON EQUIP S R L A UNICO SOCIO,3,2023,2024,T3_REVIEW,1
55867,SNAP,SNAP INC,SNAP,SNAP ON EQUIPMENT SRL,SNAP ON EQUIP,3,2016,2018,T3_REVIEW,1
55867,SNAP,SNAP INC,SNAP,SNAP AID PATENTS LTD,SNAP AID PATENTS,3,2016,2020,T3_REVIEW,1
55867,SNAP,SNAP INC,SNAP,SNAP ON CLIMATE SOLUTIONS S R L,SNAP ON CLIMATE SOLUTIONS S R L,3,2016,2017,T3_REVIEW,1
21633,SNE,SONY CORP,SONY,SONY SEMICONDUCTOR SOLUTIONS CORP,SONY SEMICONDUCTOR SOLUTIONS,4676,2015,2025,T3_REVIEW,1
21633,SNE,SONY CORP,SONY,SONY INTERACTIVE ENTERTAINMENT INC,SONY INTERACTIVE ENTERTAINMENT,2735,2014,2025,T3_REVIEW,1
21633,SNE,SONY CORP,SONY,SONY COMPUTER ENTERTAINMENT INC,SONY COMPUTER ENTERTAINMENT,874,2010,2016,T3_REVIEW,1
21633,SNE,SONY CORP,SONY,Sony Interactive Entertainment LLC,SONY INTERACTIVE ENTERTAINMENT,711,2016,2025,T3_REVIEW,1
21633,SNE,SONY CORP,SONY,SONY MOBILE COMMUNICATIONS INC,SONY MOBILE COMMUNICATIONS,461,2013,2025,T3_REVIEW,1
21633,SNE,SONY CORP,SONY,SONY OLYMPUS MEDICAL SOLUTIONS INC,SONY OLYMPUS MEDICAL SOLUTIONS,316,2014,2025,T3_REVIEW,1
21633,SNE,SONY CORP,SONY,SONY ERICSSON MOBILE COMM AB,SONY ERICSSON MOBILE COMM,312,2010,2014,T3_REVIEW,1
21633,SNE,SONY CORP,SONY,SONY INTERACTIVE ENTERTAINMENT AMERICA LLC,SONY INTERACTIVE ENTERTAINMENT AMER,284,2015,2023,T3_REVIEW,1
21633,SNE,SONY CORP,SONY,SONY COMP ENTERTAINMENT US,SONY COMP ENTERTAINMENT US,224,2010,2016,T3_REVIEW,1
21633,SNE,SONY CORP,SONY,SONY ELECTRONICS INC,SONY ELECTRONICS,214,2010,2024,T3_REVIEW,1
21633,SNE,SONY CORP,SONY,SONY CORP AMERICA,SONY CORP AMER,205,2010,2025,T3_REVIEW,1
21633,SNE,SONY CORP,SONY,SONY MOBILE COMM AB,SONY MOBILE COMM,193,2010,2017,T3_REVIEW,1
21633,SNE,SONY CORP,SONY,SONY NETWORK ENTERTAINMENT INT,SONY NETWORK ENTERTAINMENT INT,153,2010,2015,T3_REVIEW,1
21633,SNE,SONY CORP,SONY,SONY INTERACTIVE ENTERTAINMENT EUROPE LTD,SONY INTERACTIVE ENTERTAINMENT EUROPE,128,2017,2025,T3_REVIEW,1
21633,SNE,SONY CORP,SONY,SONY EUROPE LTD,SONY EUROPE,113,2010,2020,T3_REVIEW,1
21633,SNE,SONY CORP,SONY,SONY COMP ENTERTAINMENT EUROPE,SONY COMP ENTERTAINMENT EUROPE,96,2010,2015,T3_REVIEW,1
21633,SNE,SONY CORP,SONY,SONY PICTURES ENTERTAINMENT INC,SONY PICTURES ENTERTAINMENT,93,2015,2025,T3_REVIEW,1
21633,SNE,SONY CORP,SONY,SONY CHEM & INF DEVICE CORP,SONY CHEM INF DEVICE,75,2010,2014,T3_REVIEW,1
21633,SNE,SONY CORP,SONY,SONY ERICSSON MOBILE COMM JP,SONY ERICSSON MOBILE COMM JP,64,2010,2012,T3_REVIEW,1
21633,SNE,SONY CORP,SONY,SONY EUROPE BV,SONY EUROPE,59,2018,2025,T3_REVIEW,1
21633,SNE,SONY CORP,SONY,SONY DEUTSCHLAND GMBH,SONY DEUTSCHLAND,56,2010,2017,T3_REVIEW,1
21633,SNE,SONY CORP,SONY,SONY MOBILE COMM JAPAN INC,SONY MOBILE COMM JAPAN,48,2012,2016,T3_REVIEW,1
21633,SNE,SONY CORP,SONY,SONY MOBILE COMM INC,SONY MOBILE COMM,46,2012,2016,T3_REVIEW,1
21633,SNE,SONY CORP,SONY,SONY PICTURES ENTERTAINMENT,SONY PICTURES ENTERTAINMENT,45,2010,2015,T3_REVIEW,1
21633,SNE,SONY CORP,SONY,SONY PICTURES TECHNOLOGIES INC,SONY PICTURES TECH,35,2010,2013,T3_REVIEW,1
21633,SNE,SONY CORP,SONY,SONY DADC AUSTRIA AG,SONY DADC AUSTRIA,31,2010,2015,T3_REVIEW,1
21633,SNE,SONY CORP,SONY,SONY DADC CORP,SONY DADC,28,2010,2014,T3_REVIEW,1
21633,SNE,SONY CORP,SONY,SONY COMPUTER ENTERTAINMENT AMERICA LLC,SONY COMPUTER ENTERTAINMENT AMER,27,2015,2017,T3_REVIEW,1
21633,SNE,SONY CORP,SONY,SONY ADVANCED VISUAL SENSING AG,SONY ADVANCED VISUAL SENSING,20,2020,2024,T3_REVIEW,1
21633,SNE,SONY CORP,SONY,SONY COMPUTER ENTERTAINMENT EUROPE LTD,SONY COMPUTER ENTERTAINMENT EUROPE,15,2014,2019,T3_REVIEW,1
21633,SNE,SONY CORP,SONY,SONY DADC US INC,SONY DADC US,14,2010,2015,T3_REVIEW,1
21633,SNE,SONY CORP,SONY,SONY DEPTHSENSING SOLUTIONS SA/NV,SONY DEPTHSENSING SOLUTIONS,13,2016,2023,T3_REVIEW,1
21633,SNE,SONY CORP,SONY,SONY UK LTD,SONY UK,11,2010,2013,T3_REVIEW,1
21633,SNE,SONY CORP,SONY,SONY INTERACTIVE ENTERTAINMENT NETWORK AMERICA LLC,SONY INTERACTIVE ENTERTAINMENT NETWORK AMER,11,2016,2016,T3_REVIEW,1
21633,SNE,SONY CORP,SONY,SONY ONLINE ENTERTAINMENT LLC,SONY ONLINE ENTERTAINMENT,10,2011,2014,T3_REVIEW,1
21633,SNE,SONY CORP,SONY,SONY NETWORK ENTERTAINMENT INT LLC,SONY NETWORK ENTERTAINMENT INT,10,2015,2018,T3_REVIEW,1
21633,SNE,SONY CORP,SONY,SONY MUSIC ENTERTAINMENT INC,SONY MUSIC ENTERTAINMENT,8,2011,2021,T3_REVIEW,1
21633,SNE,SONY CORP,SONY,SONY CORPORATON,SONY CORPORATON,7,2011,2014,T3_REVIEW,1
21633,SNE,SONY CORP,SONY,SONY SEMICONDUCTOR SOLUTION CORP,SONY SEMICONDUCTOR SOLUTION,7,2016,2019,T3_REVIEW,1
21633,SNE,SONY CORP,SONY,SONY NETWORK COMMUNICATIONS EUROPE B V,SONY NETWORK COMMUNICATIONS EUROPE B V,7,2019,2022,T3_REVIEW,1
21633,SNE,SONY CORP,SONY,SONY CORPORTION,SONY CORPORTION,7,2010,2019,T3_REVIEW,1
21633,SNE,SONY CORP,SONY,SONY MEDIA CLOUD SERVICES LLC,SONY MEDIA CLOUD SERVICES,6,2014,2019,T3_REVIEW,1
21633,SNE,SONY CORP,SONY,SONY PRODUCTION,SONY PRODUCTION,5,2015,2016,T3_REVIEW,1
21633,SNE,SONY CORP,SONY,SONY MOBILE COMMUNICATION INC,SONY MOBILE COMMUNICATION,5,2014,2020,T3_REVIEW,1
21633,SNE,SONY CORP,SONY,SONY DISC & DIGITAL SOLUTIONS,SONY DISC DIGITAL SOLUTIONS,5,2010,2015,T3_REVIEW,1
21633,SNE,SONY CORP,SONY,SONY CORPOR ATION,SONY CORPOR ATION,5,2017,2018,T3_REVIEW,1
21633,SNE,SONY CORP,SONY,SONY OPTIARC INC,SONY OPTIARC,4,2010,2010,T3_REVIEW,1
21633,SNE,SONY CORP,SONY,SONY ELECTRONICS,SONY ELECTRONICS,4,2010,2015,T3_REVIEW,1
21633,SNE,SONY CORP,SONY,SONY PICTURES TECH INC,SONY PICTURES TECH,4,2019,2020,T3_REVIEW,1
21633,SNE,SONY CORP,SONY,SONY CORPORTATION,SONY CORPORTATION,4,2011,2020,T3_REVIEW,1
21633,SNE,SONY CORP,SONY,SONY NETWORK ENTERTAINMENT INC,SONY NETWORK ENTERTAINMENT,4,2010,2011,T3_REVIEW,1
21633,SNE,SONY CORP,SONY,SONY NETWORK COMMUNICATIONS INC,SONY NETWORK COMMUNICATIONS,3,2017,2021,T3_REVIEW,1
21633,SNE,SONY CORP,SONY,SONY ESPANA S A,SONY ESPANA S A,3,2012,2015,T3_REVIEW,1
21633,SNE,SONY CORP,SONY,SONY EMCS MALAYSIA SDN BHD,SONY EMCS MALAYSIA SDN BHD,3,2023,2023,T3_REVIEW,1
21633,SNE,SONY CORP,SONY,SONY HONDA MOBILITY INC,SONY HONDA MOBILITY,3,2025,2025,T3_REVIEW,1
21633,SNE,SONY CORP,SONY,SONY COPRORATION,SONY COPRORATION,3,2013,2014,T3_REVIEW,1
21633,SNE,SONY CORP,SONY,SONY CORPORARTION,SONY CORPORARTION,3,2010,2019,T3_REVIEW,1
21633,SNE,SONY CORP,SONY,SONY COMP ENTERTAIMENT INC,SONY COMP ENTERTAIMENT,3,2011,2013,T3_REVIEW,1
21633,SNE,SONY CORP,SONY,SONY EUROP BELGIUM NV,SONY EUROP BELGIUM,3,2010,2010,T3_REVIEW,1
21633,SNE,SONY CORP,SONY,SONY SEMICONDUDOR SOLUTIONS CORP,SONY SEMICONDUDOR SOLUTIONS,3,2016,2017,T3_REVIEW,1
21633,SNE,SONY CORP,SONY,SONY MOBILE COMMNUNICATIONS INC,SONY MOBILE COMMNUNICATIONS,3,2017,2017,T3_REVIEW,1
21633,SNE,SONY CORP,SONY,SONY CORP & SONY ELECT INC,SONY CORP SONY ELECT,3,2011,2012,T3_REVIEW,1
21664,SWK,STANLEY BLACK & DECKER INC,STANLEY BLACK DECKER,STANLEY ELECTRIC CO LTD,STANLEY ELEC,894,2010,2025,T3_REVIEW,0
21664,SWK,STANLEY BLACK & DECKER INC,STANLEY BLACK DECKER,STANLEY WORKS ISRAEL,STANLEY WORKS ISRAEL,82,2010,2025,T3_REVIEW,0
21664,SWK,STANLEY BLACK & DECKER INC,STANLEY BLACK DECKER,STANLEY FASTENING SYS LP,STANLEY FASTENING SYS,22,2010,2024,T3_REVIEW,0
21664,SWK,STANLEY BLACK & DECKER INC,STANLEY BLACK DECKER,STANLEY SECURITY SOLUTIONS INC,STANLEY SECURITY SOLUTIONS,14,2013,2016,T3_REVIEW,0
21664,SWK,STANLEY BLACK & DECKER INC,STANLEY BLACK DECKER,STANLEY WORKS EUROPE GMBH,STANLEY WORKS EUROPE,11,2012,2014,T3_REVIEW,0
21664,SWK,STANLEY BLACK & DECKER INC,STANLEY BLACK DECKER,STANLEY ROBOTICS,STANLEY ROBOTICS,10,2016,2022,T3_REVIEW,0
21664,SWK,STANLEY BLACK & DECKER INC,STANLEY BLACK DECKER,Stanley Middle East FZE,STANLEY MIDDLE EAST FZE,6,2015,2017,T3_REVIEW,0
21664,SWK,STANLEY BLACK & DECKER INC,STANLEY BLACK DECKER,STANLEY CONVERGENT SECURITY SOLUTIONS INC,STANLEY CONVERGENT SECURITY SOLUTIONS,6,2012,2021,T3_REVIEW,0
21664,SWK,STANLEY BLACK & DECKER INC,STANLEY BLACK DECKER,STANLEY EMILY,STANLEY EMILY,6,2013,2016,T3_REVIEW,0
21664,SWK,STANLEY BLACK & DECKER INC,STANLEY BLACK DECKER,STANLEY JANNAH A,STANLEY JANNAH A,6,2010,2012,T3_REVIEW,0
21664,SWK,STANLEY BLACK & DECKER INC,STANLEY BLACK DECKER,STANLEY CHIRO INT LTD,STANLEY CHIRO INT,5,2017,2017,T3_REVIEW,0
21664,SWK,STANLEY BLACK & DECKER INC,STANLEY BLACK DECKER,STANLEY BYRON,STANLEY BYRON,5,2020,2022,T3_REVIEW,0
21664,SWK,STANLEY BLACK & DECKER INC,STANLEY BLACK DECKER,STANLEY WORKS,STANLEY WORKS,4,2010,2010,T3_REVIEW,0
21664,SWK,STANLEY BLACK & DECKER INC,STANLEY BLACK DECKER,STANLEY GAVIN D,STANLEY GAVIN D,4,2012,2013,T3_REVIEW,0
21664,SWK,STANLEY BLACK & DECKER INC,STANLEY BLACK DECKER,STANLEY FILTER CO LLC,STANLEY FILTER,4,2013,2017,T3_REVIEW,0
21664,SWK,STANLEY BLACK & DECKER INC,STANLEY BLACK DECKER,STANLEY CLEON,STANLEY CLEON,4,2010,2012,T3_REVIEW,0
21664,SWK,STANLEY BLACK & DECKER INC,STANLEY BLACK DECKER,STANLEY-MARBELL PHILLIP,STANLEY MARBELL PHILLIP,3,2011,2012,T3_REVIEW,0
21664,SWK,STANLEY BLACK & DECKER INC,STANLEY BLACK DECKER,STANLEY MAURICE,STANLEY MAURICE,3,2010,2011,T3_REVIEW,0
21664,SWK,STANLEY BLACK & DECKER INC,STANLEY BLACK DECKER,STANLEY MOTORS INC,STANLEY MOTORS,3,2019,2024,T3_REVIEW,0
21664,SWK,STANLEY BLACK & DECKER INC,STANLEY BLACK DECKER,STANLEY SECURITY SOLUTIONS TAIWAN LTD,STANLEY SECURITY SOLUTIONS TAIWAN,3,2013,2015,T3_REVIEW,0
20058,SWKS,SKYWORKS SOLUTIONS INC,SKYWORKS SOLUTIONS,SKYWORKS GLOBAL PTE LTD,SKYWORKS GLOBAL,119,2019,2025,T3_REVIEW,0
20058,SWKS,SKYWORKS SOLUTIONS INC,SKYWORKS SOLUTIONS,SKYWORKS FILTER SOLUTIONS JAPAN CO LTD,SKYWORKS FILTER SOLUTIONS JAPAN,20,2015,2020,T3_REVIEW,0
20058,SWKS,SKYWORKS SOLUTIONS INC,SKYWORKS SOLUTIONS,SKYWORKS PANASONIC FILTER SOLUTIONS JAPAN CO LTD,SKYWORKS PANASONIC FILTER SOLUTIONS JAPAN,18,2013,2016,T3_REVIEW,0
20058,SWKS,SKYWORKS SOLUTIONS INC,SKYWORKS SOLUTIONS,SKYWORKS SOLUTION INC,SKYWORKS SOLUTION,5,2011,2016,T3_REVIEW,0
10224,SYMC,SYMANTEC CORP,GEN DIGITAL,GEN ELECTRIC,GEN ELEC,23212,2010,2025,T3_REVIEW,0
10224,SYMC,SYMANTEC CORP,GEN DIGITAL,GEN HOSPITAL CORP,GEN HOSPITAL,772,2010,2016,T3_REVIEW,0
10224,SYMC,SYMANTEC CORP,GEN DIGITAL,GEN PROBE INC,GEN PROBE,570,2010,2025,T3_REVIEW,0
10224,SYMC,SYMANTEC CORP,GEN DIGITAL,GENERAL ELECTRIC TECHNOLOGY GMBH,GEN ELEC TECH,548,2013,2024,T3_REVIEW,0
10224,SYMC,SYMANTEC CORP,GEN DIGITAL,GEN INSTRUMENT CORP,GEN INSTRUMENT,518,2010,2014,T3_REVIEW,0
10224,SYMC,SYMANTEC CORP,GEN DIGITAL,GEN MOTORS LLC,GEN MOTORS,401,2010,2021,T3_REVIEW,0
10224,SYMC,SYMANTEC CORP,GEN DIGITAL,GEN MILLS INC,GEN MILLS,344,2010,2025,T3_REVIEW,0
10224,SYMC,SYMANTEC CORP,GEN DIGITAL,GENERAL ELECTRIC RENOVABLES ESPANA SL,GEN ELEC RENOVABLES ESPANA SL,206,2018,2024,T3_REVIEW,0
10224,SYMC,SYMANTEC CORP,GEN DIGITAL,GENERAL INTERFACE SOLUTION LTD,GEN INTERFACE SOLUTION,199,2015,2024,T3_REVIEW,0
10224,SYMC,SYMANTEC CORP,GEN DIGITAL,GEN CABLE TECHNOLOGIES CORP,GEN CABLE TECH,113,2010,2023,T3_REVIEW,0
10224,SYMC,SYMANTEC CORP,GEN DIGITAL,GENERAL ELECTRIC COMPANY POLSKA SP ZOO,GEN ELEC COMPANY POLSKA SP ZOO,81,2018,2025,T3_REVIEW,0
10224,SYMC,SYMANTEC CORP,GEN DIGITAL,GENERAL ELECTRIC DEUTSCHLAND HOLDING GMBH,GEN ELEC DEUTSCHLAND,61,2021,2025,T3_REVIEW,0
10224,SYMC,SYMANTEC CORP,GEN DIGITAL,THE GENERAL HOSPITAL CORP D/B/A MASSACHUSETTS GENERAL HOSPITAL,GEN HOSPITAL CORP D B A MASSACHUSETTS GEN HOSPITAL,60,2015,2024,T3_REVIEW,0
10224,SYMC,SYMANTEC CORP,GEN DIGITAL,GENERAL DYNAMICS MISSION SYSTEMS INC,GEN DYNAMICS MISSION SYS,54,2016,2024,T3_REVIEW,0
10224,SYMC,SYMANTEC CORP,GEN DIGITAL,GEN ELECTRIC TECHNOLOGY GMBH,GEN ELEC TECH,39,2014,2016,T3_REVIEW,0
10224,SYMC,SYMANTEC CORP,GEN DIGITAL,GENERAL ATOMICS,GEN ATOMICS,36,2012,2023,T3_REVIEW,0
10224,SYMC,SYMANTEC CORP,GEN DIGITAL,GEN ATOMICS,GEN ATOMICS,33,2010,2015,T3_REVIEW,0
10224,SYMC,SYMANTEC CORP,GEN DIGITAL,GEN PLASTIC IND CO LTD,GEN PLASTIC IND,31,2013,2023,T3_REVIEW,0
10224,SYMC,SYMANTEC CORP,GEN DIGITAL,GEN INTERFACE SOLUTION LTD,GEN INTERFACE SOLUTION,27,2014,2015,T3_REVIEW,0
10224,SYMC,SYMANTEC CORP,GEN DIGITAL,GEN COMPRESSION INC,GEN COMPRESSION,24,2010,2015,T3_REVIEW,0
10224,SYMC,SYMANTEC CORP,GEN DIGITAL,GEN EQUIPMENT & MFG CO INC DBA TOPWORX INC,GEN EQUIP MFG CO INC DBA TOPWORX,22,2011,2015,T3_REVIEW,0
10224,SYMC,SYMANTEC CORP,GEN DIGITAL,GEN AUTOMATION LAB TECH INC,GEN AUTOMATION LAB TECH,22,2017,2021,T3_REVIEW,0
10224,SYMC,SYMANTEC CORP,GEN DIGITAL,GEN KINEMATICS CORP,GEN KINEMATICS,22,2010,2025,T3_REVIEW,0
10224,SYMC,SYMANTEC CORP,GEN DIGITAL,GEN DYNAMICS C4 SYSTEMS INC,GEN DYNAMICS C4 SYS,19,2010,2016,T3_REVIEW,0
10224,SYMC,SYMANTEC CORP,GEN DIGITAL,GENERAL FUSION INC,GEN FUSION,19,2015,2023,T3_REVIEW,0
10224,SYMC,SYMANTEC CORP,GEN DIGITAL,GENERAL ATOMICS AERONAUTICAL SYSTEMS INC,GEN ATOMICS AERONAUTICAL SYS,18,2017,2024,T3_REVIEW,0
10224,SYMC,SYMANTEC CORP,GEN DIGITAL,THE GENERAL HOSPITAL CORP DBA MASSACHUSETTS GENERAL HOSPITAL,GEN HOSPITAL CORP DBA MASSACHUSETTS GEN HOSPITAL,18,2014,2024,T3_REVIEW,0
10224,SYMC,SYMANTEC CORP,GEN DIGITAL,GEN DYNAMICS BROADBAND INC,GEN DYNAMICS BROADBAND,17,2012,2014,T3_REVIEW,0
10224,SYMC,SYMANTEC CORP,GEN DIGITAL,GEN Y CREATIONS LLC,GEN Y CREATIONS,17,2020,2025,T3_REVIEW,0
10224,SYMC,SYMANTEC CORP,GEN DIGITAL,GEN DYNAMICS ADVANCED INF SYS,GEN DYNAMICS ADVANCED INF SYS,16,2010,2014,T3_REVIEW,0
10224,SYMC,SYMANTEC CORP,GEN DIGITAL,GEN CO LTD,GEN,15,2012,2025,T3_REVIEW,0
10224,SYMC,SYMANTEC CORP,GEN DIGITAL,GEN ELECTRONIC CO,GEN ELECTRONIC,14,2010,2014,T3_REVIEW,0
10224,SYMC,SYMANTEC CORP,GEN DIGITAL,GEN DYNAMICS ORDNANCE & TACTIC,GEN DYNAMICS ORDNANCE TACTIC,14,2011,2025,T3_REVIEW,0
10224,SYMC,SYMANTEC CORP,GEN DIGITAL,GENERAL RADAR CORP,GEN RADAR,14,2017,2024,T3_REVIEW,0
10224,SYMC,SYMANTEC CORP,GEN DIGITAL,GENERAL TEST SYSTEMS INC,GEN TEST SYS,14,2015,2022,T3_REVIEW,0
10224,SYMC,SYMANTEC CORP,GEN DIGITAL,GENERAL EQUIPMENT AND MFG COMPANY INC D/B/A TOPWORX INC,GEN EQUIP AND MFG COMPANY INC D B A TOPWORX,14,2016,2023,T3_REVIEW,0
10224,SYMC,SYMANTEC CORP,GEN DIGITAL,GENERAL VIBRATION CORP,GEN VIBRATION,14,2014,2024,T3_REVIEW,0
10224,SYMC,SYMANTEC CORP,GEN DIGITAL,GENERAL NANO LLC,GEN NANO,12,2015,2024,T3_REVIEW,0
10224,SYMC,SYMANTEC CORP,GEN DIGITAL,GENERAL CABLE TECH CORP,GEN CABLE TECH,12,2016,2017,T3_REVIEW,0
10224,SYMC,SYMANTEC CORP,GEN DIGITAL,GEN DYNAMICS ARMAMENT & TECH,GEN DYNAMICS ARMAMENT TECH,11,2010,2013,T3_REVIEW,0
10224,SYMC,SYMANTEC CORP,GEN DIGITAL,GEN HOSPITAL CORP DBA MASSACHUSETTS GENERAL HOSPITAL,GEN HOSPITAL CORP DBA MASSACHUSETTS GEN HOSPITAL,11,2012,2015,T3_REVIEW,0
10224,SYMC,SYMANTEC CORP,GEN DIGITAL,GEN RES INST NONFERROUS METALS,GEN RES INST NONFERROUS METALS,10,2010,2018,T3_REVIEW,0
10224,SYMC,SYMANTEC CORP,GEN DIGITAL,GEN FUSION INC,GEN FUSION,10,2010,2016,T3_REVIEW,0
10224,SYMC,SYMANTEC CORP,GEN DIGITAL,GENERAL ELECTRIC COMPANY,GEN ELEC,9,2024,2025,T3_REVIEW,0
10224,SYMC,SYMANTEC CORP,GEN DIGITAL,GENERAL GRAPHENE CORP,GEN GRAPHENE,9,2022,2022,T3_REVIEW,0
10224,SYMC,SYMANTEC CORP,GEN DIGITAL,GEN PROBE PRODESSE INC,GEN PROBE PRODESSE,9,2013,2022,T3_REVIEW,0
10224,SYMC,SYMANTEC CORP,GEN DIGITAL,GENERAL PACKER CO LTD,GEN PACKER,9,2016,2021,T3_REVIEW,0
10224,SYMC,SYMANTEC CORP,GEN DIGITAL,GEN SCIENTIFIC CORP,GEN SCIENT,9,2010,2014,T3_REVIEW,0
10224,SYMC,SYMANTEC CORP,GEN DIGITAL,GEN CYBERNATION GROUP INC,GEN CYBERNATION,8,2010,2014,T3_REVIEW,0
10224,SYMC,SYMANTEC CORP,GEN DIGITAL,GEN BISCUIT,GEN BISCUIT,8,2012,2014,T3_REVIEW,0
10224,SYMC,SYMANTEC CORP,GEN DIGITAL,GENERAL PHOTONICS CORP,GEN PHOTONICS,8,2015,2018,T3_REVIEW,0
10224,SYMC,SYMANTEC CORP,GEN DIGITAL,GEN MOTORS CORP,GEN MOTORS,8,2010,2022,T3_REVIEW,0
10224,SYMC,SYMANTEC CORP,GEN DIGITAL,GEN PHOTONICS CORP,GEN PHOTONICS,8,2010,2015,T3_REVIEW,0
10224,SYMC,SYMANTEC CORP,GEN DIGITAL,GENERAL CAPACITOR LLC,GEN CAPACITOR,8,2015,2021,T3_REVIEW,0
10224,SYMC,SYMANTEC CORP,GEN DIGITAL,GEN MONITORS,GEN MONITORS,8,2013,2017,T3_REVIEW,0
10224,SYMC,SYMANTEC CORP,GEN DIGITAL,GENERAL INCORPORATED ASS PHARMA VALLEY PROJECT SUPPORTING ORGANIZATION,GEN INCORPORATED ASS PHARMA VALLEY PROJECT SUPPORTING ORGANIZATION,8,2016,2024,T3_REVIEW,0
10224,SYMC,SYMANTEC CORP,GEN DIGITAL,GENERAL EQUIPMENT FOR MEDICAL IMAGING S A,GEN EQUIP FOR MEDICAL IMAGING S A,8,2017,2024,T3_REVIEW,0
10224,SYMC,SYMANTEC CORP,GEN DIGITAL,GENERAL INSPECTION LLC,GEN INSPECTION,8,2019,2025,T3_REVIEW,0
10224,SYMC,SYMANTEC CORP,GEN DIGITAL,GEN MILLS MARKETING INC,GEN MILLS MARKETING,7,2010,2014,T3_REVIEW,0
10224,SYMC,SYMANTEC CORP,GEN DIGITAL,GENERAL FIBRE PRODUCTS CORP,GEN FIBRE PRODUCTS,7,2020,2025,T3_REVIEW,0
10224,SYMC,SYMANTEC CORP,GEN DIGITAL,GENERAL DOWNHOLE TOOLS LTD,GEN DOWNHOLE TOOLS,7,2020,2024,T3_REVIEW,0
10224,SYMC,SYMANTEC CORP,GEN DIGITAL,GEN ELECTRIC COMPANY GLOBAL RES,GEN ELEC COMPANY GLOBAL RES,7,2010,2015,T3_REVIEW,0
10224,SYMC,SYMANTEC CORP,GEN DIGITAL,GEN FOAM PLASTICS CORP,GEN FOAM PLASTICS,7,2010,2016,T3_REVIEW,0
10224,SYMC,SYMANTEC CORP,GEN DIGITAL,GENERAL BIOLOGICALS CORP,GEN BIOLOGICALS,7,2016,2025,T3_REVIEW,0
10224,SYMC,SYMANTEC CORP,GEN DIGITAL,GEN LUMINAIRE CO LTD,GEN LUMINAIRE,7,2012,2014,T3_REVIEW,0
10224,SYMC,SYMANTEC CORP,GEN DIGITAL,GENERAL PLASMA INC,GEN PLASMA,6,2015,2018,T3_REVIEW,0
10224,SYMC,SYMANTEC CORP,GEN DIGITAL,GENERAL CYBERNATION GROUP INC,GEN CYBERNATION,6,2022,2024,T3_REVIEW,0
10224,SYMC,SYMANTEC CORP,GEN DIGITAL,GEN PACKER CO LTD,GEN PACKER,6,2012,2015,T3_REVIEW,0
10224,SYMC,SYMANTEC CORP,GEN DIGITAL,GENERAL SASCHA,GEN SASCHA,6,2010,2010,T3_REVIEW,0
10224,SYMC,SYMANTEC CORP,GEN DIGITAL,GEN PROTECHT GROUP INC,GEN PROTECHT,6,2010,2011,T3_REVIEW,0
10224,SYMC,SYMANTEC CORP,GEN DIGITAL,GENERAL LASERTRONICS CORP,GEN LASERTRONICS,6,2016,2023,T3_REVIEW,0
10224,SYMC,SYMANTEC CORP,GEN DIGITAL,GENERAL AVIATION MODIFICATIONS INC,GEN AVIATION MODIFICATIONS,6,2017,2024,T3_REVIEW,0
10224,SYMC,SYMANTEC CORP,GEN DIGITAL,GENERAL ONCOLOGY INC,GEN ONCOLOGY,6,2016,2024,T3_REVIEW,0
10224,SYMC,SYMANTEC CORP,GEN DIGITAL,GEN LED INC,GEN LED,6,2012,2015,T3_REVIEW,0
10224,SYMC,SYMANTEC CORP,GEN DIGITAL,GENERAL LIGHTING ELECTRONIC CO LTD,GEN LIGHTING ELECTRONIC,6,2019,2024,T3_REVIEW,0
10224,SYMC,SYMANTEC CORP,GEN DIGITAL,GEN PLASMA INC,GEN PLASMA,6,2011,2015,T3_REVIEW,0
10224,SYMC,SYMANTEC CORP,GEN DIGITAL,GENERAL GENOMICS INC,GEN GENOMICS,6,2021,2024,T3_REVIEW,0
10224,SYMC,SYMANTEC CORP,GEN DIGITAL,GENERAL PLASTICS & COMPOSITES L P,GEN PLASTICS COMPOSITES L P,6,2016,2018,T3_REVIEW,0
10224,SYMC,SYMANTEC CORP,GEN DIGITAL,GENERAL SCIENT CORP,GEN SCIENT,6,2016,2020,T3_REVIEW,0
10224,SYMC,SYMANTEC CORP,GEN DIGITAL,GENERAL ENERGY RECOVERY INC,GEN ENERGY RECOVERY,6,2018,2024,T3_REVIEW,0
10224,SYMC,SYMANTEC CORP,GEN DIGITAL,GEN LASERTRONICS CORP,GEN LASERTRONICS,5,2011,2015,T3_REVIEW,0
10224,SYMC,SYMANTEC CORP,GEN DIGITAL,GENERAL MFG LLC,GEN MFG,5,2016,2019,T3_REVIEW,0
10224,SYMC,SYMANTEC CORP,GEN DIGITAL,GEN MILLS IP HOLDINGS II LLC,GEN MILLS IP HOLDINGS II,5,2010,2012,T3_REVIEW,0
10224,SYMC,SYMANTEC CORP,GEN DIGITAL,GEN PLASTICS & COMPOSITES L P,GEN PLASTICS COMPOSITES L P,5,2013,2015,T3_REVIEW,0
10224,SYMC,SYMANTEC CORP,GEN DIGITAL,THE GENERAL HOSPITAL CORP,GEN HOSPITAL,5,2023,2025,T3_REVIEW,0
10224,SYMC,SYMANTEC CORP,GEN DIGITAL,GEN NANOTECHNOLOGY LLC,GEN NANOTECHNOLOGY,5,2010,2011,T3_REVIEW,0
10224,SYMC,SYMANTEC CORP,GEN DIGITAL,GENERAL LED INC,GEN LED,4,2015,2017,T3_REVIEW,0
10224,SYMC,SYMANTEC CORP,GEN DIGITAL,GEN IP SINGAPORE PTE LTD AVAGO TECHNOLOGIES,GEN IP SINGAPORE PTE LTD AVAGO TECH,4,2012,2013,T3_REVIEW,0
10224,SYMC,SYMANTEC CORP,GEN DIGITAL,GENERAL ENGINEERING & RES L L C,GEN ENGINEERING RES L L C,4,2017,2020,T3_REVIEW,0
10224,SYMC,SYMANTEC CORP,GEN DIGITAL,GEN VORTEX ENERGY INC,GEN VORTEX ENERGY,4,2010,2011,T3_REVIEW,0
10224,SYMC,SYMANTEC CORP,GEN DIGITAL,GENERAL DYNAMICS OTS INC,GEN DYNAMICS OTS,4,2016,2020,T3_REVIEW,0
10224,SYMC,SYMANTEC CORP,GEN DIGITAL,GENERAL STARLIGHT CO INC,GEN STARLIGHT,4,2023,2025,T3_REVIEW,0
10224,SYMC,SYMANTEC CORP,GEN DIGITAL,GEN 9 INC,GEN 9,4,2010,2013,T3_REVIEW,0
10224,SYMC,SYMANTEC CORP,GEN DIGITAL,GENERAL HOSPITAL OF CHINESE PLA,GEN HOSPITAL OF CHINESE PLA,4,2020,2024,T3_REVIEW,0
10224,SYMC,SYMANTEC CORP,GEN DIGITAL,GENERAL WORKINGS INC,GEN WORKINGS,4,2018,2018,T3_REVIEW,0
10224,SYMC,SYMANTEC CORP,GEN DIGITAL,GENERAL DYNAMICS OTS CANADA INC,GEN DYNAMICS OTS CANADA,4,2014,2020,T3_REVIEW,0
10224,SYMC,SYMANTEC CORP,GEN DIGITAL,GEN CABLETECHNOLOGIES CORP,GEN CABLETECHNOLOGIES,4,2012,2014,T3_REVIEW,0
10224,SYMC,SYMANTEC CORP,GEN DIGITAL,GENERAL ELECTRIC COMPNAY,GEN ELEC COMPNAY,3,2015,2022,T3_REVIEW,0
10224,SYMC,SYMANTEC CORP,GEN DIGITAL,GENERAL ELECTRIC COMANY,GEN ELEC COMANY,3,2015,2018,T3_REVIEW,0
10224,SYMC,SYMANTEC CORP,GEN DIGITAL,GENERAL LED OPCO LLC,GEN LED OPCO,3,2018,2018,T3_REVIEW,0
10224,SYMC,SYMANTEC CORP,GEN DIGITAL,GENERAL LUMINAIRE KUNSHAN CO LTD,GEN LUMINAIRE KUNSHAN,3,2020,2022,T3_REVIEW,0
10224,SYMC,SYMANTEC CORP,GEN DIGITAL,GENERAL ACCESS SOLUTIONS LTD,GEN ACCESS SOLUTIONS,3,2016,2019,T3_REVIEW,0
10224,SYMC,SYMANTEC CORP,GEN DIGITAL,GENERAL TOOLS & INSTR COMPANY LLC,GEN TOOLS INSTR,3,2020,2024,T3_REVIEW,0
10224,SYMC,SYMANTEC CORP,GEN DIGITAL,GEN TOPICS SRL,GEN TOPICS,3,2013,2013,T3_REVIEW,0
10224,SYMC,SYMANTEC CORP,GEN DIGITAL,GENERAL TOOL INC,GEN TOOL,3,2018,2025,T3_REVIEW,0
10224,SYMC,SYMANTEC CORP,GEN DIGITAL,GENERAL ELECTRIC COMPANY POLSKA SP ZO O,GEN ELEC COMPANY POLSKA SP ZO O,3,2018,2018,T3_REVIEW,0
10224,SYMC,SYMANTEC CORP,GEN DIGITAL,GEN HOSPITAL CORP D B A,GEN HOSPITAL CORP D B A,3,2011,2012,T3_REVIEW,0
10224,SYMC,SYMANTEC CORP,GEN DIGITAL,GENERAL LUMINAIRE SHANGHAI CO LTD,GEN LUMINAIRE SHANGHAI,3,2020,2022,T3_REVIEW,0
10224,SYMC,SYMANTEC CORP,GEN DIGITAL,GEN DYNAMICS LAND SYSTEMS CANADA CORP,GEN DYNAMICS LAND SYS CANADA,3,2010,2013,T3_REVIEW,0
10224,SYMC,SYMANTEC CORP,GEN DIGITAL,GENERAL ELECTRONIC COMPANY,GEN ELECTRONIC,3,2016,2017,T3_REVIEW,0
10224,SYMC,SYMANTEC CORP,GEN DIGITAL,GENERAL OPTO SOLUTIONS LLC,GEN OPTO SOLUTIONS,3,2016,2018,T3_REVIEW,0
10224,SYMC,SYMANTEC CORP,GEN DIGITAL,GEN MEMS CORP,GEN MEMS,3,2010,2012,T3_REVIEW,0
10224,SYMC,SYMANTEC CORP,GEN DIGITAL,GEN DYNAMICS OTS INC,GEN DYNAMICS OTS,3,2013,2014,T3_REVIEW,0
10224,SYMC,SYMANTEC CORP,GEN DIGITAL,GEN TECH INC,GEN TECH,3,2025,2025,T3_REVIEW,0
10224,SYMC,SYMANTEC CORP,GEN DIGITAL,GENERAL MEDICAL MERATE S P A,GEN MEDICAL MERATE S P A,3,2018,2020,T3_REVIEW,0
10224,SYMC,SYMANTEC CORP,GEN DIGITAL,GEN DOWNHOLE TECHNOLOGIES LTD,GEN DOWNHOLE TECH,3,2013,2016,T3_REVIEW,0
10224,SYMC,SYMANTEC CORP,GEN DIGITAL,GENERAL INCORPORATED ASS THE JAPAN MULTINATIONAL TRIAL ORGANIZATION,GEN INCORPORATED ASS THE JAPAN MULTINATIONAL TRIAL ORGANIZATION,3,2020,2023,T3_REVIEW,0
10224,SYMC,SYMANTEC CORP,GEN DIGITAL,GEN PLASTICS & COMPOSITES LP,GEN PLASTICS COMPOSITES,3,2010,2012,T3_REVIEW,0
10224,SYMC,SYMANTEC CORP,GEN DIGITAL,GEN PATENT LLC,GEN PATENT,3,2012,2013,T3_REVIEW,0
10224,SYMC,SYMANTEC CORP,GEN DIGITAL,GENERAL DYNAMICS LAND SYSTEMS CANADA CORP D B A GENERAL DYNAMICS MISSION SYSTEMS CANADA,GEN DYNAMICS LAND SYS CANADA CORP D B A GEN DYNAMICS MISSION SYS CANADA,3,2019,2022,T3_REVIEW,0
10224,SYMC,SYMANTEC CORP,GEN DIGITAL,GENERAL SCIENT CORPORATION,GEN SCIENT,3,2016,2020,T3_REVIEW,0
10224,SYMC,SYMANTEC CORP,GEN DIGITAL,GEN ROYALTY CAPITAL COMPANY,GEN ROYALTY CAPITAL,3,2010,2010,T3_REVIEW,0
10224,SYMC,SYMANTEC CORP,GEN DIGITAL,Gen Pharma Holdings LLC,GEN PHARMA,3,2015,2017,T3_REVIEW,0
10224,SYMC,SYMANTEC CORP,GEN DIGITAL,GENERAL LUMINAIRE CO LTD,GEN LUMINAIRE,3,2020,2022,T3_REVIEW,0
10224,SYMC,SYMANTEC CORP,GEN DIGITAL,General Recycled,GEN RECYCLED,3,2017,2023,T3_REVIEW,0
10224,SYMC,SYMANTEC CORP,GEN DIGITAL,THE GENERAL HOSPTIAL CORP,GEN HOSPTIAL,3,2014,2016,T3_REVIEW,0
55113,SYNH,SYNEOS HEALTH INC,INC RES,INC ADMIN AGENCY NARO,INC ADMIN AGENCY NARO,19,2010,2014,T3_REVIEW,0
55113,SYNH,SYNEOS HEALTH INC,INC RES,INC MASTERCARD INTERNAT,INC MASTERCARD INTERNAT,14,2013,2013,T3_REVIEW,0
55113,SYNH,SYNEOS HEALTH INC,INC RES,INC PALO ALTO RES CT,INC PALO ALTO RES CT,11,2012,2013,T3_REVIEW,0
55113,SYNH,SYNEOS HEALTH INC,INC RES,INC ADVANCED OPTOELECTRONIC TECHNOLOGY,INC ADVANCED OPTOELECTRONIC TECH,8,2012,2013,T3_REVIEW,0
55113,SYNH,SYNEOS HEALTH INC,INC RES,INC ST JUDE MEDICAL ATRIAL FIBRILLATION DIVISION,INC ST JUDE MEDICAL ATRIAL FIBRILLATION DIVISION,7,2013,2013,T3_REVIEW,0
55113,SYNH,SYNEOS HEALTH INC,INC RES,INC ROCKWELL AUTOMATION TECHNOLOGIES,INC ROCKWELL AUTOMATION TECH,5,2013,2013,T3_REVIEW,0
55113,SYNH,SYNEOS HEALTH INC,INC RES,INC SUMITOMO ELECTRIC DEVICE INNOVATIONS,INC SUMITOMO ELEC DEVICE INNOVATIONS,4,2012,2013,T3_REVIEW,0
55113,SYNH,SYNEOS HEALTH INC,INC RES,INC ST JUDE MEDICAL CARDIOLOGY DIVISION,INC ST JUDE MEDICAL CARDIOLOGY DIVISION,3,2013,2013,T3_REVIEW,0
55113,SYNH,SYNEOS HEALTH INC,INC RES,INC SQUARE CO LTD,INC SQUARE,3,2019,2019,T3_REVIEW,0
55113,SYNH,SYNEOS HEALTH INC,INC RES,INC SCHWEITZER ENGINEERING LAB,INC SCHWEITZER ENGINEERING LAB,3,2013,2013,T3_REVIEW,0
36381,TCH,TECHNICOLOR,THOMSON,THOMSON LICENSING,THOMSON LICENSING,2189,2010,2023,T3_REVIEW,1
36381,TCH,TECHNICOLOR,THOMSON,THOMSON REUTERS ENTPR CENTRE GMBH,THOMSON REUTERS ENTPR CENTRE,60,2020,2025,T3_REVIEW,1
36381,TCH,TECHNICOLOR,THOMSON,THOMSON REUTERS GLO RESOURCES,THOMSON REUTERS GLO RESOURCES,47,2010,2015,T3_REVIEW,1
36381,TCH,TECHNICOLOR,THOMSON,THOMSON REUTERS GLOBAL RESOURCES UNLIMITED CO,THOMSON REUTERS GLOBAL RESOURCES UNLIMITED,43,2017,2020,T3_REVIEW,1
36381,TCH,TECHNICOLOR,THOMSON,THOMSON REUTERS GLOBAL RESOURCES,THOMSON REUTERS GLOBAL RESOURCES,23,2015,2019,T3_REVIEW,1
36381,TCH,TECHNICOLOR,THOMSON,THOMSON LICENSING SA,THOMSON LICENSING,19,2010,2012,T3_REVIEW,1
36381,TCH,TECHNICOLOR,THOMSON,THOMSON REUTERS MARKETS LLC,THOMSON REUTERS MARKETS,18,2010,2019,T3_REVIEW,1
36381,TCH,TECHNICOLOR,THOMSON,THOMSON IND INC,THOMSON IND,14,2011,2024,T3_REVIEW,1
36381,TCH,TECHNICOLOR,THOMSON,THOMSON LICENSING A CORP,THOMSON LICENSING A,12,2010,2012,T3_REVIEW,1
36381,TCH,TECHNICOLOR,THOMSON,THOMSON LICENSING LLC,THOMSON LICENSING,11,2010,2011,T3_REVIEW,1
36381,TCH,TECHNICOLOR,THOMSON,THOMSON FINANCIAL LLC,THOMSON FINANCIAL,7,2011,2019,T3_REVIEW,1
36381,TCH,TECHNICOLOR,THOMSON,THOMSON RODNEY A,THOMSON RODNEY A,6,2012,2012,T3_REVIEW,1
36381,TCH,TECHNICOLOR,THOMSON,THOMSON NEAL A,THOMSON NEAL A,5,2011,2012,T3_REVIEW,1
36381,TCH,TECHNICOLOR,THOMSON,THOMSON IND,THOMSON IND,4,2012,2016,T3_REVIEW,1
36381,TCH,TECHNICOLOR,THOMSON,THOMSON MARTIN WYVILLE,THOMSON MARTIN WYVILLE,4,2010,2015,T3_REVIEW,1
36381,TCH,TECHNICOLOR,THOMSON,THOMSON SANDY,THOMSON SANDY,4,2010,2012,T3_REVIEW,1
36381,TCH,TECHNICOLOR,THOMSON,THOMSON DAVID SMITH,THOMSON DAVID SMITH,4,2010,2011,T3_REVIEW,1
36381,TCH,TECHNICOLOR,THOMSON,THOMSON LICENSING DTV,THOMSON LICENSING DTV,4,2017,2017,T3_REVIEW,1
36381,TCH,TECHNICOLOR,THOMSON,THOMSON CHIP E,THOMSON CHIP E,3,2010,2015,T3_REVIEW,1
36381,TCH,TECHNICOLOR,THOMSON,THOMSON SOLOMON,THOMSON SOLOMON,3,2017,2024,T3_REVIEW,1
36381,TCH,TECHNICOLOR,THOMSON,THOMSON NICK,THOMSON NICK,3,2010,2011,T3_REVIEW,1
36381,TCH,TECHNICOLOR,THOMSON,THOMSON TY MATTHEW,THOMSON TY MATTHEW,3,2011,2012,T3_REVIEW,1
36381,TCH,TECHNICOLOR,THOMSON,THOMSON PRESTON,THOMSON PRESTON,3,2017,2017,T3_REVIEW,1
36381,TCH,TECHNICOLOR,THOMSON,THOMSON CAREN FRANCES,THOMSON CAREN FRANCES,3,2012,2014,T3_REVIEW,1
36381,TCH,TECHNICOLOR,THOMSON,THOMSON NIALL RAE,THOMSON NIALL RAE,3,2011,2012,T3_REVIEW,1
36381,TCH,TECHNICOLOR,THOMSON,THOMSON BRUCE MERRILL,THOMSON BRUCE MERRILL,3,2013,2018,T3_REVIEW,1
36381,TCH,TECHNICOLOR,THOMSON,THOMSON REUTERS TAX & ACCOUNTING INC,THOMSON REUTERS TAX ACCOUNTING,3,2010,2018,T3_REVIEW,1
36380,TDY,TELEDYNE TECHNOLOGIES,TELEDYNE TECH,TELEDYNE SCIENT & IMAGING LLC,TELEDYNE SCIENT IMAGING,138,2010,2025,T3_REVIEW,0
36380,TDY,TELEDYNE TECHNOLOGIES,TELEDYNE TECH,TELEDYNE INSTRUMENTS INC,TELEDYNE INSTR,77,2011,2024,T3_REVIEW,0
36380,TDY,TELEDYNE TECHNOLOGIES,TELEDYNE TECH,Teledyne Dalsa Bv,TELEDYNE DALSA,40,2011,2024,T3_REVIEW,0
36380,TDY,TELEDYNE TECHNOLOGIES,TELEDYNE TECH,TELEDYNE FLIR COMMERCIAL SYSTEMS INC,TELEDYNE FLIR COMMERCIAL SYS,36,2020,2025,T3_REVIEW,0
36380,TDY,TELEDYNE TECHNOLOGIES,TELEDYNE TECH,TELEDYNE E2V SEMICONDUCTORS SAS,TELEDYNE E2V SEMICONDUCTORS,24,2015,2023,T3_REVIEW,0
36380,TDY,TELEDYNE TECHNOLOGIES,TELEDYNE TECH,TELEDYNE DALSA INC,TELEDYNE DALSA,20,2011,2016,T3_REVIEW,0
36380,TDY,TELEDYNE TECHNOLOGIES,TELEDYNE TECH,TELEDYNE LECROY INC,TELEDYNE LECROY,19,2012,2023,T3_REVIEW,0
36380,TDY,TELEDYNE TECHNOLOGIES,TELEDYNE TECH,TELEDYNE RD INSTR INC,TELEDYNE RD INSTR,12,2010,2015,T3_REVIEW,0
36380,TDY,TELEDYNE TECHNOLOGIES,TELEDYNE TECH,TELEDYNE FLIR DETECTION INC,TELEDYNE FLIR DETECTION,11,2020,2023,T3_REVIEW,0
36380,TDY,TELEDYNE TECHNOLOGIES,TELEDYNE TECH,TELEDYNE WIRELESS LLC,TELEDYNE WIRELESS,7,2012,2015,T3_REVIEW,0
36380,TDY,TELEDYNE TECHNOLOGIES,TELEDYNE TECH,TELEDYNE UK LTD,TELEDYNE UK,7,2018,2021,T3_REVIEW,0
36380,TDY,TELEDYNE TECHNOLOGIES,TELEDYNE TECH,TELEDYNE ODI INC,TELEDYNE ODI,6,2010,2011,T3_REVIEW,0
36380,TDY,TELEDYNE TECHNOLOGIES,TELEDYNE TECH,TELEDYNE E2V UK LTD,TELEDYNE E2V UK,6,2016,2019,T3_REVIEW,0
36380,TDY,TELEDYNE TECHNOLOGIES,TELEDYNE TECH,TELEDYNE ENERGY SYSTEMS INC,TELEDYNE ENERGY SYS,6,2016,2023,T3_REVIEW,0
36380,TDY,TELEDYNE TECHNOLOGIES,TELEDYNE TECH,TELEDYNE FLIR DEFENSE INC,TELEDYNE FLIR DEFENSE,5,2024,2025,T3_REVIEW,0
36380,TDY,TELEDYNE TECHNOLOGIES,TELEDYNE TECH,TELEDYNE LICENSING LLC,TELEDYNE LICENSING,5,2010,2011,T3_REVIEW,0
36380,TDY,TELEDYNE TECHNOLOGIES,TELEDYNE TECH,TELEDYNE DIGITAL IMAGING INC,TELEDYNE DIGITAL IMAGING,5,2017,2023,T3_REVIEW,0
36380,TDY,TELEDYNE TECHNOLOGIES,TELEDYNE TECH,TELEDYNE FLIR SURVEILLANCE INC,TELEDYNE FLIR SURVEILLANCE,4,2020,2024,T3_REVIEW,0
36380,TDY,TELEDYNE TECHNOLOGIES,TELEDYNE TECH,TELEDYNE DALSA SEMICONDUCTOR INC,TELEDYNE DALSA SEMICONDUCTOR,4,2011,2016,T3_REVIEW,0
36380,TDY,TELEDYNE TECHNOLOGIES,TELEDYNE TECH,TELEDYNE ETM INC,TELEDYNE ETM,4,2023,2025,T3_REVIEW,0
36380,TDY,TELEDYNE TECHNOLOGIES,TELEDYNE TECH,TELEDYNE INNOVACIONES MICROELECTRONICAS SLU,TELEDYNE INNOVACIONES MICROELECTRONICAS SLU,4,2019,2022,T3_REVIEW,0
36380,TDY,TELEDYNE TECHNOLOGIES,TELEDYNE TECH,Teledyne FLIR LLC,TELEDYNE FLIR,4,2020,2023,T3_REVIEW,0
36380,TDY,TELEDYNE TECHNOLOGIES,TELEDYNE TECH,TELEDYNE BROWN ENG INC,TELEDYNE BROWN ENG,3,2016,2019,T3_REVIEW,0
36380,TDY,TELEDYNE TECHNOLOGIES,TELEDYNE TECH,TELEDYNE AUSTRALIA PTY LTD,TELEDYNE AUSTRALIA,3,2010,2014,T3_REVIEW,0
36380,TDY,TELEDYNE TECHNOLOGIES,TELEDYNE TECH,TELEDYNE LTD,TELEDYNE,3,2012,2017,T3_REVIEW,0
20561,TGT,TARGET CORP,TARGET,TARGET BRANDS INC,TARGET BRANDS,896,2010,2025,T3_REVIEW,1
20561,TGT,TARGET CORP,TARGET,TARGET SYSTEMELEKTRONIK GMBH & CO KG,TARGET SYSTEMELEKTRONIK,12,2016,2024,T3_REVIEW,1
20561,TGT,TARGET CORP,TARGET,TARGET COMPLETIONS LLC,TARGET COMPLETIONS,8,2014,2019,T3_REVIEW,1
20561,TGT,TARGET CORP,TARGET,TARGET POINT TECH LTD,TARGET POINT TECH,4,2014,2020,T3_REVIEW,1
20561,TGT,TARGET CORP,TARGET,TARGET TAPE INC,TARGET TAPE,4,2013,2017,T3_REVIEW,1
20561,TGT,TARGET CORP,TARGET,TARGET INTERVENTION AS,TARGET INTERVENTION,4,2013,2021,T3_REVIEW,1
20561,TGT,TARGET CORP,TARGET,TARGET THERAPEUTICS INC,TARGET THERAPEUTICS,4,2010,2011,T3_REVIEW,1
4521,TM,TOYOTA MOTOR CORP,TOYOTA MOTOR,TOYOTA ENG & MFG NORTH AMERICA,TOYOTA ENG MFG NORTH AMER,3986,2010,2025,T3_REVIEW,0
4521,TM,TOYOTA MOTOR CORP,TOYOTA MOTOR,TOYOTA JIDOSHOKKI KK,TOYOTA JIDOSHOKKI,1810,2010,2025,T3_REVIEW,0
4521,TM,TOYOTA MOTOR CORP,TOYOTA MOTOR,TOYOTA BOSHOKU KK,TOYOTA BOSHOKU,1348,2010,2025,T3_REVIEW,0
4521,TM,TOYOTA MOTOR CORP,TOYOTA MOTOR,TOYOTA RES INST INC,TOYOTA RES INST,1049,2017,2025,T3_REVIEW,0
4521,TM,TOYOTA MOTOR CORP,TOYOTA MOTOR,TOYOTA CHUO KENKYUSHO KK,TOYOTA CHUO KENKYUSHO,384,2010,2025,T3_REVIEW,0
4521,TM,TOYOTA MOTOR CORP,TOYOTA MOTOR,TOYOTA TEKKO KK,TOYOTA TEKKO,148,2010,2025,T3_REVIEW,0
4521,TM,TOYOTA MOTOR CORP,TOYOTA MOTOR,TOYOTA AUTO BODY CO LTD,TOYOTA AUTO BODY,115,2010,2022,T3_REVIEW,0
4521,TM,TOYOTA MOTOR CORP,TOYOTA MOTOR,TOYOTA CONNECTED NORTH AMERICA INC,TOYOTA CONNECTED NORTH AMER,83,2017,2025,T3_REVIEW,0
4521,TM,TOYOTA MOTOR CORP,TOYOTA MOTOR,TOYOTA JIDOSHA KK,TOYOTA JIDOSHA,77,2023,2025,T3_REVIEW,0
4521,TM,TOYOTA MOTOR CORP,TOYOTA MOTOR,TOYOTA TSUSHO CORP,TOYOTA TSUSHO,66,2010,2025,T3_REVIEW,0
4521,TM,TOYOTA MOTOR CORP,TOYOTA MOTOR,TOYOTA SCHOOL FOUND,TOYOTA SCHOOL FOUND,34,2015,2023,T3_REVIEW,0
4521,TM,TOYOTA MOTOR CORP,TOYOTA MOTOR,TOYOTA INFOTECH CT CO LTD,TOYOTA INFOTECH CT,26,2010,2015,T3_REVIEW,0
4521,TM,TOYOTA MOTOR CORP,TOYOTA MOTOR,TOYOTA BATTERY CO LTD,TOYOTA BATTERY,21,2024,2025,T3_REVIEW,0
4521,TM,TOYOTA MOTOR CORP,TOYOTA MOTOR,TOYOTA MAT HANDLING INC,TOYOTA MAT HANDLING,20,2022,2025,T3_REVIEW,0
4521,TM,TOYOTA MOTOR CORP,TOYOTA MOTOR,TOYOTA BOSHOKU AMERICA INC,TOYOTA BOSHOKU AMER,15,2013,2024,T3_REVIEW,0
4521,TM,TOYOTA MOTOR CORP,TOYOTA MOTOR,TOYOTA JIDOSHA KYUSHU KK,TOYOTA JIDOSHA KYUSHU,14,2016,2023,T3_REVIEW,0
4521,TM,TOYOTA MOTOR CORP,TOYOTA MOTOR,TOYOTA INFOTECHNOLOGY CT USA INC,TOYOTA INFOTECHNOLOGY CT USA,13,2010,2014,T3_REVIEW,0
4521,TM,TOYOTA MOTOR CORP,TOYOTA MOTOR,TOYOTA GOSEI CO LTD,TOYOTA GOSEI,13,2012,2025,T3_REVIEW,0
4521,TM,TOYOTA MOTOR CORP,TOYOTA MOTOR,TOYOTA JIDOSHA KABUSHIKI KAIHSA,TOYOTA JIDOSHA KABUSHIKI KAIHSA,11,2010,2012,T3_REVIEW,0
4521,TM,TOYOTA MOTOR CORP,TOYOTA MOTOR,TOYOTA BODY SEIKO CO LTD,TOYOTA BODY SEIKO,11,2014,2022,T3_REVIEW,0
4521,TM,TOYOTA MOTOR CORP,TOYOTA MOTOR,TOYOTA INFOTECHNOLOGY CENTER USA INC,TOYOTA INFOTECHNOLOGY CENTER USA,10,2015,2025,T3_REVIEW,0
4521,TM,TOYOTA MOTOR CORP,TOYOTA MOTOR,TOYOTA MAPMASTER INCORPORATED,TOYOTA MAPMASTER,9,2015,2019,T3_REVIEW,0
4521,TM,TOYOTA MOTOR CORP,TOYOTA MOTOR,TOYOTA TECH INSTITUTE AT CHICAGO,TOYOTA TECH INSTITUTE AT CHICAGO,8,2019,2025,T3_REVIEW,0
4521,TM,TOYOTA MOTOR CORP,TOYOTA MOTOR,TOYOTA MAT HANDLING MANUFACTURING SWEDEN AB,TOYOTA MAT HANDLING MFG SWEDEN,7,2017,2019,T3_REVIEW,0
4521,TM,TOYOTA MOTOR CORP,TOYOTA MOTOR,TOYOTA CONNECTED CORP,TOYOTA CONNECTED,7,2017,2018,T3_REVIEW,0
4521,TM,TOYOTA MOTOR CORP,TOYOTA MOTOR,TOYOTA JIDOSHA KABUSHI KAISHA,TOYOTA JIDOSHA KABUSHI KAISHA,6,2012,2025,T3_REVIEW,0
4521,TM,TOYOTA MOTOR CORP,TOYOTA MOTOR,TOYOTA JIDOSHA KABUSHIK KAISHA,TOYOTA JIDOSHA KABUSHIK KAISHA,6,2012,2024,T3_REVIEW,0
4521,TM,TOYOTA MOTOR CORP,TOYOTA MOTOR,TOYOTA MAPMASTER INC,TOYOTA MAPMASTER,6,2010,2014,T3_REVIEW,0
4521,TM,TOYOTA MOTOR CORP,TOYOTA MOTOR,TOYOTA PRODUCTION ENG,TOYOTA PRODUCTION ENG,6,2018,2025,T3_REVIEW,0
4521,TM,TOYOTA MOTOR CORP,TOYOTA MOTOR,TOYOTA HOUSING CORP,TOYOTA HOUSING,6,2010,2024,T3_REVIEW,0
4521,TM,TOYOTA MOTOR CORP,TOYOTA MOTOR,TOYOTA JIDOSHA KABUSHKI KAISHA,TOYOTA JIDOSHA KABUSHKI KAISHA,6,2011,2024,T3_REVIEW,0
4521,TM,TOYOTA MOTOR CORP,TOYOTA MOTOR,TOYOTA JODOSHA KK,TOYOTA JODOSHA,5,2023,2025,T3_REVIEW,0
4521,TM,TOYOTA MOTOR CORP,TOYOTA MOTOR,TOYOTA YUKINARI,TOYOTA YUKINARI,5,2015,2020,T3_REVIEW,0
4521,TM,TOYOTA MOTOR CORP,TOYOTA MOTOR,TOYOTA BOSHOKU CORP,TOYOTA BOSHOKU,5,2011,2014,T3_REVIEW,0
4521,TM,TOYOTA MOTOR CORP,TOYOTA MOTOR,TOYOTA JIDOSHA KABUSHIKI,TOYOTA JIDOSHA KABUSHIKI,5,2011,2023,T3_REVIEW,0
4521,TM,TOYOTA MOTOR CORP,TOYOTA MOTOR,TOYOTA TATSUNORI,TOYOTA TATSUNORI,5,2010,2012,T3_REVIEW,0
4521,TM,TOYOTA MOTOR CORP,TOYOTA MOTOR,TOYOTA TSUSHO MATEX CORP,TOYOTA TSUSHO MATEX,5,2013,2020,T3_REVIEW,0
4521,TM,TOYOTA MOTOR CORP,TOYOTA MOTOR,TOYOTA JIDOSHI KABUSHIKI KAISHA,TOYOTA JIDOSHI KABUSHIKI KAISHA,5,2010,2015,T3_REVIEW,0
4521,TM,TOYOTA MOTOR CORP,TOYOTA MOTOR,TOYOTA SCHOOL FOUNDATION,TOYOTA SCHOOL FOUNDATION,5,2010,2014,T3_REVIEW,0
4521,TM,TOYOTA MOTOR CORP,TOYOTA MOTOR,TOYOTA BOSHOKU AMERICA,TOYOTA BOSHOKU AMER,4,2024,2025,T3_REVIEW,0
4521,TM,TOYOTA MOTOR CORP,TOYOTA MOTOR,TOYOTA RES INSTITUTE INC,TOYOTA RES INSTITUTE,4,2024,2025,T3_REVIEW,0
4521,TM,TOYOTA MOTOR CORP,TOYOTA MOTOR,TOYOTA MOTORSPORT GMBH,TOYOTA MOTORSPORT,4,2016,2017,T3_REVIEW,0
4521,TM,TOYOTA MOTOR CORP,TOYOTA MOTOR,TOYOTA MAT HANDLING MFG SWEDEN AB,TOYOTA MAT HANDLING MFG SWEDEN,4,2016,2017,T3_REVIEW,0
4521,TM,TOYOTA MOTOR CORP,TOYOTA MOTOR,TOYOTA JIDOSHIA KABUSHIKI KAISHA,TOYOTA JIDOSHIA KABUSHIKI KAISHA,4,2012,2013,T3_REVIEW,0
4521,TM,TOYOTA MOTOR CORP,TOYOTA MOTOR,TOYOTA JIDOSHA KABUSHIKI KAISA,TOYOTA JIDOSHA KABUSHIKI KAISA,4,2014,2023,T3_REVIEW,0
4521,TM,TOYOTA MOTOR CORP,TOYOTA MOTOR,TOYOTA TSUSHO AMERICA INC,TOYOTA TSUSHO AMER,4,2015,2017,T3_REVIEW,0
4521,TM,TOYOTA MOTOR CORP,TOYOTA MOTOR,TOYOTA INFOTECHNOLOGY CENTER CO LTD,TOYOTA INFOTECHNOLOGY CENTER,4,2016,2018,T3_REVIEW,0
4521,TM,TOYOTA MOTOR CORP,TOYOTA MOTOR,TOYOTA NATSUKI,TOYOTA NATSUKI,4,2012,2012,T3_REVIEW,0
4521,TM,TOYOTA MOTOR CORP,TOYOTA MOTOR,TOYOTA NAOMICHI,TOYOTA NAOMICHI,4,2010,2012,T3_REVIEW,0
4521,TM,TOYOTA MOTOR CORP,TOYOTA MOTOR,TOYOTA INFO TECHNOLOGY CT CO LTD,TOYOTA INFO TECH CT,4,2011,2013,T3_REVIEW,0
4521,TM,TOYOTA MOTOR CORP,TOYOTA MOTOR,TOYOTA SYSTEMS CORP,TOYOTA SYS,3,2022,2024,T3_REVIEW,0
4521,TM,TOYOTA MOTOR CORP,TOYOTA MOTOR,TOYOTA KENSEI,TOYOTA KENSEI,3,2012,2012,T3_REVIEW,0
4521,TM,TOYOTA MOTOR CORP,TOYOTA MOTOR,TOYOTA TURBINE AND SYSTEMS INC,TOYOTA TURBINE AND SYS,3,2013,2014,T3_REVIEW,0
4521,TM,TOYOTA MOTOR CORP,TOYOTA MOTOR,TOYOTA JODOSHA KABUSHIKI KAISHA,TOYOTA JODOSHA KABUSHIKI KAISHA,3,2013,2015,T3_REVIEW,0
4521,TM,TOYOTA MOTOR CORP,TOYOTA MOTOR,TOYOTA MAT HANDLING MANUFACTURING ITALY S P A,TOYOTA MAT HANDLING MFG ITALY S P A,3,2021,2021,T3_REVIEW,0
4521,TM,TOYOTA MOTOR CORP,TOYOTA MOTOR,TOYOTA JIDOSHA KABUSHIKII KAISHA,TOYOTA JIDOSHA KABUSHIKII KAISHA,3,2012,2024,T3_REVIEW,0
4521,TM,TOYOTA MOTOR CORP,TOYOTA MOTOR,TOYOTA HIROMI,TOYOTA HIROMI,3,2010,2012,T3_REVIEW,0
4521,TM,TOYOTA MOTOR CORP,TOYOTA MOTOR,TOYOTA JIDOSHA KABUSIKI KAISHA,TOYOTA JIDOSHA KABUSIKI KAISHA,3,2017,2024,T3_REVIEW,0
4557,TMO,THERMO FISHER SCIENTIFIC INC,THERMO FISHER SCIENT,THERMO FINNIGAN LLC,THERMO FINNIGAN,354,2010,2025,T3_REVIEW,0
4557,TMO,THERMO FISHER SCIENTIFIC INC,THERMO FISHER SCIENT,THERMO KING CORP,THERMO KING,299,2010,2022,T3_REVIEW,0
4557,TMO,THERMO FISHER SCIENTIFIC INC,THERMO FISHER SCIENT,THERMO KING LLC,THERMO KING,74,2022,2025,T3_REVIEW,0
4557,TMO,THERMO FISHER SCIENTIFIC INC,THERMO FISHER SCIENT,THERMO ELECTRON SCIENT INSTRUMENTS LLC,THERMO ELECTRON SCIENT INSTR,52,2017,2025,T3_REVIEW,0
4557,TMO,THERMO FISHER SCIENTIFIC INC,THERMO FISHER SCIENT,THERMO ELECTRON LED GMBH,THERMO ELECTRON LED,48,2010,2025,T3_REVIEW,0
4557,TMO,THERMO FISHER SCIENTIFIC INC,THERMO FISHER SCIENT,THERMO SCIENT PORTABLE ANALYTICAL INSTRUMENTS INC,THERMO SCIENT PORTABLE ANALYTICAL INSTR,23,2017,2025,T3_REVIEW,0
4557,TMO,THERMO FISHER SCIENTIFIC INC,THERMO FISHER SCIENT,THERMO SCIENT PORTABLE ANALYTICAL INSTR INC,THERMO SCIENT PORTABLE ANALYTICAL INSTR,18,2012,2017,T3_REVIEW,0
4557,TMO,THERMO FISHER SCIENTIFIC INC,THERMO FISHER SCIENT,THERMO ELECTRON MFG LTD,THERMO ELECTRON MFG,10,2012,2014,T3_REVIEW,0
4557,TMO,THERMO FISHER SCIENTIFIC INC,THERMO FISHER SCIENT,THERMO SHANDON LTD,THERMO SHANDON,10,2011,2021,T3_REVIEW,0
4557,TMO,THERMO FISHER SCIENTIFIC INC,THERMO FISHER SCIENT,THERMO ELECTRON MFG LIMITED,THERMO ELECTRON MFG,7,2019,2024,T3_REVIEW,0
4557,TMO,THERMO FISHER SCIENTIFIC INC,THERMO FISHER SCIENT,THERMO ENVIRONMENTAL INSTR LLC,THERMO ENVIRONMENTAL INSTR,7,2021,2023,T3_REVIEW,0
4557,TMO,THERMO FISHER SCIENTIFIC INC,THERMO FISHER SCIENT,THERMO ELECTRON SCIENT INSTR LLC,THERMO ELECTRON SCIENT INSTR,6,2015,2017,T3_REVIEW,0
4557,TMO,THERMO FISHER SCIENTIFIC INC,THERMO FISHER SCIENT,THERMO ELECTRON KARLSRUHE GMBH,THERMO ELECTRON KARLSRUHE,6,2012,2023,T3_REVIEW,0
4557,TMO,THERMO FISHER SCIENTIFIC INC,THERMO FISHER SCIENT,THERMO ORION INC,THERMO ORION,5,2015,2023,T3_REVIEW,0
4557,TMO,THERMO FISHER SCIENTIFIC INC,THERMO FISHER SCIENT,THERMO EBERLINE LLC,THERMO EBERLINE,5,2017,2020,T3_REVIEW,0
4557,TMO,THERMO FISHER SCIENTIFIC INC,THERMO FISHER SCIENT,THERMO ELECTRON SCIENT INSTR,THERMO ELECTRON SCIENT INSTR,5,2013,2015,T3_REVIEW,0
4557,TMO,THERMO FISHER SCIENTIFIC INC,THERMO FISHER SCIENT,THERMO TECHNOLOGIES LLC,THERMO TECH,4,2011,2013,T3_REVIEW,0
4557,TMO,THERMO FISHER SCIENTIFIC INC,THERMO FISHER SCIENT,THERMO CRS LTD,THERMO CRS,4,2019,2024,T3_REVIEW,0
4557,TMO,THERMO FISHER SCIENTIFIC INC,THERMO FISHER SCIENT,THERMO GAMMA-METRICS PTY LTD,THERMO GAMMA METRICS,3,2015,2015,T3_REVIEW,0
4557,TMO,THERMO FISHER SCIENTIFIC INC,THERMO FISHER SCIENT,Thermo EGS Gauging LLC,THERMO EGS GAUGING,3,2024,2025,T3_REVIEW,0
4557,TMO,THERMO FISHER SCIENTIFIC INC,THERMO FISHER SCIENT,Thermo Traks Inc,THERMO TRAKS,3,2018,2021,T3_REVIEW,0
4557,TMO,THERMO FISHER SCIENTIFIC INC,THERMO FISHER SCIENT,THERMO HYPERSIL KEYSTONE LLC,THERMO HYPERSIL KEYSTONE,3,2020,2023,T3_REVIEW,0
4557,TMO,THERMO FISHER SCIENTIFIC INC,THERMO FISHER SCIENT,Thermo Electron North America LLC,THERMO ELECTRON NORTH AMER,3,2024,2025,T3_REVIEW,0
28754,TRI,THOMSON REUTERS CORP,THOMSON REUTERS,THOMSON LICENSING,THOMSON LICENSING,2189,2010,2023,T3_REVIEW,0
28754,TRI,THOMSON REUTERS CORP,THOMSON REUTERS,THOMSON LICENSING SA,THOMSON LICENSING,19,2010,2012,T3_REVIEW,0
28754,TRI,THOMSON REUTERS CORP,THOMSON REUTERS,THOMSON IND INC,THOMSON IND,14,2011,2024,T3_REVIEW,0
28754,TRI,THOMSON REUTERS CORP,THOMSON REUTERS,THOMSON LICENSING A CORP,THOMSON LICENSING A,12,2010,2012,T3_REVIEW,0
28754,TRI,THOMSON REUTERS CORP,THOMSON REUTERS,THOMSON LICENSING LLC,THOMSON LICENSING,11,2010,2011,T3_REVIEW,0
28754,TRI,THOMSON REUTERS CORP,THOMSON REUTERS,THOMSON FINANCIAL LLC,THOMSON FINANCIAL,7,2011,2019,T3_REVIEW,0
28754,TRI,THOMSON REUTERS CORP,THOMSON REUTERS,THOMSON RODNEY A,THOMSON RODNEY A,6,2012,2012,T3_REVIEW,0
28754,TRI,THOMSON REUTERS CORP,THOMSON REUTERS,THOMSON NEAL A,THOMSON NEAL A,5,2011,2012,T3_REVIEW,0
28754,TRI,THOMSON REUTERS CORP,THOMSON REUTERS,THOMSON IND,THOMSON IND,4,2012,2016,T3_REVIEW,0
28754,TRI,THOMSON REUTERS CORP,THOMSON REUTERS,THOMSON MARTIN WYVILLE,THOMSON MARTIN WYVILLE,4,2010,2015,T3_REVIEW,0
28754,TRI,THOMSON REUTERS CORP,THOMSON REUTERS,THOMSON SANDY,THOMSON SANDY,4,2010,2012,T3_REVIEW,0
28754,TRI,THOMSON REUTERS CORP,THOMSON REUTERS,THOMSON DAVID SMITH,THOMSON DAVID SMITH,4,2010,2011,T3_REVIEW,0
28754,TRI,THOMSON REUTERS CORP,THOMSON REUTERS,THOMSON LICENSING DTV,THOMSON LICENSING DTV,4,2017,2017,T3_REVIEW,0
28754,TRI,THOMSON REUTERS CORP,THOMSON REUTERS,THOMSON CHIP E,THOMSON CHIP E,3,2010,2015,T3_REVIEW,0
28754,TRI,THOMSON REUTERS CORP,THOMSON REUTERS,THOMSON SOLOMON,THOMSON SOLOMON,3,2017,2024,T3_REVIEW,0
28754,TRI,THOMSON REUTERS CORP,THOMSON REUTERS,THOMSON NICK,THOMSON NICK,3,2010,2011,T3_REVIEW,0
28754,TRI,THOMSON REUTERS CORP,THOMSON REUTERS,THOMSON TY MATTHEW,THOMSON TY MATTHEW,3,2011,2012,T3_REVIEW,0
28754,TRI,THOMSON REUTERS CORP,THOMSON REUTERS,THOMSON PRESTON,THOMSON PRESTON,3,2017,2017,T3_REVIEW,0
28754,TRI,THOMSON REUTERS CORP,THOMSON REUTERS,THOMSON CAREN FRANCES,THOMSON CAREN FRANCES,3,2012,2014,T3_REVIEW,0
28754,TRI,THOMSON REUTERS CORP,THOMSON REUTERS,THOMSON NIALL RAE,THOMSON NIALL RAE,3,2011,2012,T3_REVIEW,0
28754,TRI,THOMSON REUTERS CORP,THOMSON REUTERS,THOMSON BRUCE MERRILL,THOMSON BRUCE MERRILL,3,2013,2018,T3_REVIEW,0
55154,TRIL,TRILLIUM THERAPEUTICS INC,TRILLIUM THERAPEUTICS,TRILLIUM MARKETING INC,TRILLIUM MARKETING,4,2017,2022,T3_REVIEW,0
55154,TRIL,TRILLIUM THERAPEUTICS INC,TRILLIUM THERAPEUTICS,TRILLIUM TRANSP FUELS LLC,TRILLIUM TRANSP FUELS,3,2017,2022,T3_REVIEW,0
55154,TRIL,TRILLIUM THERAPEUTICS INC,TRILLIUM THERAPEUTICS,Trillium Incorporated,TRILLIUM,3,2016,2017,T3_REVIEW,0
4620,TSN,TYSON FOODS INC,TYSON FOODS,TYSON II JOHN,TYSON II JOHN,7,2020,2024,T3_REVIEW,0
4620,TSN,TYSON FOODS INC,TYSON FOODS,TYSON ROCKFORD,TYSON ROCKFORD,5,2011,2014,T3_REVIEW,0
4620,TSN,TYSON FOODS INC,TYSON FOODS,TYSON DYLAN J,TYSON DYLAN J,4,2013,2013,T3_REVIEW,0
4620,TSN,TYSON FOODS INC,TYSON FOODS,TYSON KERRY LOUISE,TYSON KERRY LOUISE,4,2010,2012,T3_REVIEW,0
4620,TSN,TYSON FOODS INC,TYSON FOODS,TYSON BIORESEARCH INC,TYSON BIORESEARCH,4,2016,2019,T3_REVIEW,0
4620,TSN,TYSON FOODS INC,TYSON FOODS,TYSON BIORES INC,TYSON BIORES,3,2010,2013,T3_REVIEW,0
4589,TTEK,TETRA TECH INC,TETRA TECH,TETRA LAVAL HOLDINGS & FINANCE,TETRA LAVAL HOLDINGS FINANCE,820,2010,2025,T3_REVIEW,0
4589,TTEK,TETRA TECH INC,TETRA TECH,TETRA DISCOVERY PARTNERS LLC,TETRA DISCOVERY PARTNERS,10,2013,2023,T3_REVIEW,0
4589,TTEK,TETRA TECH INC,TETRA TECH,TETRA APPLIED TECHNOLOGIES LLC,TETRA APPLIED TECH,4,2011,2015,T3_REVIEW,0
4589,TTEK,TETRA TECH INC,TETRA TECH,Tetra Semiconductors AG,TETRA SEMICONDUCTORS,3,2017,2023,T3_REVIEW,0
4589,TTEK,TETRA TECH INC,TETRA TECH,TETRA MEDICAL LAB,TETRA MEDICAL LAB,3,2010,2013,T3_REVIEW,0
4589,TTEK,TETRA TECH INC,TETRA TECH,TETRA KK,TETRA,3,2014,2019,T3_REVIEW,0
14293,TTNP,TITAN PHARMACEUTICALS INC DEL,TITAN PHARMACEUTICALS INC DEL,TITAN MED INC,TITAN MED,147,2012,2024,T3_REVIEW,0
14293,TTNP,TITAN PHARMACEUTICALS INC DEL,TITAN PHARMACEUTICALS INC DEL,TITAN SPINE LLC,TITAN SPINE,46,2011,2016,T3_REVIEW,0
14293,TTNP,TITAN PHARMACEUTICALS INC DEL,TITAN PHARMACEUTICALS INC DEL,TITAN HEALTH & SECURITY TECH INC,TITAN HEALTH SECURITY TECH,39,2016,2025,T3_REVIEW,0
14293,TTNP,TITAN PHARMACEUTICALS INC DEL,TITAN PHARMACEUTICALS INC DEL,TITAN TRAILERS INC,TITAN TRAILERS,29,2011,2025,T3_REVIEW,0
14293,TTNP,TITAN PHARMACEUTICALS INC DEL,TITAN PHARMACEUTICALS INC DEL,TITAN PHARMACEUTICALS INC,TITAN PHARMACEUTICALS,22,2011,2023,T3_REVIEW,0
14293,TTNP,TITAN PHARMACEUTICALS INC DEL,TITAN PHARMACEUTICALS INC DEL,TITAN KOGYO KK,TITAN KOGYO,18,2010,2023,T3_REVIEW,0
14293,TTNP,TITAN PHARMACEUTICALS INC DEL,TITAN PHARMACEUTICALS INC DEL,TITAN WOOD LTD,TITAN WOOD,17,2011,2025,T3_REVIEW,0
14293,TTNP,TITAN PHARMACEUTICALS INC DEL,TITAN PHARMACEUTICALS INC DEL,TITAN SPINE INC,TITAN SPINE,12,2016,2024,T3_REVIEW,0
14293,TTNP,TITAN PHARMACEUTICALS INC DEL,TITAN PHARMACEUTICALS INC DEL,TITAN ADVANCED ENERGY SOLUTIONS INC,TITAN ADVANCED ENERGY SOLUTIONS,11,2018,2025,T3_REVIEW,0
14293,TTNP,TITAN PHARMACEUTICALS INC DEL,TITAN PHARMACEUTICALS INC DEL,TITAN FORMWORK SYSTEMS LLC,TITAN FORMWORK SYS,11,2014,2023,T3_REVIEW,0
14293,TTNP,TITAN PHARMACEUTICALS INC DEL,TITAN PHARMACEUTICALS INC DEL,TITAN OIL RECOVERY INC,TITAN OIL RECOVERY,9,2014,2019,T3_REVIEW,0
14293,TTNP,TITAN PHARMACEUTICALS INC DEL,TITAN PHARMACEUTICALS INC DEL,TITAN PHOTONICS INC,TITAN PHOTONICS,8,2013,2016,T3_REVIEW,0
14293,TTNP,TITAN PHARMACEUTICALS INC DEL,TITAN PHARMACEUTICALS INC DEL,Titan CMP Solutions LLC,TITAN CMP SOLUTIONS,7,2015,2021,T3_REVIEW,0
14293,TTNP,TITAN PHARMACEUTICALS INC DEL,TITAN PHARMACEUTICALS INC DEL,TITAN INTERNATIONAL TECH LTD,TITAN INT TECH,5,2017,2023,T3_REVIEW,0
14293,TTNP,TITAN PHARMACEUTICALS INC DEL,TITAN PHARMACEUTICALS INC DEL,TITAN SEMICONDUCTOR TOOL LLC,TITAN SEMICONDUCTOR TOOL,5,2011,2014,T3_REVIEW,0
14293,TTNP,TITAN PHARMACEUTICALS INC DEL,TITAN PHARMACEUTICALS INC DEL,TITAN UMREIFUNGSTECHNIK GMBH & CO KG,TITAN UMREIFUNGSTECHNIK,4,2012,2020,T3_REVIEW,0
14293,TTNP,TITAN PHARMACEUTICALS INC DEL,TITAN PHARMACEUTICALS INC DEL,TITAN LOGIX CORP,TITAN LOGIX,4,2013,2015,T3_REVIEW,0
14293,TTNP,TITAN PHARMACEUTICALS INC DEL,TITAN PHARMACEUTICALS INC DEL,TITAN CHEMICALS LTD,TITAN CHEM,4,2011,2014,T3_REVIEW,0
14293,TTNP,TITAN PHARMACEUTICALS INC DEL,TITAN PHARMACEUTICALS INC DEL,TITAN FLOW CONTROL INC,TITAN FLOW CONTROL,4,2011,2025,T3_REVIEW,0
14293,TTNP,TITAN PHARMACEUTICALS INC DEL,TITAN PHARMACEUTICALS INC DEL,TITAN ENTPR LTD,TITAN ENTPR,4,2013,2023,T3_REVIEW,0
14293,TTNP,TITAN PHARMACEUTICALS INC DEL,TITAN PHARMACEUTICALS INC DEL,TITAN TECHNOLOGIES INTERNATIONAL INC,TITAN TECH INT,3,2011,2011,T3_REVIEW,0
14293,TTNP,TITAN PHARMACEUTICALS INC DEL,TITAN PHARMACEUTICALS INC DEL,TITAN HAPTICS INC,TITAN HAPTICS,3,2022,2024,T3_REVIEW,0
14293,TTNP,TITAN PHARMACEUTICALS INC DEL,TITAN PHARMACEUTICALS INC DEL,Titan Machinery,TITAN MACHINERY,3,2015,2017,T3_REVIEW,0
14293,TTNP,TITAN PHARMACEUTICALS INC DEL,TITAN PHARMACEUTICALS INC DEL,TITAN IP LLC,TITAN IP,3,2010,2015,T3_REVIEW,0
14293,TTNP,TITAN PHARMACEUTICALS INC DEL,TITAN PHARMACEUTICALS INC DEL,TITAN CHEMICAL TRANSFER SOLUTIONS LLC,TITAN CHEM TRANSFER SOLUTIONS,3,2014,2015,T3_REVIEW,0
14293,TTNP,TITAN PHARMACEUTICALS INC DEL,TITAN PHARMACEUTICALS INC DEL,TITAN IO INC,TITAN IO,3,2020,2023,T3_REVIEW,0
14293,TTNP,TITAN PHARMACEUTICALS INC DEL,TITAN PHARMACEUTICALS INC DEL,TITAN PET PRODUCTS INC,TITAN PET PRODUCTS,3,2010,2013,T3_REVIEW,0
21737,TXN,TEXAS INSTRUMENTS INC,TEXAS INSTR,TEXAS A & M UNIV SYS,TEXAS A M UNIV SYS,1122,2010,2025,T3_REVIEW,0
21737,TXN,TEXAS INSTRUMENTS INC,TEXAS INSTR,TEXAS HEART INST,TEXAS HEART INST,56,2011,2024,T3_REVIEW,0
21737,TXN,TEXAS INSTRUMENTS INC,TEXAS INSTR,TEXAS STATE UNIV,TEXAS STATE UNIV,40,2014,2025,T3_REVIEW,0
21737,TXN,TEXAS INSTRUMENTS INC,TEXAS INSTR,TEXAS SCOTTISH RITE HOSPITAL FOR CHILDREN,TEXAS SCOTTISH RITE HOSPITAL FOR CHILDREN,37,2016,2025,T3_REVIEW,0
21737,TXN,TEXAS INSTRUMENTS INC,TEXAS INSTR,TEXAS A&M UNIV,TEXAS A M UNIV,23,2015,2025,T3_REVIEW,0
21737,TXN,TEXAS INSTRUMENTS INC,TEXAS INSTR,Texas Medical Center,TEXAS MEDICAL CENTER,22,2017,2025,T3_REVIEW,0
21737,TXN,TEXAS INSTRUMENTS INC,TEXAS INSTR,TEXAS BIOMEDICAL RES INSTITUTE,TEXAS BIOMEDICAL RES INSTITUTE,17,2017,2025,T3_REVIEW,0
21737,TXN,TEXAS INSTRUMENTS INC,TEXAS INSTR,TEXAS MEMORY SYSTEMS INC,TEXAS MEMORY SYS,17,2010,2013,T3_REVIEW,0
21737,TXN,TEXAS INSTRUMENTS INC,TEXAS INSTR,TEXAS RES INTERNATIONAL INC,TEXAS RES INT,17,2010,2024,T3_REVIEW,0
21737,TXN,TEXAS INSTRUMENTS INC,TEXAS INSTR,TEXAS A&M UNIV SYSTEM,TEXAS A M UNIV SYSTEM,16,2016,2025,T3_REVIEW,0
21737,TXN,TEXAS INSTRUMENTS INC,TEXAS INSTR,Texas Childrens Hospital,TEXAS CHILDRENS HOSPITAL,15,2017,2025,T3_REVIEW,0
21737,TXN,TEXAS INSTRUMENTS INC,TEXAS INSTR,TEXAS FUELING SERVICES INC,TEXAS FUELING SERVICES,14,2018,2024,T3_REVIEW,0
21737,TXN,TEXAS INSTRUMENTS INC,TEXAS INSTR,TEXAS SCOTTISH RITE HOSPITAL,TEXAS SCOTTISH RITE HOSPITAL,14,2010,2016,T3_REVIEW,0
21737,TXN,TEXAS INSTRUMENTS INC,TEXAS INSTR,TEXAS INST OF SCIENCE INC,TEXAS INST OF SCIENT,14,2020,2025,T3_REVIEW,0
21737,TXN,TEXAS INSTRUMENTS INC,TEXAS INSTR,Texas Transland LLC,TEXAS TRANSLAND,10,2011,2025,T3_REVIEW,0
21737,TXN,TEXAS INSTRUMENTS INC,TEXAS INSTR,TEXAS EMERGENCY NETWORK LLC,TEXAS EMERGENCY NETWORK,10,2013,2025,T3_REVIEW,0
21737,TXN,TEXAS INSTRUMENTS INC,TEXAS INSTR,TEXAS SOUTHERN UNIV,TEXAS SOUTHERN UNIV,8,2016,2024,T3_REVIEW,0
21737,TXN,TEXAS INSTRUMENTS INC,TEXAS INSTR,TEXAS UNITED CHEMICAL CORP,TEXAS UNITED CHEM,8,2010,2013,T3_REVIEW,0
21737,TXN,TEXAS INSTRUMENTS INC,TEXAS INSTR,TEXAS STATE UNIVERSITY SAN MARCOS,TEXAS STATE UNIV SAN MARCOS,7,2011,2015,T3_REVIEW,0
21737,TXN,TEXAS INSTRUMENTS INC,TEXAS INSTR,TEXAS LFP LLC,TEXAS LFP,7,2013,2017,T3_REVIEW,0
21737,TXN,TEXAS INSTRUMENTS INC,TEXAS INSTR,TEXAS STATE UNIVERSITY,TEXAS STATE UNIV,6,2012,2015,T3_REVIEW,0
21737,TXN,TEXAS INSTRUMENTS INC,TEXAS INSTR,TEXAS CHRISTIAN UNIV,TEXAS CHRISTIAN UNIV,6,2019,2023,T3_REVIEW,0
21737,TXN,TEXAS INSTRUMENTS INC,TEXAS INSTR,TEXAS CHRISTIAN UNIVERSITY,TEXAS CHRISTIAN UNIV,5,2013,2014,T3_REVIEW,0
21737,TXN,TEXAS INSTRUMENTS INC,TEXAS INSTR,TEXAS CROP SCIENCE INC,TEXAS CROP SCIENT,5,2023,2025,T3_REVIEW,0
21737,TXN,TEXAS INSTRUMENTS INC,TEXAS INSTR,TEXAS BIOCHEMICALS INC,TEXAS BIOCHEMICALS,5,2012,2020,T3_REVIEW,0
21737,TXN,TEXAS INSTRUMENTS INC,TEXAS INSTR,TEXAS ADVANCED OPTOELECTRONIC SOLUTIONS INC,TEXAS ADVANCED OPTOELECTRONIC SOLUTIONS,4,2010,2012,T3_REVIEW,0
21737,TXN,TEXAS INSTRUMENTS INC,TEXAS INSTR,TEXAS NAMEPLATE COMPANY INC,TEXAS NAMEPLATE,4,2016,2022,T3_REVIEW,0
21737,TXN,TEXAS INSTRUMENTS INC,TEXAS INSTR,TEXAS WOMANS UNIV,TEXAS WOMANS UNIV,4,2018,2020,T3_REVIEW,0
21737,TXN,TEXAS INSTRUMENTS INC,TEXAS INSTR,TEXAS EROSION SUPPLY L P,TEXAS EROSION SUPPLY L P,4,2020,2022,T3_REVIEW,0
21737,TXN,TEXAS INSTRUMENTS INC,TEXAS INSTR,TEXAS THORIUM LLC,TEXAS THORIUM,4,2019,2023,T3_REVIEW,0
21737,TXN,TEXAS INSTRUMENTS INC,TEXAS INSTR,TEXAS BIOMEDICAL RES INST,TEXAS BIOMEDICAL RES INST,4,2012,2015,T3_REVIEW,0
21737,TXN,TEXAS INSTRUMENTS INC,TEXAS INSTR,TEXAS CUSTOMS INC,TEXAS CUSTOMS,3,2020,2022,T3_REVIEW,0
21737,TXN,TEXAS INSTRUMENTS INC,TEXAS INSTR,THE TEXAS A&M UNIV,TEXAS A M UNIV,3,2019,2021,T3_REVIEW,0
21737,TXN,TEXAS INSTRUMENTS INC,TEXAS INSTR,TEXAS WOMAN’S UNIV,TEXAS WOMAN S UNIV,3,2023,2024,T3_REVIEW,0
21737,TXN,TEXAS INSTRUMENTS INC,TEXAS INSTR,TEXAS WIND TOWER CO,TEXAS WIND TOWER,3,2023,2024,T3_REVIEW,0
21737,TXN,TEXAS INSTRUMENTS INC,TEXAS INSTR,TEXAS MICROPOWER INC,TEXAS MICROPOWER,3,2012,2016,T3_REVIEW,0
21737,TXN,TEXAS INSTRUMENTS INC,TEXAS INSTR,TEXAS CROP SCIENCE,TEXAS CROP SCIENT,3,2023,2023,T3_REVIEW,0
21737,TXN,TEXAS INSTRUMENTS INC,TEXAS INSTR,TEXAS TECH UNIV,TEXAS TECH UNIV,3,2014,2023,T3_REVIEW,0
56381,UBX,UNITY BIOTECHNOLOGY INC,UNITY BIOTECHNOLOGY,UNITY SEMICONDUCTOR CORP,UNITY SEMICONDUCTOR,177,2010,2022,T3_REVIEW,0
56381,UBX,UNITY BIOTECHNOLOGY INC,UNITY BIOTECHNOLOGY,Unity IPR ApS,UNITY IPR,76,2016,2024,T3_REVIEW,0
56381,UBX,UNITY BIOTECHNOLOGY INC,UNITY BIOTECHNOLOGY,UNITY OPTO TECHNOLOGY CO LTD,UNITY OPTO TECH,66,2010,2020,T3_REVIEW,0
56381,UBX,UNITY BIOTECHNOLOGY INC,UNITY BIOTECHNOLOGY,UNITY TECH SF,UNITY TECH SF,56,2020,2025,T3_REVIEW,0
56381,UBX,UNITY BIOTECHNOLOGY INC,UNITY BIOTECHNOLOGY,UNITY SEMICONDUCTOR,UNITY SEMICONDUCTOR,20,2015,2024,T3_REVIEW,0
56381,UBX,UNITY BIOTECHNOLOGY INC,UNITY BIOTECHNOLOGY,UNITY HEALTH TORONTO,UNITY HEALTH TORONTO,19,2017,2025,T3_REVIEW,0
56381,UBX,UNITY BIOTECHNOLOGY INC,UNITY BIOTECHNOLOGY,UNITY TECH APS,UNITY TECH,18,2020,2025,T3_REVIEW,0
56381,UBX,UNITY BIOTECHNOLOGY INC,UNITY BIOTECHNOLOGY,UNITY CREATIONS LTD,UNITY CREATIONS,3,2010,2024,T3_REVIEW,0
56381,UBX,UNITY BIOTECHNOLOGY INC,UNITY BIOTECHNOLOGY,UNITY CHAIN INC,UNITY CHAIN,3,2020,2025,T3_REVIEW,0
56381,UBX,UNITY BIOTECHNOLOGY INC,UNITY BIOTECHNOLOGY,UNITY POWER TECH LIMITED,UNITY POWER TECH,3,2021,2023,T3_REVIEW,0
39148,UMC,UNITED MICROELECTRONICS CORP,UNITED MICROELECTRONICS,UNITED TECHNOLOGIES CORP,UNITED TECH,7188,2010,2024,T3_REVIEW,0
39148,UMC,UNITED MICROELECTRONICS CORP,UNITED MICROELECTRONICS,UNITED STATES POSTAL SERVICE,UNITED STATES POSTAL SERVICE,478,2016,2025,T3_REVIEW,0
39148,UMC,UNITED MICROELECTRONICS CORP,UNITED MICROELECTRONICS,UNITED VIDEO PROPERTIES INC,UNITED VIDEO PROPERTIES,449,2010,2014,T3_REVIEW,0
39148,UMC,UNITED MICROELECTRONICS CORP,UNITED MICROELECTRONICS,United parcel service america inc,UNITED PARCEL SERVICE AMER,434,2015,2025,T3_REVIEW,0
39148,UMC,UNITED MICROELECTRONICS CORP,UNITED MICROELECTRONICS,UNITED STATES GYPSUM CO,UNITED STATES GYPSUM,357,2010,2025,T3_REVIEW,0
39148,UMC,UNITED MICROELECTRONICS CORP,UNITED MICROELECTRONICS,UNITED PARCEL SERVICE INC,UNITED PARCEL SERVICE,279,2010,2024,T3_REVIEW,0
39148,UMC,UNITED MICROELECTRONICS CORP,UNITED MICROELECTRONICS,UNITED THERAPEUTICS CORP,UNITED THERAPEUTICS,180,2010,2025,T3_REVIEW,0
39148,UMC,UNITED MICROELECTRONICS CORP,UNITED MICROELECTRONICS,UNITED SEMICONDUCTOR XIAMEN CO LTD,UNITED SEMICONDUCTOR XIAMEN,98,2018,2025,T3_REVIEW,0
39148,UMC,UNITED MICROELECTRONICS CORP,UNITED MICROELECTRONICS,UNITED STATES ENDOSCOPY GROUP INC,UNITED STATES ENDOSCOPY,61,2015,2025,T3_REVIEW,0
39148,UMC,UNITED MICROELECTRONICS CORP,UNITED MICROELECTRONICS,UNITED SCIENCES LLC,UNITED SCIENT,35,2013,2014,T3_REVIEW,0
39148,UMC,UNITED MICROELECTRONICS CORP,UNITED MICROELECTRONICS,UNITED LAB INT LLC,UNITED LAB INT,29,2015,2025,T3_REVIEW,0
39148,UMC,UNITED MICROELECTRONICS CORP,UNITED MICROELECTRONICS,UNITED AIRLINES INC,UNITED AIRLINES,26,2013,2025,T3_REVIEW,0
39148,UMC,UNITED MICROELECTRONICS CORP,UNITED MICROELECTRONICS,UNITED STATES STEEL CORP,UNITED STATES STEEL,24,2010,2025,T3_REVIEW,0
39148,UMC,UNITED MICROELECTRONICS CORP,UNITED MICROELECTRONICS,UNITED SILICON CARBIDE INC,UNITED SILICON CARBIDE,23,2013,2020,T3_REVIEW,0
39148,UMC,UNITED MICROELECTRONICS CORP,UNITED MICROELECTRONICS,UNITED TEST & ASSEMBLY CT LT,UNITED TEST ASSEMBLY CT LT,22,2011,2016,T3_REVIEW,0
39148,UMC,UNITED MICROELECTRONICS CORP,UNITED MICROELECTRONICS,UNITED CONSTRUCTION PRODUCTS INC,UNITED CONSTRUCTION PRODUCTS,22,2011,2019,T3_REVIEW,0
39148,UMC,UNITED MICROELECTRONICS CORP,UNITED MICROELECTRONICS,UNITED SEMICONDUCTOR JAPAN CO LTD,UNITED SEMICONDUCTOR JAPAN,20,2020,2025,T3_REVIEW,0
39148,UMC,UNITED MICROELECTRONICS CORP,UNITED MICROELECTRONICS,THE UNITED STATES AS REPRESENTED BY THE DEPT OF VETERANS AFFAIRS,UNITED STATES AS REPRESENTED BY THE DEPT OF VETERANS AFFAIRS,20,2017,2024,T3_REVIEW,0
39148,UMC,UNITED MICROELECTRONICS CORP,UNITED MICROELECTRONICS,UNITED BIOMEDICAL INC,UNITED BIOMEDICAL,17,2010,2021,T3_REVIEW,0
39148,UMC,UNITED MICROELECTRONICS CORP,UNITED MICROELECTRONICS,UNITED STATES CELLULAR CORP,UNITED STATES CELLULAR,17,2016,2024,T3_REVIEW,0
39148,UMC,UNITED MICROELECTRONICS CORP,UNITED MICROELECTRONICS,UNITED TACTICAL SYSTEMS LLC,UNITED TACTICAL SYS,13,2016,2025,T3_REVIEW,0
39148,UMC,UNITED MICROELECTRONICS CORP,UNITED MICROELECTRONICS,UNITED COMPANY RUSAL ENGINEERING AND TECH CENTRE LLC,UNITED COMPANY RUSAL ENGINEERING AND TECH CENTRE,13,2015,2017,T3_REVIEW,0
39148,UMC,UNITED MICROELECTRONICS CORP,UNITED MICROELECTRONICS,UNITED STATES STOVE COMPANY,UNITED STATES STOVE,12,2016,2024,T3_REVIEW,0
39148,UMC,UNITED MICROELECTRONICS CORP,UNITED MICROELECTRONICS,UNITED STATES DEPT OF VETERANS AFFAIRS,UNITED STATES DEPT OF VETERANS AFFAIRS,11,2014,2023,T3_REVIEW,0
39148,UMC,UNITED MICROELECTRONICS CORP,UNITED MICROELECTRONICS,UNITED STATES BORAX INC,UNITED STATES BORAX,11,2018,2024,T3_REVIEW,0
39148,UMC,UNITED MICROELECTRONICS CORP,UNITED MICROELECTRONICS,UNITED INNOMED SHANGHAI LTD,UNITED INNOMED SHANGHAI,10,2021,2025,T3_REVIEW,0
39148,UMC,UNITED MICROELECTRONICS CORP,UNITED MICROELECTRONICS,UNITED SOLAR OVONIC LLC,UNITED SOLAR OVONIC,10,2010,2012,T3_REVIEW,0
39148,UMC,UNITED MICROELECTRONICS CORP,UNITED MICROELECTRONICS,UNITED RENTALS INC,UNITED RENTALS,10,2015,2024,T3_REVIEW,0
39148,UMC,UNITED MICROELECTRONICS CORP,UNITED MICROELECTRONICS,UNITED LAB INTERNATIONAL LLC,UNITED LAB INT,9,2011,2015,T3_REVIEW,0
39148,UMC,UNITED MICROELECTRONICS CORP,UNITED MICROELECTRONICS,UNITED CONVEYOR CORP,UNITED CONVEYOR,9,2012,2025,T3_REVIEW,0
39148,UMC,UNITED MICROELECTRONICS CORP,UNITED MICROELECTRONICS,UNITED ANIMAL HEALTH INC,UNITED ANIMAL HEALTH,9,2019,2024,T3_REVIEW,0
39148,UMC,UNITED MICROELECTRONICS CORP,UNITED MICROELECTRONICS,UNITED ORTHOPEDIC CORP,UNITED ORTHOPEDIC,9,2011,2022,T3_REVIEW,0
39148,UMC,UNITED MICROELECTRONICS CORP,UNITED MICROELECTRONICS,UNITED COMPANY RUSAL ENGINEERING AND TECHNOLOGY CT LLC,UNITED COMPANY RUSAL ENGINEERING AND TECH CT,9,2012,2013,T3_REVIEW,0
39148,UMC,UNITED MICROELECTRONICS CORP,UNITED MICROELECTRONICS,UNITED IND CORPORATION,UNITED IND,8,2022,2025,T3_REVIEW,0
39148,UMC,UNITED MICROELECTRONICS CORP,UNITED MICROELECTRONICS,UNITED COMB & NOVELTY CORP,UNITED COMB NOVELTY,8,2014,2017,T3_REVIEW,0
39148,UMC,UNITED MICROELECTRONICS CORP,UNITED MICROELECTRONICS,UNITED WIRE LTD,UNITED WIRE,8,2010,2013,T3_REVIEW,0
39148,UMC,UNITED MICROELECTRONICS CORP,UNITED MICROELECTRONICS,UNITED TECH RESEARCH CENTRE IRELAND LIMITED,UNITED TECH RES CENTRE IRELAND,7,2019,2021,T3_REVIEW,0
39148,UMC,UNITED MICROELECTRONICS CORP,UNITED MICROELECTRONICS,UNITED AUTOMOTIVE ELECT SYS CO,UNITED AUTOMOTIVE ELECT SYS,7,2014,2023,T3_REVIEW,0
39148,UMC,UNITED MICROELECTRONICS CORP,UNITED MICROELECTRONICS,UNITED STATES PIPE FOUNDRY,UNITED STATES PIPE FOUNDRY,7,2010,2014,T3_REVIEW,0
39148,UMC,UNITED MICROELECTRONICS CORP,UNITED MICROELECTRONICS,THE UNITED STATE OF AMERICA AS REPRESENTED BY THE SEC DEP OF HEALTH AND HUMAN SERVICE,UNITED STATE OF AMER AS REPRESENTED BY THE SEC DEP OF HEALTH AND HUMAN SERVICE,7,2017,2022,T3_REVIEW,0
39148,UMC,UNITED MICROELECTRONICS CORP,UNITED MICROELECTRONICS,THE UNITED STATES AS REPRESENTED BY THE SECRETARY OF AGRICULTURE,UNITED STATES AS REPRESENTED BY THE SECRETARY OF AGRICULTURE,7,2019,2025,T3_REVIEW,0
39148,UMC,UNITED MICROELECTRONICS CORP,UNITED MICROELECTRONICS,UNITED STATES PIPE AND FOUNDRY COMPANY LLC,UNITED STATES PIPE AND FOUNDRY,6,2014,2023,T3_REVIEW,0
39148,UMC,UNITED MICROELECTRONICS CORP,UNITED MICROELECTRONICS,THE UNITED STATES OF AMERICAAS REPRESENTED BY THE SECRETARYDEPARTMENT OF HEALTH AND HUMAN SERVICES,UNITED STATES OF AMERICAAS REPRESENTED BY THE SECRETARYDEPARTMENT OF HEALTH AND HUMAN SERVICES,6,2018,2020,T3_REVIEW,0
39148,UMC,UNITED MICROELECTRONICS CORP,UNITED MICROELECTRONICS,UNITED INITIATORS GMBH,UNITED INITIATORS,6,2015,2021,T3_REVIEW,0
39148,UMC,UNITED MICROELECTRONICS CORP,UNITED MICROELECTRONICS,THE UNITED STATES PLAYING CARD COMPANY,UNITED STATES PLAYING CARD,6,2014,2022,T3_REVIEW,0
39148,UMC,UNITED MICROELECTRONICS CORP,UNITED MICROELECTRONICS,UNITED UTILITIES PLC,UNITED UTILITIES,6,2014,2022,T3_REVIEW,0
39148,UMC,UNITED MICROELECTRONICS CORP,UNITED MICROELECTRONICS,UNITED COLOR MFG INC,UNITED COLOR MFG,6,2017,2023,T3_REVIEW,0
39148,UMC,UNITED MICROELECTRONICS CORP,UNITED MICROELECTRONICS,UNITED PHOSPHORUS LTD,UNITED PHOSPHORUS,6,2011,2013,T3_REVIEW,0
39148,UMC,UNITED MICROELECTRONICS CORP,UNITED MICROELECTRONICS,UNITED INTEGRATED SERVICES CO LTD,UNITED INTEGRATED SERVICES,6,2010,2017,T3_REVIEW,0
39148,UMC,UNITED MICROELECTRONICS CORP,UNITED MICROELECTRONICS,UNITED IMAGING RES INSTITUTE OF INNOVATIVE MEDICAL EQUIPMENT,UNITED IMAGING RES INSTITUTE OF INNOVATIVE MEDICAL EQUIP,6,2021,2023,T3_REVIEW,0
39148,UMC,UNITED MICROELECTRONICS CORP,UNITED MICROELECTRONICS,UNITED CONVERTING SRL,UNITED CONVERTING,5,2013,2017,T3_REVIEW,0
39148,UMC,UNITED MICROELECTRONICS CORP,UNITED MICROELECTRONICS,UNITED IMAGING INTELLIGENCE BEIJING CO LTD,UNITED IMAGING INTELLIGENCE BEIJING,5,2022,2024,T3_REVIEW,0
39148,UMC,UNITED MICROELECTRONICS CORP,UNITED MICROELECTRONICS,UNITED TOTE CO,UNITED TOTE,5,2010,2013,T3_REVIEW,0
39148,UMC,UNITED MICROELECTRONICS CORP,UNITED MICROELECTRONICS,UNITED METAL FABRICATORS INC D/B/A UMF MEDICAL,UNITED METAL FABRICATORS INC D B A UMF MEDICAL,5,2018,2021,T3_REVIEW,0
39148,UMC,UNITED MICROELECTRONICS CORP,UNITED MICROELECTRONICS,UNITED SERVICES AUTOMOBILE ASS (USAA),UNITED SERVICES AUTOMOBILE ASS USAA,5,2016,2017,T3_REVIEW,0
39148,UMC,UNITED MICROELECTRONICS CORP,UNITED MICROELECTRONICS,UNITED INITIATORS GMBH & CO KG,UNITED INITIATORS,5,2010,2013,T3_REVIEW,0
39148,UMC,UNITED MICROELECTRONICS CORP,UNITED MICROELECTRONICS,UNITED PET GROUP INC,UNITED PET,5,2010,2013,T3_REVIEW,0
39148,UMC,UNITED MICROELECTRONICS CORP,UNITED MICROELECTRONICS,THE UNITED STATES OF AMERICA AS REPRESENTED BY SECRETARY OF AGRICULTURE,UNITED STATES OF AMER AS REPRESENTED BY SECRETARY OF AGRICULTURE,5,2017,2021,T3_REVIEW,0
39148,UMC,UNITED MICROELECTRONICS CORP,UNITED MICROELECTRONICS,UNITED SURGICAL ASSOCIATES INC,UNITED SURGICAL ASSOCIATES,5,2012,2015,T3_REVIEW,0
39148,UMC,UNITED MICROELECTRONICS CORP,UNITED MICROELECTRONICS,UNITED SHIELD INT LLC,UNITED SHIELD INT,5,2019,2023,T3_REVIEW,0
39148,UMC,UNITED MICROELECTRONICS CORP,UNITED MICROELECTRONICS,UNITED MOULDERS LTD,UNITED MOULDERS,5,2011,2021,T3_REVIEW,0
39148,UMC,UNITED MICROELECTRONICS CORP,UNITED MICROELECTRONICS,UNITED COOLAIR LLC,UNITED COOLAIR,5,2024,2025,T3_REVIEW,0
39148,UMC,UNITED MICROELECTRONICS CORP,UNITED MICROELECTRONICS,UNITED BENEFIT CORP,UNITED BENEFIT,5,2019,2023,T3_REVIEW,0
39148,UMC,UNITED MICROELECTRONICS CORP,UNITED MICROELECTRONICS,UNITED IMAGING HEALTHCARE NORTH AMERICA INC,UNITED IMAGING HEALTHCARE NORTH AMER,5,2024,2024,T3_REVIEW,0
39148,UMC,UNITED MICROELECTRONICS CORP,UNITED MICROELECTRONICS,UNITED STATES GEOLOGICAL SURVEY,UNITED STATES GEOLOGICAL SURVEY,5,2020,2025,T3_REVIEW,0
39148,UMC,UNITED MICROELECTRONICS CORP,UNITED MICROELECTRONICS,UNITED KINGDOM ATOMIC ENERGY AUTHORITY,UNITED KINGDOM ATOMIC ENERGY AUTHORITY,5,2018,2024,T3_REVIEW,0
39148,UMC,UNITED MICROELECTRONICS CORP,UNITED MICROELECTRONICS,THE UNITED STATES GOVEMMENT AS REPRESENTED BY THE DEPT OF VETERANS AFFAIRS,UNITED STATES GOVEMMENT AS REPRESENTED BY THE DEPT OF VETERANS AFFAIRS,5,2015,2021,T3_REVIEW,0
39148,UMC,UNITED MICROELECTRONICS CORP,UNITED MICROELECTRONICS,THE UNITED STATES OF AMERICA AS REPRESENTED BY,UNITED STATES OF AMER AS REPRESENTED BY,5,2017,2023,T3_REVIEW,0
39148,UMC,UNITED MICROELECTRONICS CORP,UNITED MICROELECTRONICS,UNITED STUDENT AID FUNDS INC,UNITED STUDENT AID FUNDS,5,2014,2014,T3_REVIEW,0
39148,UMC,UNITED MICROELECTRONICS CORP,UNITED MICROELECTRONICS,UNITED LAB INC,UNITED LAB,4,2011,2013,T3_REVIEW,0
39148,UMC,UNITED MICROELECTRONICS CORP,UNITED MICROELECTRONICS,United States of America as Represented by NASA,UNITED STATES OF AMER AS REPRESENTED BY NASA,4,2017,2017,T3_REVIEW,0
39148,UMC,UNITED MICROELECTRONICS CORP,UNITED MICROELECTRONICS,UNITED PHARMACEUTICALS,UNITED PHARMACEUTICALS,4,2011,2017,T3_REVIEW,0
39148,UMC,UNITED MICROELECTRONICS CORP,UNITED MICROELECTRONICS,UNITED MONOLITHIC SEMICONDUCT,UNITED MONOLITHIC SEMICONDUCT,4,2010,2011,T3_REVIEW,0
39148,UMC,UNITED MICROELECTRONICS CORP,UNITED MICROELECTRONICS,UNITED METAL PRODUCTS INC,UNITED METAL PRODUCTS,4,2012,2017,T3_REVIEW,0
39148,UMC,UNITED MICROELECTRONICS CORP,UNITED MICROELECTRONICS,UNITED LAUNCH ALLIANCE L L C,UNITED LAUNCH ALLIANCE L L C,4,2016,2020,T3_REVIEW,0
39148,UMC,UNITED MICROELECTRONICS CORP,UNITED MICROELECTRONICS,UNITED PIPELINE SYSTEMS INC,UNITED PIPELINE SYS,4,2013,2023,T3_REVIEW,0
39148,UMC,UNITED MICROELECTRONICS CORP,UNITED MICROELECTRONICS,UNITED STATES MINERAL PROD CO,UNITED STATES MINERAL PROD,4,2015,2020,T3_REVIEW,0
39148,UMC,UNITED MICROELECTRONICS CORP,UNITED MICROELECTRONICS,UNITED AIR SPECIALISTS,UNITED AIR SPECIALISTS,4,2010,2017,T3_REVIEW,0
39148,UMC,UNITED MICROELECTRONICS CORP,UNITED MICROELECTRONICS,THE UNITED STATES OF AMERICAN AS REPRESENTED BY THE SECRETARY OF THE NAVY,UNITED STATES OF AMER AS REPRESENTED BY THE SECRETARY OF THE NAVY,4,2021,2024,T3_REVIEW,0
39148,UMC,UNITED MICROELECTRONICS CORP,UNITED MICROELECTRONICS,UNITED PARCEL SERVICES OF AMERICA INC,UNITED PARCEL SERVICES OF AMER,4,2014,2022,T3_REVIEW,0
39148,UMC,UNITED MICROELECTRONICS CORP,UNITED MICROELECTRONICS,UNITED PRECISION TECH CO LTD,UNITED PREC TECH,4,2020,2022,T3_REVIEW,0
39148,UMC,UNITED MICROELECTRONICS CORP,UNITED MICROELECTRONICS,UNITED STATES THERMOELECTRIC CONSORTIUM,UNITED STATES THERMOELECTRIC CONSORTIUM,4,2017,2019,T3_REVIEW,0
39148,UMC,UNITED MICROELECTRONICS CORP,UNITED MICROELECTRONICS,UNITED STATES PERFORMANCE CENTER LLC,UNITED STATES PERFORMANCE CENTER,4,2024,2025,T3_REVIEW,0
39148,UMC,UNITED MICROELECTRONICS CORP,UNITED MICROELECTRONICS,UNITED TOLL SYSTEMS INC,UNITED TOLL SYS,4,2010,2012,T3_REVIEW,0
39148,UMC,UNITED MICROELECTRONICS CORP,UNITED MICROELECTRONICS,UNITED BIOPHARMA INC,UNITED BIOPHARMA,4,2018,2023,T3_REVIEW,0
39148,UMC,UNITED MICROELECTRONICS CORP,UNITED MICROELECTRONICS,UNITED IMMUNITY CO LTD,UNITED IMMUNITY,4,2021,2024,T3_REVIEW,0
39148,UMC,UNITED MICROELECTRONICS CORP,UNITED MICROELECTRONICS,UNITED NEUROSCIENCE,UNITED NEUROSCIENCE,4,2018,2023,T3_REVIEW,0
39148,UMC,UNITED MICROELECTRONICS CORP,UNITED MICROELECTRONICS,UNITED TECHNOLOGY CORP,UNITED TECH,4,2011,2015,T3_REVIEW,0
39148,UMC,UNITED MICROELECTRONICS CORP,UNITED MICROELECTRONICS,UNITED PLASTIC FABRICATING INC,UNITED PLASTIC FABRICATING,4,2012,2015,T3_REVIEW,0
39148,UMC,UNITED MICROELECTRONICS CORP,UNITED MICROELECTRONICS,UNITED STATES DEPT OF AGRICULTURE,UNITED STATES DEPT OF AGRICULTURE,4,2016,2022,T3_REVIEW,0
39148,UMC,UNITED MICROELECTRONICS CORP,UNITED MICROELECTRONICS,UNITED STATES OF AMERICA US ARMY,UNITED STATES OF AMER US ARMY,4,2017,2017,T3_REVIEW,0
39148,UMC,UNITED MICROELECTRONICS CORP,UNITED MICROELECTRONICS,UNITED STATES OF AMERICA AS RESPRESENTED BY THE SECRETARY OF THE NAVY,UNITED STATES OF AMER AS RESPRESENTED BY THE SECRETARY OF THE NAVY,3,2019,2021,T3_REVIEW,0
39148,UMC,UNITED MICROELECTRONICS CORP,UNITED MICROELECTRONICS,UNITED STATES GOLF ASS,UNITED STATES GOLF ASS,3,2016,2023,T3_REVIEW,0
39148,UMC,UNITED MICROELECTRONICS CORP,UNITED MICROELECTRONICS,UNITED STATES AS REPRESENTED BY THE SECRETARY OF AGRICULTURE,UNITED STATES AS REPRESENTED BY THE SECRETARY OF AGRICULTURE,3,2017,2024,T3_REVIEW,0
39148,UMC,UNITED MICROELECTRONICS CORP,UNITED MICROELECTRONICS,UNITED CANNABIS CORP,UNITED CANNABIS,3,2015,2019,T3_REVIEW,0
39148,UMC,UNITED MICROELECTRONICS CORP,UNITED MICROELECTRONICS,THE UNITED STATE OF AMERICA AS REPRESENTED BY THE SECRETARY OF AGRICULTURE,UNITED STATE OF AMER AS REPRESENTED BY THE SECRETARY OF AGRICULTURE,3,2016,2020,T3_REVIEW,0
39148,UMC,UNITED MICROELECTRONICS CORP,UNITED MICROELECTRONICS,UNITED STATES SURGICAL CORP,UNITED STATES SURGICAL,3,2010,2011,T3_REVIEW,0
39148,UMC,UNITED MICROELECTRONICS CORP,UNITED MICROELECTRONICS,THE UNITED STATES OF AMERICA AS REPRESENTED BY TH E SECRETARY DEPT OF HEALTH & HUMAN SERVICE,UNITED STATES OF AMER AS REPRESENTED BY TH E SECRETARY DEPT OF HEALTH HUMAN SERVICE,3,2013,2015,T3_REVIEW,0
39148,UMC,UNITED MICROELECTRONICS CORP,UNITED MICROELECTRONICS,THE UNITED STATES GOVERMENT AS REPRESENTED BY THE DEPT OF VETERANS AFFAIRS,UNITED STATES GOVERMENT AS REPRESENTED BY THE DEPT OF VETERANS AFFAIRS,3,2016,2021,T3_REVIEW,0
39148,UMC,UNITED MICROELECTRONICS CORP,UNITED MICROELECTRONICS,UNITED RENEWABLE ENERGY LLC,UNITED RENEWABLE ENERGY,3,2018,2022,T3_REVIEW,0
39148,UMC,UNITED MICROELECTRONICS CORP,UNITED MICROELECTRONICS,THE UNITED STATES GOVERMMENT AS REPRESENTED BY THE DEPT OF VETERANS AFFAIRS,UNITED STATES GOVERMMENT AS REPRESENTED BY THE DEPT OF VETERANS AFFAIRS,3,2019,2020,T3_REVIEW,0
39148,UMC,UNITED MICROELECTRONICS CORP,UNITED MICROELECTRONICS,UNITED TECH RES CENTER,UNITED TECH RES CENTER,3,2014,2014,T3_REVIEW,0
39148,UMC,UNITED MICROELECTRONICS CORP,UNITED MICROELECTRONICS,UNITED GRINDING GROUP AG,UNITED GRINDING,3,2021,2021,T3_REVIEW,0
39148,UMC,UNITED MICROELECTRONICS CORP,UNITED MICROELECTRONICS,UNITED MEMORIES INC,UNITED MEMORIES,3,2011,2014,T3_REVIEW,0
39148,UMC,UNITED MICROELECTRONICS CORP,UNITED MICROELECTRONICS,UNITED STATES COUNCIL FOR AUTOMOTIVE RES LLC,UNITED STATES COUNCIL FOR AUTOMOTIVE RES,3,2015,2018,T3_REVIEW,0
39148,UMC,UNITED MICROELECTRONICS CORP,UNITED MICROELECTRONICS,UNITED AIRCRAFT TECH INC,UNITED AIRCRAFT TECH,3,2019,2022,T3_REVIEW,0
39148,UMC,UNITED MICROELECTRONICS CORP,UNITED MICROELECTRONICS,UNITED STATES OF AMERICA AS REPRESENTED BY THE SECRETARY OF THE NAVY,UNITED STATES OF AMER AS REPRESENTED BY THE SECRETARY OF THE NAVY,3,2019,2019,T3_REVIEW,0
39148,UMC,UNITED MICROELECTRONICS CORP,UNITED MICROELECTRONICS,UNITED AIR LINES INC,UNITED AIR LINES,3,2013,2013,T3_REVIEW,0
39148,UMC,UNITED MICROELECTRONICS CORP,UNITED MICROELECTRONICS,THE UNITED STATES GOVERMENT AS REPRESENTED BY THE SECRETARY OF THE ARMY U S ARMY RES LABORATOR,UNITED STATES GOVERMENT AS REPRESENTED BY THE SECRETARY OF THE ARMY U S ARMY RES LABORATOR,3,2016,2017,T3_REVIEW,0
39148,UMC,UNITED MICROELECTRONICS CORP,UNITED MICROELECTRONICS,UNITED TECHNOLOGISTS EUROPE LTD,UNITED TECHNOLOGISTS EUROPE,3,2013,2014,T3_REVIEW,0
39148,UMC,UNITED MICROELECTRONICS CORP,UNITED MICROELECTRONICS,UNITED STATES GOVERMENT AS REPRESENTED BY THE DEPT OF VETERANS AFFAIRS,UNITED STATES GOVERMENT AS REPRESENTED BY THE DEPT OF VETERANS AFFAIRS,3,2019,2021,T3_REVIEW,0
39148,UMC,UNITED MICROELECTRONICS CORP,UNITED MICROELECTRONICS,UNITED FOOD GROUP INC,UNITED FOOD,3,2014,2019,T3_REVIEW,0
39148,UMC,UNITED MICROELECTRONICS CORP,UNITED MICROELECTRONICS,THE UNITED STATES OF AMERICA AS REPRESENTED BY TH E SECRETARY DEPT OF HEALTH AND HUMAN SERVICES,UNITED STATES OF AMER AS REPRESENTED BY TH E SECRETARY DEPT OF HEALTH AND HUMAN SERVICES,3,2014,2015,T3_REVIEW,0
39148,UMC,UNITED MICROELECTRONICS CORP,UNITED MICROELECTRONICS,THE UNITED STATE OF AMERICA AS REPRESENTED BY THE SECRETARY OF THE NAVY,UNITED STATE OF AMER AS REPRESENTED BY THE SECRETARY OF THE NAVY,3,2015,2020,T3_REVIEW,0
39148,UMC,UNITED MICROELECTRONICS CORP,UNITED MICROELECTRONICS,UNITED GRINDING GROUP MAN AG,UNITED GRINDING GROUP MAN,3,2020,2022,T3_REVIEW,0
36383,UPS,UNITED PARCEL SERVICE INC,UNITED PARCEL SERVICE,UNITED TECHNOLOGIES CORP,UNITED TECH,7188,2010,2024,T3_REVIEW,0
36383,UPS,UNITED PARCEL SERVICE INC,UNITED PARCEL SERVICE,UNITED MICROELECTRONICS CORP,UNITED MICROELECTRONICS,3944,2010,2025,T3_REVIEW,0
36383,UPS,UNITED PARCEL SERVICE INC,UNITED PARCEL SERVICE,UNITED STATES POSTAL SERVICE,UNITED STATES POSTAL SERVICE,478,2016,2025,T3_REVIEW,0
36383,UPS,UNITED PARCEL SERVICE INC,UNITED PARCEL SERVICE,UNITED VIDEO PROPERTIES INC,UNITED VIDEO PROPERTIES,449,2010,2014,T3_REVIEW,0
36383,UPS,UNITED PARCEL SERVICE INC,UNITED PARCEL SERVICE,UNITED STATES GYPSUM CO,UNITED STATES GYPSUM,357,2010,2025,T3_REVIEW,0
36383,UPS,UNITED PARCEL SERVICE INC,UNITED PARCEL SERVICE,UNITED THERAPEUTICS CORP,UNITED THERAPEUTICS,180,2010,2025,T3_REVIEW,0
36383,UPS,UNITED PARCEL SERVICE INC,UNITED PARCEL SERVICE,UNITED SEMICONDUCTOR XIAMEN CO LTD,UNITED SEMICONDUCTOR XIAMEN,98,2018,2025,T3_REVIEW,0
36383,UPS,UNITED PARCEL SERVICE INC,UNITED PARCEL SERVICE,UNITED STATES ENDOSCOPY GROUP INC,UNITED STATES ENDOSCOPY,61,2015,2025,T3_REVIEW,0
36383,UPS,UNITED PARCEL SERVICE INC,UNITED PARCEL SERVICE,UNITED SCIENCES LLC,UNITED SCIENT,35,2013,2014,T3_REVIEW,0
36383,UPS,UNITED PARCEL SERVICE INC,UNITED PARCEL SERVICE,UNITED LAB INT LLC,UNITED LAB INT,29,2015,2025,T3_REVIEW,0
36383,UPS,UNITED PARCEL SERVICE INC,UNITED PARCEL SERVICE,UNITED AIRLINES INC,UNITED AIRLINES,26,2013,2025,T3_REVIEW,0
36383,UPS,UNITED PARCEL SERVICE INC,UNITED PARCEL SERVICE,UNITED STATES STEEL CORP,UNITED STATES STEEL,24,2010,2025,T3_REVIEW,0
36383,UPS,UNITED PARCEL SERVICE INC,UNITED PARCEL SERVICE,UNITED SILICON CARBIDE INC,UNITED SILICON CARBIDE,23,2013,2020,T3_REVIEW,0
36383,UPS,UNITED PARCEL SERVICE INC,UNITED PARCEL SERVICE,UNITED TEST & ASSEMBLY CT LT,UNITED TEST ASSEMBLY CT LT,22,2011,2016,T3_REVIEW,0
36383,UPS,UNITED PARCEL SERVICE INC,UNITED PARCEL SERVICE,UNITED CONSTRUCTION PRODUCTS INC,UNITED CONSTRUCTION PRODUCTS,22,2011,2019,T3_REVIEW,0
36383,UPS,UNITED PARCEL SERVICE INC,UNITED PARCEL SERVICE,UNITED SEMICONDUCTOR JAPAN CO LTD,UNITED SEMICONDUCTOR JAPAN,20,2020,2025,T3_REVIEW,0
36383,UPS,UNITED PARCEL SERVICE INC,UNITED PARCEL SERVICE,THE UNITED STATES AS REPRESENTED BY THE DEPT OF VETERANS AFFAIRS,UNITED STATES AS REPRESENTED BY THE DEPT OF VETERANS AFFAIRS,20,2017,2024,T3_REVIEW,0
36383,UPS,UNITED PARCEL SERVICE INC,UNITED PARCEL SERVICE,UNITED BIOMEDICAL INC,UNITED BIOMEDICAL,17,2010,2021,T3_REVIEW,0
36383,UPS,UNITED PARCEL SERVICE INC,UNITED PARCEL SERVICE,UNITED STATES CELLULAR CORP,UNITED STATES CELLULAR,17,2016,2024,T3_REVIEW,0
36383,UPS,UNITED PARCEL SERVICE INC,UNITED PARCEL SERVICE,UNITED TACTICAL SYSTEMS LLC,UNITED TACTICAL SYS,13,2016,2025,T3_REVIEW,0
36383,UPS,UNITED PARCEL SERVICE INC,UNITED PARCEL SERVICE,UNITED COMPANY RUSAL ENGINEERING AND TECH CENTRE LLC,UNITED COMPANY RUSAL ENGINEERING AND TECH CENTRE,13,2015,2017,T3_REVIEW,0
36383,UPS,UNITED PARCEL SERVICE INC,UNITED PARCEL SERVICE,UNITED STATES STOVE COMPANY,UNITED STATES STOVE,12,2016,2024,T3_REVIEW,0
36383,UPS,UNITED PARCEL SERVICE INC,UNITED PARCEL SERVICE,UNITED STATES DEPT OF VETERANS AFFAIRS,UNITED STATES DEPT OF VETERANS AFFAIRS,11,2014,2023,T3_REVIEW,0
36383,UPS,UNITED PARCEL SERVICE INC,UNITED PARCEL SERVICE,UNITED MICROELECTRONICS CENTER CO LTD,UNITED MICROELECTRONICS CENTER,11,2020,2022,T3_REVIEW,0
36383,UPS,UNITED PARCEL SERVICE INC,UNITED PARCEL SERVICE,UNITED STATES BORAX INC,UNITED STATES BORAX,11,2018,2024,T3_REVIEW,0
36383,UPS,UNITED PARCEL SERVICE INC,UNITED PARCEL SERVICE,UNITED INNOMED SHANGHAI LTD,UNITED INNOMED SHANGHAI,10,2021,2025,T3_REVIEW,0
36383,UPS,UNITED PARCEL SERVICE INC,UNITED PARCEL SERVICE,UNITED SOLAR OVONIC LLC,UNITED SOLAR OVONIC,10,2010,2012,T3_REVIEW,0
36383,UPS,UNITED PARCEL SERVICE INC,UNITED PARCEL SERVICE,UNITED RENTALS INC,UNITED RENTALS,10,2015,2024,T3_REVIEW,0
36383,UPS,UNITED PARCEL SERVICE INC,UNITED PARCEL SERVICE,UNITED LAB INTERNATIONAL LLC,UNITED LAB INT,9,2011,2015,T3_REVIEW,0
36383,UPS,UNITED PARCEL SERVICE INC,UNITED PARCEL SERVICE,UNITED CONVEYOR CORP,UNITED CONVEYOR,9,2012,2025,T3_REVIEW,0
36383,UPS,UNITED PARCEL SERVICE INC,UNITED PARCEL SERVICE,UNITED ANIMAL HEALTH INC,UNITED ANIMAL HEALTH,9,2019,2024,T3_REVIEW,0
36383,UPS,UNITED PARCEL SERVICE INC,UNITED PARCEL SERVICE,UNITED ORTHOPEDIC CORP,UNITED ORTHOPEDIC,9,2011,2022,T3_REVIEW,0
36383,UPS,UNITED PARCEL SERVICE INC,UNITED PARCEL SERVICE,UNITED COMPANY RUSAL ENGINEERING AND TECHNOLOGY CT LLC,UNITED COMPANY RUSAL ENGINEERING AND TECH CT,9,2012,2013,T3_REVIEW,0
36383,UPS,UNITED PARCEL SERVICE INC,UNITED PARCEL SERVICE,UNITED IND CORPORATION,UNITED IND,8,2022,2025,T3_REVIEW,0
36383,UPS,UNITED PARCEL SERVICE INC,UNITED PARCEL SERVICE,UNITED COMB & NOVELTY CORP,UNITED COMB NOVELTY,8,2014,2017,T3_REVIEW,0
36383,UPS,UNITED PARCEL SERVICE INC,UNITED PARCEL SERVICE,UNITED WIRE LTD,UNITED WIRE,8,2010,2013,T3_REVIEW,0
36383,UPS,UNITED PARCEL SERVICE INC,UNITED PARCEL SERVICE,UNITED TECH RESEARCH CENTRE IRELAND LIMITED,UNITED TECH RES CENTRE IRELAND,7,2019,2021,T3_REVIEW,0
36383,UPS,UNITED PARCEL SERVICE INC,UNITED PARCEL SERVICE,UNITED AUTOMOTIVE ELECT SYS CO,UNITED AUTOMOTIVE ELECT SYS,7,2014,2023,T3_REVIEW,0
36383,UPS,UNITED PARCEL SERVICE INC,UNITED PARCEL SERVICE,UNITED STATES PIPE FOUNDRY,UNITED STATES PIPE FOUNDRY,7,2010,2014,T3_REVIEW,0
36383,UPS,UNITED PARCEL SERVICE INC,UNITED PARCEL SERVICE,THE UNITED STATE OF AMERICA AS REPRESENTED BY THE SEC DEP OF HEALTH AND HUMAN SERVICE,UNITED STATE OF AMER AS REPRESENTED BY THE SEC DEP OF HEALTH AND HUMAN SERVICE,7,2017,2022,T3_REVIEW,0
36383,UPS,UNITED PARCEL SERVICE INC,UNITED PARCEL SERVICE,UNITED MICROELECTRONICS COF,UNITED MICROELECTRONICS COF,7,2010,2010,T3_REVIEW,0
36383,UPS,UNITED PARCEL SERVICE INC,UNITED PARCEL SERVICE,THE UNITED STATES AS REPRESENTED BY THE SECRETARY OF AGRICULTURE,UNITED STATES AS REPRESENTED BY THE SECRETARY OF AGRICULTURE,7,2019,2025,T3_REVIEW,0
36383,UPS,UNITED PARCEL SERVICE INC,UNITED PARCEL SERVICE,UNITED STATES PIPE AND FOUNDRY COMPANY LLC,UNITED STATES PIPE AND FOUNDRY,6,2014,2023,T3_REVIEW,0
36383,UPS,UNITED PARCEL SERVICE INC,UNITED PARCEL SERVICE,THE UNITED STATES OF AMERICAAS REPRESENTED BY THE SECRETARYDEPARTMENT OF HEALTH AND HUMAN SERVICES,UNITED STATES OF AMERICAAS REPRESENTED BY THE SECRETARYDEPARTMENT OF HEALTH AND HUMAN SERVICES,6,2018,2020,T3_REVIEW,0
36383,UPS,UNITED PARCEL SERVICE INC,UNITED PARCEL SERVICE,UNITED INITIATORS GMBH,UNITED INITIATORS,6,2015,2021,T3_REVIEW,0
36383,UPS,UNITED PARCEL SERVICE INC,UNITED PARCEL SERVICE,THE UNITED STATES PLAYING CARD COMPANY,UNITED STATES PLAYING CARD,6,2014,2022,T3_REVIEW,0
36383,UPS,UNITED PARCEL SERVICE INC,UNITED PARCEL SERVICE,UNITED UTILITIES PLC,UNITED UTILITIES,6,2014,2022,T3_REVIEW,0
36383,UPS,UNITED PARCEL SERVICE INC,UNITED PARCEL SERVICE,UNITED COLOR MFG INC,UNITED COLOR MFG,6,2017,2023,T3_REVIEW,0
36383,UPS,UNITED PARCEL SERVICE INC,UNITED PARCEL SERVICE,UNITED PHOSPHORUS LTD,UNITED PHOSPHORUS,6,2011,2013,T3_REVIEW,0
36383,UPS,UNITED PARCEL SERVICE INC,UNITED PARCEL SERVICE,UNITED INTEGRATED SERVICES CO LTD,UNITED INTEGRATED SERVICES,6,2010,2017,T3_REVIEW,0
36383,UPS,UNITED PARCEL SERVICE INC,UNITED PARCEL SERVICE,UNITED IMAGING RES INSTITUTE OF INNOVATIVE MEDICAL EQUIPMENT,UNITED IMAGING RES INSTITUTE OF INNOVATIVE MEDICAL EQUIP,6,2021,2023,T3_REVIEW,0
36383,UPS,UNITED PARCEL SERVICE INC,UNITED PARCEL SERVICE,UNITED CONVERTING SRL,UNITED CONVERTING,5,2013,2017,T3_REVIEW,0
36383,UPS,UNITED PARCEL SERVICE INC,UNITED PARCEL SERVICE,UNITED IMAGING INTELLIGENCE BEIJING CO LTD,UNITED IMAGING INTELLIGENCE BEIJING,5,2022,2024,T3_REVIEW,0
36383,UPS,UNITED PARCEL SERVICE INC,UNITED PARCEL SERVICE,UNITED TOTE CO,UNITED TOTE,5,2010,2013,T3_REVIEW,0
36383,UPS,UNITED PARCEL SERVICE INC,UNITED PARCEL SERVICE,UNITED METAL FABRICATORS INC D/B/A UMF MEDICAL,UNITED METAL FABRICATORS INC D B A UMF MEDICAL,5,2018,2021,T3_REVIEW,0
36383,UPS,UNITED PARCEL SERVICE INC,UNITED PARCEL SERVICE,UNITED SERVICES AUTOMOBILE ASS (USAA),UNITED SERVICES AUTOMOBILE ASS USAA,5,2016,2017,T3_REVIEW,0
36383,UPS,UNITED PARCEL SERVICE INC,UNITED PARCEL SERVICE,UNITED INITIATORS GMBH & CO KG,UNITED INITIATORS,5,2010,2013,T3_REVIEW,0
36383,UPS,UNITED PARCEL SERVICE INC,UNITED PARCEL SERVICE,UNITED PET GROUP INC,UNITED PET,5,2010,2013,T3_REVIEW,0
36383,UPS,UNITED PARCEL SERVICE INC,UNITED PARCEL SERVICE,THE UNITED STATES OF AMERICA AS REPRESENTED BY SECRETARY OF AGRICULTURE,UNITED STATES OF AMER AS REPRESENTED BY SECRETARY OF AGRICULTURE,5,2017,2021,T3_REVIEW,0
36383,UPS,UNITED PARCEL SERVICE INC,UNITED PARCEL SERVICE,UNITED SURGICAL ASSOCIATES INC,UNITED SURGICAL ASSOCIATES,5,2012,2015,T3_REVIEW,0
36383,UPS,UNITED PARCEL SERVICE INC,UNITED PARCEL SERVICE,UNITED SHIELD INT LLC,UNITED SHIELD INT,5,2019,2023,T3_REVIEW,0
36383,UPS,UNITED PARCEL SERVICE INC,UNITED PARCEL SERVICE,UNITED MOULDERS LTD,UNITED MOULDERS,5,2011,2021,T3_REVIEW,0
36383,UPS,UNITED PARCEL SERVICE INC,UNITED PARCEL SERVICE,UNITED COOLAIR LLC,UNITED COOLAIR,5,2024,2025,T3_REVIEW,0
36383,UPS,UNITED PARCEL SERVICE INC,UNITED PARCEL SERVICE,UNITED BENEFIT CORP,UNITED BENEFIT,5,2019,2023,T3_REVIEW,0
36383,UPS,UNITED PARCEL SERVICE INC,UNITED PARCEL SERVICE,UNITED IMAGING HEALTHCARE NORTH AMERICA INC,UNITED IMAGING HEALTHCARE NORTH AMER,5,2024,2024,T3_REVIEW,0
36383,UPS,UNITED PARCEL SERVICE INC,UNITED PARCEL SERVICE,UNITED STATES GEOLOGICAL SURVEY,UNITED STATES GEOLOGICAL SURVEY,5,2020,2025,T3_REVIEW,0
36383,UPS,UNITED PARCEL SERVICE INC,UNITED PARCEL SERVICE,UNITED KINGDOM ATOMIC ENERGY AUTHORITY,UNITED KINGDOM ATOMIC ENERGY AUTHORITY,5,2018,2024,T3_REVIEW,0
36383,UPS,UNITED PARCEL SERVICE INC,UNITED PARCEL SERVICE,THE UNITED STATES GOVEMMENT AS REPRESENTED BY THE DEPT OF VETERANS AFFAIRS,UNITED STATES GOVEMMENT AS REPRESENTED BY THE DEPT OF VETERANS AFFAIRS,5,2015,2021,T3_REVIEW,0
36383,UPS,UNITED PARCEL SERVICE INC,UNITED PARCEL SERVICE,THE UNITED STATES OF AMERICA AS REPRESENTED BY,UNITED STATES OF AMER AS REPRESENTED BY,5,2017,2023,T3_REVIEW,0
36383,UPS,UNITED PARCEL SERVICE INC,UNITED PARCEL SERVICE,UNITED STUDENT AID FUNDS INC,UNITED STUDENT AID FUNDS,5,2014,2014,T3_REVIEW,0
36383,UPS,UNITED PARCEL SERVICE INC,UNITED PARCEL SERVICE,UNITED LAB INC,UNITED LAB,4,2011,2013,T3_REVIEW,0
36383,UPS,UNITED PARCEL SERVICE INC,UNITED PARCEL SERVICE,United States of America as Represented by NASA,UNITED STATES OF AMER AS REPRESENTED BY NASA,4,2017,2017,T3_REVIEW,0
36383,UPS,UNITED PARCEL SERVICE INC,UNITED PARCEL SERVICE,UNITED PHARMACEUTICALS,UNITED PHARMACEUTICALS,4,2011,2017,T3_REVIEW,0
36383,UPS,UNITED PARCEL SERVICE INC,UNITED PARCEL SERVICE,UNITED MONOLITHIC SEMICONDUCT,UNITED MONOLITHIC SEMICONDUCT,4,2010,2011,T3_REVIEW,0
36383,UPS,UNITED PARCEL SERVICE INC,UNITED PARCEL SERVICE,UNITED METAL PRODUCTS INC,UNITED METAL PRODUCTS,4,2012,2017,T3_REVIEW,0
36383,UPS,UNITED PARCEL SERVICE INC,UNITED PARCEL SERVICE,UNITED LAUNCH ALLIANCE L L C,UNITED LAUNCH ALLIANCE L L C,4,2016,2020,T3_REVIEW,0
36383,UPS,UNITED PARCEL SERVICE INC,UNITED PARCEL SERVICE,UNITED PIPELINE SYSTEMS INC,UNITED PIPELINE SYS,4,2013,2023,T3_REVIEW,0
36383,UPS,UNITED PARCEL SERVICE INC,UNITED PARCEL SERVICE,UNITED STATES MINERAL PROD CO,UNITED STATES MINERAL PROD,4,2015,2020,T3_REVIEW,0
36383,UPS,UNITED PARCEL SERVICE INC,UNITED PARCEL SERVICE,UNITED AIR SPECIALISTS,UNITED AIR SPECIALISTS,4,2010,2017,T3_REVIEW,0
36383,UPS,UNITED PARCEL SERVICE INC,UNITED PARCEL SERVICE,THE UNITED STATES OF AMERICAN AS REPRESENTED BY THE SECRETARY OF THE NAVY,UNITED STATES OF AMER AS REPRESENTED BY THE SECRETARY OF THE NAVY,4,2021,2024,T3_REVIEW,0
36383,UPS,UNITED PARCEL SERVICE INC,UNITED PARCEL SERVICE,UNITED PARCEL SERVICES OF AMERICA INC,UNITED PARCEL SERVICES OF AMER,4,2014,2022,T3_REVIEW,0
36383,UPS,UNITED PARCEL SERVICE INC,UNITED PARCEL SERVICE,UNITED PRECISION TECH CO LTD,UNITED PREC TECH,4,2020,2022,T3_REVIEW,0
36383,UPS,UNITED PARCEL SERVICE INC,UNITED PARCEL SERVICE,UNITED STATES THERMOELECTRIC CONSORTIUM,UNITED STATES THERMOELECTRIC CONSORTIUM,4,2017,2019,T3_REVIEW,0
36383,UPS,UNITED PARCEL SERVICE INC,UNITED PARCEL SERVICE,UNITED STATES PERFORMANCE CENTER LLC,UNITED STATES PERFORMANCE CENTER,4,2024,2025,T3_REVIEW,0
36383,UPS,UNITED PARCEL SERVICE INC,UNITED PARCEL SERVICE,UNITED TOLL SYSTEMS INC,UNITED TOLL SYS,4,2010,2012,T3_REVIEW,0
36383,UPS,UNITED PARCEL SERVICE INC,UNITED PARCEL SERVICE,UNITED BIOPHARMA INC,UNITED BIOPHARMA,4,2018,2023,T3_REVIEW,0
36383,UPS,UNITED PARCEL SERVICE INC,UNITED PARCEL SERVICE,UNITED IMMUNITY CO LTD,UNITED IMMUNITY,4,2021,2024,T3_REVIEW,0
36383,UPS,UNITED PARCEL SERVICE INC,UNITED PARCEL SERVICE,UNITED NEUROSCIENCE,UNITED NEUROSCIENCE,4,2018,2023,T3_REVIEW,0
36383,UPS,UNITED PARCEL SERVICE INC,UNITED PARCEL SERVICE,UNITED TECHNOLOGY CORP,UNITED TECH,4,2011,2015,T3_REVIEW,0
36383,UPS,UNITED PARCEL SERVICE INC,UNITED PARCEL SERVICE,UNITED PLASTIC FABRICATING INC,UNITED PLASTIC FABRICATING,4,2012,2015,T3_REVIEW,0
36383,UPS,UNITED PARCEL SERVICE INC,UNITED PARCEL SERVICE,UNITED STATES DEPT OF AGRICULTURE,UNITED STATES DEPT OF AGRICULTURE,4,2016,2022,T3_REVIEW,0
36383,UPS,UNITED PARCEL SERVICE INC,UNITED PARCEL SERVICE,UNITED STATES OF AMERICA US ARMY,UNITED STATES OF AMER US ARMY,4,2017,2017,T3_REVIEW,0
36383,UPS,UNITED PARCEL SERVICE INC,UNITED PARCEL SERVICE,UNITED STATES OF AMERICA AS RESPRESENTED BY THE SECRETARY OF THE NAVY,UNITED STATES OF AMER AS RESPRESENTED BY THE SECRETARY OF THE NAVY,3,2019,2021,T3_REVIEW,0
36383,UPS,UNITED PARCEL SERVICE INC,UNITED PARCEL SERVICE,UNITED STATES GOLF ASS,UNITED STATES GOLF ASS,3,2016,2023,T3_REVIEW,0
36383,UPS,UNITED PARCEL SERVICE INC,UNITED PARCEL SERVICE,UNITED STATES AS REPRESENTED BY THE SECRETARY OF AGRICULTURE,UNITED STATES AS REPRESENTED BY THE SECRETARY OF AGRICULTURE,3,2017,2024,T3_REVIEW,0
36383,UPS,UNITED PARCEL SERVICE INC,UNITED PARCEL SERVICE,UNITED CANNABIS CORP,UNITED CANNABIS,3,2015,2019,T3_REVIEW,0
36383,UPS,UNITED PARCEL SERVICE INC,UNITED PARCEL SERVICE,THE UNITED STATE OF AMERICA AS REPRESENTED BY THE SECRETARY OF AGRICULTURE,UNITED STATE OF AMER AS REPRESENTED BY THE SECRETARY OF AGRICULTURE,3,2016,2020,T3_REVIEW,0
36383,UPS,UNITED PARCEL SERVICE INC,UNITED PARCEL SERVICE,UNITED STATES SURGICAL CORP,UNITED STATES SURGICAL,3,2010,2011,T3_REVIEW,0
36383,UPS,UNITED PARCEL SERVICE INC,UNITED PARCEL SERVICE,THE UNITED STATES OF AMERICA AS REPRESENTED BY TH E SECRETARY DEPT OF HEALTH & HUMAN SERVICE,UNITED STATES OF AMER AS REPRESENTED BY TH E SECRETARY DEPT OF HEALTH HUMAN SERVICE,3,2013,2015,T3_REVIEW,0
36383,UPS,UNITED PARCEL SERVICE INC,UNITED PARCEL SERVICE,THE UNITED STATES GOVERMENT AS REPRESENTED BY THE DEPT OF VETERANS AFFAIRS,UNITED STATES GOVERMENT AS REPRESENTED BY THE DEPT OF VETERANS AFFAIRS,3,2016,2021,T3_REVIEW,0
36383,UPS,UNITED PARCEL SERVICE INC,UNITED PARCEL SERVICE,UNITED RENEWABLE ENERGY LLC,UNITED RENEWABLE ENERGY,3,2018,2022,T3_REVIEW,0
36383,UPS,UNITED PARCEL SERVICE INC,UNITED PARCEL SERVICE,THE UNITED STATES GOVERMMENT AS REPRESENTED BY THE DEPT OF VETERANS AFFAIRS,UNITED STATES GOVERMMENT AS REPRESENTED BY THE DEPT OF VETERANS AFFAIRS,3,2019,2020,T3_REVIEW,0
36383,UPS,UNITED PARCEL SERVICE INC,UNITED PARCEL SERVICE,UNITED TECH RES CENTER,UNITED TECH RES CENTER,3,2014,2014,T3_REVIEW,0
36383,UPS,UNITED PARCEL SERVICE INC,UNITED PARCEL SERVICE,UNITED GRINDING GROUP AG,UNITED GRINDING,3,2021,2021,T3_REVIEW,0
36383,UPS,UNITED PARCEL SERVICE INC,UNITED PARCEL SERVICE,UNITED MEMORIES INC,UNITED MEMORIES,3,2011,2014,T3_REVIEW,0
36383,UPS,UNITED PARCEL SERVICE INC,UNITED PARCEL SERVICE,UNITED STATES COUNCIL FOR AUTOMOTIVE RES LLC,UNITED STATES COUNCIL FOR AUTOMOTIVE RES,3,2015,2018,T3_REVIEW,0
36383,UPS,UNITED PARCEL SERVICE INC,UNITED PARCEL SERVICE,UNITED AIRCRAFT TECH INC,UNITED AIRCRAFT TECH,3,2019,2022,T3_REVIEW,0
36383,UPS,UNITED PARCEL SERVICE INC,UNITED PARCEL SERVICE,UNITED STATES OF AMERICA AS REPRESENTED BY THE SECRETARY OF THE NAVY,UNITED STATES OF AMER AS REPRESENTED BY THE SECRETARY OF THE NAVY,3,2019,2019,T3_REVIEW,0
36383,UPS,UNITED PARCEL SERVICE INC,UNITED PARCEL SERVICE,UNITED AIR LINES INC,UNITED AIR LINES,3,2013,2013,T3_REVIEW,0
36383,UPS,UNITED PARCEL SERVICE INC,UNITED PARCEL SERVICE,THE UNITED STATES GOVERMENT AS REPRESENTED BY THE SECRETARY OF THE ARMY U S ARMY RES LABORATOR,UNITED STATES GOVERMENT AS REPRESENTED BY THE SECRETARY OF THE ARMY U S ARMY RES LABORATOR,3,2016,2017,T3_REVIEW,0
36383,UPS,UNITED PARCEL SERVICE INC,UNITED PARCEL SERVICE,UNITED TECHNOLOGISTS EUROPE LTD,UNITED TECHNOLOGISTS EUROPE,3,2013,2014,T3_REVIEW,0
36383,UPS,UNITED PARCEL SERVICE INC,UNITED PARCEL SERVICE,UNITED STATES GOVERMENT AS REPRESENTED BY THE DEPT OF VETERANS AFFAIRS,UNITED STATES GOVERMENT AS REPRESENTED BY THE DEPT OF VETERANS AFFAIRS,3,2019,2021,T3_REVIEW,0
36383,UPS,UNITED PARCEL SERVICE INC,UNITED PARCEL SERVICE,UNITED FOOD GROUP INC,UNITED FOOD,3,2014,2019,T3_REVIEW,0
36383,UPS,UNITED PARCEL SERVICE INC,UNITED PARCEL SERVICE,THE UNITED STATES OF AMERICA AS REPRESENTED BY TH E SECRETARY DEPT OF HEALTH AND HUMAN SERVICES,UNITED STATES OF AMER AS REPRESENTED BY TH E SECRETARY DEPT OF HEALTH AND HUMAN SERVICES,3,2014,2015,T3_REVIEW,0
36383,UPS,UNITED PARCEL SERVICE INC,UNITED PARCEL SERVICE,THE UNITED STATE OF AMERICA AS REPRESENTED BY THE SECRETARY OF THE NAVY,UNITED STATE OF AMER AS REPRESENTED BY THE SECRETARY OF THE NAVY,3,2015,2020,T3_REVIEW,0
36383,UPS,UNITED PARCEL SERVICE INC,UNITED PARCEL SERVICE,UNITED GRINDING GROUP MAN AG,UNITED GRINDING GROUP MAN,3,2020,2022,T3_REVIEW,0
21832,UTX,UNITED TECHNOLOGIES CORP,RAYTHEON TECH,RAYTHEON CO,RAYTHEON,4048,2010,2025,T3_REVIEW,0
21832,UTX,UNITED TECHNOLOGIES CORP,UNITED TECH,UNITED MICROELECTRONICS CORP,UNITED MICROELECTRONICS,3944,2010,2025,T3_REVIEW,0
21832,UTX,UNITED TECHNOLOGIES CORP,UNITED TECH,UNITED STATES POSTAL SERVICE,UNITED STATES POSTAL SERVICE,478,2016,2025,T3_REVIEW,0
21832,UTX,UNITED TECHNOLOGIES CORP,UNITED TECH,UNITED VIDEO PROPERTIES INC,UNITED VIDEO PROPERTIES,449,2010,2014,T3_REVIEW,0
21832,UTX,UNITED TECHNOLOGIES CORP,UNITED TECH,United parcel service america inc,UNITED PARCEL SERVICE AMER,434,2015,2025,T3_REVIEW,0
21832,UTX,UNITED TECHNOLOGIES CORP,UNITED TECH,UNITED STATES GYPSUM CO,UNITED STATES GYPSUM,357,2010,2025,T3_REVIEW,0
21832,UTX,UNITED TECHNOLOGIES CORP,RAYTHEON TECH,RAYTHEON BBN TECHNOLOGIES CORP,RAYTHEON BBN TECH,293,2010,2024,T3_REVIEW,0
21832,UTX,UNITED TECHNOLOGIES CORP,UNITED TECH,UNITED PARCEL SERVICE INC,UNITED PARCEL SERVICE,279,2010,2024,T3_REVIEW,0
21832,UTX,UNITED TECHNOLOGIES CORP,UNITED TECH,UNITED THERAPEUTICS CORP,UNITED THERAPEUTICS,180,2010,2025,T3_REVIEW,0
21832,UTX,UNITED TECHNOLOGIES CORP,UNITED TECH,UNITED SEMICONDUCTOR XIAMEN CO LTD,UNITED SEMICONDUCTOR XIAMEN,98,2018,2025,T3_REVIEW,0
21832,UTX,UNITED TECHNOLOGIES CORP,UNITED TECH,UNITED STATES ENDOSCOPY GROUP INC,UNITED STATES ENDOSCOPY,61,2015,2025,T3_REVIEW,0
21832,UTX,UNITED TECHNOLOGIES CORP,RAYTHEON TECH,RAYTHEON CANADA LTD,RAYTHEON CANADA,46,2012,2023,T3_REVIEW,0
21832,UTX,UNITED TECHNOLOGIES CORP,UNITED TECH,UNITED SCIENCES LLC,UNITED SCIENT,35,2013,2014,T3_REVIEW,0
21832,UTX,UNITED TECHNOLOGIES CORP,R T X,R A PHILLIPS IND INC,R A PHILLIPS IND,30,2014,2025,T3_REVIEW,0
21832,UTX,UNITED TECHNOLOGIES CORP,UNITED TECH,UNITED LAB INT LLC,UNITED LAB INT,29,2015,2025,T3_REVIEW,0
21832,UTX,UNITED TECHNOLOGIES CORP,RAYTHEON TECH,RAYTHEON SYSTEMS LTD,RAYTHEON SYS,28,2017,2025,T3_REVIEW,0
21832,UTX,UNITED TECHNOLOGIES CORP,UNITED TECH,UNITED AIRLINES INC,UNITED AIRLINES,26,2013,2025,T3_REVIEW,0
21832,UTX,UNITED TECHNOLOGIES CORP,UNITED TECH,UNITED STATES STEEL CORP,UNITED STATES STEEL,24,2010,2025,T3_REVIEW,0
21832,UTX,UNITED TECHNOLOGIES CORP,UNITED TECH,UNITED SILICON CARBIDE INC,UNITED SILICON CARBIDE,23,2013,2020,T3_REVIEW,0
21832,UTX,UNITED TECHNOLOGIES CORP,R T X,R TECH UENO LTD,R TECH UENO,23,2010,2015,T3_REVIEW,0
21832,UTX,UNITED TECHNOLOGIES CORP,UNITED TECH,UNITED TEST & ASSEMBLY CT LT,UNITED TEST ASSEMBLY CT LT,22,2011,2016,T3_REVIEW,0
21832,UTX,UNITED TECHNOLOGIES CORP,UNITED TECH,UNITED CONSTRUCTION PRODUCTS INC,UNITED CONSTRUCTION PRODUCTS,22,2011,2019,T3_REVIEW,0
21832,UTX,UNITED TECHNOLOGIES CORP,R T X,R & L CARRIERS INC,R L CARRIERS,22,2010,2024,T3_REVIEW,0
21832,UTX,UNITED TECHNOLOGIES CORP,UNITED TECH,UNITED SEMICONDUCTOR JAPAN CO LTD,UNITED SEMICONDUCTOR JAPAN,20,2020,2025,T3_REVIEW,0
21832,UTX,UNITED TECHNOLOGIES CORP,UNITED TECH,THE UNITED STATES AS REPRESENTED BY THE DEPT OF VETERANS AFFAIRS,UNITED STATES AS REPRESENTED BY THE DEPT OF VETERANS AFFAIRS,20,2017,2024,T3_REVIEW,0
21832,UTX,UNITED TECHNOLOGIES CORP,UNITED TECH,UNITED BIOMEDICAL INC,UNITED BIOMEDICAL,17,2010,2021,T3_REVIEW,0
21832,UTX,UNITED TECHNOLOGIES CORP,UNITED TECH,UNITED STATES CELLULAR CORP,UNITED STATES CELLULAR,17,2016,2024,T3_REVIEW,0
21832,UTX,UNITED TECHNOLOGIES CORP,R T X,R J REYNOLDS TOBACCO PRODUCTS,R J REYNOLDS TOBACCO PRODUCTS,16,2014,2020,T3_REVIEW,0
21832,UTX,UNITED TECHNOLOGIES CORP,R T X,R&L MARKETING & SALES INC,R L MARKETING SALES,14,2017,2023,T3_REVIEW,0
21832,UTX,UNITED TECHNOLOGIES CORP,UNITED TECH,UNITED TACTICAL SYSTEMS LLC,UNITED TACTICAL SYS,13,2016,2025,T3_REVIEW,0
21832,UTX,UNITED TECHNOLOGIES CORP,UNITED TECH,UNITED COMPANY RUSAL ENGINEERING AND TECH CENTRE LLC,UNITED COMPANY RUSAL ENGINEERING AND TECH CENTRE,13,2015,2017,T3_REVIEW,0
21832,UTX,UNITED TECHNOLOGIES CORP,RAYTHEON TECH,RAYTHEON APPLIED SIGNAL TECH INC,RAYTHEON APPLIED SIGNAL TECH,13,2017,2024,T3_REVIEW,0
21832,UTX,UNITED TECHNOLOGIES CORP,R T X,R A INVEST MAN S A R L,R A INVEST MAN S A R L,13,2014,2017,T3_REVIEW,0
21832,UTX,UNITED TECHNOLOGIES CORP,R T X,R&D 3 LLC,R D 3,13,2018,2024,T3_REVIEW,0
21832,UTX,UNITED TECHNOLOGIES CORP,UNITED TECH,UNITED STATES STOVE COMPANY,UNITED STATES STOVE,12,2016,2024,T3_REVIEW,0
21832,UTX,UNITED TECHNOLOGIES CORP,R T X,Rácz Sándor ,R CZ S NDOR,12,2011,2012,T3_REVIEW,0
21832,UTX,UNITED TECHNOLOGIES CORP,R T X,R Y L INC,R Y L,12,2019,2024,T3_REVIEW,0
21832,UTX,UNITED TECHNOLOGIES CORP,UNITED TECH,UNITED STATES DEPT OF VETERANS AFFAIRS,UNITED STATES DEPT OF VETERANS AFFAIRS,11,2014,2023,T3_REVIEW,0
21832,UTX,UNITED TECHNOLOGIES CORP,UNITED TECH,UNITED MICROELECTRONICS CENTER CO LTD,UNITED MICROELECTRONICS CENTER,11,2020,2022,T3_REVIEW,0
21832,UTX,UNITED TECHNOLOGIES CORP,UNITED TECH,UNITED STATES BORAX INC,UNITED STATES BORAX,11,2018,2024,T3_REVIEW,0
21832,UTX,UNITED TECHNOLOGIES CORP,R T X,R&D CIRCUITS INC,R D CIRCUITS,11,2015,2020,T3_REVIEW,0
21832,UTX,UNITED TECHNOLOGIES CORP,R T X,R GO ROBOTICS LTD,R GO ROBOTICS,11,2019,2024,T3_REVIEW,0
21832,UTX,UNITED TECHNOLOGIES CORP,R T X,R & D CIRCUITS INC,R D CIRCUITS,11,2011,2024,T3_REVIEW,0
21832,UTX,UNITED TECHNOLOGIES CORP,UNITED TECH,UNITED INNOMED SHANGHAI LTD,UNITED INNOMED SHANGHAI,10,2021,2025,T3_REVIEW,0
21832,UTX,UNITED TECHNOLOGIES CORP,UNITED TECH,UNITED SOLAR OVONIC LLC,UNITED SOLAR OVONIC,10,2010,2012,T3_REVIEW,0
21832,UTX,UNITED TECHNOLOGIES CORP,UNITED TECH,UNITED RENTALS INC,UNITED RENTALS,10,2015,2024,T3_REVIEW,0
21832,UTX,UNITED TECHNOLOGIES CORP,UNITED TECH,UNITED LAB INTERNATIONAL LLC,UNITED LAB INT,9,2011,2015,T3_REVIEW,0
21832,UTX,UNITED TECHNOLOGIES CORP,UNITED TECH,UNITED CONVEYOR CORP,UNITED CONVEYOR,9,2012,2025,T3_REVIEW,0
21832,UTX,UNITED TECHNOLOGIES CORP,UNITED TECH,UNITED ANIMAL HEALTH INC,UNITED ANIMAL HEALTH,9,2019,2024,T3_REVIEW,0
21832,UTX,UNITED TECHNOLOGIES CORP,UNITED TECH,UNITED ORTHOPEDIC CORP,UNITED ORTHOPEDIC,9,2011,2022,T3_REVIEW,0
21832,UTX,UNITED TECHNOLOGIES CORP,UNITED TECH,UNITED COMPANY RUSAL ENGINEERING AND TECHNOLOGY CT LLC,UNITED COMPANY RUSAL ENGINEERING AND TECH CT,9,2012,2013,T3_REVIEW,0
21832,UTX,UNITED TECHNOLOGIES CORP,R T X,R STOR INC,R STOR,9,2017,2019,T3_REVIEW,0
21832,UTX,UNITED TECHNOLOGIES CORP,R T X,R & D TOOL & ENGINEERING CO,R D TOOL ENGINEERING,9,2010,2013,T3_REVIEW,0
21832,UTX,UNITED TECHNOLOGIES CORP,UNITED TECH,UNITED IND CORPORATION,UNITED IND,8,2022,2025,T3_REVIEW,0
21832,UTX,UNITED TECHNOLOGIES CORP,UNITED TECH,UNITED COMB & NOVELTY CORP,UNITED COMB NOVELTY,8,2014,2017,T3_REVIEW,0
21832,UTX,UNITED TECHNOLOGIES CORP,UNITED TECH,UNITED WIRE LTD,UNITED WIRE,8,2010,2013,T3_REVIEW,0
21832,UTX,UNITED TECHNOLOGIES CORP,R T X,R H SHEPPARD CO INC,R H SHEPPARD,8,2018,2023,T3_REVIEW,0
21832,UTX,UNITED TECHNOLOGIES CORP,R T X,RÄSÄNEN MATTI,R S NEN MATTI,8,2013,2015,T3_REVIEW,0
21832,UTX,UNITED TECHNOLOGIES CORP,R T X,R & J EAST INC,R J EAST,8,2013,2019,T3_REVIEW,0
21832,UTX,UNITED TECHNOLOGIES CORP,R T X,R & B LEASING LLC,R B LEASING,8,2010,2025,T3_REVIEW,0
21832,UTX,UNITED TECHNOLOGIES CORP,UNITED TECH,UNITED AUTOMOTIVE ELECT SYS CO,UNITED AUTOMOTIVE ELECT SYS,7,2014,2023,T3_REVIEW,0
21832,UTX,UNITED TECHNOLOGIES CORP,UNITED TECH,UNITED STATES PIPE FOUNDRY,UNITED STATES PIPE FOUNDRY,7,2010,2014,T3_REVIEW,0
21832,UTX,UNITED TECHNOLOGIES CORP,UNITED TECH,THE UNITED STATE OF AMERICA AS REPRESENTED BY THE SEC DEP OF HEALTH AND HUMAN SERVICE,UNITED STATE OF AMER AS REPRESENTED BY THE SEC DEP OF HEALTH AND HUMAN SERVICE,7,2017,2022,T3_REVIEW,0
21832,UTX,UNITED TECHNOLOGIES CORP,UNITED TECH,UNITED MICROELECTRONICS COF,UNITED MICROELECTRONICS COF,7,2010,2010,T3_REVIEW,0
21832,UTX,UNITED TECHNOLOGIES CORP,UNITED TECH,THE UNITED STATES AS REPRESENTED BY THE SECRETARY OF AGRICULTURE,UNITED STATES AS REPRESENTED BY THE SECRETARY OF AGRICULTURE,7,2019,2025,T3_REVIEW,0
21832,UTX,UNITED TECHNOLOGIES CORP,RAYTHEON TECH,RAYTHEON COMPANY,RAYTHEON,7,2024,2025,T3_REVIEW,0
21832,UTX,UNITED TECHNOLOGIES CORP,R T X,Å&R CARTON LUND AB,R CARTON LUND,7,2015,2016,T3_REVIEW,0
21832,UTX,UNITED TECHNOLOGIES CORP,R T X,R-STOR INC,R STOR,7,2017,2017,T3_REVIEW,0
21832,UTX,UNITED TECHNOLOGIES CORP,R T X,R VALUE INC,R VALUE,7,2016,2024,T3_REVIEW,0
21832,UTX,UNITED TECHNOLOGIES CORP,R T X,R I P LLC,R I P,7,2020,2024,T3_REVIEW,0
21832,UTX,UNITED TECHNOLOGIES CORP,R T X,R E PRESCOTT CO INC,R E PRESCOTT,7,2010,2023,T3_REVIEW,0
21832,UTX,UNITED TECHNOLOGIES CORP,R T X,R WEISS VERPACKUNGSTECHNIK GMBH & CO KG,R WEISS VERPACKUNGSTECHNIK,7,2016,2019,T3_REVIEW,0
21832,UTX,UNITED TECHNOLOGIES CORP,UNITED TECH,UNITED STATES PIPE AND FOUNDRY COMPANY LLC,UNITED STATES PIPE AND FOUNDRY,6,2014,2023,T3_REVIEW,0
21832,UTX,UNITED TECHNOLOGIES CORP,UNITED TECH,THE UNITED STATES OF AMERICAAS REPRESENTED BY THE SECRETARYDEPARTMENT OF HEALTH AND HUMAN SERVICES,UNITED STATES OF AMERICAAS REPRESENTED BY THE SECRETARYDEPARTMENT OF HEALTH AND HUMAN SERVICES,6,2018,2020,T3_REVIEW,0
21832,UTX,UNITED TECHNOLOGIES CORP,UNITED TECH,UNITED INITIATORS GMBH,UNITED INITIATORS,6,2015,2021,T3_REVIEW,0
21832,UTX,UNITED TECHNOLOGIES CORP,UNITED TECH,THE UNITED STATES PLAYING CARD COMPANY,UNITED STATES PLAYING CARD,6,2014,2022,T3_REVIEW,0
21832,UTX,UNITED TECHNOLOGIES CORP,UNITED TECH,UNITED UTILITIES PLC,UNITED UTILITIES,6,2014,2022,T3_REVIEW,0
21832,UTX,UNITED TECHNOLOGIES CORP,UNITED TECH,UNITED COLOR MFG INC,UNITED COLOR MFG,6,2017,2023,T3_REVIEW,0
21832,UTX,UNITED TECHNOLOGIES CORP,UNITED TECH,UNITED PHOSPHORUS LTD,UNITED PHOSPHORUS,6,2011,2013,T3_REVIEW,0
21832,UTX,UNITED TECHNOLOGIES CORP,UNITED TECH,UNITED INTEGRATED SERVICES CO LTD,UNITED INTEGRATED SERVICES,6,2010,2017,T3_REVIEW,0
21832,UTX,UNITED TECHNOLOGIES CORP,UNITED TECH,UNITED IMAGING RES INSTITUTE OF INNOVATIVE MEDICAL EQUIPMENT,UNITED IMAGING RES INSTITUTE OF INNOVATIVE MEDICAL EQUIP,6,2021,2023,T3_REVIEW,0
21832,UTX,UNITED TECHNOLOGIES CORP,RAYTHEON TECH,RAYTHEON APPLIED SIGNAL TECHNOLOGY INC,RAYTHEON APPLIED SIGNAL TECH,6,2011,2014,T3_REVIEW,0
21832,UTX,UNITED TECHNOLOGIES CORP,RAYTHEON TECH,RAYTHEON CORP,RAYTHEON,6,2011,2023,T3_REVIEW,0
21832,UTX,UNITED TECHNOLOGIES CORP,R T X,R G C C HOLDINGS AG,R G C C,6,2019,2023,T3_REVIEW,0
21832,UTX,UNITED TECHNOLOGIES CORP,R T X,R E M HOLDING S R L,R E M HOLDING S R L,6,2014,2022,T3_REVIEW,0
21832,UTX,UNITED TECHNOLOGIES CORP,UNITED TECH,UNITED CONVERTING SRL,UNITED CONVERTING,5,2013,2017,T3_REVIEW,0
21832,UTX,UNITED TECHNOLOGIES CORP,UNITED TECH,UNITED IMAGING INTELLIGENCE BEIJING CO LTD,UNITED IMAGING INTELLIGENCE BEIJING,5,2022,2024,T3_REVIEW,0
21832,UTX,UNITED TECHNOLOGIES CORP,UNITED TECH,UNITED TOTE CO,UNITED TOTE,5,2010,2013,T3_REVIEW,0
21832,UTX,UNITED TECHNOLOGIES CORP,UNITED TECH,UNITED METAL FABRICATORS INC D/B/A UMF MEDICAL,UNITED METAL FABRICATORS INC D B A UMF MEDICAL,5,2018,2021,T3_REVIEW,0
21832,UTX,UNITED TECHNOLOGIES CORP,UNITED TECH,UNITED SERVICES AUTOMOBILE ASS (USAA),UNITED SERVICES AUTOMOBILE ASS USAA,5,2016,2017,T3_REVIEW,0
21832,UTX,UNITED TECHNOLOGIES CORP,UNITED TECH,UNITED INITIATORS GMBH & CO KG,UNITED INITIATORS,5,2010,2013,T3_REVIEW,0
21832,UTX,UNITED TECHNOLOGIES CORP,UNITED TECH,UNITED PET GROUP INC,UNITED PET,5,2010,2013,T3_REVIEW,0
21832,UTX,UNITED TECHNOLOGIES CORP,UNITED TECH,THE UNITED STATES OF AMERICA AS REPRESENTED BY SECRETARY OF AGRICULTURE,UNITED STATES OF AMER AS REPRESENTED BY SECRETARY OF AGRICULTURE,5,2017,2021,T3_REVIEW,0
21832,UTX,UNITED TECHNOLOGIES CORP,UNITED TECH,UNITED SURGICAL ASSOCIATES INC,UNITED SURGICAL ASSOCIATES,5,2012,2015,T3_REVIEW,0
21832,UTX,UNITED TECHNOLOGIES CORP,UNITED TECH,UNITED SHIELD INT LLC,UNITED SHIELD INT,5,2019,2023,T3_REVIEW,0
21832,UTX,UNITED TECHNOLOGIES CORP,UNITED TECH,UNITED MOULDERS LTD,UNITED MOULDERS,5,2011,2021,T3_REVIEW,0
21832,UTX,UNITED TECHNOLOGIES CORP,UNITED TECH,UNITED COOLAIR LLC,UNITED COOLAIR,5,2024,2025,T3_REVIEW,0
21832,UTX,UNITED TECHNOLOGIES CORP,UNITED TECH,UNITED BENEFIT CORP,UNITED BENEFIT,5,2019,2023,T3_REVIEW,0
21832,UTX,UNITED TECHNOLOGIES CORP,UNITED TECH,UNITED IMAGING HEALTHCARE NORTH AMERICA INC,UNITED IMAGING HEALTHCARE NORTH AMER,5,2024,2024,T3_REVIEW,0
21832,UTX,UNITED TECHNOLOGIES CORP,UNITED TECH,UNITED STATES GEOLOGICAL SURVEY,UNITED STATES GEOLOGICAL SURVEY,5,2020,2025,T3_REVIEW,0
21832,UTX,UNITED TECHNOLOGIES CORP,UNITED TECH,UNITED KINGDOM ATOMIC ENERGY AUTHORITY,UNITED KINGDOM ATOMIC ENERGY AUTHORITY,5,2018,2024,T3_REVIEW,0
21832,UTX,UNITED TECHNOLOGIES CORP,UNITED TECH,THE UNITED STATES GOVEMMENT AS REPRESENTED BY THE DEPT OF VETERANS AFFAIRS,UNITED STATES GOVEMMENT AS REPRESENTED BY THE DEPT OF VETERANS AFFAIRS,5,2015,2021,T3_REVIEW,0
21832,UTX,UNITED TECHNOLOGIES CORP,UNITED TECH,THE UNITED STATES OF AMERICA AS REPRESENTED BY,UNITED STATES OF AMER AS REPRESENTED BY,5,2017,2023,T3_REVIEW,0
21832,UTX,UNITED TECHNOLOGIES CORP,UNITED TECH,UNITED STUDENT AID FUNDS INC,UNITED STUDENT AID FUNDS,5,2014,2014,T3_REVIEW,0
21832,UTX,UNITED TECHNOLOGIES CORP,R T X,R U GROUNDED ENERGY INC,R U GROUNDED ENERGY,5,2012,2020,T3_REVIEW,0
21832,UTX,UNITED TECHNOLOGIES CORP,R T X,R&D TOOL & ENGINEERING CO,R D TOOL ENGINEERING,5,2014,2015,T3_REVIEW,0
21832,UTX,UNITED TECHNOLOGIES CORP,R T X,R B III ASSOCIATES INC,R B III ASSOCIATES,5,2012,2013,T3_REVIEW,0
21832,UTX,UNITED TECHNOLOGIES CORP,R T X,R & D SHED L L C,R D SHED L L C,5,2011,2024,T3_REVIEW,0
21832,UTX,UNITED TECHNOLOGIES CORP,UNITED TECH,UNITED LAB INC,UNITED LAB,4,2011,2013,T3_REVIEW,0
21832,UTX,UNITED TECHNOLOGIES CORP,UNITED TECH,United States of America as Represented by NASA,UNITED STATES OF AMER AS REPRESENTED BY NASA,4,2017,2017,T3_REVIEW,0
21832,UTX,UNITED TECHNOLOGIES CORP,UNITED TECH,UNITED PHARMACEUTICALS,UNITED PHARMACEUTICALS,4,2011,2017,T3_REVIEW,0
21832,UTX,UNITED TECHNOLOGIES CORP,UNITED TECH,UNITED MONOLITHIC SEMICONDUCT,UNITED MONOLITHIC SEMICONDUCT,4,2010,2011,T3_REVIEW,0
21832,UTX,UNITED TECHNOLOGIES CORP,UNITED TECH,UNITED METAL PRODUCTS INC,UNITED METAL PRODUCTS,4,2012,2017,T3_REVIEW,0
21832,UTX,UNITED TECHNOLOGIES CORP,UNITED TECH,UNITED LAUNCH ALLIANCE L L C,UNITED LAUNCH ALLIANCE L L C,4,2016,2020,T3_REVIEW,0
21832,UTX,UNITED TECHNOLOGIES CORP,UNITED TECH,UNITED PIPELINE SYSTEMS INC,UNITED PIPELINE SYS,4,2013,2023,T3_REVIEW,0
21832,UTX,UNITED TECHNOLOGIES CORP,UNITED TECH,UNITED STATES MINERAL PROD CO,UNITED STATES MINERAL PROD,4,2015,2020,T3_REVIEW,0
21832,UTX,UNITED TECHNOLOGIES CORP,UNITED TECH,UNITED AIR SPECIALISTS,UNITED AIR SPECIALISTS,4,2010,2017,T3_REVIEW,0
21832,UTX,UNITED TECHNOLOGIES CORP,UNITED TECH,THE UNITED STATES OF AMERICAN AS REPRESENTED BY THE SECRETARY OF THE NAVY,UNITED STATES OF AMER AS REPRESENTED BY THE SECRETARY OF THE NAVY,4,2021,2024,T3_REVIEW,0
21832,UTX,UNITED TECHNOLOGIES CORP,UNITED TECH,UNITED PARCEL SERVICES OF AMERICA INC,UNITED PARCEL SERVICES OF AMER,4,2014,2022,T3_REVIEW,0
21832,UTX,UNITED TECHNOLOGIES CORP,UNITED TECH,UNITED PRECISION TECH CO LTD,UNITED PREC TECH,4,2020,2022,T3_REVIEW,0
21832,UTX,UNITED TECHNOLOGIES CORP,UNITED TECH,UNITED STATES THERMOELECTRIC CONSORTIUM,UNITED STATES THERMOELECTRIC CONSORTIUM,4,2017,2019,T3_REVIEW,0
21832,UTX,UNITED TECHNOLOGIES CORP,UNITED TECH,UNITED STATES PERFORMANCE CENTER LLC,UNITED STATES PERFORMANCE CENTER,4,2024,2025,T3_REVIEW,0
21832,UTX,UNITED TECHNOLOGIES CORP,UNITED TECH,UNITED TOLL SYSTEMS INC,UNITED TOLL SYS,4,2010,2012,T3_REVIEW,0
21832,UTX,UNITED TECHNOLOGIES CORP,UNITED TECH,UNITED BIOPHARMA INC,UNITED BIOPHARMA,4,2018,2023,T3_REVIEW,0
21832,UTX,UNITED TECHNOLOGIES CORP,UNITED TECH,UNITED IMMUNITY CO LTD,UNITED IMMUNITY,4,2021,2024,T3_REVIEW,0
21832,UTX,UNITED TECHNOLOGIES CORP,UNITED TECH,UNITED NEUROSCIENCE,UNITED NEUROSCIENCE,4,2018,2023,T3_REVIEW,0
21832,UTX,UNITED TECHNOLOGIES CORP,UNITED TECH,UNITED PLASTIC FABRICATING INC,UNITED PLASTIC FABRICATING,4,2012,2015,T3_REVIEW,0
21832,UTX,UNITED TECHNOLOGIES CORP,UNITED TECH,UNITED STATES DEPT OF AGRICULTURE,UNITED STATES DEPT OF AGRICULTURE,4,2016,2022,T3_REVIEW,0
21832,UTX,UNITED TECHNOLOGIES CORP,UNITED TECH,UNITED STATES OF AMERICA US ARMY,UNITED STATES OF AMER US ARMY,4,2017,2017,T3_REVIEW,0
21832,UTX,UNITED TECHNOLOGIES CORP,R T X,R & R PRODUCTS INC,R R PRODUCTS,4,2022,2025,T3_REVIEW,0
21832,UTX,UNITED TECHNOLOGIES CORP,R T X,R PHARM OVERSEAS INC,R PHARM OVERSEAS,4,2015,2024,T3_REVIEW,0
21832,UTX,UNITED TECHNOLOGIES CORP,R T X,RÖSCH BERNHARD,R SCH BERNHARD,4,2011,2012,T3_REVIEW,0
21832,UTX,UNITED TECHNOLOGIES CORP,R T X,Rölle Thomas,R LLE THOMAS,4,2012,2014,T3_REVIEW,0
21832,UTX,UNITED TECHNOLOGIES CORP,R T X,R J GOLDSPINK PTY LTD,R J GOLDSPINK,4,2012,2022,T3_REVIEW,0
21832,UTX,UNITED TECHNOLOGIES CORP,R T X,R PI,R PI,4,2012,2025,T3_REVIEW,0
21832,UTX,UNITED TECHNOLOGIES CORP,R T X,R M EQUIPMENT INC,R M EQUIP,4,2010,2010,T3_REVIEW,0
21832,UTX,UNITED TECHNOLOGIES CORP,R T X,R SOLUTION MEDICAL BV,R SOLUTION MEDICAL,4,2018,2024,T3_REVIEW,0
21832,UTX,UNITED TECHNOLOGIES CORP,R T X,R&D IND INC,R D IND,4,2020,2024,T3_REVIEW,0
21832,UTX,UNITED TECHNOLOGIES CORP,R T X,R&B LEASING LLC,R B LEASING,4,2015,2020,T3_REVIEW,0
21832,UTX,UNITED TECHNOLOGIES CORP,R T X,R CEGLA GMBH & CO KG,R CEGLA,4,2016,2019,T3_REVIEW,0
21832,UTX,UNITED TECHNOLOGIES CORP,R T X,R S M ELECTRON POWER INC,R S M ELECTRON POWER,4,2016,2020,T3_REVIEW,0
21832,UTX,UNITED TECHNOLOGIES CORP,R T X,R TREE INNOVATIONS LLC,R TREE INNOVATIONS,4,2017,2018,T3_REVIEW,0
21832,UTX,UNITED TECHNOLOGIES CORP,UNITED TECH,UNITED STATES OF AMERICA AS RESPRESENTED BY THE SECRETARY OF THE NAVY,UNITED STATES OF AMER AS RESPRESENTED BY THE SECRETARY OF THE NAVY,3,2019,2021,T3_REVIEW,0
21832,UTX,UNITED TECHNOLOGIES CORP,UNITED TECH,UNITED STATES GOLF ASS,UNITED STATES GOLF ASS,3,2016,2023,T3_REVIEW,0
21832,UTX,UNITED TECHNOLOGIES CORP,UNITED TECH,UNITED STATES AS REPRESENTED BY THE SECRETARY OF AGRICULTURE,UNITED STATES AS REPRESENTED BY THE SECRETARY OF AGRICULTURE,3,2017,2024,T3_REVIEW,0
21832,UTX,UNITED TECHNOLOGIES CORP,UNITED TECH,UNITED CANNABIS CORP,UNITED CANNABIS,3,2015,2019,T3_REVIEW,0
21832,UTX,UNITED TECHNOLOGIES CORP,UNITED TECH,THE UNITED STATE OF AMERICA AS REPRESENTED BY THE SECRETARY OF AGRICULTURE,UNITED STATE OF AMER AS REPRESENTED BY THE SECRETARY OF AGRICULTURE,3,2016,2020,T3_REVIEW,0
21832,UTX,UNITED TECHNOLOGIES CORP,UNITED TECH,UNITED STATES SURGICAL CORP,UNITED STATES SURGICAL,3,2010,2011,T3_REVIEW,0
21832,UTX,UNITED TECHNOLOGIES CORP,UNITED TECH,THE UNITED STATES OF AMERICA AS REPRESENTED BY TH E SECRETARY DEPT OF HEALTH & HUMAN SERVICE,UNITED STATES OF AMER AS REPRESENTED BY TH E SECRETARY DEPT OF HEALTH HUMAN SERVICE,3,2013,2015,T3_REVIEW,0
21832,UTX,UNITED TECHNOLOGIES CORP,UNITED TECH,THE UNITED STATES GOVERMENT AS REPRESENTED BY THE DEPT OF VETERANS AFFAIRS,UNITED STATES GOVERMENT AS REPRESENTED BY THE DEPT OF VETERANS AFFAIRS,3,2016,2021,T3_REVIEW,0
21832,UTX,UNITED TECHNOLOGIES CORP,UNITED TECH,UNITED RENEWABLE ENERGY LLC,UNITED RENEWABLE ENERGY,3,2018,2022,T3_REVIEW,0
21832,UTX,UNITED TECHNOLOGIES CORP,UNITED TECH,THE UNITED STATES GOVERMMENT AS REPRESENTED BY THE DEPT OF VETERANS AFFAIRS,UNITED STATES GOVERMMENT AS REPRESENTED BY THE DEPT OF VETERANS AFFAIRS,3,2019,2020,T3_REVIEW,0
21832,UTX,UNITED TECHNOLOGIES CORP,UNITED TECH,UNITED GRINDING GROUP AG,UNITED GRINDING,3,2021,2021,T3_REVIEW,0
21832,UTX,UNITED TECHNOLOGIES CORP,UNITED TECH,UNITED MEMORIES INC,UNITED MEMORIES,3,2011,2014,T3_REVIEW,0
21832,UTX,UNITED TECHNOLOGIES CORP,UNITED TECH,UNITED STATES COUNCIL FOR AUTOMOTIVE RES LLC,UNITED STATES COUNCIL FOR AUTOMOTIVE RES,3,2015,2018,T3_REVIEW,0
21832,UTX,UNITED TECHNOLOGIES CORP,UNITED TECH,UNITED AIRCRAFT TECH INC,UNITED AIRCRAFT TECH,3,2019,2022,T3_REVIEW,0
21832,UTX,UNITED TECHNOLOGIES CORP,UNITED TECH,UNITED STATES OF AMERICA AS REPRESENTED BY THE SECRETARY OF THE NAVY,UNITED STATES OF AMER AS REPRESENTED BY THE SECRETARY OF THE NAVY,3,2019,2019,T3_REVIEW,0
21832,UTX,UNITED TECHNOLOGIES CORP,UNITED TECH,UNITED AIR LINES INC,UNITED AIR LINES,3,2013,2013,T3_REVIEW,0
21832,UTX,UNITED TECHNOLOGIES CORP,UNITED TECH,THE UNITED STATES GOVERMENT AS REPRESENTED BY THE SECRETARY OF THE ARMY U S ARMY RES LABORATOR,UNITED STATES GOVERMENT AS REPRESENTED BY THE SECRETARY OF THE ARMY U S ARMY RES LABORATOR,3,2016,2017,T3_REVIEW,0
21832,UTX,UNITED TECHNOLOGIES CORP,UNITED TECH,UNITED TECHNOLOGISTS EUROPE LTD,UNITED TECHNOLOGISTS EUROPE,3,2013,2014,T3_REVIEW,0
21832,UTX,UNITED TECHNOLOGIES CORP,UNITED TECH,UNITED STATES GOVERMENT AS REPRESENTED BY THE DEPT OF VETERANS AFFAIRS,UNITED STATES GOVERMENT AS REPRESENTED BY THE DEPT OF VETERANS AFFAIRS,3,2019,2021,T3_REVIEW,0
21832,UTX,UNITED TECHNOLOGIES CORP,UNITED TECH,UNITED FOOD GROUP INC,UNITED FOOD,3,2014,2019,T3_REVIEW,0
21832,UTX,UNITED TECHNOLOGIES CORP,UNITED TECH,THE UNITED STATES OF AMERICA AS REPRESENTED BY TH E SECRETARY DEPT OF HEALTH AND HUMAN SERVICES,UNITED STATES OF AMER AS REPRESENTED BY TH E SECRETARY DEPT OF HEALTH AND HUMAN SERVICES,3,2014,2015,T3_REVIEW,0
21832,UTX,UNITED TECHNOLOGIES CORP,UNITED TECH,THE UNITED STATE OF AMERICA AS REPRESENTED BY THE SECRETARY OF THE NAVY,UNITED STATE OF AMER AS REPRESENTED BY THE SECRETARY OF THE NAVY,3,2015,2020,T3_REVIEW,0
21832,UTX,UNITED TECHNOLOGIES CORP,UNITED TECH,UNITED GRINDING GROUP MAN AG,UNITED GRINDING GROUP MAN,3,2020,2022,T3_REVIEW,0
21832,UTX,UNITED TECHNOLOGIES CORP,RAYTHEON TECH,RAYTHEON UTD INC,RAYTHEON UTD,3,2010,2010,T3_REVIEW,0
21832,UTX,UNITED TECHNOLOGIES CORP,RAYTHEON TECH,RAYTHEON ANSCHUETZ GMBH,RAYTHEON ANSCHUETZ,3,2020,2021,T3_REVIEW,0
21832,UTX,UNITED TECHNOLOGIES CORP,RAYTHEON TECH,RAYTHEON CANADA LTD ELCAN,RAYTHEON CANADA LTD ELCAN,3,2019,2021,T3_REVIEW,0
21832,UTX,UNITED TECHNOLOGIES CORP,R T X,R A W S R L,R A W S R L,3,2016,2018,T3_REVIEW,0
21832,UTX,UNITED TECHNOLOGIES CORP,R T X,R&D CENTER SHANGHAI INST OF CERAMICS,R D CENTER SHANGHAI INST OF CERAMICS,3,2015,2021,T3_REVIEW,0
21832,UTX,UNITED TECHNOLOGIES CORP,R T X,R SOFTWARE INC,R SOFTWARE,3,2019,2022,T3_REVIEW,0
21832,UTX,UNITED TECHNOLOGIES CORP,R T X,R & D SOCKETS INC,R D SOCKETS,3,2011,2014,T3_REVIEW,0
21832,UTX,UNITED TECHNOLOGIES CORP,R T X,R MANOJ KUMAR,R MANOJ KUMAR,3,2021,2024,T3_REVIEW,0
21832,UTX,UNITED TECHNOLOGIES CORP,R T X,R T D ENTPR,R T D ENTPR,3,2020,2020,T3_REVIEW,0
21832,UTX,UNITED TECHNOLOGIES CORP,R T X,RÜHTER GERD,R HTER GERD,3,2012,2012,T3_REVIEW,0
21832,UTX,UNITED TECHNOLOGIES CORP,R T X,R&D TOOL & ENG CO,R D TOOL ENG,3,2015,2018,T3_REVIEW,0
21832,UTX,UNITED TECHNOLOGIES CORP,R T X,R B & W MFG LLC,R B W MFG,3,2010,2014,T3_REVIEW,0
21832,UTX,UNITED TECHNOLOGIES CORP,R T X,RÄTSEP MERLE,R TSEP MERLE,3,2014,2016,T3_REVIEW,0
21832,UTX,UNITED TECHNOLOGIES CORP,R T X,RÖDER DIRK,R DER DIRK,3,2012,2012,T3_REVIEW,0
21832,UTX,UNITED TECHNOLOGIES CORP,R T X,R&D DYNAMICS CORP,R D DYNAMICS,3,2015,2018,T3_REVIEW,0
21832,UTX,UNITED TECHNOLOGIES CORP,R T X,R STAHL SCHALTGERATE GMBH,R STAHL SCHALTGERATE,3,2018,2018,T3_REVIEW,0
21832,UTX,UNITED TECHNOLOGIES CORP,R T X,R F KEEPER LTD,R F KEEPER,3,2011,2013,T3_REVIEW,0
21832,UTX,UNITED TECHNOLOGIES CORP,R T X,R&J MFG COMPANY,R J MFG,3,2015,2016,T3_REVIEW,0
21832,UTX,UNITED TECHNOLOGIES CORP,R T X,R&D Coating Solutions LLC,R D COATING SOLUTIONS,3,2022,2022,T3_REVIEW,0
21832,UTX,UNITED TECHNOLOGIES CORP,R T X,RÜEGER S A,R EGER S A,3,2017,2017,T3_REVIEW,0
21832,UTX,UNITED TECHNOLOGIES CORP,R T X,RÜBBEN ALEXANDER,R BBEN ALEXANDER,3,2013,2014,T3_REVIEW,0
21832,UTX,UNITED TECHNOLOGIES CORP,R T X,R C RAVEN CLOUD LTD,R C RAVEN CLOUD,3,2023,2024,T3_REVIEW,0
21832,UTX,UNITED TECHNOLOGIES CORP,R T X,R PAC INT CORP,R PAC INT,3,2019,2021,T3_REVIEW,0
21832,UTX,UNITED TECHNOLOGIES CORP,R T X,R O C MILITARY ACADEMY,R O C MILITARY ACADEMY,3,2010,2012,T3_REVIEW,0
21832,UTX,UNITED TECHNOLOGIES CORP,R T X,RÖHRER GEORG,R HRER GEORG,3,2012,2012,T3_REVIEW,0
21832,UTX,UNITED TECHNOLOGIES CORP,R T X,R&S Shaeffer Properties LLC,R S SHAEFFER PROPERTIES,3,2017,2018,T3_REVIEW,0
21832,UTX,UNITED TECHNOLOGIES CORP,R T X,R JAYAKANTH,R JAYAKANTH,3,2010,2010,T3_REVIEW,0
21832,UTX,UNITED TECHNOLOGIES CORP,R T X,R F TECH CONSULTANTS INC,R F TECH CONSULTANTS,3,2016,2018,T3_REVIEW,0
21832,UTX,UNITED TECHNOLOGIES CORP,R T X,RØDLAND ARILD,R DLAND ARILD,3,2013,2017,T3_REVIEW,0
21832,UTX,UNITED TECHNOLOGIES CORP,R T X,R BIO CO LTD,R BIO,3,2015,2020,T3_REVIEW,0
21832,UTX,UNITED TECHNOLOGIES CORP,R T X,R N P IND INC,R N P IND,3,2015,2024,T3_REVIEW,0
52983,V,VISA INC,VISA,VISA INT SERVICE ASS,VISA INT SERVICE ASS,2288,2010,2025,T3_REVIEW,1
52983,V,VISA INC,VISA,VISA USA INC,VISA USA,117,2010,2023,T3_REVIEW,1
52983,V,VISA INC,VISA,VISA EUROPE LTD,VISA EUROPE,58,2011,2025,T3_REVIEW,1
52983,V,VISA INC,VISA,VISA INT SERVICES ASSOCIATION,VISA INT SERVICES ASS,3,2021,2023,T3_REVIEW,1
52983,V,VISA INC,VISA,VISA INT SERVICE ASSOCIATON,VISA INT SERVICE ASSOCIATON,3,2021,2025,T3_REVIEW,1
4879,WDC,WESTERN DIGITAL CORP,WESTERN DIGITAL,WESTERN UNION CO,WESTERN UNION,202,2010,2025,T3_REVIEW,0
4879,WDC,WESTERN DIGITAL CORP,WESTERN DIGITAL,WESTERN SYDNEY LOCAL HEALTH DISTR,WESTERN SYDNEY LOCAL HEALTH DISTR,25,2015,2023,T3_REVIEW,0
4879,WDC,WESTERN DIGITAL CORP,WESTERN DIGITAL,WESTERN NEW ENGLAND UNIV,WESTERN NEW ENGLAND UNIV,21,2017,2023,T3_REVIEW,0
4879,WDC,WESTERN DIGITAL CORP,WESTERN DIGITAL,WESTERN WASHINGTON UNIV,WESTERN WASHINGTON UNIV,14,2014,2023,T3_REVIEW,0
4879,WDC,WESTERN DIGITAL CORP,WESTERN DIGITAL,WESTERN CLINICAL ENG,WESTERN CLINICAL ENG,13,2010,2015,T3_REVIEW,0
4879,WDC,WESTERN DIGITAL CORP,WESTERN DIGITAL,WESTERN NEW ENGLAND UNIVERSITY,WESTERN NEW ENGLAND UNIV,11,2011,2016,T3_REVIEW,0
4879,WDC,WESTERN DIGITAL CORP,WESTERN DIGITAL,WESTERN MICHIGAN UNIV RES FOUND,WESTERN MICHIGAN UNIV RES FOUND,10,2013,2017,T3_REVIEW,0
4879,WDC,WESTERN DIGITAL CORP,WESTERN DIGITAL,WESTERN SYDNEY UNIV,WESTERN SYDNEY UNIV,9,2019,2025,T3_REVIEW,0
4879,WDC,WESTERN DIGITAL CORP,WESTERN DIGITAL,WESTERN TECH INC,WESTERN TECH,9,2018,2021,T3_REVIEW,0
4879,WDC,WESTERN DIGITAL CORP,WESTERN DIGITAL,WESTERN CLINICAL ENG LTD,WESTERN CLINICAL ENG,8,2015,2021,T3_REVIEW,0
4879,WDC,WESTERN DIGITAL CORP,WESTERN DIGITAL,WESTERN IND INC,WESTERN IND,7,2011,2014,T3_REVIEW,0
4879,WDC,WESTERN DIGITAL CORP,WESTERN DIGITAL,WESTERN BRYON,WESTERN BRYON,7,2011,2012,T3_REVIEW,0
4879,WDC,WESTERN DIGITAL CORP,WESTERN DIGITAL,WESTERN GOVERNORS UNIV,WESTERN GOVERNORS UNIV,7,2019,2025,T3_REVIEW,0
4879,WDC,WESTERN DIGITAL CORP,WESTERN DIGITAL,WESTERN MICHIGAN UNIVERSITY RES FOUNDATION,WESTERN MICHIGAN UNIV RES FOUNDATION,7,2011,2015,T3_REVIEW,0
4879,WDC,WESTERN DIGITAL CORP,WESTERN DIGITAL,WESTERN GAMING PROPERTIES,WESTERN GAMING PROPERTIES,5,2014,2018,T3_REVIEW,0
4879,WDC,WESTERN DIGITAL CORP,WESTERN DIGITAL,WESTERN MICHIGAN UNIV RESEARCH FOUNDATION,WESTERN MICHIGAN UNIV RES FOUNDATION,5,2015,2017,T3_REVIEW,0
4879,WDC,WESTERN DIGITAL CORP,WESTERN DIGITAL,WESTERN UNION FINANCIAL SERVICES INC,WESTERN UNION FINANCIAL SERVICES,5,2011,2016,T3_REVIEW,0
4879,WDC,WESTERN DIGITAL CORP,WESTERN DIGITAL,Western Shelter Systems,WESTERN SHELTER SYS,5,2019,2023,T3_REVIEW,0
4879,WDC,WESTERN DIGITAL CORP,WESTERN DIGITAL,WESTERN EMULSIONS INC,WESTERN EMULSIONS,4,2011,2014,T3_REVIEW,0
4879,WDC,WESTERN DIGITAL CORP,WESTERN DIGITAL,WESTERN STATES MACHINE CO,WESTERN STATES MACHINE,4,2011,2016,T3_REVIEW,0
4879,WDC,WESTERN DIGITAL CORP,WESTERN DIGITAL,WESTERN CONNECTICUT HEALTH NETWORK INC,WESTERN CONNECTICUT HEALTH NETWORK,4,2011,2021,T3_REVIEW,0
4879,WDC,WESTERN DIGITAL CORP,WESTERN DIGITAL,WESTERN SAW MFT INC,WESTERN SAW MFT,4,2015,2022,T3_REVIEW,0
4879,WDC,WESTERN DIGITAL CORP,WESTERN DIGITAL,WESTERN TECHNOLOGY SERVICES INTERNATIONAL INC,WESTERN TECH SERVICES INT,4,2010,2015,T3_REVIEW,0
4879,WDC,WESTERN DIGITAL CORP,WESTERN DIGITAL,WESTERN SAW MANUFACTURERS INC,WESTERN SAW MANUFACTURERS,4,2011,2016,T3_REVIEW,0
4879,WDC,WESTERN DIGITAL CORP,WESTERN DIGITAL,WESTERN GREEN LLC,WESTERN GREEN,4,2021,2025,T3_REVIEW,0
4879,WDC,WESTERN DIGITAL CORP,WESTERN DIGITAL,WESTERN PULP PRODUCTS COMPANY,WESTERN PULP PRODUCTS,3,2011,2019,T3_REVIEW,0
4879,WDC,WESTERN DIGITAL CORP,WESTERN DIGITAL,WESTERN TECH SERVICES INT INC,WESTERN TECH SERVICES INT,3,2016,2017,T3_REVIEW,0
4879,WDC,WESTERN DIGITAL CORP,WESTERN DIGITAL,WESTERN OILFIELDS SUPPLY CO,WESTERN OILFIELDS SUPPLY,3,2019,2025,T3_REVIEW,0
4879,WDC,WESTERN DIGITAL CORP,WESTERN DIGITAL,WESTERN FORMS INC,WESTERN FORMS,3,2011,2017,T3_REVIEW,0
4879,WDC,WESTERN DIGITAL CORP,WESTERN DIGITAL,WESTERN MECH ELECTRICAL MILLWRIGHT SERVICES LTD,WESTERN MECH ELECTRICAL MILLWRIGHT SERVICES,3,2016,2019,T3_REVIEW,0
4879,WDC,WESTERN DIGITAL CORP,WESTERN DIGITAL,WESTERN UTILITY SOLUTIONS INC,WESTERN UTILITY SOLUTIONS,3,2021,2024,T3_REVIEW,0
4879,WDC,WESTERN DIGITAL CORP,WESTERN DIGITAL,WESTERN PLASTICS INC,WESTERN PLASTICS,3,2011,2024,T3_REVIEW,0
4879,WDC,WESTERN DIGITAL CORP,WESTERN DIGITAL,WESTERN PRO FEEDERS LLC,WESTERN PRO FEEDERS,3,2021,2023,T3_REVIEW,0
4879,WDC,WESTERN DIGITAL CORP,WESTERN DIGITAL,WESTERN TIMBER FRAME INC,WESTERN TIMBER FRAME,3,2014,2016,T3_REVIEW,0
4879,WDC,WESTERN DIGITAL CORP,WESTERN DIGITAL,THE WESTERN STATES MACHINE COMPANY,WESTERN STATES MACHINE,3,2021,2025,T3_REVIEW,0
4879,WDC,WESTERN DIGITAL CORP,WESTERN DIGITAL,WESTERN TRAILER CO,WESTERN TRAILER,3,2018,2024,T3_REVIEW,0
4879,WDC,WESTERN DIGITAL CORP,WESTERN DIGITAL,Western Distributing Company,WESTERN DISTRIBUTING,3,2016,2019,T3_REVIEW,0
4879,WDC,WESTERN DIGITAL CORP,WESTERN DIGITAL,WESTERN POWER SPORTS LLC,WESTERN POWER SPORTS,3,2022,2025,T3_REVIEW,0
21880,WMT,WAL MART STORES INC,WAL MART STORES,WAL FUEL SYSTEMS USA INC,WAL FUEL SYS USA,11,2023,2025,T3_REVIEW,0
21880,WMT,WAL MART STORES INC,WAL MART STORES,WAL MART APOLLO LLC,WAL MART APOLLO,8,2018,2019,T3_REVIEW,0
9424,XRAY,DENTSPLY SIRONA INC,DENTSPLY SIRONA,DENTSPLY INT INC,DENTSPLY INT,161,2010,2017,T3_REVIEW,0
9424,XRAY,DENTSPLY SIRONA INC,DENTSPLY SIRONA,DENTSPLY IH AB,DENTSPLY IH,32,2016,2025,T3_REVIEW,0
9424,XRAY,DENTSPLY SIRONA INC,DENTSPLY SIRONA,DENTSPLY DETREY GMBH,DENTSPLY DETREY,29,2010,2020,T3_REVIEW,0
9424,XRAY,DENTSPLY SIRONA INC,DENTSPLY SIRONA,DENTSPLY IMPLANTS MFG GMBH,DENTSPLY IMPLANTS MFG,4,2012,2017,T3_REVIEW,0
9424,XRAY,DENTSPLY SIRONA INC,DENTSPLY SIRONA,DENTSPLY IMPLANTS NV,DENTSPLY IMPLANTS,4,2013,2017,T3_REVIEW,0
9424,XRAY,DENTSPLY SIRONA INC,DENTSPLY SIRONA,DENTSPLY CANADA LTD,DENTSPLY CANADA,3,2010,2011,T3_REVIEW,0
11092,ZBRA,ZEBRA TECHNOLOGIES CORP,ZEBRA TECH,ZEBRA MEDICAL VISION LTD,ZEBRA MEDICAL VISION,19,2015,2021,T3_REVIEW,0
11092,ZBRA,ZEBRA TECHNOLOGIES CORP,ZEBRA TECH,ZEBRA IMAGING INC,ZEBRA IMAGING,19,2010,2014,T3_REVIEW,0
11092,ZBRA,ZEBRA TECHNOLOGIES CORP,ZEBRA TECH,ZEBRA CO LTD,ZEBRA,11,2010,2023,T3_REVIEW,0
11092,ZBRA,ZEBRA TECHNOLOGIES CORP,ZEBRA TECH,ZEBRA ENTPR SOLUTIONS CORP,ZEBRA ENTPR SOLUTIONS,7,2010,2014,T3_REVIEW,0
11092,ZBRA,ZEBRA TECHNOLOGIES CORP,ZEBRA TECH,ZEBRA SKIMMERS CORP,ZEBRA SKIMMERS,3,2011,2015,T3_REVIEW,0
11092,ZBRA,ZEBRA TECHNOLOGIES CORP,ZEBRA TECH,ZEBRA INNOVATIONS LLC,ZEBRA INNOVATIONS,3,2014,2018,T3_REVIEW,0
