permno,securitybegdt,securityenddt,hdrcusip,cusip,primaryexch,securitynm,issuertype,securitytype,sharetype,securityactiveflg,ticker,permco,siccd,naics,icbindustry,issuernm,yyyymm,mthcaldt,mthprc,mthcap,mthprevprc,mthprevcap,mthret,mthretx,mthvol,shrout,vwretd,sprtrn,year_month,ai_group,n_papers,n_papers_arxiv
10107,1986/3/13,2025/12/31,59491810,59491810,Q,MICROSOFT CORP; COM NONE; CONS,CORP,EQTY,NS,Y,MSFT,8048,7370,511210,TECH,MICROSOFT CORP,201001,2010/1/29,28.18,247151591,30.48,268559280,-0.075459,-0.075459,1364056102,8770461,-0.037172,-0.036974,Jan-10,A,0,0
10107,1986/3/13,2025/12/31,59491810,59491810,Q,MICROSOFT CORP; COM NONE; CONS,CORP,EQTY,NS,Y,MSFT,8048,7370,511210,TECH,MICROSOFT CORP,201002,2010/2/26,28.67,251449116.9,28.18,247151591,0.022053,0.017388,1077901466,8770461,0.034744,0.028514,Feb-10,A,0,0
10107,1986/3/13,2025/12/31,59491810,59491810,Q,MICROSOFT CORP; COM NONE; CONS,CORP,EQTY,NS,Y,MSFT,8048,7370,511210,TECH,MICROSOFT CORP,201003,2010/3/31,29.2875,256617075,28.67,251449116.9,0.021538,0.021538,1118144632,8762000,0.063668,0.058796,Mar-10,A,0,0
10107,1986/3/13,2025/12/31,59491810,59491810,Q,MICROSOFT CORP; COM NONE; CONS,CORP,EQTY,NS,Y,MSFT,8048,7370,511210,TECH,MICROSOFT CORP,201004,2010/4/30,30.535,267603823.9,29.2875,256617075,0.042595,0.042595,1325980507,8763839,0.020036,0.014759,Apr-10,A,0,0
10107,1986/3/13,2025/12/31,59491810,59491810,Q,MICROSOFT CORP; COM NONE; CONS,CORP,EQTY,NS,Y,MSFT,8048,7370,511210,TECH,MICROSOFT CORP,201005,2010/5/28,25.8,226107046.2,30.535,267603823.9,-0.151227,-0.155068,1725973390,8763839,-0.07924,-0.081976,May-10,A,0,0
10107,1986/3/13,2025/12/31,59491810,59491810,Q,MICROSOFT CORP; COM NONE; CONS,CORP,EQTY,NS,Y,MSFT,8048,7370,511210,TECH,MICROSOFT CORP,201006,2010/6/30,23.01,199118576.7,25.8,226107046.2,-0.10814,-0.10814,1679312662,8653567,-0.05078,-0.053882,Jun-10,A,0,0
10107,1986/3/13,2025/12/31,59491810,59491810,Q,MICROSOFT CORP; COM NONE; CONS,CORP,EQTY,NS,Y,MSFT,8048,7370,511210,TECH,MICROSOFT CORP,201007,2010/7/30,25.81,223348564.3,23.01,199118576.7,0.121686,0.121686,1413228001,8653567,0.07036,0.068778,Jul-10,A,0,0
10107,1986/3/13,2025/12/31,59491810,59491810,Q,MICROSOFT CORP; COM NONE; CONS,CORP,EQTY,NS,Y,MSFT,8048,7370,511210,TECH,MICROSOFT CORP,201008,2010/8/31,23.465,203055949.7,25.81,223348564.3,-0.086073,-0.090856,1282774490,8653567,-0.042863,-0.047449,Aug-10,A,0,0
10107,1986/3/13,2025/12/31,59491810,59491810,Q,MICROSOFT CORP; COM NONE; CONS,CORP,EQTY,NS,Y,MSFT,8048,7370,511210,TECH,MICROSOFT CORP,201009,2010/9/30,24.49,209683380,23.465,203055949.7,0.043682,0.043682,1277969548,8562000,0.091628,0.087551,Sep-10,A,0,0
10107,1986/3/13,2025/12/31,59491810,59491810,Q,MICROSOFT CORP; COM NONE; CONS,CORP,EQTY,NS,Y,MSFT,8048,7370,511210,TECH,MICROSOFT CORP,201010,2010/10/29,26.665,228133020.8,24.49,209683380,0.088812,0.088812,1285448726,8555523,0.038591,0.036856,Oct-10,A,0,0
10107,1986/3/13,2025/12/31,59491810,59491810,Q,MICROSOFT CORP; COM NONE; CONS,CORP,EQTY,NS,Y,MSFT,8048,7370,511210,TECH,MICROSOFT CORP,201011,2010/11/30,25.2575,216091122.2,26.665,228133020.8,-0.046913,-0.052785,1417442262,8555523,0.005117,-0.00229,Nov-10,A,0,0
10107,1986/3/13,2025/12/31,59491810,59491810,Q,MICROSOFT CORP; COM NONE; CONS,CORP,EQTY,NS,Y,MSFT,8048,7370,511210,TECH,MICROSOFT CORP,201012,2010/12/31,27.91,234527730,25.2575,216091122.2,0.105018,0.105018,1036725991,8403000,0.067182,0.0653,Dec-10,A,0,0
10107,1986/3/13,2025/12/31,59491810,59491810,Q,MICROSOFT CORP; COM NONE; CONS,CORP,EQTY,NS,Y,MSFT,8048,7370,511210,TECH,MICROSOFT CORP,201101,2011/1/31,27.725,232956041,27.91,234527730,-0.006628,-0.006628,1365810020,8402382,0.019183,0.022646,Jan-11,A,0,0
10107,1986/3/13,2025/12/31,59491810,59491810,Q,MICROSOFT CORP; COM NONE; CONS,CORP,EQTY,NS,Y,MSFT,8048,7370,511210,TECH,MICROSOFT CORP,201102,2011/2/28,26.58,223335313.6,27.725,232956041,-0.035609,-0.041298,1117635813,8402382,0.038156,0.031957,Feb-11,A,0,0
10107,1986/3/13,2025/12/31,59491810,59491810,Q,MICROSOFT CORP; COM NONE; CONS,CORP,EQTY,NS,Y,MSFT,8048,7370,511210,TECH,MICROSOFT CORP,201103,2011/3/31,25.39,214063090,26.58,223335313.6,-0.044771,-0.044771,1314809528,8431000,0.003341,-0.001047,Mar-11,A,0,0
10107,1986/3/13,2025/12/31,59491810,59491810,Q,MICROSOFT CORP; COM NONE; CONS,CORP,EQTY,NS,Y,MSFT,8048,7370,511210,TECH,MICROSOFT CORP,201104,2011/4/29,25.92,218577320.6,25.39,214063090,0.020874,0.020874,1317551631,8432767,0.028597,0.028495,Apr-11,A,0,0
10107,1986/3/13,2025/12/31,59491810,59491810,Q,MICROSOFT CORP; COM NONE; CONS,CORP,EQTY,NS,Y,MSFT,8048,7370,511210,TECH,MICROSOFT CORP,201105,2011/5/31,25.01,210903502.7,25.92,218577320.6,-0.028812,-0.035108,1367718631,8432767,-0.014948,-0.013501,May-11,A,0,0
10107,1986/3/13,2025/12/31,59491810,59491810,Q,MICROSOFT CORP; COM NONE; CONS,CORP,EQTY,NS,Y,MSFT,8048,7370,511210,TECH,MICROSOFT CORP,201106,2011/6/30,26,217776000,25.01,210903502.7,0.039584,0.039584,1300566691,8376000,-0.018447,-0.018257,Jun-11,A,0,0
10107,1986/3/13,2025/12/31,59491810,59491810,Q,MICROSOFT CORP; COM NONE; CONS,CORP,EQTY,NS,Y,MSFT,8048,7370,511210,TECH,MICROSOFT CORP,201107,2011/7/29,27.4,229564488.4,26,217776000,0.053846,0.053846,1262898284,8378266,-0.022534,-0.021474,Jul-11,A,0,0
10107,1986/3/13,2025/12/31,59491810,59491810,Q,MICROSOFT CORP; COM NONE; CONS,CORP,EQTY,NS,Y,MSFT,8048,7370,511210,TECH,MICROSOFT CORP,201108,2011/8/31,26.6,222861875.6,27.4,229564488.4,-0.02307,-0.029197,1724861703,8378266,-0.057564,-0.056791,Aug-11,A,0,0
10107,1986/3/13,2025/12/31,59491810,59491810,Q,MICROSOFT CORP; COM NONE; CONS,CORP,EQTY,NS,Y,MSFT,8048,7370,511210,TECH,MICROSOFT CORP,201109,2011/9/30,24.89,209324900,26.6,222861875.6,-0.064286,-0.064286,1283449092,8410000,-0.084983,-0.071762,Sep-11,A,0,0
10107,1986/3/13,2025/12/31,59491810,59491810,Q,MICROSOFT CORP; COM NONE; CONS,CORP,EQTY,NS,Y,MSFT,8048,7370,511210,TECH,MICROSOFT CORP,201110,2011/10/31,26.63,224016406.7,24.89,209324900,0.069908,0.069908,1222318487,8412182,0.114146,0.107723,Oct-11,A,0,0
10107,1986/3/13,2025/12/31,59491810,59491810,Q,MICROSOFT CORP; COM NONE; CONS,CORP,EQTY,NS,Y,MSFT,8048,7370,511210,TECH,MICROSOFT CORP,201111,2011/11/30,25.58,215183615.6,26.63,224016406.7,-0.032245,-0.039429,1049753731,8412182,-0.00627,-0.005059,Nov-11,A,0,0
10107,1986/3/13,2025/12/31,59491810,59491810,Q,MICROSOFT CORP; COM NONE; CONS,CORP,EQTY,NS,Y,MSFT,8048,7370,511210,TECH,MICROSOFT CORP,201112,2011/12/30,25.96,217824415.2,25.58,215183615.6,0.014855,0.014855,1009807448,8390771,0.003676,0.008533,Dec-11,A,0,0
10107,1986/3/13,2025/12/31,59491810,59491810,Q,MICROSOFT CORP; COM NONE; CONS,CORP,EQTY,NS,Y,MSFT,8048,7370,511210,TECH,MICROSOFT CORP,201201,2012/1/31,29.53,247779467.6,25.96,217824415.2,0.137519,0.137519,1360107175,8390771,0.054106,0.043583,Jan-12,A,1,1
10107,1986/3/13,2025/12/31,59491810,59491810,Q,MICROSOFT CORP; COM NONE; CONS,CORP,EQTY,NS,Y,MSFT,8048,7370,511210,TECH,MICROSOFT CORP,201202,2012/2/29,31.74,266323071.5,29.53,247779467.6,0.081946,0.074839,987034679,8390771,0.041225,0.040589,Feb-12,A,0,0
10107,1986/3/13,2025/12/31,59491810,59491810,Q,MICROSOFT CORP; COM NONE; CONS,CORP,EQTY,NS,Y,MSFT,8048,7370,511210,TECH,MICROSOFT CORP,201203,2012/3/30,32.255,270942000,31.74,266323071.5,0.016226,0.016226,944544878,8400000,0.02402,0.031332,Mar-12,A,0,0
10107,1986/3/13,2025/12/31,59491810,59491810,Q,MICROSOFT CORP; COM NONE; CONS,CORP,EQTY,NS,Y,MSFT,8048,7370,511210,TECH,MICROSOFT CORP,201204,2012/4/30,32.015,268953725,32.255,270942000,-0.007441,-0.007441,933713437,8400866,-0.006829,-0.007497,Apr-12,A,0,0
10107,1986/3/13,2025/12/31,59491810,59491810,Q,MICROSOFT CORP; COM NONE; CONS,CORP,EQTY,NS,Y,MSFT,8048,7370,511210,TECH,MICROSOFT CORP,201205,2012/5/31,29.19,245221278.5,32.015,268953725,-0.082204,-0.08824,1012395089,8400866,-0.06559,-0.062651,May-12,A,0,0
10107,1986/3/13,2025/12/31,59491810,59491810,Q,MICROSOFT CORP; COM NONE; CONS,CORP,EQTY,NS,Y,MSFT,8048,7370,511210,TECH,MICROSOFT CORP,201206,2012/6/29,30.59,256374790,29.19,245221278.5,0.047962,0.047962,967908513,8381000,0.038151,0.039555,Jun-12,A,0,0
10107,1986/3/13,2025/12/31,59491810,59491810,Q,MICROSOFT CORP; COM NONE; CONS,CORP,EQTY,NS,Y,MSFT,8048,7370,511210,TECH,MICROSOFT CORP,201207,2012/7/31,29.47,247058709.6,30.59,256374790,-0.036613,-0.036613,841518527,8383397,0.010307,0.012598,Jul-12,A,0,0
10107,1986/3/13,2025/12/31,59491810,59491810,Q,MICROSOFT CORP; COM NONE; CONS,CORP,EQTY,NS,Y,MSFT,8048,7370,511210,TECH,MICROSOFT CORP,201208,2012/8/31,30.82,258376295.5,29.47,247058709.6,0.052751,0.045809,668945725,8383397,0.026317,0.019763,Aug-12,A,0,0
10107,1986/3/13,2025/12/31,59491810,59491810,Q,MICROSOFT CORP; COM NONE; CONS,CORP,EQTY,NS,Y,MSFT,8048,7370,511210,TECH,MICROSOFT CORP,201209,2012/9/28,29.76,250638720,30.82,258376295.5,-0.034393,-0.034393,890788659,8422000,0.026513,0.024236,Sep-12,A,0,0
10107,1986/3/13,2025/12/31,59491810,59491810,Q,MICROSOFT CORP; COM NONE; CONS,CORP,EQTY,NS,Y,MSFT,8048,7370,511210,TECH,MICROSOFT CORP,201210,2012/10/31,28.54,240205825.5,29.76,250638720,-0.040995,-0.040995,1104739018,8416462,-0.014055,-0.019789,Oct-12,A,0,0
10107,1986/3/13,2025/12/31,59491810,59491810,Q,MICROSOFT CORP; COM NONE; CONS,CORP,EQTY,NS,Y,MSFT,8048,7370,511210,TECH,MICROSOFT CORP,201211,2012/11/30,26.615,224004136.1,28.54,240205825.5,-0.059531,-0.067449,1289596579,8416462,0.006217,0.002847,Nov-12,A,0,0
10107,1986/3/13,2025/12/31,59491810,59491810,Q,MICROSOFT CORP; COM NONE; CONS,CORP,EQTY,NS,Y,MSFT,8048,7370,511210,TECH,MICROSOFT CORP,201212,2012/12/31,26.7097,223667027.8,26.615,224004136.1,0.003558,0.003558,938913066,8374000,0.012569,0.007068,Dec-12,A,0,0
10107,1986/3/13,2025/12/31,59491810,59491810,Q,MICROSOFT CORP; COM NONE; CONS,CORP,EQTY,NS,Y,MSFT,8048,7370,511210,TECH,MICROSOFT CORP,201301,2013/1/31,27.45,229927925.3,26.7097,223667027.8,0.027717,0.027717,1136341844,8376245,0.054142,0.050428,Jan-13,A,0,0
10107,1986/3/13,2025/12/31,59491810,59491810,Q,MICROSOFT CORP; COM NONE; CONS,CORP,EQTY,NS,Y,MSFT,8048,7370,511210,TECH,MICROSOFT CORP,201302,2013/2/28,27.8,232859611,27.45,229927925.3,0.021056,0.01275,773679653,8376245,0.008282,0.011061,Feb-13,A,0,0
10107,1986/3/13,2025/12/31,59491810,59491810,Q,MICROSOFT CORP; COM NONE; CONS,CORP,EQTY,NS,Y,MSFT,8048,7370,511210,TECH,MICROSOFT CORP,201303,2013/3/28,28.605,238823145,27.8,232859611,0.028957,0.028957,837253051,8349000,0.035295,0.035988,Mar-13,A,0,0
10107,1986/3/13,2025/12/31,59491810,59491810,Q,MICROSOFT CORP; COM NONE; CONS,CORP,EQTY,NS,Y,MSFT,8048,7370,511210,TECH,MICROSOFT CORP,201304,2013/4/30,33.1,276421641.7,28.605,238823145,0.15714,0.15714,1453656091,8351107,0.014939,0.018086,Apr-13,A,0,0
10107,1986/3/13,2025/12/31,59491810,59491810,Q,MICROSOFT CORP; COM NONE; CONS,CORP,EQTY,NS,Y,MSFT,8048,7370,511210,TECH,MICROSOFT CORP,201305,2013/5/31,34.9,291453634.3,33.1,276421641.7,0.061613,0.054381,1066366752,8351107,0.019128,0.020763,May-13,A,0,0
10107,1986/3/13,2025/12/31,59491810,59491810,Q,MICROSOFT CORP; COM NONE; CONS,CORP,EQTY,NS,Y,MSFT,8048,7370,511210,TECH,MICROSOFT CORP,201306,2013/6/28,34.545,287690760,34.9,291453634.3,-0.010172,-0.010172,939421244,8328000,-0.015072,-0.014999,Jun-13,A,0,0
10107,1986/3/13,2025/12/31,59491810,59491810,Q,MICROSOFT CORP; COM NONE; CONS,CORP,EQTY,NS,Y,MSFT,8048,7370,511210,TECH,MICROSOFT CORP,201307,2013/7/31,31.84,265225799,34.545,287690760,-0.078304,-0.078304,1103600749,8329956,0.052658,0.049462,Jul-13,A,0,0
10107,1986/3/13,2025/12/31,59491810,59491810,Q,MICROSOFT CORP; COM NONE; CONS,CORP,EQTY,NS,Y,MSFT,8048,7370,511210,TECH,MICROSOFT CORP,201308,2013/8/30,33.4,278220530.4,31.84,265225799,0.056481,0.048995,1044342585,8329956,-0.02575,-0.031298,Aug-13,A,0,0
10107,1986/3/13,2025/12/31,59491810,59491810,Q,MICROSOFT CORP; COM NONE; CONS,CORP,EQTY,NS,Y,MSFT,8048,7370,511210,TECH,MICROSOFT CORP,201309,2013/9/30,33.28,277754880,33.4,278220530.4,-0.003593,-0.003593,1236604346,8346000,0.037497,0.02975,Sep-13,A,0,0
10107,1986/3/13,2025/12/31,59491810,59491810,Q,MICROSOFT CORP; COM NONE; CONS,CORP,EQTY,NS,Y,MSFT,8048,7370,511210,TECH,MICROSOFT CORP,201310,2013/10/31,35.405,295559807,33.28,277754880,0.063852,0.063852,963302227,8347968,0.039888,0.044596,Oct-13,A,0,0
10107,1986/3/13,2025/12/31,59491810,59491810,Q,MICROSOFT CORP; COM NONE; CONS,CORP,EQTY,NS,Y,MSFT,8048,7370,511210,TECH,MICROSOFT CORP,201311,2013/11/29,38.13,318308019.8,35.405,295559807,0.085174,0.076967,796533108,8347968,0.024956,0.028049,Nov-13,A,0,0
10107,1986/3/13,2025/12/31,59491810,59491810,Q,MICROSOFT CORP; COM NONE; CONS,CORP,EQTY,NS,Y,MSFT,8048,7370,511210,TECH,MICROSOFT CORP,201312,2013/12/31,37.41,310503000,38.13,318308019.8,-0.018883,-0.018883,820259013,8300000,0.02614,0.023563,Dec-13,A,0,0
10107,1986/3/13,2025/12/31,59491810,59491810,Q,MICROSOFT CORP; COM NONE; CONS,CORP,EQTY,NS,Y,MSFT,8048,7370,511210,TECH,MICROSOFT CORP,201401,2014/1/31,37.84,314099396.2,37.41,310503000,0.011494,0.011494,925579642,8300724,-0.03002,-0.035583,Jan-14,A,0,0
10107,1986/3/13,2025/12/31,59491810,59491810,Q,MICROSOFT CORP; COM NONE; CONS,CORP,EQTY,NS,Y,MSFT,8048,7370,511210,TECH,MICROSOFT CORP,201402,2014/2/28,38.31,318000736.4,37.84,314099396.2,0.019996,0.012421,718265966,8300724,0.046198,0.043117,Feb-14,A,0,0
10107,1986/3/13,2025/12/31,59491810,59491810,Q,MICROSOFT CORP; COM NONE; CONS,CORP,EQTY,NS,Y,MSFT,8048,7370,511210,TECH,MICROSOFT CORP,201403,2014/3/31,40.99,338577400,38.31,318000736.4,0.069956,0.069956,779015310,8260000,0.00454,0.006932,Mar-14,A,0,0
10107,1986/3/13,2025/12/31,59491810,59491810,Q,MICROSOFT CORP; COM NONE; CONS,CORP,EQTY,NS,Y,MSFT,8048,7370,511210,TECH,MICROSOFT CORP,201404,2014/4/30,40.4,333720644.8,40.99,338577400,-0.014394,-0.014394,746168010,8260412,0.001573,0.006201,Apr-14,A,1,0
10107,1986/3/13,2025/12/31,59491810,59491810,Q,MICROSOFT CORP; COM NONE; CONS,CORP,EQTY,NS,Y,MSFT,8048,7370,511210,TECH,MICROSOFT CORP,201405,2014/5/30,40.94,338181267.3,40.4,333720644.8,0.020386,0.013366,574704126,8260412,0.020254,0.02103,May-14,A,0,0
10107,1986/3/13,2025/12/31,59491810,59491810,Q,MICROSOFT CORP; COM NONE; CONS,CORP,EQTY,NS,Y,MSFT,8048,7370,511210,TECH,MICROSOFT CORP,201406,2014/6/30,41.7,343566300,40.94,338181267.3,0.018564,0.018564,556634970,8239000,0.027973,0.019058,Jun-14,A,1,0
10107,1986/3/13,2025/12/31,59491810,59491810,Q,MICROSOFT CORP; COM NONE; CONS,CORP,EQTY,NS,Y,MSFT,8048,7370,511210,TECH,MICROSOFT CORP,201407,2014/7/31,43.16,355631882.8,41.7,343566300,0.035012,0.035012,732782157,8239849,-0.020555,-0.01508,Jul-14,A,0,0
10107,1986/3/13,2025/12/31,59491810,59491810,Q,MICROSOFT CORP; COM NONE; CONS,CORP,EQTY,NS,Y,MSFT,8048,7370,511210,TECH,MICROSOFT CORP,201408,2014/8/29,45.43,374336340.1,43.16,355631882.8,0.059097,0.052595,513971706,8239849,0.040205,0.037655,Aug-14,A,0,0
10107,1986/3/13,2025/12/31,59491810,59491810,Q,MICROSOFT CORP; COM NONE; CONS,CORP,EQTY,NS,Y,MSFT,8048,7370,511210,TECH,MICROSOFT CORP,201409,2014/9/30,46.36,382702912.6,45.43,374336340.1,0.020471,0.020471,860948998,8255024,-0.025196,-0.015514,Sep-14,A,0,0
10107,1986/3/13,2025/12/31,59491810,59491810,Q,MICROSOFT CORP; COM NONE; CONS,CORP,EQTY,NS,Y,MSFT,8048,7370,511210,TECH,MICROSOFT CORP,201410,2014/10/31,46.95,387001948.4,46.36,382702912.6,0.012726,0.012726,853342651,8242853,0.021164,0.023201,Oct-14,A,0,0
10107,1986/3/13,2025/12/31,59491810,59491810,Q,MICROSOFT CORP; COM NONE; CONS,CORP,EQTY,NS,Y,MSFT,8048,7370,511210,TECH,MICROSOFT CORP,201411,2014/11/28,47.81,394090801.9,46.95,387001948.4,0.024794,0.018317,523010272,8242853,0.021104,0.024534,Nov-14,A,0,0
10107,1986/3/13,2025/12/31,59491810,59491810,Q,MICROSOFT CORP; COM NONE; CONS,CORP,EQTY,NS,Y,MSFT,8048,7370,511210,TECH,MICROSOFT CORP,201412,2014/12/31,46.45,381726100,47.81,394090801.9,-0.028446,-0.028446,628726039,8218000,-0.003659,-0.004189,Dec-14,A,2,1
10107,1986/3/13,2025/12/31,59491810,59491810,Q,MICROSOFT CORP; COM NONE; CONS,CORP,EQTY,NS,Y,MSFT,8048,7370,511210,TECH,MICROSOFT CORP,201501,2015/1/30,40.4,331432914,46.45,381726100,-0.130248,-0.130248,919098299,8203785,-0.027163,-0.031041,Jan-15,A,0,0
10107,1986/3/13,2025/12/31,59491810,59491810,Q,MICROSOFT CORP; COM NONE; CONS,CORP,EQTY,NS,Y,MSFT,8048,7370,511210,TECH,MICROSOFT CORP,201502,2015/2/27,43.85,359735972.3,40.4,331432914,0.093117,0.085396,656463228,8203785,0.055915,0.054893,Feb-15,A,0,0
10107,1986/3/13,2025/12/31,59491810,59491810,Q,MICROSOFT CORP; COM NONE; CONS,CORP,EQTY,NS,Y,MSFT,8048,7370,511210,TECH,MICROSOFT CORP,201503,2015/3/31,40.655,329834015,43.85,359735972.3,-0.072862,-0.072862,824334593,8113000,-0.010397,-0.017396,Mar-15,A,0,0
10107,1986/3/13,2025/12/31,59491810,59491810,Q,MICROSOFT CORP; COM NONE; CONS,CORP,EQTY,NS,Y,MSFT,8048,7370,511210,TECH,MICROSOFT CORP,201504,2015/4/30,48.64,393476928,40.655,329834015,0.196409,0.196409,874589697,8089575,0.008766,0.008521,Apr-15,A,0,0
10107,1986/3/13,2025/12/31,59491810,59491810,Q,MICROSOFT CORP; COM NONE; CONS,CORP,EQTY,NS,Y,MSFT,8048,7370,511210,TECH,MICROSOFT CORP,201505,2015/5/29,46.86,379077484.5,48.64,393476928,-0.030318,-0.036595,633156344,8089575,0.010277,0.010491,May-15,A,0,0
10107,1986/3/13,2025/12/31,59491810,59491810,Q,MICROSOFT CORP; COM NONE; CONS,CORP,EQTY,NS,Y,MSFT,8048,7370,511210,TECH,MICROSOFT CORP,201506,2015/6/30,44.15,354392050,46.86,379077484.5,-0.057832,-0.057832,664934930,8027000,-0.019231,-0.021012,Jun-15,A,0,0
10107,1986/3/13,2025/12/31,59491810,59491810,Q,MICROSOFT CORP; COM NONE; CONS,CORP,EQTY,NS,Y,MSFT,8048,7370,511210,TECH,MICROSOFT CORP,201507,2015/7/31,46.7,373505712.7,44.15,354392050,0.057758,0.057758,725687718,7997981,0.012108,0.019742,Jul-15,A,0,0
10107,1986/3/13,2025/12/31,59491810,59491810,Q,MICROSOFT CORP; COM NONE; CONS,CORP,EQTY,NS,Y,MSFT,8048,7370,511210,TECH,MICROSOFT CORP,201508,2015/8/31,43.52,348072133.1,46.7,373505712.7,-0.061983,-0.068094,776960236,7997981,-0.059926,-0.062581,Aug-15,A,0,0
10107,1986/3/13,2025/12/31,59491810,59491810,Q,MICROSOFT CORP; COM NONE; CONS,CORP,EQTY,NS,Y,MSFT,8048,7370,511210,TECH,MICROSOFT CORP,201509,2015/9/30,44.26,353460360,43.52,348072133.1,0.017004,0.017004,674050097,7986000,-0.033756,-0.026443,Sep-15,A,0,0
10107,1986/3/13,2025/12/31,59491810,59491810,Q,MICROSOFT CORP; COM NONE; CONS,CORP,EQTY,NS,Y,MSFT,8048,7370,511210,TECH,MICROSOFT CORP,201510,2015/10/30,52.64,420483740.3,44.26,353460360,0.189336,0.189336,858091440,7987913,0.073937,0.082983,Oct-15,A,0,0
10107,1986/3/13,2025/12/31,59491810,59491810,Q,MICROSOFT CORP; COM NONE; CONS,CORP,EQTY,NS,Y,MSFT,8048,7370,511210,TECH,MICROSOFT CORP,201511,2015/11/30,54.35,434143071.6,52.64,420483740.3,0.039502,0.032485,663496483,7987913,0.002404,0.000505,Nov-15,A,0,0
10107,1986/3/13,2025/12/31,59491810,59491810,Q,MICROSOFT CORP; COM NONE; CONS,CORP,EQTY,NS,Y,MSFT,8048,7370,511210,TECH,MICROSOFT CORP,201512,2015/12/31,55.48,439679000,54.35,434143071.6,0.020791,0.020791,793423412,7925000,-0.022209,-0.01753,Dec-15,A,0,0
10107,1986/3/13,2025/12/31,59491810,59491810,Q,MICROSOFT CORP; COM NONE; CONS,CORP,EQTY,NS,Y,MSFT,8048,7370,511210,TECH,MICROSOFT CORP,201601,2016/1/29,55.09,435723502.3,55.48,439679000,-0.00703,-0.00703,927998780,7909303,-0.057085,-0.050735,Jan-16,A,0,0
10107,1986/3/13,2025/12/31,59491810,59491810,Q,MICROSOFT CORP; COM NONE; CONS,CORP,EQTY,NS,Y,MSFT,8048,7370,511210,TECH,MICROSOFT CORP,201602,2016/2/29,50.88,402425336.6,55.09,435723502.3,-0.069913,-0.07642,814772079,7909303,0.00062,-0.004128,Feb-16,A,0,0
10107,1986/3/13,2025/12/31,59491810,59491810,Q,MICROSOFT CORP; COM NONE; CONS,CORP,EQTY,NS,Y,MSFT,8048,7370,511210,TECH,MICROSOFT CORP,201603,2016/3/31,55.23,434660100,50.88,402425336.6,0.085495,0.085495,641268289,7870000,0.070491,0.065991,Mar-16,A,0,0
10107,1986/3/13,2025/12/31,59491810,59491810,Q,MICROSOFT CORP; COM NONE; CONS,CORP,EQTY,NS,Y,MSFT,8048,7370,511210,TECH,MICROSOFT CORP,201604,2016/4/29,49.87,392001489.3,55.23,434660100,-0.097049,-0.097049,699859180,7860467,0.011718,0.002699,Apr-16,A,0,0
10107,1986/3/13,2025/12/31,59491810,59491810,Q,MICROSOFT CORP; COM NONE; CONS,CORP,EQTY,NS,Y,MSFT,8048,7370,511210,TECH,MICROSOFT CORP,201605,2016/5/31,53,416604751,49.87,392001489.3,0.070338,0.062763,531086961,7860467,0.01434,0.015329,May-16,A,0,0
10107,1986/3/13,2025/12/31,59491810,59491810,Q,MICROSOFT CORP; COM NONE; CONS,CORP,EQTY,NS,Y,MSFT,8048,7370,511210,TECH,MICROSOFT CORP,201606,2016/6/30,51.17,399535360,53,416604751,-0.034528,-0.034528,824604951,7808000,0.002947,0.000906,Jun-16,A,0,0
10107,1986/3/13,2025/12/31,59491810,59491810,Q,MICROSOFT CORP; COM NONE; CONS,CORP,EQTY,NS,Y,MSFT,8048,7370,511210,TECH,MICROSOFT CORP,201607,2016/7/29,56.68,441679750.2,51.17,399535360,0.10768,0.10768,647646066,7792515,0.038815,0.03561,Jul-16,A,0,0
10107,1986/3/13,2025/12/31,59491810,59491810,Q,MICROSOFT CORP; COM NONE; CONS,CORP,EQTY,NS,Y,MSFT,8048,7370,511210,TECH,MICROSOFT CORP,201608,2016/8/31,57.46,447757911.9,56.68,441679750.2,0.020115,0.013761,467690634,7792515,0.0028,-0.001219,Aug-16,A,0,0
10107,1986/3/13,2025/12/31,59491810,59491810,Q,MICROSOFT CORP; COM NONE; CONS,CORP,EQTY,NS,Y,MSFT,8048,7370,511210,TECH,MICROSOFT CORP,201609,2016/9/30,57.6,448112851.2,57.46,447757911.9,0.002436,0.002436,527597529,7779737,0.003013,-0.001234,Sep-16,A,0,0
10107,1986/3/13,2025/12/31,59491810,59491810,Q,MICROSOFT CORP; COM NONE; CONS,CORP,EQTY,NS,Y,MSFT,8048,7370,511210,TECH,MICROSOFT CORP,201610,2016/10/31,59.92,465899031.9,57.6,448112851.2,0.040278,0.040278,614856024,7775351,-0.021544,-0.019426,Oct-16,A,0,0
10107,1986/3/13,2025/12/31,59491810,59491810,Q,MICROSOFT CORP; COM NONE; CONS,CORP,EQTY,NS,Y,MSFT,8048,7370,511210,TECH,MICROSOFT CORP,201611,2016/11/30,60.26,468542651.3,59.92,465899031.9,0.012337,0.005674,613220376,7775351,0.040488,0.034175,Nov-16,A,0,0
10107,1986/3/13,2025/12/31,59491810,59491810,Q,MICROSOFT CORP; COM NONE; CONS,CORP,EQTY,NS,Y,MSFT,8048,7370,511210,TECH,MICROSOFT CORP,201612,2016/12/30,62.14,480342200,60.26,468542651.3,0.031198,0.031198,513589742,7730000,0.018763,0.018201,Dec-16,A,0,0
10107,1986/3/13,2025/12/31,59491810,59491810,Q,MICROSOFT CORP; COM NONE; CONS,CORP,EQTY,NS,Y,MSFT,8048,7370,511210,TECH,MICROSOFT CORP,201701,2017/1/31,64.65,499584814.5,62.14,480342200,0.040393,0.040393,494495816,7727530,0.022153,0.017884,Jan-17,A,11,8
10107,1986/3/13,2025/12/31,59491810,59491810,Q,MICROSOFT CORP; COM NONE; CONS,CORP,EQTY,NS,Y,MSFT,8048,7370,511210,TECH,MICROSOFT CORP,201702,2017/2/28,63.98,494407369.4,64.65,499584814.5,-0.004386,-0.010363,440945763,7727530,0.032598,0.037198,Feb-17,A,19,19
10107,1986/3/13,2025/12/31,59491810,59491810,Q,MICROSOFT CORP; COM NONE; CONS,CORP,EQTY,NS,Y,MSFT,8048,7370,511210,TECH,MICROSOFT CORP,201703,2017/3/31,65.86,508636780,63.98,494407369.4,0.029384,0.029384,489238264,7723000,0.002062,-0.000389,Mar-17,A,13,11
10107,1986/3/13,2025/12/31,59491810,59491810,Q,MICROSOFT CORP; COM NONE; CONS,CORP,EQTY,NS,Y,MSFT,8048,7370,511210,TECH,MICROSOFT CORP,201704,2017/4/28,68.46,528546456.9,65.86,508636780,0.039478,0.039478,433325382,7720515,0.009655,0.009091,Apr-17,A,8,8
10107,1986/3/13,2025/12/31,59491810,59491810,Q,MICROSOFT CORP; COM NONE; CONS,CORP,EQTY,NS,Y,MSFT,8048,7370,511210,TECH,MICROSOFT CORP,201705,2017/5/31,69.84,539200767.6,68.46,528546456.9,0.02589,0.020158,517417041,7720515,0.009335,0.011576,May-17,A,13,13
10107,1986/3/13,2025/12/31,59491810,59491810,Q,MICROSOFT CORP; COM NONE; CONS,CORP,EQTY,NS,Y,MSFT,8048,7370,511210,TECH,MICROSOFT CORP,201706,2017/6/30,68.93,531312440,69.84,539200767.6,-0.01303,-0.01303,630576160,7708000,0.009571,0.004814,Jun-17,A,8,8
10107,1986/3/13,2025/12/31,59491810,59491810,Q,MICROSOFT CORP; COM NONE; CONS,CORP,EQTY,NS,Y,MSFT,8048,7370,511210,TECH,MICROSOFT CORP,201707,2017/7/31,72.7,559953138.8,68.93,531312440,0.054693,0.054693,470188230,7702244,0.020277,0.019349,Jul-17,A,12,8
10107,1986/3/13,2025/12/31,59491810,59491810,Q,MICROSOFT CORP; COM NONE; CONS,CORP,EQTY,NS,Y,MSFT,8048,7370,511210,TECH,MICROSOFT CORP,201708,2017/8/31,74.77,575896783.9,72.7,559953138.8,0.033951,0.028473,443305682,7702244,0.0016,0.000546,Aug-17,A,7,6
10107,1986/3/13,2025/12/31,59491810,59491810,Q,MICROSOFT CORP; COM NONE; CONS,CORP,EQTY,NS,Y,MSFT,8048,7370,511210,TECH,MICROSOFT CORP,201709,2017/9/29,74.49,574722604.2,74.77,575896783.9,-0.003745,-0.003745,376672284,7715433,0.023729,0.019303,Sep-17,A,9,9
10107,1986/3/13,2025/12/31,59491810,59491810,Q,MICROSOFT CORP; COM NONE; CONS,CORP,EQTY,NS,Y,MSFT,8048,7370,511210,TECH,MICROSOFT CORP,201710,2017/10/31,83.18,641699596.2,74.49,574722604.2,0.11666,0.11666,451187306,7714590,0.019275,0.022188,Oct-17,A,7,7
10107,1986/3/13,2025/12/31,59491810,59491810,Q,MICROSOFT CORP; COM NONE; CONS,CORP,EQTY,NS,Y,MSFT,8048,7370,511210,TECH,MICROSOFT CORP,201711,2017/11/30,84.17,649337040.3,83.18,641699596.2,0.017024,0.011902,422076011,7714590,0.027231,0.028083,Nov-17,A,21,18
10107,1986/3/13,2025/12/31,59491810,59491810,Q,MICROSOFT CORP; COM NONE; CONS,CORP,EQTY,NS,Y,MSFT,8048,7370,511210,TECH,MICROSOFT CORP,201712,2017/12/29,85.54,659085700,84.17,649337040.3,0.016277,0.016277,466325295,7705000,0.012122,0.009832,Dec-17,A,10,9
10107,1986/3/13,2025/12/31,59491810,59491810,Q,MICROSOFT CORP; COM NONE; CONS,CORP,EQTY,NS,Y,MSFT,8048,7370,511210,TECH,MICROSOFT CORP,201801,2018/1/31,95.01,731557332.9,85.54,659085700,0.110708,0.110708,574460285,7699793,0.050577,0.056179,Jan-18,A,14,14
10107,1986/3/13,2025/12/31,59491810,59491810,Q,MICROSOFT CORP; COM NONE; CONS,CORP,EQTY,NS,Y,MSFT,8048,7370,511210,TECH,MICROSOFT CORP,201802,2018/2/28,93.77,722009589.6,95.01,731557332.9,-0.008487,-0.013051,725708530,7699793,-0.039454,-0.038947,Feb-18,A,16,16
10107,1986/3/13,2025/12/31,59491810,59491810,Q,MICROSOFT CORP; COM NONE; CONS,CORP,EQTY,NS,Y,MSFT,8048,7370,511210,TECH,MICROSOFT CORP,201803,2018/3/29,91.27,701866300,93.77,722009589.6,-0.026661,-0.026661,750719525,7690000,-0.018421,-0.026884,Mar-18,A,19,18
10107,1986/3/13,2025/12/31,59491810,59491810,Q,MICROSOFT CORP; COM NONE; CONS,CORP,EQTY,NS,Y,MSFT,8048,7370,511210,TECH,MICROSOFT CORP,201804,2018/4/30,93.52,718532677,91.27,701866300,0.024652,0.024652,669923635,7683198,0.004679,0.002719,Apr-18,A,15,11
10107,1986/3/13,2025/12/31,59491810,59491810,Q,MICROSOFT CORP; COM NONE; CONS,CORP,EQTY,NS,Y,MSFT,8048,7370,511210,TECH,MICROSOFT CORP,201805,2018/5/31,98.84,759407290.3,93.52,718532677,0.061455,0.056886,509126718,7683198,0.026146,0.021608,May-18,A,19,17
10107,1986/3/13,2025/12/31,59491810,59491810,Q,MICROSOFT CORP; COM NONE; CONS,CORP,EQTY,NS,Y,MSFT,8048,7370,511210,TECH,MICROSOFT CORP,201806,2018/6/29,98.61,757028970,98.84,759407290.3,-0.002327,-0.002327,601807275,7677000,0.005359,0.004842,Jun-18,A,20,20
10107,1986/3/13,2025/12/31,59491810,59491810,Q,MICROSOFT CORP; COM NONE; CONS,CORP,EQTY,NS,Y,MSFT,8048,7370,511210,TECH,MICROSOFT CORP,201807,2018/7/31,106.08,813444459.4,98.61,757028970,0.075753,0.075753,567904399,7668217,0.031573,0.036022,Jul-18,A,22,21
10107,1986/3/13,2025/12/31,59491810,59491810,Q,MICROSOFT CORP; COM NONE; CONS,CORP,EQTY,NS,Y,MSFT,8048,7370,511210,TECH,MICROSOFT CORP,201808,2018/8/31,112.33,861370815.6,106.08,813444459.4,0.063049,0.058918,456566111,7668217,0.030226,0.030263,Aug-18,A,12,9
10107,1986/3/13,2025/12/31,59491810,59491810,Q,MICROSOFT CORP; COM NONE; CONS,CORP,EQTY,NS,Y,MSFT,8048,7370,511210,TECH,MICROSOFT CORP,201809,2018/9/28,114.37,878361600,112.33,861370815.6,0.018161,0.018161,479933119,7680000,0.000425,0.004294,Sep-18,A,20,20
10107,1986/3/13,2025/12/31,59491810,59491810,Q,MICROSOFT CORP; COM NONE; CONS,CORP,EQTY,NS,Y,MSFT,8048,7370,511210,TECH,MICROSOFT CORP,201810,2018/10/31,106.81,819896951.4,114.37,878361600,-0.066101,-0.066101,927962310,7676219,-0.074045,-0.069403,Oct-18,A,25,24
10107,1986/3/13,2025/12/31,59491810,59491810,Q,MICROSOFT CORP; COM NONE; CONS,CORP,EQTY,NS,Y,MSFT,8048,7370,511210,TECH,MICROSOFT CORP,201811,2018/11/30,110.89,851215924.9,106.81,819896951.4,0.042748,0.038199,719953323,7676219,0.018512,0.017859,Nov-18,A,22,21
10107,1986/3/13,2025/12/31,59491810,59491810,Q,MICROSOFT CORP; COM NONE; CONS,CORP,EQTY,NS,Y,MSFT,8048,7370,511210,TECH,MICROSOFT CORP,201812,2018/12/31,101.57,780362310,110.89,851215924.9,-0.084047,-0.084047,944326915,7683000,-0.08989,-0.091777,Dec-18,A,20,20
10107,1986/3/13,2025/12/31,59491810,59491810,Q,MICROSOFT CORP; COM NONE; CONS,CORP,EQTY,NS,Y,MSFT,8048,7370,511210,TECH,MICROSOFT CORP,201901,2019/1/31,104.43,801209203.6,101.57,780362310,0.028158,0.028158,714035583,7672213,0.088294,0.078684,Jan-19,A,31,25
10107,1986/3/13,2025/12/31,59491810,59491810,Q,MICROSOFT CORP; COM NONE; CONS,CORP,EQTY,NS,Y,MSFT,8048,7370,511210,TECH,MICROSOFT CORP,201902,2019/2/28,112.03,859518022.4,104.43,801209203.6,0.077382,0.072776,468875718,7672213,0.032724,0.029729,Feb-19,A,30,28
10107,1986/3/13,2025/12/31,59491810,59491810,Q,MICROSOFT CORP; COM NONE; CONS,CORP,EQTY,NS,Y,MSFT,8048,7370,511210,TECH,MICROSOFT CORP,201903,2019/3/29,117.94,904128040,112.03,859518022.4,0.052754,0.052754,589346495,7666000,0.012962,0.017924,Mar-19,A,19,19
10107,1986/3/13,2025/12/31,59491810,59491810,Q,MICROSOFT CORP; COM NONE; CONS,CORP,EQTY,NS,Y,MSFT,8048,7370,511210,TECH,MICROSOFT CORP,201904,2019/4/30,130.6,1000764031,117.94,904128040,0.107343,0.107343,433069356,7662818,0.037893,0.039313,Apr-19,A,34,28
10107,1986/3/13,2025/12/31,59491810,59491810,Q,MICROSOFT CORP; COM NONE; CONS,CORP,EQTY,NS,Y,MSFT,8048,7370,511210,TECH,MICROSOFT CORP,201905,2019/5/31,123.68,947737330.2,130.6,1000764031,-0.049529,-0.052986,547231976,7662818,-0.061679,-0.065778,May-19,A,42,41
10107,1986/3/13,2025/12/31,59491810,59491810,Q,MICROSOFT CORP; COM NONE; CONS,CORP,EQTY,NS,Y,MSFT,8048,7370,511210,TECH,MICROSOFT CORP,201906,2019/6/28,133.96,1023856280,123.68,947737330.2,0.083118,0.083118,507769310,7643000,0.067279,0.06893,Jun-19,A,45,44
10107,1986/3/13,2025/12/31,59491810,59491810,Q,MICROSOFT CORP; COM NONE; CONS,CORP,EQTY,NS,Y,MSFT,8048,7370,511210,TECH,MICROSOFT CORP,201907,2019/7/31,136.27,1040477184,133.96,1023856280,0.017244,0.017244,483553449,7635409,0.011854,0.013128,Jul-19,A,38,33
10107,1986/3/13,2025/12/31,59491810,59491810,Q,MICROSOFT CORP; COM NONE; CONS,CORP,EQTY,NS,Y,MSFT,8048,7370,511210,TECH,MICROSOFT CORP,201908,2019/8/30,137.86,1052617485,136.27,1040477184,0.015141,0.011668,585380953,7635409,-0.020339,-0.018092,Aug-19,A,27,26
10107,1986/3/13,2025/12/31,59491810,59491810,Q,MICROSOFT CORP; COM NONE; CONS,CORP,EQTY,NS,Y,MSFT,8048,7370,511210,TECH,MICROSOFT CORP,201909,2019/9/30,139.03,1061355020,137.86,1052617485,0.008487,0.008487,477742690,7634000,0.016033,0.017181,Sep-19,A,39,36
10107,1986/3/13,2025/12/31,59491810,59491810,Q,MICROSOFT CORP; COM NONE; CONS,CORP,EQTY,NS,Y,MSFT,8048,7370,511210,TECH,MICROSOFT CORP,201910,2019/10/31,143.37,1093741916,139.03,1061355020,0.031216,0.031216,562718162,7628806,0.019257,0.020432,Oct-19,A,50,46
10107,1986/3/13,2025/12/31,59491810,59491810,Q,MICROSOFT CORP; COM NONE; CONS,CORP,EQTY,NS,Y,MSFT,8048,7370,511210,TECH,MICROSOFT CORP,201911,2019/11/29,151.38,1154848652,143.37,1093741916,0.059469,0.055869,393034010,7628806,0.034999,0.034047,Nov-19,A,34,33
10107,1986/3/13,2025/12/31,59491810,59491810,Q,MICROSOFT CORP; COM NONE; CONS,CORP,EQTY,NS,Y,MSFT,8048,7370,511210,TECH,MICROSOFT CORP,201912,2019/12/31,157.7,1200254700,151.38,1154848652,0.041749,0.041749,452022234,7611000,0.028489,0.02859,Dec-19,A,19,19
10107,1986/3/13,2025/12/31,59491810,59491810,Q,MICROSOFT CORP; COM NONE; CONS,CORP,EQTY,NS,Y,MSFT,8048,7370,511210,TECH,MICROSOFT CORP,202001,2020/1/31,170.23,1294777381,157.7,1200254700,0.079455,0.079455,558834578,7606047,-0.001728,-0.001628,Jan-20,A,33,28
10107,1986/3/13,2025/12/31,59491810,59491810,Q,MICROSOFT CORP; COM NONE; CONS,CORP,EQTY,NS,Y,MSFT,8048,7370,511210,TECH,MICROSOFT CORP,202002,2020/2/28,162.01,1232255674,170.23,1294777381,-0.045696,-0.048288,886595863,7606047,-0.077918,-0.08411,Feb-20,A,43,40
10107,1986/3/13,2025/12/31,59491810,59491810,Q,MICROSOFT CORP; COM NONE; CONS,CORP,EQTY,NS,Y,MSFT,8048,7370,511210,TECH,MICROSOFT CORP,202003,2020/3/31,157.71,1197018900,162.01,1232255674,-0.026542,-0.026542,1610246840,7590000,-0.141733,-0.125119,Mar-20,A,45,45
10107,1986/3/13,2025/12/31,59491810,59491810,Q,MICROSOFT CORP; COM NONE; CONS,CORP,EQTY,NS,Y,MSFT,8048,7370,511210,TECH,MICROSOFT CORP,202004,2020/4/30,179.21,1359028282,157.71,1197018900,0.136326,0.136326,984642782,7583440,0.129674,0.126844,Apr-20,A,58,56
10107,1986/3/13,2025/12/31,59491810,59491810,Q,MICROSOFT CORP; COM NONE; CONS,CORP,EQTY,NS,Y,MSFT,8048,7370,511210,TECH,MICROSOFT CORP,202005,2020/5/29,183.25,1389665380,179.21,1359028282,0.025352,0.022543,688042434,7583440,0.053739,0.045282,May-20,A,36,33
10107,1986/3/13,2025/12/31,59491810,59491810,Q,MICROSOFT CORP; COM NONE; CONS,CORP,EQTY,NS,Y,MSFT,8048,7370,511210,TECH,MICROSOFT CORP,202006,2020/6/30,203.51,1540774210,183.25,1389665380,0.110559,0.110559,763796891,7571000,0.025299,0.018388,Jun-20,A,82,80
10107,1986/3/13,2025/12/31,59491810,59491810,Q,MICROSOFT CORP; COM NONE; CONS,CORP,EQTY,NS,Y,MSFT,8048,7370,511210,TECH,MICROSOFT CORP,202007,2020/7/31,205.01,1551444542,203.51,1540774210,0.007371,0.007371,769105326,7567653,0.055532,0.055101,Jul-20,A,53,53
10107,1986/3/13,2025/12/31,59491810,59491810,Q,MICROSOFT CORP; COM NONE; CONS,CORP,EQTY,NS,Y,MSFT,8048,7370,511210,TECH,MICROSOFT CORP,202008,2020/8/31,225.53,1706732781,205.01,1551444542,0.102768,0.100093,691158533,7567653,0.068442,0.070065,Aug-20,A,30,29
10107,1986/3/13,2025/12/31,59491810,59491810,Q,MICROSOFT CORP; COM NONE; CONS,CORP,EQTY,NS,Y,MSFT,8048,7370,511210,TECH,MICROSOFT CORP,202009,2020/9/30,210.33,1590936120,225.53,1706732781,-0.067397,-0.067397,767607630,7564000,-0.035056,-0.039228,Sep-20,A,24,24
10107,1986/3/13,2025/12/31,59491810,59491810,Q,MICROSOFT CORP; COM NONE; CONS,CORP,EQTY,NS,Y,MSFT,8048,7370,511210,TECH,MICROSOFT CORP,202010,2020/10/30,202.47,1530773625,210.33,1590936120,-0.03737,-0.03737,630777799,7560496,-0.020178,-0.027666,Oct-20,A,59,56
10107,1986/3/13,2025/12/31,59491810,59491810,Q,MICROSOFT CORP; COM NONE; CONS,CORP,EQTY,NS,Y,MSFT,8048,7370,511210,TECH,MICROSOFT CORP,202011,2020/11/30,214.07,1618475379,202.47,1530773625,0.060097,0.057292,573125251,7560496,0.123707,0.107546,Nov-20,A,37,35
10107,1986/3/13,2025/12/31,59491810,59491810,Q,MICROSOFT CORP; COM NONE; CONS,CORP,EQTY,NS,Y,MSFT,8048,7370,511210,TECH,MICROSOFT CORP,202012,2020/12/31,222.42,1678381320,214.07,1618475379,0.039006,0.039006,595382921,7546000,0.045048,0.037121,Dec-20,A,43,41
10107,1986/3/13,2025/12/31,59491810,59491810,Q,MICROSOFT CORP; COM NONE; CONS,CORP,EQTY,NS,Y,MSFT,8048,7370,511210,TECH,MICROSOFT CORP,202101,2021/1/29,231.96,1749492423,222.42,1678381320,0.042892,0.042892,648567736,7542216,-0.000631,-0.011137,Jan-21,A,33,26
10107,1986/3/13,2025/12/31,59491810,59491810,Q,MICROSOFT CORP; COM NONE; CONS,CORP,EQTY,NS,Y,MSFT,8048,7370,511210,TECH,MICROSOFT CORP,202102,2021/2/26,232.38,1752660154,231.96,1749492423,0.004108,0.001811,490014008,7542216,0.029196,0.026091,Feb-21,A,39,37
10107,1986/3/13,2025/12/31,59491810,59491810,Q,MICROSOFT CORP; COM NONE; CONS,CORP,EQTY,NS,Y,MSFT,8048,7370,511210,TECH,MICROSOFT CORP,202103,2021/3/31,235.77,1776291180,232.38,1752660154,0.014588,0.014588,724921456,7534000,0.030573,0.042439,Mar-21,A,34,33
10107,1986/3/13,2025/12/31,59491810,59491810,Q,MICROSOFT CORP; COM NONE; CONS,CORP,EQTY,NS,Y,MSFT,8048,7370,511210,TECH,MICROSOFT CORP,202104,2021/4/30,252.18,1899312584,235.77,1776291180,0.069602,0.069602,568135944,7531575,0.04819,0.052425,Apr-21,A,43,42
10107,1986/3/13,2025/12/31,59491810,59491810,Q,MICROSOFT CORP; COM NONE; CONS,CORP,EQTY,NS,Y,MSFT,8048,7370,511210,TECH,MICROSOFT CORP,202105,2021/5/28,249.68,1880483646,252.18,1899312584,-0.007633,-0.009914,494768872,7531575,0.007092,0.005486,May-21,A,38,38
10107,1986/3/13,2025/12/31,59491810,59491810,Q,MICROSOFT CORP; COM NONE; CONS,CORP,EQTY,NS,Y,MSFT,8048,7370,511210,TECH,MICROSOFT CORP,202106,2021/6/30,270.9,2036897100,249.68,1880483646,0.084989,0.084989,508022444,7519000,0.023422,0.022214,Jun-21,A,80,78
10107,1986/3/13,2025/12/31,59491810,59491810,Q,MICROSOFT CORP; COM NONE; CONS,CORP,EQTY,NS,Y,MSFT,8048,7370,511210,TECH,MICROSOFT CORP,202107,2021/7/30,284.91,2141067595,270.9,2036897100,0.051717,0.051717,522079378,7514891,0.011828,0.022748,Jul-21,A,44,42
10107,1986/3/13,2025/12/31,59491810,59491810,Q,MICROSOFT CORP; COM NONE; CONS,CORP,EQTY,NS,Y,MSFT,8048,7370,511210,TECH,MICROSOFT CORP,202108,2021/8/31,301.88,2268595295,284.91,2141067595,0.061604,0.059563,441547091,7514891,0.027146,0.02899,Aug-21,A,21,20
10107,1986/3/13,2025/12/31,59491810,59491810,Q,MICROSOFT CORP; COM NONE; CONS,CORP,EQTY,NS,Y,MSFT,8048,7370,511210,TECH,MICROSOFT CORP,202109,2021/9/30,281.92,2116626322,301.88,2268595295,-0.066119,-0.066119,502335375,7507897,-0.042243,-0.047569,Sep-21,A,25,23
10107,1986/3/13,2025/12/31,59491810,59491810,Q,MICROSOFT CORP; COM NONE; CONS,CORP,EQTY,NS,Y,MSFT,8048,7370,511210,TECH,MICROSOFT CORP,202110,2021/10/29,331.62,2489796328,281.92,2116626322,0.176291,0.176291,515751271,7507980,0.064651,0.069144,Oct-21,A,37,36
10107,1986/3/13,2025/12/31,59491810,59491810,Q,MICROSOFT CORP; COM NONE; CONS,CORP,EQTY,NS,Y,MSFT,8048,7370,511210,TECH,MICROSOFT CORP,202111,2021/11/30,330.59,2482063108,331.62,2489796328,-0.001283,-0.003106,509154278,7507980,-0.018351,-0.008334,Nov-21,A,27,26
10107,1986/3/13,2025/12/31,59491810,59491810,Q,MICROSOFT CORP; COM NONE; CONS,CORP,EQTY,NS,Y,MSFT,8048,7370,511210,TECH,MICROSOFT CORP,202112,2021/12/31,336.32,2525083834,330.59,2482063108,0.017333,0.017333,625077325,7507980,0.033341,0.043613,Dec-21,A,8,7
10107,1986/3/13,2025/12/31,59491810,59491810,Q,MICROSOFT CORP; COM NONE; CONS,CORP,EQTY,NS,Y,MSFT,8048,7370,511210,TECH,MICROSOFT CORP,202201,2022/1/31,310.98,2331375389,336.32,2525083834,-0.075345,-0.075345,946028470,7496866,-0.059822,-0.052585,Jan-22,A,20,14
10107,1986/3/13,2025/12/31,59491810,59491810,Q,MICROSOFT CORP; COM NONE; CONS,CORP,EQTY,NS,Y,MSFT,8048,7370,511210,TECH,MICROSOFT CORP,202202,2022/2/28,298.79,2239988592,310.98,2331375389,-0.03721,-0.039199,690597465,7496866,-0.021838,-0.03136,Feb-22,A,7,7
10107,1986/3/13,2025/12/31,59491810,59491810,Q,MICROSOFT CORP; COM NONE; CONS,CORP,EQTY,NS,Y,MSFT,8048,7370,511210,TECH,MICROSOFT CORP,202203,2022/3/31,308.31,2307083730,298.79,2239988592,0.031862,0.031862,735146574,7483000,0.030506,0.035773,Mar-22,A,8,4
10107,1986/3/13,2025/12/31,59491810,59491810,Q,MICROSOFT CORP; COM NONE; CONS,CORP,EQTY,NS,Y,MSFT,8048,7370,511210,TECH,MICROSOFT CORP,202204,2022/4/29,277.52,2075581238,308.31,2307083730,-0.099867,-0.099867,626371755,7479033,-0.089387,-0.087957,Apr-22,A,10,9
10107,1986/3/13,2025/12/31,59491810,59491810,Q,MICROSOFT CORP; COM NONE; CONS,CORP,EQTY,NS,Y,MSFT,8048,7370,511210,TECH,MICROSOFT CORP,202205,2022/5/31,271.87,2033324702,277.52,2075581238,-0.017968,-0.020359,742064521,7479033,-0.002113,5.30E-05,May-22,A,6,6
10107,1986/3/13,2025/12/31,59491810,59491810,Q,MICROSOFT CORP; COM NONE; CONS,CORP,EQTY,NS,Y,MSFT,8048,7370,511210,TECH,MICROSOFT CORP,202206,2022/6/30,256.83,1916979120,271.87,2033324702,-0.055321,-0.055321,621063752,7464000,-0.083997,-0.08392,Jun-22,A,18,16
10107,1986/3/13,2025/12/31,59491810,59491810,Q,MICROSOFT CORP; COM NONE; CONS,CORP,EQTY,NS,Y,MSFT,8048,7370,511210,TECH,MICROSOFT CORP,202207,2022/7/29,280.74,2093728600,256.83,1916979120,0.093097,0.093097,534174515,7457892,0.090351,0.091116,Jul-22,A,12,11
10107,1986/3/13,2025/12/31,59491810,59491810,Q,MICROSOFT CORP; COM NONE; CONS,CORP,EQTY,NS,Y,MSFT,8048,7370,511210,TECH,MICROSOFT CORP,202208,2022/8/31,261.47,1950015021,280.74,2093728600,-0.066658,-0.06864,476682623,7457892,-0.036233,-0.04244,Aug-22,A,12,12
10107,1986/3/13,2025/12/31,59491810,59491810,Q,MICROSOFT CORP; COM NONE; CONS,CORP,EQTY,NS,Y,MSFT,8048,7370,511210,TECH,MICROSOFT CORP,202209,2022/9/30,232.9,1736735300,261.47,1950015021,-0.109267,-0.109267,574648809,7457000,-0.091323,-0.093396,Sep-22,A,3,2
10107,1986/3/13,2025/12/31,59491810,59491810,Q,MICROSOFT CORP; COM NONE; CONS,CORP,EQTY,NS,Y,MSFT,8048,7370,511210,TECH,MICROSOFT CORP,202210,2022/10/31,232.13,1730406817,232.9,1736735300,-0.003306,-0.003306,670394004,7454473,0.077394,0.079863,Oct-22,A,12,11
10107,1986/3/13,2025/12/31,59491810,59491810,Q,MICROSOFT CORP; COM NONE; CONS,CORP,EQTY,NS,Y,MSFT,8048,7370,511210,TECH,MICROSOFT CORP,202211,2022/11/30,255.14,1901934241,232.13,1730406817,0.102217,0.099125,614529642,7454473,0.052354,0.053753,Nov-22,A,9,7
10107,1986/3/13,2025/12/31,59491810,59491810,Q,MICROSOFT CORP; COM NONE; CONS,CORP,EQTY,NS,Y,MSFT,8048,7370,511210,TECH,MICROSOFT CORP,202212,2022/12/30,239.82,1785939540,255.14,1901934241,-0.060045,-0.060045,599181776,7447000,-0.05712,-0.058971,Dec-22,A,5,5
10107,1986/3/13,2025/12/31,59491810,59491810,Q,MICROSOFT CORP; COM NONE; CONS,CORP,EQTY,NS,Y,MSFT,8048,7370,511210,TECH,MICROSOFT CORP,202301,2023/1/31,247.81,1844649069,239.82,1785939540,0.033317,0.033317,665304232,7443804,0.071823,0.061753,Jan-23,A,13,9
10107,1986/3/13,2025/12/31,59491810,59491810,Q,MICROSOFT CORP; COM NONE; CONS,CORP,EQTY,NS,Y,MSFT,8048,7370,511210,TECH,MICROSOFT CORP,202302,2023/2/28,249.42,1856633594,247.81,1844649069,0.009038,0.006497,614846885,7443804,-0.024666,-0.026112,Feb-23,A,2,2
10107,1986/3/13,2025/12/31,59491810,59491810,Q,MICROSOFT CORP; COM NONE; CONS,CORP,EQTY,NS,Y,MSFT,8048,7370,511210,TECH,MICROSOFT CORP,202303,2023/3/31,288.3,2144087100,249.42,1856633594,0.155882,0.155882,746927350,7437000,0.02395,0.035052,Mar-23,A,4,4
10107,1986/3/13,2025/12/31,59491810,59491810,Q,MICROSOFT CORP; COM NONE; CONS,CORP,EQTY,NS,Y,MSFT,8048,7370,511210,TECH,MICROSOFT CORP,202304,2023/4/28,307.26,2284628043,288.3,2144087100,0.065765,0.065765,550659873,7435488,0.008976,0.014642,Apr-23,A,15,15
10107,1986/3/13,2025/12/31,59491810,59491810,Q,MICROSOFT CORP; COM NONE; CONS,CORP,EQTY,NS,Y,MSFT,8048,7370,511210,TECH,MICROSOFT CORP,202305,2023/5/31,328.39,2441739904,307.26,2284628043,0.071084,0.068769,599205956,7435488,0.000709,0.002482,May-23,A,12,7
10107,1986/3/13,2025/12/31,59491810,59491810,Q,MICROSOFT CORP; COM NONE; CONS,CORP,EQTY,NS,Y,MSFT,8048,7370,511210,TECH,MICROSOFT CORP,202306,2023/6/30,340.54,2530893280,328.39,2441739904,0.036999,0.036999,547022507,7432000,0.066183,0.064727,Jun-23,A,15,15
10107,1986/3/13,2025/12/31,59491810,59491810,Q,MICROSOFT CORP; COM NONE; CONS,CORP,EQTY,NS,Y,MSFT,8048,7370,511210,TECH,MICROSOFT CORP,202307,2023/7/31,335.92,2495806323,340.54,2530893280,-0.013567,-0.013567,665859192,7429764,0.035617,0.031139,Jul-23,A,9,9
10107,1986/3/13,2025/12/31,59491810,59491810,Q,MICROSOFT CORP; COM NONE; CONS,CORP,EQTY,NS,Y,MSFT,8048,7370,511210,TECH,MICROSOFT CORP,202308,2023/8/31,327.76,2435179449,335.92,2495806323,-0.022221,-0.024291,479228310,7429764,-0.020608,-0.017716,Aug-23,A,7,7
10107,1986/3/13,2025/12/31,59491810,59491810,Q,MICROSOFT CORP; COM NONE; CONS,CORP,EQTY,NS,Y,MSFT,8048,7370,511210,TECH,MICROSOFT CORP,202309,2023/9/29,315.75,2345716538,327.76,2435179449,-0.036643,-0.036643,416347989,7429031,-0.047391,-0.048719,Sep-23,A,2,2
10107,1986/3/13,2025/12/31,59491810,59491810,Q,MICROSOFT CORP; COM NONE; CONS,CORP,EQTY,NS,Y,MSFT,8048,7370,511210,NOAVAIL,MICROSOFT CORP,202310,2023/10/31,338.11,2512922105,315.75,2345716538,0.070816,0.070816,539943234,7432262,-0.028865,-0.02198,Oct-23,A,7,6
10107,1986/3/13,2025/12/31,59491810,59491810,Q,MICROSOFT CORP; COM NONE; CONS,CORP,EQTY,NS,Y,MSFT,8048,7370,511210,NOAVAIL,MICROSOFT CORP,202311,2023/11/30,378.91,2816158394,338.11,2512922105,0.122944,0.120671,560243830,7432262,0.092053,0.089179,Nov-23,A,4,3
10107,1986/3/13,2025/12/31,59491810,59491810,Q,MICROSOFT CORP; COM NONE; CONS,CORP,EQTY,NS,Y,MSFT,8048,7370,511210,NOAVAIL,MICROSOFT CORP,202312,2023/12/29,376.04,2794827802,378.91,2816158394,-0.007574,-0.007574,518555283,7432262,0.053603,0.044229,Dec-23,A,4,4
10107,1986/3/13,2025/12/31,59491810,59491810,Q,MICROSOFT CORP; COM NONE; CONS,CORP,EQTY,NS,Y,MSFT,8048,7370,511210,NOAVAIL,MICROSOFT CORP,202401,2024/1/31,397.58,2954192745,376.04,2794827802,0.057281,0.057281,525608632,7430436,0.00756,0.015896,Jan-24,A,9,8
10107,1986/3/13,2025/12/31,59491810,59491810,Q,MICROSOFT CORP; COM NONE; CONS,CORP,EQTY,NS,Y,MSFT,8048,7370,511210,NOAVAIL,MICROSOFT CORP,202402,2024/2/29,413.64,3073525547,397.58,2954192745,0.0423,0.040394,442126929,7430436,0.050583,0.051721,Feb-24,A,1,0
10107,1986/3/13,2025/12/31,59491810,59491810,Q,MICROSOFT CORP; COM NONE; CONS,CORP,EQTY,NS,Y,MSFT,8048,7372,513210,NOAVAIL,MICROSOFT CORP,202403,2024/3/28,420.72,3126919780,413.64,3073525547,0.017116,0.017116,423678429,7432306,0.03245,0.031019,Mar-24,A,5,5
10107,1986/3/13,2025/12/31,59491810,59491810,Q,MICROSOFT CORP; COM NONE; CONS,CORP,EQTY,NS,Y,MSFT,8048,7372,513210,NOAVAIL,MICROSOFT CORP,202404,2024/4/30,389.33,2893619695,420.72,3126919780,-0.07461,-0.07461,436089247,7432306,-0.042724,-0.041615,Apr-24,A,4,4
10107,1986/3/13,2025/12/31,59491810,59491810,Q,MICROSOFT CORP; COM NONE; CONS,CORP,EQTY,NS,Y,MSFT,8048,7372,513210,NOAVAIL,MICROSOFT CORP,202405,2024/5/31,415.13,3085373190,389.33,2893619695,0.068158,0.066268,409592388,7432306,0.046552,0.048021,May-24,A,10,10
10107,1986/3/13,2025/12/31,59491810,59491810,Q,MICROSOFT CORP; COM NONE; CONS,CORP,EQTY,NS,Y,MSFT,8048,7372,513210,NOAVAIL,MICROSOFT CORP,202406,2024/6/28,446.95,3322626300,415.13,3085373190,0.076651,0.076651,339807109,7434000,0.026073,0.03467,Jun-24,A,7,7
10107,1986/3/13,2025/12/31,59491810,59491810,Q,MICROSOFT CORP; COM NONE; CONS,CORP,EQTY,NS,Y,MSFT,8048,7372,513210,NOAVAIL,MICROSOFT CORP,202407,2024/7/31,418.35,3109611447,446.95,3322626300,-0.063989,-0.063989,436168320,7433038,0.019877,0.011321,Jul-24,A,4,4
10107,1986/3/13,2025/12/31,59491810,59491810,Q,MICROSOFT CORP; COM NONE; CONS,CORP,EQTY,NS,Y,MSFT,8048,7372,513210,NOAVAIL,MICROSOFT CORP,202408,2024/8/30,417.14,3100617471,418.35,3109611447,-0.001116,-0.002892,448964596,7433038,0.02157,0.022835,Aug-24,A,10,8
10107,1986/3/13,2025/12/31,59491810,59491810,Q,MICROSOFT CORP; COM NONE; CONS,CORP,EQTY,NS,Y,MSFT,8048,7372,513210,NOAVAIL,MICROSOFT CORP,202409,2024/9/30,430.3,3199037811,417.14,3100617471,0.031548,0.031548,375049418,7434436,0.02097,0.020197,Sep-24,A,1,1
10107,1986/3/13,2025/12/31,59491810,59491810,Q,MICROSOFT CORP; COM NONE; CONS,CORP,EQTY,NS,Y,MSFT,8048,7372,513210,NOAVAIL,MICROSOFT CORP,202410,2024/10/31,406.35,3021163894,430.3,3199037811,-0.055659,-0.055659,437102757,7434881,-0.008299,-0.009897,Oct-24,A,16,14
10107,1986/3/13,2025/12/31,59491810,59491810,Q,MICROSOFT CORP; COM NONE; CONS,CORP,EQTY,NS,Y,MSFT,8048,7372,513210,NOAVAIL,MICROSOFT CORP,202411,2024/11/29,423.46,3148374708,406.35,3021163894,0.044202,0.042107,440359824,7434881,0.064859,0.057301,Nov-24,A,10,8
10107,1986/3/13,2025/12/31,59491810,59491810,Q,MICROSOFT CORP; COM NONE; CONS,CORP,EQTY,NS,Y,MSFT,8048,7372,513210,NOAVAIL,MICROSOFT CORP,202412,2024/12/31,421.5,3133802342,423.46,3148374708,-0.004629,-0.004629,436548747,7434881,-0.031581,-0.02499,Dec-24,A,5,5
10107,1986/3/13,2025/12/31,59491810,59491810,Q,MICROSOFT CORP; COM NONE; CONS,CORP,EQTY,NS,Y,MSFT,8048,7372,513210,NOAVAIL,MICROSOFT CORP,202501,2025/1/31,415.06,3085548569,421.5,3133802342,-0.015279,-0.015279,458077296,7433982,0.032292,0.027016,Jan-25,A,7,5
10107,1986/3/13,2025/12/31,59491810,59491810,Q,MICROSOFT CORP; COM NONE; CONS,CORP,EQTY,NS,Y,MSFT,8048,7372,513210,NOAVAIL,MICROSOFT CORP,202502,2025/2/28,396.99,2951216514,415.06,3085548569,-0.041628,-0.043536,428644908,7433982,-0.017566,-0.014242,Feb-25,A,2,2
10107,1986/3/13,2025/12/31,59491810,59491810,Q,MICROSOFT CORP; COM NONE; CONS,CORP,EQTY,NS,Y,MSFT,8048,7372,513210,NOAVAIL,MICROSOFT CORP,202503,2025/3/31,375.39,2790642503,396.99,2951216514,-0.054409,-0.054409,486667259,7433982,-0.055123,-0.057545,Mar-25,A,11,7
10107,1986/3/13,2025/12/31,59491810,59491810,Q,MICROSOFT CORP; COM NONE; CONS,CORP,EQTY,NS,Y,MSFT,8048,7372,513210,NOAVAIL,MICROSOFT CORP,202504,2025/4/30,395.26,2937787341,375.39,2790642503,0.052932,0.052932,557523776,7432544,-0.00361,-0.007625,Apr-25,A,17,16
10107,1986/3/13,2025/12/31,59491810,59491810,Q,MICROSOFT CORP; COM NONE; CONS,CORP,EQTY,NS,Y,MSFT,8048,7372,513210,NOAVAIL,MICROSOFT CORP,202505,2025/5/30,460.36,3421645956,395.26,2937787341,0.166835,0.164702,473181476,7432544,0.061267,0.061524,May-25,A,2,2
10107,1986/3/13,2025/12/31,59491810,59491810,Q,MICROSOFT CORP; COM NONE; CONS,CORP,EQTY,NS,Y,MSFT,8048,7372,513210,NOAVAIL,MICROSOFT CORP,202506,2025/6/30,497.41,3697745940,460.36,3421645956,0.08048,0.08048,398048136,7434000,0.049246,0.049607,Jun-25,A,5,2
10107,1986/3/13,2025/12/31,59491810,59491810,Q,MICROSOFT CORP; COM NONE; CONS,CORP,EQTY,NS,Y,MSFT,8048,7372,513210,NOAVAIL,MICROSOFT CORP,202507,2025/7/31,533.5,3965594061,497.41,3697745940,0.072556,0.072556,393511393,7433166,0.019791,0.021667,Jul-25,A,7,7
10107,1986/3/13,2025/12/31,59491810,59491810,Q,MICROSOFT CORP; COM NONE; CONS,CORP,EQTY,NS,Y,MSFT,8048,7372,513210,NOAVAIL,MICROSOFT CORP,202508,2025/8/29,506.69,3766310881,533.5,3965594061,-0.04869,-0.050253,451086774,7433166,0.024122,0.019066,Aug-25,A,7,7
10107,1986/3/13,2025/12/31,59491810,59491810,Q,MICROSOFT CORP; COM NONE; CONS,CORP,EQTY,NS,Y,MSFT,8048,7372,513210,NOAVAIL,MICROSOFT CORP,202509,2025/9/30,517.95,3849967930,506.69,3766310881,0.022223,0.022223,421054727,7433088,0.035626,0.035324,Sep-25,A,2,2
10107,1986/3/13,2025/12/31,59491810,59491810,Q,MICROSOFT CORP; COM NONE; CONS,CORP,EQTY,NS,Y,MSFT,8048,7372,513210,NOAVAIL,MICROSOFT CORP,202510,2025/10/31,517.81,3848559652,517.95,3849967930,-0.00027,-0.00027,464617777,7432378,0.019284,0.022687,Oct-25,A,6,5
10107,1986/3/13,2025/12/31,59491810,59491810,Q,MICROSOFT CORP; COM NONE; CONS,CORP,EQTY,NS,Y,MSFT,8048,7372,513210,NOAVAIL,MICROSOFT CORP,202511,2025/11/28,492.01,3656804300,517.81,3848559652,-0.048018,-0.049825,473772176,7432378,0.001997,0.0013,Nov-25,A,2,2
10107,1986/3/13,2025/12/31,59491810,59491810,Q,MICROSOFT CORP; COM NONE; CONS,CORP,EQTY,NS,Y,MSFT,8048,7372,513210,NOAVAIL,MICROSOFT CORP,202512,2025/12/31,483.62,3594446648,492.01,3656804300,-0.017052,-0.017052,490900907,7432378,0.001297,-0.000524,Dec-25,A,1,0
13407,2012/5/18,2025/12/31,30303M10,30303M10,Q,FACEBOOK INC; COM A; CONS,CORP,EQTY,NS,Y,FB,54084,7375,519130,NOAVAIL,FACEBOOK INC,201205,2012/5/31,29.6,18751363.2,38.2318,24219539.45,-0.225775,-0.225775,1191742179,633492,-0.06559,-0.062651,May-12,A,0,0
13407,2012/5/18,2025/12/31,30303M10,30303M10,Q,FACEBOOK INC; COM A; CONS,CORP,EQTY,NS,Y,FB,54084,7375,519130,TECH,FACEBOOK INC,201206,2012/6/29,31.095,19931895,29.6,18751363.2,0.050507,0.050507,667441716,641000,0.038151,0.039555,Jun-12,A,0,0
13407,2012/5/18,2025/12/31,30303M10,30303M10,Q,FACEBOOK INC; COM A; CONS,CORP,EQTY,NS,Y,FB,54084,7375,519130,TECH,FACEBOOK INC,201207,2012/7/31,21.71,14645674.55,31.095,19931895,-0.301817,-0.301817,518816037,674605,0.010307,0.012598,Jul-12,A,0,0
13407,2012/5/18,2025/12/31,30303M10,30303M10,Q,FACEBOOK INC; COM A; CONS,CORP,EQTY,NS,Y,FB,54084,7375,519130,TECH,FACEBOOK INC,201208,2012/8/31,18.058,12182017.09,21.71,14645674.55,-0.168217,-0.168217,1148805246,674605,0.026317,0.019763,Aug-12,A,0,0
13407,2012/5/18,2025/12/31,30303M10,30303M10,Q,FACEBOOK INC; COM A; CONS,CORP,EQTY,NS,Y,FB,54084,7375,519130,TECH,FACEBOOK INC,201209,2012/9/28,21.66,20555340,18.058,12182017.09,0.199468,0.199468,1054536539,949000,0.026513,0.024236,Sep-12,A,0,0
13407,2012/5/18,2025/12/31,30303M10,30303M10,Q,FACEBOOK INC; COM A; CONS,CORP,EQTY,NS,Y,FB,54084,7375,519130,TECH,FACEBOOK INC,201210,2012/10/31,21.11,20033390,21.66,20555340,-0.025392,-0.025392,1099532334,949000,-0.014055,-0.019789,Oct-12,A,0,0
13407,2012/5/18,2025/12/31,30303M10,30303M10,Q,FACEBOOK INC; COM A; CONS,CORP,EQTY,NS,Y,FB,54084,7375,519130,TECH,FACEBOOK INC,201211,2012/11/30,28,26572000,21.11,20033390,0.326386,0.326386,1506319916,949000,0.006217,0.002847,Nov-12,A,0,0
13407,2012/5/18,2025/12/31,30303M10,30303M10,Q,FACEBOOK INC; COM A; CONS,CORP,EQTY,NS,Y,FB,54084,7375,519130,TECH,FACEBOOK INC,201212,2012/12/31,26.6197,44481518.7,28,26572000,-0.049296,-0.049296,1185871694,1671000,0.012569,0.007068,Dec-12,A,0,0
13407,2012/5/18,2025/12/31,30303M10,30303M10,Q,FACEBOOK INC; COM A; CONS,CORP,EQTY,NS,Y,FB,54084,7375,519130,TECH,FACEBOOK INC,201301,2013/1/31,30.981,52177735.49,26.6197,44481518.7,0.163837,0.163837,1675077164,1684185,0.054142,0.050428,Jan-13,A,0,0
13407,2012/5/18,2025/12/31,30303M10,30303M10,Q,FACEBOOK INC; COM A; CONS,CORP,EQTY,NS,Y,FB,54084,7375,519130,TECH,FACEBOOK INC,201302,2013/2/28,27.25,45894041.25,30.981,52177735.49,-0.120429,-0.120429,956109457,1684185,0.008282,0.011061,Feb-13,A,0,0
13407,2012/5/18,2025/12/31,30303M10,30303M10,Q,FACEBOOK INC; COM A; CONS,CORP,EQTY,NS,Y,FB,54084,7375,519130,TECH,FACEBOOK INC,201303,2013/3/28,25.58,44524496.84,27.25,45894041.25,-0.061284,-0.061284,725098795,1740598,0.035295,0.035988,Mar-13,A,0,0
13407,2012/5/18,2025/12/31,30303M10,30303M10,Q,FACEBOOK INC; COM A; CONS,CORP,EQTY,NS,Y,FB,54084,7375,519130,TECH,FACEBOOK INC,201304,2013/4/30,27.769,48585253.32,25.58,44524496.84,0.085575,0.085575,736000920,1749622,0.014939,0.018086,Apr-13,A,0,0
13407,2012/5/18,2025/12/31,30303M10,30303M10,Q,FACEBOOK INC; COM A; CONS,CORP,EQTY,NS,Y,FB,54084,7375,519130,TECH,FACEBOOK INC,201305,2013/5/31,24.348,42599796.46,27.769,48585253.32,-0.123195,-0.123195,979037376,1749622,0.019128,0.020763,May-13,A,0,0
13407,2012/5/18,2025/12/31,30303M10,30303M10,Q,FACEBOOK INC; COM A; CONS,CORP,EQTY,NS,Y,FB,54084,7375,519130,TECH,FACEBOOK INC,201306,2013/6/28,24.88,45107440,24.348,42599796.46,0.02185,0.02185,787306805,1813000,-0.015072,-0.014999,Jun-13,A,0,0
13407,2012/5/18,2025/12/31,30303M10,30303M10,Q,FACEBOOK INC; COM A; CONS,CORP,EQTY,NS,Y,FB,54084,7375,519130,TECH,FACEBOOK INC,201307,2013/7/31,36.8,66884552,24.88,45107440,0.4791,0.4791,1433219674,1817515,0.052658,0.049462,Jul-13,A,0,0
13407,2012/5/18,2025/12/31,30303M10,30303M10,Q,FACEBOOK INC; COM A; CONS,CORP,EQTY,NS,Y,FB,54084,7375,519130,TECH,FACEBOOK INC,201308,2013/8/30,41.294,75052464.41,36.8,66884552,0.12212,0.12212,1341311985,1817515,-0.02575,-0.031298,Aug-13,A,0,0
13407,2012/5/18,2025/12/31,30303M10,30303M10,Q,FACEBOOK INC; COM A; CONS,CORP,EQTY,NS,Y,FB,54084,7375,519130,TECH,FACEBOOK INC,201309,2013/9/30,50.23,93879870,41.294,75052464.41,0.216399,0.216399,1581654488,1869000,0.037497,0.02975,Sep-13,A,0,0
13407,2012/5/18,2025/12/31,30303M10,30303M10,Q,FACEBOOK INC; COM A; CONS,CORP,EQTY,NS,Y,FB,54084,7375,519130,TECH,FACEBOOK INC,201310,2013/10/31,50.205,94086579.84,50.23,93879870,-0.000498,-0.000498,2031755731,1874048,0.039888,0.044596,Oct-13,A,0,0
13407,2012/5/18,2025/12/31,30303M10,30303M10,Q,FACEBOOK INC; COM A; CONS,CORP,EQTY,NS,Y,FB,54084,7375,519130,TECH,FACEBOOK INC,201311,2013/11/29,47.01,88098996.48,50.205,94086579.84,-0.063639,-0.063639,1356821369,1874048,0.024956,0.028049,Nov-13,A,0,0
13407,2012/5/18,2025/12/31,30303M10,30303M10,Q,FACEBOOK INC; COM A; CONS,CORP,EQTY,NS,Y,FB,54084,7375,519130,TECH,FACEBOOK INC,201312,2013/12/31,54.649,107658530,47.01,88098996.48,0.162497,0.162497,1511584356,1970000,0.02614,0.023563,Dec-13,A,0,0
13407,2012/5/18,2025/12/31,30303M10,30303M10,Q,FACEBOOK INC; COM A; CONS,CORP,EQTY,NS,Y,FB,54084,7375,519130,TECH,FACEBOOK INC,201401,2014/1/31,62.57,123620925.5,54.649,107658530,0.144943,0.144943,1297580704,1975722,-0.03002,-0.035583,Jan-14,A,0,0
13407,2012/5/18,2025/12/31,30303M10,30303M10,Q,FACEBOOK INC; COM A; CONS,CORP,EQTY,NS,Y,FB,54084,7375,519130,TECH,FACEBOOK INC,201402,2014/2/28,68.46,136210754.4,62.57,123620925.5,0.094135,0.094135,1116271461,1989640,0.046198,0.043117,Feb-14,A,0,0
13407,2012/5/18,2025/12/31,30303M10,30303M10,Q,FACEBOOK INC; COM A; CONS,CORP,EQTY,NS,Y,FB,54084,7375,519130,TECH,FACEBOOK INC,201403,2014/3/31,60.24,119937840,68.46,136210754.4,-0.12007,-0.12007,1256860003,1991000,0.00454,0.006932,Mar-14,A,0,0
13407,2012/5/18,2025/12/31,30303M10,30303M10,Q,FACEBOOK INC; COM A; CONS,CORP,EQTY,NS,Y,FB,54084,7375,519130,TECH,FACEBOOK INC,201404,2014/4/30,59.78,119185179.4,60.24,119937840,-0.007636,-0.007636,1885544030,1993730,0.001573,0.006201,Apr-14,A,0,0
13407,2012/5/18,2025/12/31,30303M10,30303M10,Q,FACEBOOK INC; COM A; CONS,CORP,EQTY,NS,Y,FB,54084,7375,519130,TECH,FACEBOOK INC,201405,2014/5/30,63.3,126203109,59.78,119185179.4,0.058883,0.058883,1120695144,1993730,0.020254,0.02103,May-14,A,0,0
13407,2012/5/18,2025/12/31,30303M10,30303M10,Q,FACEBOOK INC; COM A; CONS,CORP,EQTY,NS,Y,FB,54084,7375,519130,TECH,FACEBOOK INC,201406,2014/6/30,67.29,135454770,63.3,126203109,0.063033,0.063033,863907009,2013000,0.027973,0.019058,Jun-14,A,0,0
13407,2012/5/18,2025/12/31,30303M10,30303M10,Q,FACEBOOK INC; COM A; CONS,CORP,EQTY,NS,Y,FB,54084,7375,519130,TECH,FACEBOOK INC,201407,2014/7/31,72.65,146393237.2,67.29,135454770,0.079655,0.079655,1029862798,2015048,-0.020555,-0.01508,Jul-14,A,0,0
13407,2012/5/18,2025/12/31,30303M10,30303M10,Q,FACEBOOK INC; COM A; CONS,CORP,EQTY,NS,Y,FB,54084,7375,519130,TECH,FACEBOOK INC,201408,2014/8/29,74.82,150765891.4,72.65,146393237.2,0.029869,0.029869,590850762,2015048,0.040205,0.037655,Aug-14,A,0,0
13407,2012/5/18,2025/12/31,30303M10,30303M10,Q,FACEBOOK INC; COM A; CONS,CORP,EQTY,NS,Y,FB,54084,7375,519130,TECH,FACEBOOK INC,201409,2014/9/30,79.04,161557760,74.82,150765891.4,0.056402,0.056402,721113502,2044000,-0.025196,-0.015514,Sep-14,A,0,0
13407,2012/5/18,2025/12/31,30303M10,30303M10,Q,FACEBOOK INC; COM A; CONS,CORP,EQTY,NS,Y,FB,54084,7375,519130,TECH,FACEBOOK INC,201410,2014/10/31,74.99,166772960.6,79.04,161557760,-0.05124,-0.05124,1084180114,2223936,0.021164,0.023201,Oct-14,A,0,0
13407,2012/5/18,2025/12/31,30303M10,30303M10,Q,FACEBOOK INC; COM A; CONS,CORP,EQTY,NS,Y,FB,54084,7375,519130,TECH,FACEBOOK INC,201411,2014/11/28,77.7,172799827.2,74.99,166772960.6,0.036138,0.036138,491044764,2223936,0.021104,0.024534,Nov-14,A,0,0
13407,2012/5/18,2025/12/31,30303M10,30303M10,Q,FACEBOOK INC; COM A; CONS,CORP,EQTY,NS,Y,FB,54084,7375,519130,TECH,FACEBOOK INC,201412,2014/12/31,78.02,173282420,77.7,172799827.2,0.004118,0.004118,535389771,2221000,-0.003659,-0.004189,Dec-14,A,0,0
13407,2012/5/18,2025/12/31,30303M10,30303M10,Q,FACEBOOK INC; COM A; CONS,CORP,EQTY,NS,Y,FB,54084,7375,519130,TECH,FACEBOOK INC,201501,2015/1/30,75.91,169760113.9,78.02,173282420,-0.027044,-0.027044,546631541,2236334,-0.027163,-0.031041,Jan-15,A,0,0
13407,2012/5/18,2025/12/31,30303M10,30303M10,Q,FACEBOOK INC; COM A; CONS,CORP,EQTY,NS,Y,FB,54084,7375,519130,TECH,FACEBOOK INC,201502,2015/2/27,78.97,176603296,75.91,169760113.9,0.040311,0.040311,475375158,2236334,0.055915,0.054893,Feb-15,A,0,0
13407,2012/5/18,2025/12/31,30303M10,30303M10,Q,FACEBOOK INC; COM A; CONS,CORP,EQTY,NS,Y,FB,54084,7375,519130,TECH,FACEBOOK INC,201503,2015/3/31,82.215,184722635.2,78.97,176603296,0.041092,0.041092,575367155,2246824,-0.010397,-0.017396,Mar-15,A,0,0
13407,2012/5/18,2025/12/31,30303M10,30303M10,Q,FACEBOOK INC; COM A; CONS,CORP,EQTY,NS,Y,FB,54084,7375,519130,TECH,FACEBOOK INC,201504,2015/4/30,78.77,177145616.7,82.215,184722635.2,-0.041902,-0.041902,542126122,2248897,0.008766,0.008521,Apr-15,A,0,0
13407,2012/5/18,2025/12/31,30303M10,30303M10,Q,FACEBOOK INC; COM A; CONS,CORP,EQTY,NS,Y,FB,54084,7375,519130,TECH,FACEBOOK INC,201505,2015/5/29,79.19,178090153.4,78.77,177145616.7,0.005332,0.005332,421872924,2248897,0.010277,0.010491,May-15,A,0,0
13407,2012/5/18,2025/12/31,30303M10,30303M10,Q,FACEBOOK INC; COM A; CONS,CORP,EQTY,NS,Y,FB,54084,7375,519130,TECH,FACEBOOK INC,201506,2015/6/30,85.765,192628190,79.19,178090153.4,0.083028,0.083028,537957913,2246000,-0.019231,-0.021012,Jun-15,A,0,0
13407,2012/5/18,2025/12/31,30303M10,30303M10,Q,FACEBOOK INC; COM A; CONS,CORP,EQTY,NS,Y,FB,54084,7375,519130,TECH,FACEBOOK INC,201507,2015/7/31,94.01,212437875.4,85.765,192628190,0.096135,0.096135,790896218,2259737,0.012108,0.019742,Jul-15,A,0,0
13407,2012/5/18,2025/12/31,30303M10,30303M10,Q,FACEBOOK INC; COM A; CONS,CORP,EQTY,NS,Y,FB,54084,7375,519130,TECH,FACEBOOK INC,201508,2015/8/31,89.43,202088279.9,94.01,212437875.4,-0.048718,-0.048718,710005712,2259737,-0.059926,-0.062581,Aug-15,A,0,0
13407,2012/5/18,2025/12/31,30303M10,30303M10,Q,FACEBOOK INC; COM A; CONS,CORP,EQTY,NS,Y,FB,54084,7375,519130,TECH,FACEBOOK INC,201509,2015/9/30,89.9,203084100,89.43,202088279.9,0.005256,0.005256,635457506,2259000,-0.033756,-0.026443,Sep-15,A,0,0
13407,2012/5/18,2025/12/31,30303M10,30303M10,Q,FACEBOOK INC; COM A; CONS,CORP,EQTY,NS,Y,FB,54084,7375,519130,TECH,FACEBOOK INC,201510,2015/10/30,101.97,230350230,89.9,203084100,0.13426,0.13426,572212826,2259000,0.073937,0.082983,Oct-15,A,0,0
13407,2012/5/18,2025/12/31,30303M10,30303M10,Q,FACEBOOK INC; COM A; CONS,CORP,EQTY,NS,Y,FB,54084,7375,519130,TECH,FACEBOOK INC,201511,2015/11/30,104.24,236672437.7,101.97,230350230,0.022261,0.022261,547260702,2270457,0.002404,0.000505,Nov-15,A,0,0
13407,2012/5/18,2025/12/31,30303M10,30303M10,Q,FACEBOOK INC; COM A; CONS,CORP,EQTY,NS,Y,FB,54084,7375,519130,TECH,FACEBOOK INC,201512,2015/12/31,104.66,240188420.4,104.24,236672437.7,0.004029,0.004029,440519181,2294940,-0.022209,-0.01753,Dec-15,A,0,0
13407,2012/5/18,2025/12/31,30303M10,30303M10,Q,FACEBOOK INC; COM A; CONS,CORP,EQTY,NS,Y,FB,54084,7375,519130,TECH,FACEBOOK INC,201601,2016/1/29,112.21,257515217.4,104.66,240188420.4,0.072138,0.072138,793328313,2294940,-0.057085,-0.050735,Jan-16,A,0,0
13407,2012/5/18,2025/12/31,30303M10,30303M10,Q,FACEBOOK INC; COM A; CONS,CORP,EQTY,NS,Y,FB,54084,7375,519130,TECH,FACEBOOK INC,201602,2016/2/29,106.92,245374984.8,112.21,257515217.4,-0.047144,-0.047144,874383960,2294940,0.00062,-0.004128,Feb-16,A,0,0
13407,2012/5/18,2025/12/31,30303M10,30303M10,Q,FACEBOOK INC; COM A; CONS,CORP,EQTY,NS,Y,FB,54084,7375,519130,TECH,FACEBOOK INC,201603,2016/3/31,114.1,263691147.3,106.92,245374984.8,0.067153,0.067153,521657207,2311053,0.070491,0.065991,Mar-16,A,0,0
13407,2012/5/18,2025/12/31,30303M10,30303M10,Q,FACEBOOK INC; COM A; CONS,CORP,EQTY,NS,Y,FB,54084,7375,519130,TECH,FACEBOOK INC,201604,2016/4/29,117.58,271829086.7,114.1,263691147.3,0.0305,0.0305,741671215,2311865,0.011718,0.002699,Apr-16,A,0,0
13407,2012/5/18,2025/12/31,30303M10,30303M10,Q,FACEBOOK INC; COM A; CONS,CORP,EQTY,NS,Y,FB,54084,7375,519130,TECH,FACEBOOK INC,201605,2016/5/31,118.81,274672680.7,117.58,271829086.7,0.010461,0.010461,460591223,2311865,0.01434,0.015329,May-16,A,0,0
13407,2012/5/18,2025/12/31,30303M10,30303M10,Q,FACEBOOK INC; COM A; CONS,CORP,EQTY,NS,Y,FB,54084,7375,519130,TECH,FACEBOOK INC,201606,2016/6/30,114.28,264672480,118.81,274672680.7,-0.038128,-0.038128,452537422,2316000,0.002947,0.000906,Jun-16,A,0,0
13407,2012/5/18,2025/12/31,30303M10,30303M10,Q,FACEBOOK INC; COM A; CONS,CORP,EQTY,NS,Y,FB,54084,7375,519130,TECH,FACEBOOK INC,201607,2016/7/29,123.94,287907538.5,114.28,264672480,0.084529,0.084529,470278976,2322959,0.038815,0.03561,Jul-16,A,0,0
13407,2012/5/18,2025/12/31,30303M10,30303M10,Q,FACEBOOK INC; COM A; CONS,CORP,EQTY,NS,Y,FB,54084,7375,519130,TECH,FACEBOOK INC,201608,2016/8/31,126.12,292971589.1,123.94,287907538.5,0.017589,0.017589,365674848,2322959,0.0028,-0.001219,Aug-16,A,0,0
13407,2012/5/18,2025/12/31,30303M10,30303M10,Q,FACEBOOK INC; COM A; CONS,CORP,EQTY,NS,Y,FB,54084,7375,519130,TECH,FACEBOOK INC,201609,2016/9/30,128.27,298997370,126.12,292971589.1,0.017047,0.017047,376621507,2331000,0.003013,-0.001234,Sep-16,A,0,0
13407,2012/5/18,2025/12/31,30303M10,30303M10,Q,FACEBOOK INC; COM A; CONS,CORP,EQTY,NS,Y,FB,54084,7375,519130,TECH,FACEBOOK INC,201610,2016/10/31,130.99,306624666.8,128.27,298997370,0.021205,0.021205,313268889,2340825,-0.021544,-0.019426,Oct-16,A,0,0
13407,2012/5/18,2025/12/31,30303M10,30303M10,Q,FACEBOOK INC; COM A; CONS,CORP,EQTY,NS,Y,FB,54084,7375,519130,TECH,FACEBOOK INC,201611,2016/11/30,118.42,277200496.5,130.99,306624666.8,-0.095962,-0.095962,654772992,2340825,0.040488,0.034175,Nov-16,A,0,0
13407,2012/5/18,2025/12/31,30303M10,30303M10,Q,FACEBOOK INC; COM A; CONS,CORP,EQTY,NS,Y,FB,54084,7375,519130,TECH,FACEBOOK INC,201612,2016/12/30,115.05,270827700,118.42,277200496.5,-0.028458,-0.028458,408744607,2354000,0.018763,0.018201,Dec-16,A,0,0
13407,2012/5/18,2025/12/31,30303M10,30303M10,Q,FACEBOOK INC; COM A; CONS,CORP,EQTY,NS,Y,FB,54084,7375,519130,TECH,FACEBOOK INC,201701,2017/1/31,130.32,306925493.8,115.05,270827700,0.132725,0.132725,379023930,2355168,0.022153,0.017884,Jan-17,A,6,6
13407,2012/5/18,2025/12/31,30303M10,30303M10,Q,FACEBOOK INC; COM A; CONS,CORP,EQTY,NS,Y,FB,54084,7375,519130,TECH,FACEBOOK INC,201702,2017/2/28,135.54,319219470.7,130.32,306925493.8,0.040055,0.040055,385202002,2355168,0.032598,0.037198,Feb-17,A,1,1
13407,2012/5/18,2025/12/31,30303M10,30303M10,Q,FACEBOOK INC; COM A; CONS,CORP,EQTY,NS,Y,FB,54084,7375,519130,TECH,FACEBOOK INC,201703,2017/3/31,142.05,335854497,135.54,319219470.7,0.04803,0.04803,342167491,2364340,0.002062,-0.000389,Mar-17,A,4,4
13407,2012/5/18,2025/12/31,30303M10,30303M10,Q,FACEBOOK INC; COM A; CONS,CORP,EQTY,NS,Y,FB,54084,7375,519130,TECH,FACEBOOK INC,201704,2017/4/28,150.25,355242085,142.05,335854497,0.057726,0.057726,275954334,2364340,0.009655,0.009091,Apr-17,A,4,4
13407,2012/5/18,2025/12/31,30303M10,30303M10,Q,FACEBOOK INC; COM A; CONS,CORP,EQTY,NS,Y,FB,54084,7375,519130,TECH,FACEBOOK INC,201705,2017/5/31,151.46,358170033.2,150.25,355242085,0.008053,0.008053,403743010,2364783,0.009335,0.011576,May-17,A,6,6
13407,2012/5/18,2025/12/31,30303M10,30303M10,Q,FACEBOOK INC; COM A; CONS,CORP,EQTY,NS,Y,FB,54084,7375,519130,TECH,FACEBOOK INC,201706,2017/6/30,150.98,357671620,151.46,358170033.2,-0.003169,-0.003169,415159502,2369000,0.009571,0.004814,Jun-17,A,6,6
13407,2012/5/18,2025/12/31,30303M10,30303M10,Q,FACEBOOK INC; COM A; CONS,CORP,EQTY,NS,Y,FB,54084,7375,519130,TECH,FACEBOOK INC,201707,2017/7/31,169.25,401178860.3,150.98,357671620,0.121009,0.121009,420435280,2370333,0.020277,0.019349,Jul-17,A,3,3
13407,2012/5/18,2025/12/31,30303M10,30303M10,Q,FACEBOOK INC; COM A; CONS,CORP,EQTY,NS,Y,FB,54084,7375,519130,TECH,FACEBOOK INC,201708,2017/8/31,171.97,407626166,169.25,401178860.3,0.016071,0.016071,303804742,2370333,0.0016,0.000546,Aug-17,A,4,4
13407,2012/5/18,2025/12/31,30303M10,30303M10,Q,FACEBOOK INC; COM A; CONS,CORP,EQTY,NS,Y,FB,54084,7375,519130,TECH,FACEBOOK INC,201709,2017/9/29,170.87,407524950,171.97,407626166,-0.006396,-0.006396,304839579,2385000,0.023729,0.019303,Sep-17,A,2,2
13407,2012/5/18,2025/12/31,30303M10,30303M10,Q,FACEBOOK INC; COM A; CONS,CORP,EQTY,NS,Y,FB,54084,7375,519130,TECH,FACEBOOK INC,201710,2017/10/31,180.06,429406727.9,170.87,407524950,0.053784,0.053784,318541904,2384798,0.019275,0.022188,Oct-17,A,6,6
13407,2012/5/18,2025/12/31,30303M10,30303M10,Q,FACEBOOK INC; COM A; CONS,CORP,EQTY,NS,Y,FB,54084,7375,519130,TECH,FACEBOOK INC,201711,2017/11/30,177.18,422538509.6,180.06,429406727.9,-0.015995,-0.015995,351238720,2384798,0.027231,0.028083,Nov-17,A,7,7
13407,2012/5/18,2025/12/31,30303M10,30303M10,Q,FACEBOOK INC; COM A; CONS,CORP,EQTY,NS,Y,FB,54084,7375,519130,TECH,FACEBOOK INC,201712,2017/12/29,176.46,422974620,177.18,422538509.6,-0.004064,-0.004064,317206838,2397000,0.012122,0.009832,Dec-17,A,5,5
13407,2012/5/18,2025/12/31,30303M10,30303M10,Q,FACEBOOK INC; COM A; CONS,CORP,EQTY,NS,Y,FB,54084,7375,519130,TECH,FACEBOOK INC,201801,2018/1/31,186.89,447773862.6,176.46,422974620,0.059107,0.059107,495936571,2395922,0.050577,0.056179,Jan-18,A,2,2
13407,2012/5/18,2025/12/31,30303M10,30303M10,Q,FACEBOOK INC; COM A; CONS,CORP,EQTY,NS,Y,FB,54084,7375,519130,TECH,FACEBOOK INC,201802,2018/2/28,178.32,427240811,186.89,447773862.6,-0.045856,-0.045856,516900884,2395922,-0.039454,-0.038947,Feb-18,A,8,8
13407,2012/5/18,2025/12/31,30303M10,30303M10,Q,FACEBOOK INC; COM A; CONS,CORP,EQTY,NS,Y,FB,54084,7375,519130,TECH,FACEBOOK INC,201803,2018/3/29,159.79,384443874.3,178.32,427240811,-0.103914,-0.103914,997230326,2405932,-0.018421,-0.026884,Mar-18,A,8,8
13407,2012/5/18,2025/12/31,30303M10,30303M10,Q,FACEBOOK INC; COM A; CONS,CORP,EQTY,NS,Y,FB,54084,7375,519130,TECH,FACEBOOK INC,201804,2018/4/30,172,412560232,159.79,384443874.3,0.076413,0.076413,754227593,2398606,0.004679,0.002719,Apr-18,A,10,8
13407,2012/5/18,2025/12/31,30303M10,30303M10,Q,FACEBOOK INC; COM A; CONS,CORP,EQTY,NS,Y,FB,54084,7375,519130,TECH,FACEBOOK INC,201805,2018/5/31,191.78,460004658.7,172,412560232,0.115,0.115,401022656,2398606,0.026146,0.021608,May-18,A,8,8
13407,2012/5/18,2025/12/31,30303M10,30303M10,Q,FACEBOOK INC; COM A; CONS,CORP,EQTY,NS,Y,FB,54084,7375,519130,TECH,FACEBOOK INC,201806,2018/6/29,194.32,468894160,191.78,460004658.7,0.013244,0.013244,387557753,2413000,0.005359,0.004842,Jun-18,A,15,13
13407,2012/5/18,2025/12/31,30303M10,30303M10,Q,FACEBOOK INC; COM A; CONS,CORP,EQTY,NS,Y,FB,54084,7375,519130,TECH,FACEBOOK INC,201807,2018/7/31,172.58,416207734.4,194.32,468894160,-0.111877,-0.111877,652710398,2411680,0.031573,0.036022,Jul-18,A,13,13
13407,2012/5/18,2025/12/31,30303M10,30303M10,Q,FACEBOOK INC; COM A; CONS,CORP,EQTY,NS,Y,FB,54084,7375,519130,TECH,FACEBOOK INC,201808,2018/8/31,175.73,423804526.4,172.58,416207734.4,0.018252,0.018252,549618897,2411680,0.030226,0.030263,Aug-18,A,10,10
13407,2012/5/18,2025/12/31,30303M10,30303M10,Q,FACEBOOK INC; COM A; CONS,CORP,EQTY,NS,Y,FB,54084,7375,519130,TECH,FACEBOOK INC,201809,2018/9/28,164.46,395032920,175.73,423804526.4,-0.064132,-0.064132,500274266,2402000,0.000425,0.004294,Sep-18,A,7,7
13407,2012/5/18,2025/12/31,30303M10,30303M10,Q,FACEBOOK INC; COM A; CONS,CORP,EQTY,NS,Y,FB,54084,7375,519130,TECH,FACEBOOK INC,201810,2018/10/31,151.79,364670314.1,164.46,395032920,-0.07704,-0.07704,611675713,2402466,-0.074045,-0.069403,Oct-18,A,9,9
13407,2012/5/18,2025/12/31,30303M10,30303M10,Q,FACEBOOK INC; COM A; CONS,CORP,EQTY,NS,Y,FB,54084,7375,519130,TECH,FACEBOOK INC,201811,2018/11/30,140.61,337810744.3,151.79,364670314.1,-0.073654,-0.073654,518306869,2402466,0.018512,0.017859,Nov-18,A,17,16
13407,2012/5/18,2025/12/31,30303M10,30303M10,Q,FACEBOOK INC; COM A; CONS,CORP,EQTY,NS,Y,FB,54084,7375,519130,TECH,FACEBOOK INC,201812,2018/12/31,131.09,314939267.9,140.61,337810744.3,-0.067705,-0.067705,559726356,2402466,-0.08989,-0.091777,Dec-18,A,11,11
13407,2012/5/18,2025/12/31,30303M10,30303M10,Q,FACEBOOK INC; COM A; CONS,CORP,EQTY,NS,Y,FB,54084,7375,519130,TECH,FACEBOOK INC,201901,2019/1/31,166.69,397644662.5,131.09,314939267.9,0.271569,0.271569,529240669,2385534,0.088294,0.078684,Jan-19,A,9,6
13407,2012/5/18,2025/12/31,30303M10,30303M10,Q,FACEBOOK INC; COM A; CONS,CORP,EQTY,NS,Y,FB,54084,7375,519130,TECH,FACEBOOK INC,201902,2019/2/28,161.45,385144464.3,166.69,397644662.5,-0.031436,-0.031436,302151084,2385534,0.032724,0.029729,Feb-19,A,14,14
13407,2012/5/18,2025/12/31,30303M10,30303M10,Q,FACEBOOK INC; COM A; CONS,CORP,EQTY,NS,Y,FB,54084,7375,519130,TECH,FACEBOOK INC,201903,2019/3/29,166.69,400735761.8,161.45,385144464.3,0.032456,0.032456,388536074,2404078,0.012962,0.017924,Mar-19,A,10,10
13407,2012/5/18,2025/12/31,30303M10,30303M10,Q,FACEBOOK INC; COM A; CONS,CORP,EQTY,NS,Y,FB,54084,7375,519130,TECH,FACEBOOK INC,201904,2019/4/30,193.4,464651816.2,166.69,400735761.8,0.160238,0.160238,382266843,2402543,0.037893,0.039313,Apr-19,A,13,12
13407,2012/5/18,2025/12/31,30303M10,30303M10,Q,FACEBOOK INC; COM A; CONS,CORP,EQTY,NS,Y,FB,54084,7375,519130,TECH,FACEBOOK INC,201905,2019/5/31,177.47,426379306.2,193.4,464651816.2,-0.082368,-0.082368,286792923,2402543,-0.061679,-0.065778,May-19,A,13,13
13407,2012/5/18,2025/12/31,30303M10,30303M10,Q,FACEBOOK INC; COM A; CONS,CORP,EQTY,NS,Y,FB,54084,7375,519130,TECH,FACEBOOK INC,201906,2019/6/28,193,464551000,177.47,426379306.2,0.087508,0.087508,426582626,2407000,0.067279,0.06893,Jun-19,A,27,27
13407,2012/5/18,2025/12/31,30303M10,30303M10,Q,FACEBOOK INC; COM A; CONS,CORP,EQTY,NS,Y,FB,54084,7375,519130,TECH,FACEBOOK INC,201907,2019/7/31,194.23,467263578.3,193,464551000,0.006373,0.006373,351147080,2405723,0.011854,0.013128,Jul-19,A,12,11
13407,2012/5/18,2025/12/31,30303M10,30303M10,Q,FACEBOOK INC; COM A; CONS,CORP,EQTY,NS,Y,FB,54084,7375,519130,TECH,FACEBOOK INC,201908,2019/8/30,185.67,446670589.4,194.23,467263578.3,-0.044071,-0.044071,295099172,2405723,-0.020339,-0.018092,Aug-19,A,8,8
13407,2012/5/18,2025/12/31,30303M10,30303M10,Q,FACEBOOK INC; COM A; CONS,CORP,EQTY,NS,Y,FB,54084,7373,541512,TECH,FACEBOOK INC,201909,2019/9/30,178.08,428816640,185.67,446670589.4,-0.040879,-0.040879,267432785,2408000,0.016033,0.017181,Sep-19,A,29,28
13407,2012/5/18,2025/12/31,30303M10,30303M10,Q,FACEBOOK INC; COM A; CONS,CORP,EQTY,NS,Y,FB,54084,7373,541512,TECH,FACEBOOK INC,201910,2019/10/31,191.65,461199592.2,178.08,428816640,0.076202,0.076202,330024699,2406468,0.019257,0.020432,Oct-19,A,30,28
13407,2012/5/18,2025/12/31,30303M10,30303M10,Q,FACEBOOK INC; COM A; CONS,CORP,EQTY,NS,Y,FB,54084,7373,541512,TECH,FACEBOOK INC,201911,2019/11/29,201.64,485240207.5,191.65,461199592.2,0.052126,0.052126,259143512,2406468,0.034999,0.034047,Nov-19,A,27,26
13407,2012/5/18,2025/12/31,30303M10,30303M10,Q,FACEBOOK INC; COM A; CONS,CORP,EQTY,NS,Y,FB,54084,7373,541512,TECH,FACEBOOK INC,201912,2019/12/31,205.25,494036750,201.64,485240207.5,0.017903,0.017903,277763907,2407000,0.028489,0.02859,Dec-19,A,19,18
13407,2012/5/18,2025/12/31,30303M10,30303M10,Q,FACEBOOK INC; COM A; CONS,CORP,EQTY,NS,Y,FB,54084,7375,519190,TECH,FACEBOOK INC,202001,2020/1/31,201.91,485744174.9,205.25,494036750,-0.016273,-0.016273,348712179,2405746,-0.001728,-0.001628,Jan-20,A,13,13
13407,2012/5/18,2025/12/31,30303M10,30303M10,Q,FACEBOOK INC; COM A; CONS,CORP,EQTY,NS,Y,FB,54084,7375,519190,TECH,FACEBOOK INC,202002,2020/2/28,192.47,463033932.6,201.91,485744174.9,-0.046754,-0.046754,317640996,2405746,-0.077918,-0.08411,Feb-20,A,30,29
13407,2012/5/18,2025/12/31,30303M10,30303M10,Q,FACEBOOK INC; COM A; CONS,CORP,EQTY,NS,Y,FB,54084,7375,519190,TECH,FACEBOOK INC,202003,2020/3/31,166.8,401320800,192.47,463033932.6,-0.133371,-0.133371,648298783,2406000,-0.141733,-0.125119,Mar-20,A,16,15
13407,2012/5/18,2025/12/31,30303M10,30303M10,Q,FACEBOOK INC; COM A; CONS,CORP,EQTY,NS,Y,FB,54084,7375,519190,TECH,FACEBOOK INC,202004,2020/4/30,204.71,492235839.9,166.8,401320800,0.227278,0.227278,540491236,2404552,0.129674,0.126844,Apr-20,A,29,25
13407,2012/5/18,2025/12/31,30303M10,30303M10,Q,FACEBOOK INC; COM A; CONS,CORP,EQTY,NS,Y,FB,54084,7375,519190,TECH,FACEBOOK INC,202005,2020/5/29,225.09,542122062.1,204.71,492235839.9,0.099555,0.099555,508613605,2408468,0.053739,0.045282,May-20,A,21,21
13407,2012/5/18,2025/12/31,30303M10,30303M10,Q,FACEBOOK INC; COM A; CONS,CORP,EQTY,NS,Y,FB,54084,7375,519190,TECH,FACEBOOK INC,202006,2020/6/30,227.07,546330420,225.09,542122062.1,0.008796,0.008796,546686723,2406000,0.025299,0.018388,Jun-20,A,51,51
13407,2012/5/18,2025/12/31,30303M10,30303M10,Q,FACEBOOK INC; COM A; CONS,CORP,EQTY,NS,Y,FB,54084,7375,519190,TECH,FACEBOOK INC,202007,2020/7/31,253.67,609894214.9,227.07,546330420,0.117144,0.117144,516546923,2404282,0.055532,0.055101,Jul-20,A,35,34
13407,2012/5/18,2025/12/31,30303M10,30303M10,Q,FACEBOOK INC; COM A; CONS,CORP,EQTY,NS,Y,FB,54084,7375,519190,TECH,FACEBOOK INC,202008,2020/8/31,293.2,704935482.4,253.67,609894214.9,0.155832,0.155832,573656494,2404282,0.068442,0.070065,Aug-20,A,23,21
13407,2012/5/18,2025/12/31,30303M10,30303M10,Q,FACEBOOK INC; COM A; CONS,CORP,EQTY,NS,Y,FB,54084,7375,519190,TECH,FACEBOOK INC,202009,2020/9/30,261.9,630131400,293.2,704935482.4,-0.106753,-0.106753,497882694,2406000,-0.035056,-0.039228,Sep-20,A,12,12
13407,2012/5/18,2025/12/31,30303M10,30303M10,Q,FACEBOOK INC; COM A; CONS,CORP,EQTY,NS,Y,FB,54084,7375,519190,TECH,FACEBOOK INC,202010,2020/10/30,263.11,632508283.6,261.9,630131400,0.00462,0.00462,453840585,2403969,-0.020178,-0.027666,Oct-20,A,47,43
13407,2012/5/18,2025/12/31,30303M10,30303M10,Q,FACEBOOK INC; COM A; CONS,CORP,EQTY,NS,Y,FB,54084,7375,519190,TECH,FACEBOOK INC,202011,2020/11/30,276.97,665827293.9,263.11,632508283.6,0.052678,0.052678,356035420,2403969,0.123707,0.107546,Nov-20,A,24,24
13407,2012/5/18,2025/12/31,30303M10,30303M10,Q,FACEBOOK INC; COM A; CONS,CORP,EQTY,NS,Y,FB,54084,7375,519190,TECH,FACEBOOK INC,202012,2020/12/31,273.16,657222960,276.97,665827293.9,-0.013756,-0.013756,364073987,2406000,0.045048,0.037121,Dec-20,A,21,20
13407,2012/5/18,2025/12/31,30303M10,30303M10,Q,FACEBOOK INC; COM A; CONS,CORP,EQTY,NS,Y,FB,54084,7375,519190,TECH,FACEBOOK INC,202101,2021/1/29,258.33,621399381.8,273.16,657222960,-0.054291,-0.054291,451621730,2405448,-0.000631,-0.011137,Jan-21,A,25,20
13407,2012/5/18,2025/12/31,30303M10,30303M10,Q,FACEBOOK INC; COM A; CONS,CORP,EQTY,NS,Y,FB,54084,7375,519190,TECH,FACEBOOK INC,202102,2021/2/26,257.62,619691513.8,258.33,621399381.8,-0.002748,-0.002748,316716724,2405448,0.029196,0.026091,Feb-21,A,30,29
13407,2012/5/18,2025/12/31,30303M10,30303M10,Q,FACEBOOK INC; COM A; CONS,CORP,EQTY,NS,Y,FB,54084,7375,519190,TECH,FACEBOOK INC,202103,2021/3/31,294.53,707230737.5,257.62,619691513.8,0.143273,0.143273,496143874,2401218,0.030573,0.042439,Mar-21,A,28,28
13407,2012/5/18,2025/12/31,30303M10,30303M10,Q,FACEBOOK INC; COM A; CONS,CORP,EQTY,NS,Y,FB,54084,7375,519190,TECH,FACEBOOK INC,202104,2021/4/30,325.08,778906958.8,294.53,707230737.5,0.103725,0.103725,420531706,2396047,0.04819,0.052425,Apr-21,A,40,39
13407,2012/5/18,2025/12/31,30303M10,30303M10,Q,FACEBOOK INC; COM A; CONS,CORP,EQTY,NS,Y,FB,54084,7375,519190,TECH,FACEBOOK INC,202105,2021/5/28,328.73,787652530.3,325.08,778906958.8,0.011228,0.011228,352740078,2396047,0.007092,0.005486,May-21,A,15,15
13407,2012/5/18,2025/12/31,30303M10,30303M10,Q,FACEBOOK INC; COM A; CONS,CORP,EQTY,NS,Y,FB,54084,7375,519190,TECH,FACEBOOK INC,202106,2021/6/30,347.71,830679190,328.73,787652530.3,0.057737,0.057737,344144838,2389000,0.023422,0.022214,Jun-21,A,35,34
13407,2012/5/18,2025/12/31,30303M10,30303M10,Q,FACEBOOK INC; COM A; CONS,CORP,EQTY,NS,Y,FB,54084,7375,519190,TECH,FACEBOOK INC,202107,2021/7/30,356.3,849352215.6,347.71,830679190,0.024704,0.024704,334213513,2383812,0.011828,0.022748,Jul-21,A,23,23
13407,2012/5/18,2025/12/31,30303M10,30303M10,Q,FACEBOOK INC; COM A; CONS,CORP,EQTY,NS,Y,FB,54084,7375,519190,TECH,FACEBOOK INC,202108,2021/8/31,379.38,904370596.6,356.3,849352215.6,0.064777,0.064777,225948363,2383812,0.027146,0.02899,Aug-21,A,8,8
13407,2012/5/18,2025/12/31,30303M10,30303M10,Q,FACEBOOK INC; COM A; CONS,CORP,EQTY,NS,Y,FB,54084,7375,519190,TECH,FACEBOOK INC,202109,2021/9/30,339.39,806390640,379.38,904370596.6,-0.105409,-0.105409,336923669,2376000,-0.042243,-0.047569,Sep-21,A,14,13
13407,2012/5/18,2025/12/31,30303M10,30303M10,Q,FACEBOOK INC; COM A; CONS,CORP,EQTY,NS,Y,FB,54084,7375,519190,TECH,FACEBOOK INC,202110,2021/10/29,323.57,765656572.5,339.39,806390640,-0.046613,-0.046613,584665399,2366278,0.064651,0.069144,Oct-21,A,29,29
13407,2012/5/18,2025/12/31,30303M10,30303M10,Q,META PLATFORMS INC; COM A; CONS,CORP,EQTY,NS,Y,FB,54084,7375,519190,TECH,META PLATFORMS INC,202111,2021/11/30,324.46,767762559.9,323.57,765656572.5,0.002751,0.002751,436541577,2366278,-0.018351,-0.008334,Nov-21,A,16,16
13407,2012/5/18,2025/12/31,30303M10,30303M10,Q,META PLATFORMS INC; COM A; CONS,CORP,EQTY,NS,Y,FB,54084,7375,519190,TECH,META PLATFORMS INC,202112,2021/12/31,336.35,783022800,324.46,767762559.9,0.036646,0.036646,436354386,2328000,0.033341,0.043613,Dec-21,A,6,5
13407,2012/5/18,2025/12/31,30303M10,30303M10,Q,META PLATFORMS INC; COM A; CONS,CORP,EQTY,NS,Y,FB,54084,7375,519190,TECH,META PLATFORMS INC,202201,2022/1/31,313.26,723342400.8,336.35,783022800,-0.068649,-0.068649,425220522,2309080,-0.059822,-0.052585,Jan-22,A,4,3
13407,2012/5/18,2025/12/31,30303M10,30303M10,Q,META PLATFORMS INC; COM A; CONS,CORP,EQTY,NS,Y,FB,54084,7375,519190,TECH,META PLATFORMS INC,202202,2022/2/28,211.03,487285152.4,313.26,723342400.8,-0.326342,-0.326342,1122036699,2309080,-0.021838,-0.03136,Feb-22,A,4,2
13407,2012/5/18,2025/12/31,30303M10,30303M10,Q,META PLATFORMS INC; COM A; CONS,CORP,EQTY,NS,Y,FB,54084,7375,519190,TECH,META PLATFORMS INC,202203,2022/3/31,222.36,511906296.4,211.03,487285152.4,0.053689,0.053689,731561636,2302151,0.030506,0.035773,Mar-22,A,0,0
13407,2012/5/18,2025/12/31,30303M10,30303M10,Q,META PLATFORMS INC; COM A; CONS,CORP,EQTY,NS,Y,FB,54084,7375,519190,TECH,META PLATFORMS INC,202204,2022/4/29,200.47,459781753.9,222.36,511906296.4,-0.098444,-0.098444,670541765,2293519,-0.089387,-0.087957,Apr-22,A,4,3
13407,2012/5/18,2025/12/31,30303M10,30303M10,Q,META PLATFORMS INC; COM A; CONS,CORP,EQTY,NS,Y,FB,54084,7375,519190,TECH,META PLATFORMS INC,202205,2022/5/31,193.64,444117019.2,200.47,459781753.9,-0.03407,-0.03407,680191214,2293519,-0.002113,5.30E-05,May-22,A,1,1
13407,2012/5/18,2025/12/31,30303M10,30303M10,Q,META PLATFORMS INC; COM A; CONS,CORP,EQTY,NS,Y,META,54084,7375,519190,TECH,META PLATFORMS INC,202206,2022/6/30,161.25,369262500,193.64,444117019.2,-0.167269,-0.167269,685004534,2290000,-0.083997,-0.08392,Jun-22,A,3,2
13407,2012/5/18,2025/12/31,30303M10,30303M10,Q,META PLATFORMS INC; COM A; CONS,CORP,EQTY,NS,Y,META,54084,7375,519190,TECH,META PLATFORMS INC,202207,2022/7/29,159.1,362854915.2,161.25,369262500,-0.013333,-0.013333,585419488,2280672,0.090351,0.091116,Jul-22,A,4,4
13407,2012/5/18,2025/12/31,30303M10,30303M10,Q,META PLATFORMS INC; COM A; CONS,CORP,EQTY,NS,Y,META,54084,7375,519190,TECH,META PLATFORMS INC,202208,2022/8/31,162.93,371589889,159.1,362854915.2,0.024073,0.024073,551655867,2280672,-0.036233,-0.04244,Aug-22,A,1,1
13407,2012/5/18,2025/12/31,30303M10,30303M10,Q,META PLATFORMS INC; COM A; CONS,CORP,EQTY,NS,Y,META,54084,7375,519190,TECH,META PLATFORMS INC,202209,2022/9/30,135.68,306908160,162.93,371589889,-0.16725,-0.16725,634161500,2262000,-0.091323,-0.093396,Sep-22,A,0,0
13407,2012/5/18,2025/12/31,30303M10,30303M10,Q,META PLATFORMS INC; COM A; CONS,CORP,EQTY,NS,Y,META,54084,7375,519190,TECH,META PLATFORMS INC,202210,2022/10/31,93.16,209486283.5,135.68,306908160,-0.313384,-0.313384,1113260993,2248672,0.077394,0.079863,Oct-22,A,0,0
13407,2012/5/18,2025/12/31,30303M10,30303M10,Q,META PLATFORMS INC; COM A; CONS,CORP,EQTY,NS,Y,META,54084,7375,519190,TECH,META PLATFORMS INC,202211,2022/11/30,118.1,265568163.2,93.16,209486283.5,0.267711,0.267711,1063530389,2248672,0.052354,0.053753,Nov-22,A,1,1
13407,2012/5/18,2025/12/31,30303M10,30303M10,Q,META PLATFORMS INC; COM A; CONS,CORP,EQTY,NS,Y,META,54084,7375,519190,TECH,META PLATFORMS INC,202212,2022/12/30,120.34,270403980,118.1,265568163.2,0.018967,0.018967,652529299,2247000,-0.05712,-0.058971,Dec-22,A,1,1
13407,2012/5/18,2025/12/31,30303M10,30303M10,Q,META PLATFORMS INC; COM A; CONS,CORP,EQTY,NS,Y,META,54084,7375,519190,TECH,META PLATFORMS INC,202301,2023/1/31,148.97,331571914.1,120.34,270403980,0.237909,0.237909,548875214,2225763,0.071823,0.061753,Jan-23,A,7,4
13407,2012/5/18,2025/12/31,30303M10,30303M10,Q,META PLATFORMS INC; COM A; CONS,CORP,EQTY,NS,Y,META,54084,7375,519190,TECH,META PLATFORMS INC,202302,2023/2/28,174.94,389374979.2,148.97,331571914.1,0.17433,0.17433,771050096,2225763,-0.024666,-0.026112,Feb-23,A,1,1
13407,2012/5/18,2025/12/31,30303M10,30303M10,Q,META PLATFORMS INC; COM A; CONS,CORP,EQTY,NS,Y,META,54084,7375,519190,TECH,META PLATFORMS INC,202303,2023/3/31,211.94,469585072.9,174.94,389374979.2,0.211501,0.211501,688507323,2215651,0.02395,0.035052,Mar-23,A,0,0
13407,2012/5/18,2025/12/31,30303M10,30303M10,Q,META PLATFORMS INC; COM A; CONS,CORP,EQTY,NS,Y,META,54084,7375,519290,TECH,META PLATFORMS INC,202304,2023/4/28,240.32,531624609,211.94,469585072.9,0.133906,0.133906,445423669,2212153,0.008976,0.014642,Apr-23,A,2,2
13407,2012/5/18,2025/12/31,30303M10,30303M10,Q,META PLATFORMS INC; COM A; CONS,CORP,EQTY,NS,Y,META,54084,7375,519290,TECH,META PLATFORMS INC,202305,2023/5/31,264.72,585601142.2,240.32,531624609,0.101531,0.101531,486076455,2212153,0.000709,0.002482,May-23,A,0,0
13407,2012/5/18,2025/12/31,30303M10,30303M10,Q,META PLATFORMS INC; COM A; CONS,CORP,EQTY,NS,Y,META,54084,7375,519290,TECH,META PLATFORMS INC,202306,2023/6/30,286.98,637669560,264.72,585601142.2,0.084089,0.084089,479833615,2222000,0.066183,0.064727,Jun-23,A,2,1
13407,2012/5/18,2025/12/31,30303M10,30303M10,Q,META PLATFORMS INC; COM A; CONS,CORP,EQTY,NS,Y,META,54084,7375,519290,TECH,META PLATFORMS INC,202307,2023/7/31,318.6,708114943.8,286.98,637669560,0.110182,0.110182,623554493,2222583,0.035617,0.031139,Jul-23,A,1,1
13407,2012/5/18,2025/12/31,30303M10,30303M10,Q,META PLATFORMS INC; COM A; CONS,CORP,EQTY,NS,Y,META,54084,7375,519290,TECH,META PLATFORMS INC,202308,2023/8/31,295.89,657640083.9,318.6,708114943.8,-0.071281,-0.071281,422841304,2222583,-0.020608,-0.017716,Aug-23,A,1,1
13407,2012/5/18,2025/12/31,30303M10,30303M10,Q,META PLATFORMS INC; COM A; CONS,CORP,EQTY,NS,Y,META,54084,7375,519290,TECH,META PLATFORMS INC,202309,2023/9/29,300.21,666766410,295.89,657640083.9,0.0146,0.0146,405357014,2221000,-0.047391,-0.048719,Sep-23,A,0,0
13407,2012/5/18,2025/12/31,30303M10,30303M10,Q,META PLATFORMS INC; COM A; CONS,CORP,EQTY,NS,Y,META,54084,7375,519290,NOAVAIL,META PLATFORMS INC,202310,2023/10/31,301.27,668701000.9,300.21,666766410,0.003531,0.003531,510327608,2219607,-0.028865,-0.02198,Oct-23,A,0,0
13407,2012/5/18,2025/12/31,30303M10,30303M10,Q,META PLATFORMS INC; COM A; CONS,CORP,EQTY,NS,Y,META,54084,7375,519290,NOAVAIL,META PLATFORMS INC,202311,2023/11/30,327.15,726144430.1,301.27,668701000.9,0.085903,0.085903,326781210,2219607,0.092053,0.089179,Nov-23,A,0,0
13407,2012/5/18,2025/12/31,30303M10,30303M10,Q,META PLATFORMS INC; COM A; CONS,CORP,EQTY,NS,Y,META,54084,7375,519290,NOAVAIL,META PLATFORMS INC,202312,2023/12/29,353.96,782605560,327.15,726144430.1,0.08195,0.08195,331360428,2211000,0.053603,0.044229,Dec-23,A,1,1
13407,2012/5/18,2025/12/31,30303M10,30303M10,Q,META PLATFORMS INC; COM A; CONS,CORP,EQTY,NS,Y,META,54084,7375,519290,NOAVAIL,META PLATFORMS INC,202401,2024/1/31,390.14,858327116.9,353.96,782605560,0.102215,0.102215,342892069,2200049,0.00756,0.015896,Jan-24,A,2,2
13407,2012/5/18,2025/12/31,30303M10,30303M10,Q,META PLATFORMS INC; COM A; CONS,CORP,EQTY,NS,Y,META,54084,7375,519290,NOAVAIL,META PLATFORMS INC,202402,2024/2/29,490.13,1078310016,390.14,858327116.9,0.257635,0.256293,460742638,2200049,0.050583,0.051721,Feb-24,A,0,0
13407,2012/5/18,2025/12/31,30303M10,30303M10,Q,META PLATFORMS INC; COM A; CONS,CORP,EQTY,NS,Y,META,54084,7375,519290,NOAVAIL,META PLATFORMS INC,202403,2024/3/28,485.58,1064391360,490.13,1078310016,-0.009283,-0.009283,276297413,2192000,0.03245,0.031019,Mar-24,A,0,0
13407,2012/5/18,2025/12/31,30303M10,30303M10,Q,META PLATFORMS INC; COM A; CONS,CORP,EQTY,NS,Y,META,54084,7375,519290,NOAVAIL,META PLATFORMS INC,202404,2024/4/30,430.17,942694325.8,485.58,1064391360,-0.114111,-0.114111,432742157,2191446,-0.042724,-0.041615,Apr-24,A,0,0
13407,2012/5/18,2025/12/31,30303M10,30303M10,Q,META PLATFORMS INC; COM A; CONS,CORP,EQTY,NS,Y,META,54084,7375,519290,NOAVAIL,META PLATFORMS INC,202405,2024/5/31,466.83,1023032736,430.17,942694325.8,0.085222,0.085222,278540875,2191446,0.046552,0.048021,May-24,A,1,1
13407,2012/5/18,2025/12/31,30303M10,30303M10,Q,META PLATFORMS INC; COM A; CONS,CORP,EQTY,NS,Y,META,54084,7375,519290,NOAVAIL,META PLATFORMS INC,202406,2024/6/28,504.22,1103233360,466.83,1023032736,0.081165,0.080093,225664324,2188000,0.026073,0.03467,Jun-24,A,0,0
13407,2012/5/18,2025/12/31,30303M10,30303M10,Q,META PLATFORMS INC; COM A; CONS,CORP,EQTY,NS,Y,META,54084,7375,519290,NOAVAIL,META PLATFORMS INC,202407,2024/7/31,474.83,1037374871,504.22,1103233360,-0.058288,-0.058288,320708849,2184729,0.019877,0.011321,Jul-24,A,2,2
13407,2012/5/18,2025/12/31,30303M10,30303M10,Q,META PLATFORMS INC; COM A; CONS,CORP,EQTY,NS,Y,META,54084,7375,519290,NOAVAIL,META PLATFORMS INC,202408,2024/8/30,521.31,1138921075,474.83,1037374871,0.097888,0.097888,320527613,2184729,0.02157,0.022835,Aug-24,A,0,0
13407,2012/5/18,2025/12/31,30303M10,30303M10,Q,META PLATFORMS INC; COM A; CONS,CORP,EQTY,NS,Y,META,54084,7375,519290,NOAVAIL,META PLATFORMS INC,202409,2024/9/30,572.44,1247919200,521.31,1138921075,0.099109,0.09808,245003581,2180000,0.02097,0.020197,Sep-24,A,0,0
13407,2012/5/18,2025/12/31,30303M10,30303M10,Q,META PLATFORMS INC; COM A; CONS,CORP,EQTY,NS,Y,META,54084,7375,519290,NOAVAIL,META PLATFORMS INC,202410,2024/10/31,567.58,1237324968,572.44,1247919200,-0.00849,-0.00849,263653588,2180001,-0.008299,-0.009897,Oct-24,A,1,1
13407,2012/5/18,2025/12/31,30303M10,30303M10,Q,META PLATFORMS INC; COM A; CONS,CORP,EQTY,NS,Y,META,54084,7375,519290,NOAVAIL,META PLATFORMS INC,202411,2024/11/29,574.32,1252018174,567.58,1237324968,0.011875,0.011875,235982322,2180001,0.064859,0.057301,Nov-24,A,0,0
13407,2012/5/18,2025/12/31,30303M10,30303M10,Q,META PLATFORMS INC; COM A; CONS,CORP,EQTY,NS,Y,META,54084,7375,519290,NOAVAIL,META PLATFORMS INC,202412,2024/12/31,585.51,1282266900,574.32,1252018174,0.0203,0.019484,261913966,2190000,-0.031581,-0.02499,Dec-24,A,0,0
13407,2012/5/18,2025/12/31,30303M10,30303M10,Q,META PLATFORMS INC; COM A; CONS,CORP,EQTY,NS,Y,META,54084,7375,519290,NOAVAIL,META PLATFORMS INC,202501,2025/1/31,689.18,1509233904,585.51,1282266900,0.177059,0.177059,315213183,2189898,0.032292,0.027016,Jan-25,A,1,1
13407,2012/5/18,2025/12/31,30303M10,30303M10,Q,META PLATFORMS INC; COM A; CONS,CORP,EQTY,NS,Y,META,54084,7375,519290,NOAVAIL,META PLATFORMS INC,202502,2025/2/28,668.2,1463289844,689.18,1509233904,-0.030442,-0.030442,296077491,2189898,-0.017566,-0.014242,Feb-25,A,0,0
13407,2012/5/18,2025/12/31,30303M10,30303M10,Q,META PLATFORMS INC; COM A; CONS,CORP,EQTY,NS,Y,META,54084,7375,519290,NOAVAIL,META PLATFORMS INC,202503,2025/3/31,576.36,1256464800,668.2,1463289844,-0.136699,-0.137444,360460593,2180000,-0.055123,-0.057545,Mar-25,A,0,0
13407,2012/5/18,2025/12/31,30303M10,30303M10,Q,META PLATFORMS INC; COM A; CONS,CORP,EQTY,NS,Y,META,54084,7375,519290,NOAVAIL,META PLATFORMS INC,202504,2025/4/30,549,1191960252,576.36,1256464800,-0.04747,-0.04747,447487927,2171148,-0.00361,-0.007625,Apr-25,A,1,1
13407,2012/5/18,2025/12/31,30303M10,30303M10,Q,META PLATFORMS INC; COM A; CONS,CORP,EQTY,NS,Y,META,54084,7375,519290,NOAVAIL,META PLATFORMS INC,202505,2025/5/30,647.49,1405796619,549,1191960252,0.179399,0.179399,290550510,2171148,0.061267,0.061524,May-25,A,0,0
13407,2012/5/18,2025/12/31,30303M10,30303M10,Q,META PLATFORMS INC; COM A; CONS,CORP,EQTY,NS,Y,META,54084,7375,519290,NOAVAIL,META PLATFORMS INC,202506,2025/6/30,738.09,1603869570,647.49,1405796619,0.140777,0.139925,253366724,2173000,0.049246,0.049607,Jun-25,A,0,0
13407,2012/5/18,2025/12/31,30303M10,30303M10,Q,META PLATFORMS INC; COM A; CONS,CORP,EQTY,NS,Y,META,54084,7375,519290,NOAVAIL,META PLATFORMS INC,202507,2025/7/31,773.44,1677561969,738.09,1603869570,0.047894,0.047894,271133257,2168962,0.019791,0.021667,Jul-25,A,0,0
13407,2012/5/18,2025/12/31,30303M10,30303M10,Q,META PLATFORMS INC; COM A; CONS,CORP,EQTY,NS,Y,META,54084,7375,519290,NOAVAIL,META PLATFORMS INC,202508,2025/8/29,738.7,1602212229,773.44,1677561969,-0.044916,-0.044916,223426165,2168962,0.024122,0.019066,Aug-25,A,0,0
13407,2012/5/18,2025/12/31,30303M10,30303M10,Q,META PLATFORMS INC; COM A; CONS,CORP,EQTY,NS,Y,META,54084,7375,519290,NOAVAIL,META PLATFORMS INC,202509,2025/9/30,734.38,1599479640,738.7,1602212229,-0.005166,-0.005848,232805659,2178000,0.035626,0.035324,Sep-25,A,0,0
13407,2012/5/18,2025/12/31,30303M10,30303M10,Q,META PLATFORMS INC; COM A; CONS,CORP,EQTY,NS,Y,META,54084,7375,519290,NOAVAIL,META PLATFORMS INC,202510,2025/10/31,648.35,1412034333,734.38,1599479640,-0.117146,-0.117146,408571089,2177889,0.019284,0.022687,Oct-25,A,1,1
13407,2012/5/18,2025/12/31,30303M10,30303M10,Q,META PLATFORMS INC; COM A; CONS,CORP,EQTY,NS,Y,META,54084,7375,519290,NOAVAIL,META PLATFORMS INC,202511,2025/11/28,647.95,1411163178,648.35,1412034333,-0.000617,-0.000617,411015944,2177889,0.001997,0.0013,Nov-25,A,1,0
13407,2012/5/18,2025/12/31,30303M10,30303M10,Q,META PLATFORMS INC; COM A; CONS,CORP,EQTY,NS,Y,META,54084,7375,519290,NOAVAIL,META PLATFORMS INC,202512,2025/12/31,660.09,1437602750,647.95,1411163178,0.019562,0.018736,330734850,2177889,0.001297,-0.000524,Dec-25,A,0,0
14593,1980/12/12,2025/12/31,3783310,3783310,Q,APPLE INC; COM NONE; CONS,CORP,EQTY,NS,Y,AAPL,7,3571,334111,TECH,APPLE INC,201001,2010/1/29,192.063,174161768.1,210.732,190982618.4,-0.088591,-0.088591,557589877,906795,-0.037172,-0.036974,Jan-10,A,0,0
14593,1980/12/12,2025/12/31,3783310,3783310,Q,APPLE INC; COM NONE; CONS,CORP,EQTY,NS,Y,AAPL,7,3571,334111,TECH,APPLE INC,201002,2010/2/26,204.62,185548392.9,192.063,174161768.1,0.06538,0.06538,394838754,906795,0.034744,0.028514,Feb-10,A,0,0
14593,1980/12/12,2025/12/31,3783310,3783310,Q,APPLE INC; COM NONE; CONS,CORP,EQTY,NS,Y,AAPL,7,3571,334111,TECH,APPLE INC,201003,2010/3/31,235,213764460,204.62,185548392.9,0.14847,0.14847,445105831,909636,0.063668,0.058796,Mar-10,A,0,0
14593,1980/12/12,2025/12/31,3783310,3783310,Q,APPLE INC; COM NONE; CONS,CORP,EQTY,NS,Y,AAPL,7,3571,334111,TECH,APPLE INC,201004,2010/4/30,261.09,237575712.4,235,213764460,0.111021,0.111021,453934484,909938,0.020036,0.014759,Apr-10,A,0,0
14593,1980/12/12,2025/12/31,3783310,3783310,Q,APPLE INC; COM NONE; CONS,CORP,EQTY,NS,Y,AAPL,7,3571,334111,TECH,APPLE INC,201005,2010/5/28,256.88,233744873.4,261.09,237575712.4,-0.016125,-0.016125,665642309,909938,-0.07924,-0.081976,May-10,A,0,0
14593,1980/12/12,2025/12/31,3783310,3783310,Q,APPLE INC; COM NONE; CONS,CORP,EQTY,NS,Y,AAPL,7,3571,334111,TECH,APPLE INC,201006,2010/6/30,251.53,229768127.5,256.88,233744873.4,-0.020827,-0.020827,613268372,913482,-0.05078,-0.053882,Jun-10,A,0,0
14593,1980/12/12,2025/12/31,3783310,3783310,Q,APPLE INC; COM NONE; CONS,CORP,EQTY,NS,Y,AAPL,7,3571,334111,TECH,APPLE INC,201007,2010/7/30,257.25,235014081.8,251.53,229768127.5,0.022741,0.022741,577515808,913563,0.07036,0.068778,Jul-10,A,0,0
14593,1980/12/12,2025/12/31,3783310,3783310,Q,APPLE INC; COM NONE; CONS,CORP,EQTY,NS,Y,AAPL,7,3571,334111,TECH,APPLE INC,201008,2010/8/31,243.1,222087165.3,257.25,235014081.8,-0.055005,-0.055005,355405591,913563,-0.042863,-0.047449,Aug-10,A,0,0
14593,1980/12/12,2025/12/31,3783310,3783310,Q,APPLE INC; COM NONE; CONS,CORP,EQTY,NS,Y,AAPL,7,3571,334111,TECH,APPLE INC,201009,2010/9/30,283.75,259906487.5,243.1,222087165.3,0.167215,0.167215,438768727,915970,0.091628,0.087551,Sep-10,A,0,0
14593,1980/12/12,2025/12/31,3783310,3783310,Q,APPLE INC; COM NONE; CONS,CORP,EQTY,NS,Y,AAPL,7,3571,334111,TECH,APPLE INC,201010,2010/10/29,300.98,276091060.9,283.75,259906487.5,0.060722,0.060722,452914947,917307,0.038591,0.036856,Oct-10,A,0,0
14593,1980/12/12,2025/12/31,3783310,3783310,Q,APPLE INC; COM NONE; CONS,CORP,EQTY,NS,Y,AAPL,7,3571,334111,TECH,APPLE INC,201011,2010/11/30,311.15,285420073.1,300.98,276091060.9,0.03379,0.03379,352527822,917307,0.005117,-0.00229,Nov-10,A,0,0
14593,1980/12/12,2025/12/31,3783310,3783310,Q,APPLE INC; COM NONE; CONS,CORP,EQTY,NS,Y,AAPL,7,3571,334111,TECH,APPLE INC,201012,2010/12/31,322.56,297089049.6,311.15,285420073.1,0.03667,0.03667,258017341,921035,0.067182,0.0653,Dec-10,A,0,0
14593,1980/12/12,2025/12/31,3783310,3783310,Q,APPLE INC; COM NONE; CONS,CORP,EQTY,NS,Y,AAPL,7,3571,334111,TECH,APPLE INC,201101,2011/1/31,339.32,312608051,322.56,297089049.6,0.051959,0.051959,401767260,921278,0.019183,0.022646,Jan-11,A,0,0
14593,1980/12/12,2025/12/31,3783310,3783310,Q,APPLE INC; COM NONE; CONS,CORP,EQTY,NS,Y,AAPL,7,3571,334111,TECH,APPLE INC,201102,2011/2/28,353.21,325404602.4,339.32,312608051,0.040935,0.040935,345984908,921278,0.038156,0.031957,Feb-11,A,0,0
14593,1980/12/12,2025/12/31,3783310,3783310,Q,APPLE INC; COM NONE; CONS,CORP,EQTY,NS,Y,AAPL,7,3571,334111,TECH,APPLE INC,201103,2011/3/31,348.5075,322255824.1,353.21,325404602.4,-0.013314,-0.013314,425305423,924674,0.003341,-0.001047,Mar-11,A,0,0
14593,1980/12/12,2025/12/31,3783310,3783310,Q,APPLE INC; COM NONE; CONS,CORP,EQTY,NS,Y,AAPL,7,3571,334111,TECH,APPLE INC,201104,2011/4/29,350.13,323784468.2,348.5075,322255824.1,0.004656,0.004656,343744030,924755,0.028597,0.028495,Apr-11,A,0,0
14593,1980/12/12,2025/12/31,3783310,3783310,Q,APPLE INC; COM NONE; CONS,CORP,EQTY,NS,Y,AAPL,7,3571,334111,TECH,APPLE INC,201105,2011/5/31,347.83,321657531.7,350.13,323784468.2,-0.006569,-0.006569,258026163,924755,-0.014948,-0.013501,May-11,A,0,0
14593,1980/12/12,2025/12/31,3783310,3783310,Q,APPLE INC; COM NONE; CONS,CORP,EQTY,NS,Y,AAPL,7,3571,334111,TECH,APPLE INC,201106,2011/6/30,335.67,311133865.7,347.83,321657531.7,-0.03496,-0.03496,344968501,926904,-0.018447,-0.018257,Jun-11,A,0,0
14593,1980/12/12,2025/12/31,3783310,3783310,Q,APPLE INC; COM NONE; CONS,CORP,EQTY,NS,Y,AAPL,7,3571,334111,TECH,APPLE INC,201107,2011/7/29,390.48,362010493.7,335.67,311133865.7,0.163285,0.163285,392941226,927091,-0.022534,-0.021474,Jul-11,A,0,0
14593,1980/12/12,2025/12/31,3783310,3783310,Q,APPLE INC; COM NONE; CONS,CORP,EQTY,NS,Y,AAPL,7,3571,334111,TECH,APPLE INC,201108,2011/8/31,384.83,356772429.5,390.48,362010493.7,-0.014469,-0.014469,598149789,927091,-0.057564,-0.056791,Aug-11,A,0,0
14593,1980/12/12,2025/12/31,3783310,3783310,Q,APPLE INC; COM NONE; CONS,CORP,EQTY,NS,Y,AAPL,7,3571,334111,TECH,APPLE INC,201109,2011/9/30,381.32,354351905.6,384.83,356772429.5,-0.009121,-0.009121,442846046,929277,-0.084983,-0.071762,Sep-11,A,0,0
14593,1980/12/12,2025/12/31,3783310,3783310,Q,APPLE INC; COM NONE; CONS,CORP,EQTY,NS,Y,AAPL,7,3571,334111,TECH,APPLE INC,201110,2011/10/31,404.78,376206175,381.32,354351905.6,0.061523,0.061523,484403044,929409,0.114146,0.107723,Oct-11,A,0,0
14593,1980/12/12,2025/12/31,3783310,3783310,Q,APPLE INC; COM NONE; CONS,CORP,EQTY,NS,Y,AAPL,7,3571,334111,TECH,APPLE INC,201111,2011/11/30,382.2,355220119.8,404.78,376206175,-0.055783,-0.055783,330086868,929409,-0.00627,-0.005059,Nov-11,A,0,0
14593,1980/12/12,2025/12/31,3783310,3783310,Q,APPLE INC; COM NONE; CONS,CORP,EQTY,NS,Y,AAPL,7,3571,334111,TECH,APPLE INC,201112,2011/12/30,405,377546670,382.2,355220119.8,0.059655,0.059655,232705400,932214,0.003676,0.008533,Dec-11,A,0,0
14593,1980/12/12,2025/12/31,3783310,3783310,Q,APPLE INC; COM NONE; CONS,CORP,EQTY,NS,Y,AAPL,7,3571,334111,TECH,APPLE INC,201201,2012/1/31,456.48,425608257.6,405,377546670,0.127111,0.127111,252948938,932370,0.054106,0.043583,Jan-12,A,0,0
14593,1980/12/12,2025/12/31,3783310,3783310,Q,APPLE INC; COM NONE; CONS,CORP,EQTY,NS,Y,AAPL,7,3571,334111,TECH,APPLE INC,201202,2012/2/29,542.44,505754782.8,456.48,425608257.6,0.188311,0.188311,420801585,932370,0.041225,0.040589,Feb-12,A,0,0
14593,1980/12/12,2025/12/31,3783310,3783310,Q,APPLE INC; COM NONE; CONS,CORP,EQTY,NS,Y,AAPL,7,3571,334111,TECH,APPLE INC,201203,2012/3/30,599.55,560568458.1,542.44,505754782.8,0.105284,0.105284,575171331,934982,0.02402,0.031332,Mar-12,A,0,0
14593,1980/12/12,2025/12/31,3783310,3783310,Q,APPLE INC; COM NONE; CONS,CORP,EQTY,NS,Y,AAPL,7,3571,334111,TECH,APPLE INC,201204,2012/4/30,583.98,546057506.8,599.55,560568458.1,-0.025969,-0.025969,581531546,935062,-0.006829,-0.007497,Apr-12,A,0,0
14593,1980/12/12,2025/12/31,3783310,3783310,Q,APPLE INC; COM NONE; CONS,CORP,EQTY,NS,Y,AAPL,7,3571,334111,TECH,APPLE INC,201205,2012/5/31,577.73,540213369.3,583.98,546057506.8,-0.010702,-0.010702,414567838,935062,-0.06559,-0.062651,May-12,A,0,0
14593,1980/12/12,2025/12/31,3783310,3783310,Q,APPLE INC; COM NONE; CONS,CORP,EQTY,NS,Y,AAPL,7,3571,334111,TECH,APPLE INC,201206,2012/6/29,584,547363344,577.73,540213369.3,0.010853,0.010853,292770557,937266,0.038151,0.039555,Jun-12,A,0,0
14593,1980/12/12,2025/12/31,3783310,3783310,Q,APPLE INC; COM NONE; CONS,CORP,EQTY,NS,Y,AAPL,7,3571,334111,TECH,APPLE INC,201207,2012/7/31,610.76,572530088.6,584,547363344,0.045822,0.045822,333604460,937406,0.010307,0.012598,Jul-12,A,0,0
14593,1980/12/12,2025/12/31,3783310,3783310,Q,APPLE INC; COM NONE; CONS,CORP,EQTY,NS,Y,AAPL,7,3571,334111,TECH,APPLE INC,201208,2012/8/31,665.24,623599967.4,610.76,572530088.6,0.09385,0.0892,310499764,937406,0.026317,0.019763,Aug-12,A,0,0
14593,1980/12/12,2025/12/31,3783310,3783310,Q,APPLE INC; COM NONE; CONS,CORP,EQTY,NS,Y,AAPL,7,3571,334111,TECH,APPLE INC,201209,2012/9/28,667.105,626550352.8,665.24,623599967.4,0.002803,0.002803,343890511,939208,0.026513,0.024236,Sep-12,A,0,0
14593,1980/12/12,2025/12/31,3783310,3783310,Q,APPLE INC; COM NONE; CONS,CORP,EQTY,NS,Y,AAPL,7,3571,334111,TECH,APPLE INC,201210,2012/10/31,595.32,560012761.4,667.105,626550352.8,-0.107607,-0.107607,453999858,940692,-0.014055,-0.019789,Oct-12,A,0,0
14593,1980/12/12,2025/12/31,3783310,3783310,Q,APPLE INC; COM NONE; CONS,CORP,EQTY,NS,Y,AAPL,7,3571,334111,TECH,APPLE INC,201211,2012/11/30,585.28,550568213.8,595.32,560012761.4,-0.012196,-0.016865,462960079,940692,0.006217,0.002847,Nov-12,A,0,0
14593,1980/12/12,2025/12/31,3783310,3783310,Q,APPLE INC; COM NONE; CONS,CORP,EQTY,NS,Y,AAPL,7,3571,334111,TECH,APPLE INC,201212,2012/12/31,532.1729,499695984.4,585.28,550568213.8,-0.090738,-0.090738,447255570,938973,0.012569,0.007068,Dec-12,A,0,0
14593,1980/12/12,2025/12/31,3783310,3783310,Q,APPLE INC; COM NONE; CONS,CORP,EQTY,NS,Y,AAPL,7,3571,334111,TECH,APPLE INC,201301,2013/1/31,455.49,427731528.4,532.1729,499695984.4,-0.144094,-0.144094,486402877,939058,0.054142,0.050428,Jan-13,A,0,0
14593,1980/12/12,2025/12/31,3783310,3783310,Q,APPLE INC; COM NONE; CONS,CORP,EQTY,NS,Y,AAPL,7,3571,334111,TECH,APPLE INC,201302,2013/2/28,441.4,414500201.2,455.49,427731528.4,-0.025449,-0.030934,347420443,939058,0.008282,0.011061,Feb-13,A,0,0
14593,1980/12/12,2025/12/31,3783310,3783310,Q,APPLE INC; COM NONE; CONS,CORP,EQTY,NS,Y,AAPL,7,3571,334111,TECH,APPLE INC,201303,2013/3/28,442.66,416142010,441.4,414500201.2,0.002855,0.002855,341825247,940094,0.035295,0.035988,Mar-13,A,0,0
14593,1980/12/12,2025/12/31,3783310,3783310,Q,APPLE INC; COM NONE; CONS,CORP,EQTY,NS,Y,AAPL,7,3571,334111,TECH,APPLE INC,201304,2013/4/30,442.78,415615004.2,442.66,416142010,0.000271,0.000271,410315494,938649,0.014939,0.018086,Apr-13,A,0,0
14593,1980/12/12,2025/12/31,3783310,3783310,Q,APPLE INC; COM NONE; CONS,CORP,EQTY,NS,Y,AAPL,7,3571,334111,TECH,APPLE INC,201305,2013/5/31,449.735,422143308,442.78,415615004.2,0.02249,0.015708,350752695,938649,0.019128,0.020763,May-13,A,0,0
14593,1980/12/12,2025/12/31,3783310,3783310,Q,APPLE INC; COM NONE; CONS,CORP,EQTY,NS,Y,AAPL,7,3571,334111,TECH,APPLE INC,201306,2013/6/28,396.53,360224506.3,449.735,422143308,-0.118303,-0.118303,261135061,908442,-0.015072,-0.014999,Jun-13,A,0,0
14593,1980/12/12,2025/12/31,3783310,3783310,Q,APPLE INC; COM NONE; CONS,CORP,EQTY,NS,Y,AAPL,7,3571,334111,TECH,APPLE INC,201307,2013/7/31,452.53,411122147.4,396.53,360224506.3,0.141225,0.141225,243146086,908497,0.052658,0.049462,Jul-13,A,0,0
14593,1980/12/12,2025/12/31,3783310,3783310,Q,APPLE INC; COM NONE; CONS,CORP,EQTY,NS,Y,AAPL,7,3571,334111,TECH,APPLE INC,201308,2013/8/30,487.216,442634274.4,452.53,411122147.4,0.083772,0.076649,299761163,908497,-0.02575,-0.031298,Aug-13,A,0,0
14593,1980/12/12,2025/12/31,3783310,3783310,Q,APPLE INC; COM NONE; CONS,CORP,EQTY,NS,Y,AAPL,7,3571,334111,TECH,APPLE INC,201309,2013/9/30,476.75,428699797.8,487.216,442634274.4,-0.021481,-0.021481,321414421,899213,0.037497,0.02975,Sep-13,A,0,0
14593,1980/12/12,2025/12/31,3783310,3783310,Q,APPLE INC; COM NONE; CONS,CORP,EQTY,NS,Y,AAPL,7,3571,334111,TECH,APPLE INC,201310,2013/10/31,522.702,470294852.1,476.75,428699797.8,0.096386,0.096386,294869612,899738,0.039888,0.044596,Oct-13,A,0,0
14593,1980/12/12,2025/12/31,3783310,3783310,Q,APPLE INC; COM NONE; CONS,CORP,EQTY,NS,Y,AAPL,7,3571,334111,TECH,APPLE INC,201311,2013/11/29,556.07,500317309.7,522.702,470294852.1,0.070066,0.063838,195238747,899738,0.024956,0.028049,Nov-13,A,0,0
14593,1980/12/12,2025/12/31,3783310,3783310,Q,APPLE INC; COM NONE; CONS,CORP,EQTY,NS,Y,AAPL,7,3571,334111,TECH,APPLE INC,201312,2013/12/31,561.02,500680615.9,556.07,500317309.7,0.008902,0.008902,254764200,892447,0.02614,0.023563,Dec-13,A,0,0
14593,1980/12/12,2025/12/31,3783310,3783310,Q,APPLE INC; COM NONE; CONS,CORP,EQTY,NS,Y,AAPL,7,3571,334111,TECH,APPLE INC,201401,2014/1/31,500.6,446529693.4,561.02,500680615.9,-0.107697,-0.107697,318809812,891989,-0.03002,-0.035583,Jan-14,A,0,0
14593,1980/12/12,2025/12/31,3783310,3783310,Q,APPLE INC; COM NONE; CONS,CORP,EQTY,NS,Y,AAPL,7,3571,334111,TECH,APPLE INC,201402,2014/2/28,526.24,469400291.4,500.6,446529693.4,0.057474,0.051219,211131782,891989,0.046198,0.043117,Feb-14,A,0,0
14593,1980/12/12,2025/12/31,3783310,3783310,Q,APPLE INC; COM NONE; CONS,CORP,EQTY,NS,Y,AAPL,7,3571,334111,TECH,APPLE INC,201403,2014/3/31,536.74,462533011.3,526.24,469400291.4,0.019953,0.019953,179485961,861745,0.00454,0.006932,Mar-14,A,0,0
14593,1980/12/12,2025/12/31,3783310,3783310,Q,APPLE INC; COM NONE; CONS,CORP,EQTY,NS,Y,AAPL,7,3571,334111,TECH,APPLE INC,201404,2014/4/30,590.09,508292314.3,536.74,462533011.3,0.099396,0.099396,229926934,861381,0.001573,0.006201,Apr-14,A,0,0
14593,1980/12/12,2025/12/31,3783310,3783310,Q,APPLE INC; COM NONE; CONS,CORP,EQTY,NS,Y,AAPL,7,3571,334111,TECH,APPLE INC,201405,2014/5/30,633,545254173,590.09,508292314.3,0.07872,0.072718,205167873,861381,0.020254,0.02103,May-14,A,0,0
14593,1980/12/12,2025/12/31,3783310,3783310,Q,APPLE INC; COM NONE; CONS,CORP,EQTY,NS,Y,AAPL,7,3571,334111,TECH,APPLE INC,201406,2014/6/30,92.93,556573661,633,545254173,0.027662,0.027662,853546195,5989171,0.027973,0.019058,Jun-14,A,0,0
14593,1980/12/12,2025/12/31,3783310,3783310,Q,APPLE INC; COM NONE; CONS,CORP,EQTY,NS,Y,AAPL,7,3571,334111,TECH,APPLE INC,201407,2014/7/31,95.6,572440085.2,92.93,556573661,0.028731,0.028731,1037556416,5987867,-0.020555,-0.01508,Jul-14,A,0,0
14593,1980/12/12,2025/12/31,3783310,3783310,Q,APPLE INC; COM NONE; CONS,CORP,EQTY,NS,Y,AAPL,7,3571,334111,TECH,APPLE INC,201408,2014/8/29,102.5,613756367.5,95.6,572440085.2,0.077509,0.072176,938068538,5987867,0.040205,0.037655,Aug-14,A,0,0
14593,1980/12/12,2025/12/31,3783310,3783310,Q,APPLE INC; COM NONE; CONS,CORP,EQTY,NS,Y,AAPL,7,3571,334111,TECH,APPLE INC,201409,2014/9/30,100.75,591015720.8,102.5,613756367.5,-0.017073,-0.017073,1528367271,5866161,-0.025196,-0.015514,Sep-14,A,0,0
14593,1980/12/12,2025/12/31,3783310,3783310,Q,APPLE INC; COM NONE; CONS,CORP,EQTY,NS,Y,AAPL,7,3571,334111,TECH,APPLE INC,201410,2014/10/31,108,633402720,100.75,591015720.8,0.07196,0.07196,1360971274,5864840,0.021164,0.023201,Oct-14,A,0,0
14593,1980/12/12,2025/12/31,3783310,3783310,Q,APPLE INC; COM NONE; CONS,CORP,EQTY,NS,Y,AAPL,7,3571,334111,TECH,APPLE INC,201411,2014/11/28,118.93,697505421.2,108,633402720,0.105965,0.101204,821345148,5864840,0.021104,0.024534,Nov-14,A,0,0
14593,1980/12/12,2025/12/31,3783310,3783310,Q,APPLE INC; COM NONE; CONS,CORP,EQTY,NS,Y,AAPL,7,3571,334111,TECH,APPLE INC,201412,2014/12/31,110.38,643120129.2,118.93,697505421.2,-0.071891,-0.071891,1076612332,5826419,-0.003659,-0.004189,Dec-14,A,0,0
14593,1980/12/12,2025/12/31,3783310,3783310,Q,APPLE INC; COM NONE; CONS,CORP,EQTY,NS,Y,AAPL,7,3571,334111,TECH,APPLE INC,201501,2015/1/30,117.16,682427475.7,110.38,643120129.2,0.061424,0.061424,1306273838,5824748,-0.027163,-0.031041,Jan-15,A,0,0
14593,1980/12/12,2025/12/31,3783310,3783310,Q,APPLE INC; COM NONE; CONS,CORP,EQTY,NS,Y,AAPL,7,3571,334111,TECH,APPLE INC,201502,2015/2/27,128.46,748247128.1,117.16,682427475.7,0.100746,0.096449,1137339246,5824748,0.055915,0.054893,Feb-15,A,0,0
14593,1980/12/12,2025/12/31,3783310,3783310,Q,APPLE INC; COM NONE; CONS,CORP,EQTY,NS,Y,AAPL,7,3571,334111,TECH,APPLE INC,201503,2015/3/31,124.43,724773393.6,128.46,748247128.1,-0.031372,-0.031372,1138923582,5824748,-0.010397,-0.017396,Mar-15,A,0,0
14593,1980/12/12,2025/12/31,3783310,3783310,Q,APPLE INC; COM NONE; CONS,CORP,EQTY,NS,Y,AAPL,7,3571,334111,TECH,APPLE INC,201504,2015/4/30,125.15,721149091.7,124.43,724773393.6,0.005786,0.005786,996210832,5762278,0.008766,0.008521,Apr-15,A,0,0
14593,1980/12/12,2025/12/31,3783310,3783310,Q,APPLE INC; COM NONE; CONS,CORP,EQTY,NS,Y,AAPL,7,3571,334111,TECH,APPLE INC,201505,2015/5/29,130.28,750709577.8,125.15,721149091.7,0.045312,0.040991,955259893,5762278,0.010277,0.010491,May-15,A,0,0
14593,1980/12/12,2025/12/31,3783310,3783310,Q,APPLE INC; COM NONE; CONS,CORP,EQTY,NS,Y,AAPL,7,3571,334111,TECH,APPLE INC,201506,2015/6/30,125.425,715599795,130.28,750709577.8,-0.037266,-0.037266,878902696,5705400,-0.019231,-0.021012,Jun-15,A,0,0
14593,1980/12/12,2025/12/31,3783310,3783310,Q,APPLE INC; COM NONE; CONS,CORP,EQTY,NS,Y,AAPL,7,3571,334111,TECH,APPLE INC,201507,2015/7/31,121.3,691740178.6,125.425,715599795,-0.032888,-0.032888,1060033007,5702722,0.012108,0.019742,Jul-15,A,0,0
14593,1980/12/12,2025/12/31,3783310,3783310,Q,APPLE INC; COM NONE; CONS,CORP,EQTY,NS,Y,AAPL,7,3571,334111,TECH,APPLE INC,201508,2015/8/31,112.76,643038932.7,121.3,691740178.6,-0.066205,-0.070404,1607971259,5702722,-0.059926,-0.062581,Aug-15,A,0,0
14593,1980/12/12,2025/12/31,3783310,3783310,Q,APPLE INC; COM NONE; CONS,CORP,EQTY,NS,Y,AAPL,7,3571,334111,TECH,APPLE INC,201509,2015/9/30,110.3,629010236.6,112.76,643038932.7,-0.021816,-0.021816,1209100135,5702722,-0.033756,-0.026443,Sep-15,A,0,0
14593,1980/12/12,2025/12/31,3783310,3783310,Q,APPLE INC; COM NONE; CONS,CORP,EQTY,NS,Y,AAPL,7,3571,334111,TECH,APPLE INC,201510,2015/10/30,119.5,666252054.5,110.3,629010236.6,0.083409,0.083409,1114714196,5575331,0.073937,0.082983,Oct-15,A,0,0
14593,1980/12/12,2025/12/31,3783310,3783310,Q,APPLE INC; COM NONE; CONS,CORP,EQTY,NS,Y,AAPL,7,3571,334111,TECH,APPLE INC,201511,2015/11/30,118.3,659561657.3,119.5,666252054.5,-0.005785,-0.010042,751786032,5575331,0.002404,0.000505,Nov-15,A,0,0
14593,1980/12/12,2025/12/31,3783310,3783310,Q,APPLE INC; COM NONE; CONS,CORP,EQTY,NS,Y,AAPL,7,3571,334111,TECH,APPLE INC,201512,2015/12/31,105.26,583612701.6,118.3,659561657.3,-0.110228,-0.110228,923770310,5544487,-0.022209,-0.01753,Dec-15,A,0,0
14593,1980/12/12,2025/12/31,3783310,3783310,Q,APPLE INC; COM NONE; CONS,CORP,EQTY,NS,Y,AAPL,7,3571,334111,TECH,APPLE INC,201601,2016/1/29,97.34,539709709.2,105.26,583612701.6,-0.075242,-0.075242,1270575531,5544583,-0.057085,-0.050735,Jan-16,A,0,0
14593,1980/12/12,2025/12/31,3783310,3783310,Q,APPLE INC; COM NONE; CONS,CORP,EQTY,NS,Y,AAPL,7,3571,334111,TECH,APPLE INC,201602,2016/2/29,96.69,536105730.3,97.34,539709709.2,-0.001331,-0.006678,811598793,5544583,0.00062,-0.004128,Feb-16,A,0,0
14593,1980/12/12,2025/12/31,3783310,3783310,Q,APPLE INC; COM NONE; CONS,CORP,EQTY,NS,Y,AAPL,7,3571,334111,TECH,APPLE INC,201603,2016/3/31,108.99,597095829.5,96.69,536105730.3,0.127211,0.127211,746286486,5478446,0.070491,0.065991,Mar-16,A,0,0
14593,1980/12/12,2025/12/31,3783310,3783310,Q,APPLE INC; COM NONE; CONS,CORP,EQTY,NS,Y,AAPL,7,3571,334111,TECH,APPLE INC,201604,2016/4/29,93.74,513453819.5,108.99,597095829.5,-0.139921,-0.139921,873602414,5477425,0.011718,0.002699,Apr-16,A,0,0
14593,1980/12/12,2025/12/31,3783310,3783310,Q,APPLE INC; COM NONE; CONS,CORP,EQTY,NS,Y,AAPL,7,3571,334111,TECH,APPLE INC,201605,2016/5/31,99.86,546975660.5,93.74,513453819.5,0.071799,0.065287,901412545,5477425,0.01434,0.015329,May-16,A,0,0
14593,1980/12/12,2025/12/31,3783310,3783310,Q,APPLE INC; COM NONE; CONS,CORP,EQTY,NS,Y,AAPL,7,3571,334111,TECH,APPLE INC,201606,2016/6/30,95.6,515586574,99.86,546975660.5,-0.04266,-0.04266,781004235,5393165,0.002947,0.000906,Jun-16,A,0,0
14593,1980/12/12,2025/12/31,3783310,3783310,Q,APPLE INC; COM NONE; CONS,CORP,EQTY,NS,Y,AAPL,7,3571,334111,TECH,APPLE INC,201607,2016/7/29,104.21,561529645,95.6,515586574,0.090063,0.090063,686020749,5388443,0.038815,0.03561,Jul-16,A,0,0
14593,1980/12/12,2025/12/31,3783310,3783310,Q,APPLE INC; COM NONE; CONS,CORP,EQTY,NS,Y,AAPL,7,3571,334111,TECH,APPLE INC,201608,2016/8/31,106.1,571713802.3,104.21,561529645,0.023618,0.018136,632281383,5388443,0.0028,-0.001219,Aug-16,A,0,0
14593,1980/12/12,2025/12/31,3783310,3783310,Q,APPLE INC; COM NONE; CONS,CORP,EQTY,NS,Y,AAPL,7,3571,334111,TECH,APPLE INC,201609,2016/9/30,113.05,609163481.2,106.1,571713802.3,0.065504,0.065504,970108411,5388443,0.003013,-0.001234,Sep-16,A,0,0
14593,1980/12/12,2025/12/31,3783310,3783310,Q,APPLE INC; COM NONE; CONS,CORP,EQTY,NS,Y,AAPL,7,3571,334111,TECH,APPLE INC,201610,2016/10/31,113.54,605430818,113.05,609163481.2,0.004334,0.004334,688054219,5332313,-0.021544,-0.019426,Oct-16,A,0,0
14593,1980/12/12,2025/12/31,3783310,3783310,Q,APPLE INC; COM NONE; CONS,CORP,EQTY,NS,Y,AAPL,7,3571,334111,TECH,APPLE INC,201611,2016/11/30,110.52,589327232.8,113.54,605430818,-0.021547,-0.026599,725231292,5332313,0.040488,0.034175,Nov-16,A,0,0
14593,1980/12/12,2025/12/31,3783310,3783310,Q,APPLE INC; COM NONE; CONS,CORP,EQTY,NS,Y,AAPL,7,3571,334111,TECH,APPLE INC,201612,2016/12/30,115.82,608960249.1,110.52,589327232.8,0.047955,0.047955,610758048,5257816,0.018763,0.018201,Dec-16,A,0,0
14593,1980/12/12,2025/12/31,3783310,3783310,Q,APPLE INC; COM NONE; CONS,CORP,EQTY,NS,Y,AAPL,7,3571,334111,TECH,APPLE INC,201701,2017/1/31,121.35,636667629,115.82,608960249.1,0.047747,0.047747,563344547,5246540,0.022153,0.017884,Jan-17,A,0,0
14593,1980/12/12,2025/12/31,3783310,3783310,Q,APPLE INC; COM NONE; CONS,CORP,EQTY,NS,Y,AAPL,7,3571,334111,TECH,APPLE INC,201702,2017/2/28,136.99,718723514.6,121.35,636667629,0.133743,0.128883,576502371,5246540,0.032598,0.037198,Feb-17,A,0,0
14593,1980/12/12,2025/12/31,3783310,3783310,Q,APPLE INC; COM NONE; CONS,CORP,EQTY,NS,Y,AAPL,7,3571,334111,TECH,APPLE INC,201703,2017/3/31,143.66,747867382.9,136.99,718723514.6,0.04869,0.04869,562524348,5205815,0.002062,-0.000389,Mar-17,A,0,0
14593,1980/12/12,2025/12/31,3783310,3783310,Q,APPLE INC; COM NONE; CONS,CORP,EQTY,NS,Y,AAPL,7,3571,334111,TECH,APPLE INC,201704,2017/4/28,143.65,748968116,143.66,747867382.9,-7.00E-05,-7.00E-05,374456196,5213840,0.009655,0.009091,Apr-17,A,0,0
14593,1980/12/12,2025/12/31,3783310,3783310,Q,APPLE INC; COM NONE; CONS,CORP,EQTY,NS,Y,AAPL,7,3571,334111,TECH,APPLE INC,201705,2017/5/31,152.76,796466198.4,143.65,748968116,0.06777,0.063418,655561851,5213840,0.009335,0.011576,May-17,A,0,0
14593,1980/12/12,2025/12/31,3783310,3783310,Q,APPLE INC; COM NONE; CONS,CORP,EQTY,NS,Y,AAPL,7,3571,334111,TECH,APPLE INC,201706,2017/6/30,144.02,744552003.6,152.76,796466198.4,-0.057214,-0.057214,684712007,5169782,0.009571,0.004814,Jun-17,A,0,0
14593,1980/12/12,2025/12/31,3783310,3783310,Q,APPLE INC; COM NONE; CONS,CORP,EQTY,NS,Y,AAPL,7,3571,334111,TECH,APPLE INC,201707,2017/7/31,148.73,768224360.4,144.02,744552003.6,0.032704,0.032704,422240846,5165228,0.020277,0.019349,Jul-17,A,0,0
14593,1980/12/12,2025/12/31,3783310,3783310,Q,APPLE INC; COM NONE; CONS,CORP,EQTY,NS,Y,AAPL,7,3571,334111,TECH,APPLE INC,201708,2017/8/31,164,847097392,148.73,768224360.4,0.107142,0.102669,661785942,5165228,0.0016,0.000546,Aug-17,A,0,0
14593,1980/12/12,2025/12/31,3783310,3783310,Q,APPLE INC; COM NONE; CONS,CORP,EQTY,NS,Y,AAPL,7,3571,334111,TECH,APPLE INC,201709,2017/9/29,154.12,790050098.1,164,847097392,-0.060244,-0.060244,680541453,5126201,0.023729,0.019303,Sep-17,A,0,0
14593,1980/12/12,2025/12/31,3783310,3783310,Q,APPLE INC; COM NONE; CONS,CORP,EQTY,NS,Y,AAPL,7,3571,334111,TECH,APPLE INC,201710,2017/10/31,169.04,867904100.5,154.12,790050098.1,0.096808,0.096808,504386222,5134312,0.019275,0.022188,Oct-17,A,0,0
14593,1980/12/12,2025/12/31,3783310,3783310,Q,APPLE INC; COM NONE; CONS,CORP,EQTY,NS,Y,AAPL,7,3571,334111,TECH,APPLE INC,201711,2017/11/30,171.85,882331517.2,169.04,867904100.5,0.02029,0.016623,601602033,5134312,0.027231,0.028083,Nov-17,A,2,2
14593,1980/12/12,2025/12/31,3783310,3783310,Q,APPLE INC; COM NONE; CONS,CORP,EQTY,NS,Y,AAPL,7,3571,334220,TECH,APPLE INC,201712,2017/12/29,169.23,860882486.9,171.85,882331517.2,-0.015246,-0.015246,531909853,5087056,0.012122,0.009832,Dec-17,A,0,0
14593,1980/12/12,2025/12/31,3783310,3783310,Q,APPLE INC; COM NONE; CONS,CORP,EQTY,NS,Y,AAPL,7,3571,334220,TECH,APPLE INC,201801,2018/1/31,167.43,849541996.6,169.23,860882486.9,-0.010636,-0.010636,659752374,5074013,0.050577,0.056179,Jan-18,A,1,1
14593,1980/12/12,2025/12/31,3783310,3783310,Q,APPLE INC; COM NONE; CONS,CORP,EQTY,NS,Y,AAPL,7,3571,334220,TECH,APPLE INC,201802,2018/2/28,178.12,903783195.6,167.43,849541996.6,0.068133,0.063848,932612158,5074013,-0.039454,-0.038947,Feb-18,A,1,1
14593,1980/12/12,2025/12/31,3783310,3783310,Q,APPLE INC; COM NONE; CONS,CORP,EQTY,NS,Y,AAPL,7,3571,334220,TECH,APPLE INC,201803,2018/3/29,167.78,829383854,178.12,903783195.6,-0.058051,-0.058051,715636263,4943282,-0.018421,-0.026884,Mar-18,A,0,0
14593,1980/12/12,2025/12/31,3783310,3783310,Q,APPLE INC; COM NONE; CONS,CORP,EQTY,NS,Y,AAPL,7,3571,334220,TECH,APPLE INC,201804,2018/4/30,165.26,812275705.9,167.78,829383854,-0.01502,-0.01502,666256400,4915138,0.004679,0.002719,Apr-18,A,0,0
14593,1980/12/12,2025/12/31,3783310,3783310,Q,APPLE INC; COM NONE; CONS,CORP,EQTY,NS,Y,AAPL,7,3571,334220,TECH,APPLE INC,201805,2018/5/31,186.87,918491838.1,165.26,812275705.9,0.135141,0.130764,621179604,4915138,0.026146,0.021608,May-18,A,0,0
14593,1980/12/12,2025/12/31,3783310,3783310,Q,APPLE INC; COM NONE; CONS,CORP,EQTY,NS,Y,AAPL,7,3571,334220,TECH,APPLE INC,201806,2018/6/29,185.11,896472365.9,186.87,918491838.1,-0.009418,-0.009418,527613246,4842917,0.005359,0.004842,Jun-18,A,1,1
14593,1980/12/12,2025/12/31,3783310,3783310,Q,APPLE INC; COM NONE; CONS,CORP,EQTY,NS,Y,AAPL,7,3571,334220,TECH,APPLE INC,201807,2018/7/31,190.29,919086618.5,185.11,896472365.9,0.027983,0.027983,392567112,4829926,0.031573,0.036022,Jul-18,A,0,0
14593,1980/12/12,2025/12/31,3783310,3783310,Q,APPLE INC; COM NONE; CONS,CORP,EQTY,NS,Y,AAPL,7,3571,334220,TECH,APPLE INC,201808,2018/8/31,227.63,1099436055,190.29,919086618.5,0.200435,0.196227,700651834,4829926,0.030226,0.030263,Aug-18,A,0,0
14593,1980/12/12,2025/12/31,3783310,3783310,Q,APPLE INC; COM NONE; CONS,CORP,EQTY,NS,Y,AAPL,7,3571,334220,TECH,APPLE INC,201809,2018/9/28,225.74,1073390540,227.63,1099436055,-0.008303,-0.008303,679074972,4754986,0.000425,0.004294,Sep-18,A,1,1
14593,1980/12/12,2025/12/31,3783310,3783310,Q,APPLE INC; COM NONE; CONS,CORP,EQTY,NS,Y,AAPL,7,3571,334220,TECH,APPLE INC,201810,2018/10/31,218.86,1038577806,225.74,1073390540,-0.030478,-0.030478,790173129,4745398,-0.074045,-0.069403,Oct-18,A,0,0
14593,1980/12/12,2025/12/31,3783310,3783310,Q,APPLE INC; COM NONE; CONS,CORP,EQTY,NS,Y,AAPL,7,3571,334220,TECH,APPLE INC,201811,2018/11/30,178.58,847433174.8,218.86,1038577806,-0.181188,-0.184045,961424287,4745398,0.018512,0.017859,Nov-18,A,1,1
14593,1980/12/12,2025/12/31,3783310,3783310,Q,APPLE INC; COM NONE; CONS,CORP,EQTY,NS,Y,AAPL,7,3571,334220,TECH,APPLE INC,201812,2018/12/31,157.74,746079125.2,178.58,847433174.8,-0.116698,-0.116698,898925061,4729803,-0.08989,-0.091777,Dec-18,A,0,0
14593,1980/12/12,2025/12/31,3783310,3783310,Q,APPLE INC; COM NONE; CONS,CORP,EQTY,NS,Y,AAPL,7,3571,334220,TECH,APPLE INC,201901,2019/1/31,166.44,784811203.2,157.74,746079125.2,0.055154,0.055154,828638421,4715280,0.088294,0.078684,Jan-19,A,0,0
14593,1980/12/12,2025/12/31,3783310,3783310,Q,APPLE INC; COM NONE; CONS,CORP,EQTY,NS,Y,AAPL,7,3571,334220,TECH,APPLE INC,201902,2019/2/28,173.15,816450732,166.44,784811203.2,0.044771,0.040315,472839858,4715280,0.032724,0.029729,Feb-19,A,0,0
14593,1980/12/12,2025/12/31,3783310,3783310,Q,APPLE INC; COM NONE; CONS,CORP,EQTY,NS,Y,AAPL,7,3571,334220,TECH,APPLE INC,201903,2019/3/29,189.95,895667436,173.15,816450732,0.097026,0.097026,650994572,4715280,0.012962,0.017924,Mar-19,A,1,1
14593,1980/12/12,2025/12/31,3783310,3783310,Q,APPLE INC; COM NONE; CONS,CORP,EQTY,NS,Y,AAPL,7,3571,334220,TECH,APPLE INC,201904,2019/4/30,200.67,923297720.3,189.95,895667436,0.056436,0.056436,506925837,4601075,0.037893,0.039313,Apr-19,A,2,0
14593,1980/12/12,2025/12/31,3783310,3783310,Q,APPLE INC; COM NONE; CONS,CORP,EQTY,NS,Y,AAPL,7,3571,334220,TECH,APPLE INC,201905,2019/5/31,175.07,805510200.3,200.67,923297720.3,-0.124166,-0.127573,739449198,4601075,-0.061679,-0.065778,May-19,A,0,0
14593,1980/12/12,2025/12/31,3783310,3783310,Q,APPLE INC; COM NONE; CONS,CORP,EQTY,NS,Y,AAPL,7,3571,334220,TECH,APPLE INC,201906,2019/6/28,197.92,896853698.4,175.07,805510200.3,0.130519,0.130519,516148223,4531395,0.067279,0.06893,Jun-19,A,0,0
14593,1980/12/12,2025/12/31,3783310,3783310,Q,APPLE INC; COM NONE; CONS,CORP,EQTY,NS,Y,AAPL,7,3571,334220,TECH,APPLE INC,201907,2019/7/31,213.04,962766107.2,197.92,896853698.4,0.076395,0.076395,473650439,4519180,0.011854,0.013128,Jul-19,A,1,1
14593,1980/12/12,2025/12/31,3783310,3783310,Q,APPLE INC; COM NONE; CONS,CORP,EQTY,NS,Y,AAPL,7,3571,334220,TECH,APPLE INC,201908,2019/8/30,208.74,943333633.2,213.04,962766107.2,-0.01643,-0.020184,683672185,4519180,-0.020339,-0.018092,Aug-19,A,1,1
14593,1980/12/12,2025/12/31,3783310,3783310,Q,APPLE INC; COM NONE; CONS,CORP,EQTY,NS,Y,AAPL,7,3571,334220,TECH,APPLE INC,201909,2019/9/30,223.97,995151566.9,208.74,943333633.2,0.072962,0.072962,547280259,4443236,0.016033,0.017181,Sep-19,A,2,2
14593,1980/12/12,2025/12/31,3783310,3783310,Q,APPLE INC; COM NONE; CONS,CORP,EQTY,NS,Y,AAPL,7,3571,334220,TECH,APPLE INC,201910,2019/10/31,248.76,1105306601,223.97,995151566.9,0.110684,0.110684,622783085,4443265,0.019257,0.020432,Oct-19,A,4,4
14593,1980/12/12,2025/12/31,3783310,3783310,Q,APPLE INC; COM NONE; CONS,CORP,EQTY,NS,Y,AAPL,7,3571,334220,TECH,APPLE INC,201911,2019/11/29,267.25,1187462571,248.76,1105306601,0.077517,0.074329,449554521,4443265,0.034999,0.034047,Nov-19,A,0,0
14593,1980/12/12,2025/12/31,3783310,3783310,Q,APPLE INC; COM NONE; CONS,CORP,EQTY,NS,Y,AAPL,7,3571,334220,TECH,APPLE INC,201912,2019/12/31,293.65,1287643210,267.25,1187462571,0.098784,0.098784,598499312,4384959,0.028489,0.02859,Dec-19,A,1,1
14593,1980/12/12,2025/12/31,3783310,3783310,Q,APPLE INC; COM NONE; CONS,CORP,EQTY,NS,Y,AAPL,7,3571,334220,TECH,APPLE INC,202001,2020/1/31,309.51,1354254815,293.65,1287643210,0.05401,0.05401,734662543,4375480,-0.001728,-0.001628,Jan-20,A,3,2
14593,1980/12/12,2025/12/31,3783310,3783310,Q,APPLE INC; COM NONE; CONS,CORP,EQTY,NS,Y,AAPL,7,3571,334220,TECH,APPLE INC,202002,2020/2/28,273.36,1196081213,309.51,1354254815,-0.114673,-0.116798,753834077,4375480,-0.077918,-0.08411,Feb-20,A,4,4
14593,1980/12/12,2025/12/31,3783310,3783310,Q,APPLE INC; COM NONE; CONS,CORP,EQTY,NS,Y,AAPL,7,3571,334220,TECH,APPLE INC,202003,2020/3/31,254.29,1099546654,273.36,1196081213,-0.069761,-0.069761,1567841154,4323987,-0.141733,-0.125119,Mar-20,A,5,5
14593,1980/12/12,2025/12/31,3783310,3783310,Q,APPLE INC; COM NONE; CONS,CORP,EQTY,NS,Y,AAPL,7,3571,334220,TECH,APPLE INC,202004,2020/4/30,293.8,1273427623,254.29,1099546654,0.155374,0.155374,815116684,4334335,0.129674,0.126844,Apr-20,A,4,0
14593,1980/12/12,2025/12/31,3783310,3783310,Q,APPLE INC; COM NONE; CONS,CORP,EQTY,NS,Y,AAPL,7,3571,334220,TECH,APPLE INC,202005,2020/5/29,317.94,1378058470,293.8,1273427623,0.085026,0.082165,701177655,4334335,0.053739,0.045282,May-20,A,0,0
14593,1980/12/12,2025/12/31,3783310,3783310,Q,APPLE INC; COM NONE; CONS,CORP,EQTY,NS,Y,AAPL,7,3571,334220,TECH,APPLE INC,202006,2020/6/30,364.8,1562780947,317.94,1378058470,0.147386,0.147386,809523147,4283939,0.025299,0.018388,Jun-20,A,3,3
14593,1980/12/12,2025/12/31,3783310,3783310,Q,APPLE INC; COM NONE; CONS,CORP,EQTY,NS,Y,AAPL,7,3571,334220,TECH,APPLE INC,202007,2020/7/31,425.04,1817315475,364.8,1562780947,0.165132,0.165132,754302265,4275634,0.055532,0.055101,Jul-20,A,4,4
14593,1980/12/12,2025/12/31,3783310,3783310,Q,APPLE INC; COM NONE; CONS,CORP,EQTY,NS,Y,AAPL,7,3571,334220,TECH,APPLE INC,202008,2020/8/31,129.04,2206911245,425.04,1817315475,0.21662,0.21438,1184423167,17102536,0.068442,0.070065,Aug-20,A,1,1
14593,1980/12/12,2025/12/31,3783310,3783310,Q,APPLE INC; COM NONE; CONS,CORP,EQTY,NS,Y,AAPL,7,3571,334220,TECH,APPLE INC,202008,2020/8/31,129.04,2206911245,425.04,1817315475,0.21662,0.21438,1184423167,17102536,0.068442,0.070065,Aug-20,A,1,1
14593,1980/12/12,2025/12/31,3783310,3783310,Q,APPLE INC; COM NONE; CONS,CORP,EQTY,NS,Y,AAPL,7,3571,334220,TECH,APPLE INC,202009,2020/9/30,115.81,1966078923,129.04,2206911245,-0.102526,-0.102526,3881627383,16976763,-0.035056,-0.039228,Sep-20,A,0,0
14593,1980/12/12,2025/12/31,3783310,3783310,Q,APPLE INC; COM NONE; CONS,CORP,EQTY,NS,Y,AAPL,7,3571,334220,TECH,APPLE INC,202010,2020/10/30,108.86,1850816166,115.81,1966078923,-0.060012,-0.060012,2893828236,17001802,-0.020178,-0.027666,Oct-20,A,3,3
14593,1980/12/12,2025/12/31,3783310,3783310,Q,APPLE INC; COM NONE; CONS,CORP,EQTY,NS,Y,AAPL,7,3571,334220,TECH,APPLE INC,202011,2020/11/30,119.05,2024064528,108.86,1850816166,0.095495,0.093606,2119699974,17001802,0.123707,0.107546,Nov-20,A,5,4
14593,1980/12/12,2025/12/31,3783310,3783310,Q,APPLE INC; COM NONE; CONS,CORP,EQTY,NS,Y,AAPL,7,3571,334220,TECH,APPLE INC,202012,2020/12/31,132.69,2232278767,119.05,2024064528,0.114574,0.114574,2320531739,16823263,0.045048,0.037121,Dec-20,A,4,2
14593,1980/12/12,2025/12/31,3783310,3783310,Q,APPLE INC; COM NONE; CONS,CORP,EQTY,NS,Y,AAPL,7,3571,334220,TECH,APPLE INC,202101,2021/1/29,131.96,2215357148,132.69,2232278767,-0.005502,-0.005502,2243481075,16788096,-0.000631,-0.011137,Jan-21,A,3,2
14593,1980/12/12,2025/12/31,3783310,3783310,Q,APPLE INC; COM NONE; CONS,CORP,EQTY,NS,Y,AAPL,7,3571,334220,TECH,APPLE INC,202102,2021/2/26,121.26,2035724521,131.96,2215357148,-0.079708,-0.081085,1833294360,16788096,0.029196,0.026091,Feb-21,A,4,4
14593,1980/12/12,2025/12/31,3783310,3783310,Q,APPLE INC; COM NONE; CONS,CORP,EQTY,NS,Y,AAPL,7,3571,334220,TECH,APPLE INC,202103,2021/3/31,122.15,2038232156,121.26,2035724521,0.00734,0.00734,2648984928,16686305,0.030573,0.042439,Mar-21,A,1,1
14593,1980/12/12,2025/12/31,3783310,3783310,Q,APPLE INC; COM NONE; CONS,CORP,EQTY,NS,Y,AAPL,7,3571,334220,TECH,APPLE INC,202104,2021/4/30,131.46,2193755971,122.15,2038232156,0.076218,0.076218,1888874398,16687631,0.04819,0.052425,Apr-21,A,2,2
14593,1980/12/12,2025/12/31,3783310,3783310,Q,APPLE INC; COM NONE; CONS,CORP,EQTY,NS,Y,AAPL,7,3571,334220,TECH,APPLE INC,202105,2021/5/28,124.61,2079445699,131.46,2193755971,-0.050506,-0.052107,1711631764,16687631,0.007092,0.005486,May-21,A,3,3
14593,1980/12/12,2025/12/31,3783310,3783310,Q,APPLE INC; COM NONE; CONS,CORP,EQTY,NS,Y,AAPL,7,3571,334220,TECH,APPLE INC,202106,2021/6/30,136.96,2267638776,124.61,2079445699,0.099109,0.099109,1605889771,16556942,0.023422,0.022214,Jun-21,A,4,4
14593,1980/12/12,2025/12/31,3783310,3783310,Q,APPLE INC; COM NONE; CONS,CORP,EQTY,NS,Y,AAPL,7,3571,334220,TECH,APPLE INC,202107,2021/7/30,145.86,2411090013,136.96,2267638776,0.064982,0.064982,1918258344,16530166,0.011828,0.022748,Jul-21,A,1,1
14593,1980/12/12,2025/12/31,3783310,3783310,Q,APPLE INC; COM NONE; CONS,CORP,EQTY,NS,Y,AAPL,7,3571,334220,TECH,APPLE INC,202108,2021/8/31,151.83,2509775104,145.86,2411090013,0.042497,0.04093,1461595587,16530166,0.027146,0.02899,Aug-21,A,3,1
14593,1980/12/12,2025/12/31,3783310,3783310,Q,APPLE INC; COM NONE; CONS,CORP,EQTY,NS,Y,AAPL,7,3571,334220,TECH,APPLE INC,202109,2021/9/30,141.5,2324390219,151.83,2509775104,-0.068037,-0.068037,1796712044,16426786,-0.042243,-0.047569,Sep-21,A,0,0
14593,1980/12/12,2025/12/31,3783310,3783310,Q,APPLE INC; COM NONE; CONS,CORP,EQTY,NS,Y,AAPL,7,3571,334220,TECH,APPLE INC,202110,2021/10/29,149.8,2457678271,141.5,2324390219,0.058657,0.058657,1563713395,16406397,0.064651,0.069144,Oct-21,A,0,0
14593,1980/12/12,2025/12/31,3783310,3783310,Q,APPLE INC; COM NONE; CONS,CORP,EQTY,NS,Y,AAPL,7,3571,334220,TECH,APPLE INC,202111,2021/11/30,165.3,2711977424,149.8,2457678271,0.105076,0.103471,1690035810,16406397,-0.018351,-0.008334,Nov-21,A,1,1
14593,1980/12/12,2025/12/31,3783310,3783310,Q,APPLE INC; COM NONE; CONS,CORP,EQTY,NS,Y,AAPL,7,3663,334220,TECH,APPLE INC,202112,2021/12/31,177.57,2902367977,165.3,2711977424,0.074229,0.074229,2444219562,16344923,0.033341,0.043613,Dec-21,A,0,0
14593,1980/12/12,2025/12/31,3783310,3783310,Q,APPLE INC; COM NONE; CONS,CORP,EQTY,NS,Y,AAPL,7,3663,334220,TECH,APPLE INC,202201,2022/1/31,174.78,2852311898,177.57,2902367977,-0.015712,-0.015712,2108346958,16319441,-0.059822,-0.052585,Jan-22,A,1,1
14593,1980/12/12,2025/12/31,3783310,3783310,Q,APPLE INC; COM NONE; CONS,CORP,EQTY,NS,Y,AAPL,7,3663,334220,TECH,APPLE INC,202202,2022/2/28,165.12,2694666098,174.78,2852311898,-0.054064,-0.055269,1615078151,16319441,-0.021838,-0.03136,Feb-22,A,0,0
14593,1980/12/12,2025/12/31,3783310,3783310,Q,APPLE INC; COM NONE; CONS,CORP,EQTY,NS,Y,AAPL,7,3663,334220,TECH,APPLE INC,202203,2022/3/31,174.61,2830003448,165.12,2694666098,0.057473,0.057473,2178889194,16207568,0.030506,0.035773,Mar-22,A,0,0
14593,1980/12/12,2025/12/31,3783310,3783310,Q,APPLE INC; COM NONE; CONS,CORP,EQTY,NS,Y,AAPL,7,3663,334220,TECH,APPLE INC,202204,2022/4/29,157.65,2551593785,174.61,2830003448,-0.097131,-0.097131,1686115251,16185181,-0.089387,-0.087957,Apr-22,A,4,4
14593,1980/12/12,2025/12/31,3783310,3783310,Q,APPLE INC; COM NONE; CONS,CORP,EQTY,NS,Y,AAPL,7,3663,334220,TECH,APPLE INC,202205,2022/5/31,148.84,2409002340,157.65,2551593785,-0.054503,-0.055883,2400006617,16185181,-0.002113,5.30E-05,May-22,A,0,0
14593,1980/12/12,2025/12/31,3783310,3783310,Q,APPLE INC; COM NONE; CONS,CORP,EQTY,NS,Y,AAPL,7,3663,334220,TECH,APPLE INC,202206,2022/6/30,136.72,2200560080,148.84,2409002340,-0.08143,-0.08143,1764917667,16095378,-0.083997,-0.08392,Jun-22,A,3,2
14593,1980/12/12,2025/12/31,3783310,3783310,Q,APPLE INC; COM NONE; CONS,CORP,EQTY,NS,Y,AAPL,7,3663,334220,TECH,APPLE INC,202207,2022/7/29,162.51,2611657908,136.72,2200560080,0.188634,0.188634,1446971576,16070752,0.090351,0.091116,Jul-22,A,0,0
14593,1980/12/12,2025/12/31,3783310,3783310,Q,APPLE INC; COM NONE; CONS,CORP,EQTY,NS,Y,AAPL,7,3663,334220,TECH,APPLE INC,202208,2022/8/31,157.22,2526643629,162.51,2611657908,-0.031206,-0.032552,1508631866,16070752,-0.036233,-0.04244,Aug-22,A,0,0
14593,1980/12/12,2025/12/31,3783310,3783310,Q,APPLE INC; COM NONE; CONS,CORP,EQTY,NS,Y,AAPL,7,3663,334220,TECH,APPLE INC,202209,2022/9/30,138.2,2203381335,157.22,2526643629,-0.120977,-0.120977,2085320577,15943425,-0.091323,-0.093396,Sep-22,A,0,0
14593,1980/12/12,2025/12/31,3783310,3783310,Q,APPLE INC; COM NONE; CONS,CORP,EQTY,NS,Y,AAPL,7,3663,334220,TECH,APPLE INC,202210,2022/10/31,153.34,2439350814,138.2,2203381335,0.109551,0.109551,1866622686,15908118,0.077394,0.079863,Oct-22,A,0,0
14593,1980/12/12,2025/12/31,3783310,3783310,Q,APPLE INC; COM NONE; CONS,CORP,EQTY,NS,Y,AAPL,7,3663,334220,TECH,APPLE INC,202211,2022/11/30,148.03,2354878708,153.34,2439350814,-0.033024,-0.034629,1724078988,15908118,0.052354,0.053753,Nov-22,A,1,1
14593,1980/12/12,2025/12/31,3783310,3783310,Q,APPLE INC; COM NONE; CONS,CORP,EQTY,NS,Y,AAPL,7,3663,334220,TECH,APPLE INC,202212,2022/12/30,129.93,2058403942,148.03,2354878708,-0.122273,-0.122273,1674627802,15842407,-0.05712,-0.058971,Dec-22,A,1,1
14593,1980/12/12,2025/12/31,3783310,3783310,Q,APPLE INC; COM NONE; CONS,CORP,EQTY,NS,Y,AAPL,7,3663,334220,TECH,APPLE INC,202301,2023/1/31,144.29,2282948588,129.93,2058403942,0.110521,0.110521,1442327907,15821946,0.071823,0.061753,Jan-23,A,0,0
14593,1980/12/12,2025/12/31,3783310,3783310,Q,APPLE INC; COM NONE; CONS,CORP,EQTY,NS,Y,AAPL,7,3663,334220,TECH,APPLE INC,202302,2023/2/28,147.41,2332313060,144.29,2282948588,0.023179,0.021623,1311936924,15821946,-0.024666,-0.026112,Feb-23,A,1,1
14593,1980/12/12,2025/12/31,3783310,3783310,Q,APPLE INC; COM NONE; CONS,CORP,EQTY,NS,Y,AAPL,7,3663,334220,TECH,APPLE INC,202303,2023/3/31,164.9,2592789649,147.41,2332313060,0.118649,0.118649,1519286178,15723406,0.02395,0.035052,Mar-23,A,0,0
14593,1980/12/12,2025/12/31,3783310,3783310,Q,APPLE INC; COM NONE; CONS,CORP,EQTY,NS,Y,AAPL,7,3663,334220,TECH,APPLE INC,202304,2023/4/28,169.68,2668846155,164.9,2592789649,0.028987,0.028987,969610180,15728702,0.008976,0.014642,Apr-23,A,1,1
14593,1980/12/12,2025/12/31,3783310,3783310,Q,APPLE INC; COM NONE; CONS,CORP,EQTY,NS,Y,AAPL,7,3663,334220,TECH,APPLE INC,202305,2023/5/31,177.25,2787912430,169.68,2668846155,0.046066,0.044613,1273945321,15728702,0.000709,0.002482,May-23,A,0,0
14593,1980/12/12,2025/12/31,3783310,3783310,Q,APPLE INC; COM NONE; CONS,CORP,EQTY,NS,Y,AAPL,7,3663,334220,TECH,APPLE INC,202306,2023/6/30,193.97,3035216956,177.25,2787912430,0.09433,0.09433,1297083906,15647868,0.066183,0.064727,Jun-23,A,2,2
14593,1980/12/12,2025/12/31,3783310,3783310,Q,APPLE INC; COM NONE; CONS,CORP,EQTY,NS,Y,AAPL,7,3663,334220,TECH,APPLE INC,202307,2023/7/31,196.45,3071344876,193.97,3035216956,0.012785,0.012785,995555278,15634232,0.035617,0.031139,Jul-23,A,1,1
14593,1980/12/12,2025/12/31,3783310,3783310,Q,APPLE INC; COM NONE; CONS,CORP,EQTY,NS,Y,AAPL,7,3663,334220,TECH,APPLE INC,202308,2023/8/31,187.87,2937203166,196.45,3071344876,-0.042384,-0.043675,1320969884,15634232,-0.020608,-0.017716,Aug-23,A,4,2
14593,1980/12/12,2025/12/31,3783310,3783310,Q,APPLE INC; COM NONE; CONS,CORP,EQTY,NS,Y,AAPL,7,3663,334220,TECH,APPLE INC,202309,2023/9/29,171.21,2662325944,187.87,2937203166,-0.088678,-0.088678,1336603552,15550061,-0.047391,-0.048719,Sep-23,A,0,0
14593,1980/12/12,2025/12/31,3783310,3783310,Q,APPLE INC; COM NONE; CONS,CORP,EQTY,NS,Y,AAPL,7,3663,334220,NOAVAIL,APPLE INC,202310,2023/10/31,170.77,2655943459,171.21,2662325944,-0.00257,-0.00257,1172839615,15552752,-0.028865,-0.02198,Oct-23,A,1,1
14593,1980/12/12,2025/12/31,3783310,3783310,Q,APPLE INC; COM NONE; CONS,CORP,EQTY,NS,Y,AAPL,7,3663,334220,NOAVAIL,APPLE INC,202311,2023/11/30,189.95,2954245242,170.77,2655943459,0.113747,0.112315,1090672526,15552752,0.092053,0.089179,Nov-23,A,1,1
14593,1980/12/12,2025/12/31,3783310,3783310,Q,APPLE INC; COM NONE; CONS,CORP,EQTY,NS,Y,AAPL,7,3663,334220,NOAVAIL,APPLE INC,202312,2023/12/29,192.53,2976556734,189.95,2954245242,0.013583,0.013583,1052098812,15460223,0.053603,0.044229,Dec-23,A,1,1
14593,1980/12/12,2025/12/31,3783310,3783310,Q,APPLE INC; COM NONE; CONS,CORP,EQTY,NS,Y,AAPL,7,3663,334220,NOAVAIL,APPLE INC,202401,2024/1/31,184.4,2847482856,192.53,2976556734,-0.042227,-0.042227,1180559739,15441881,0.00756,0.015896,Jan-24,A,0,0
14593,1980/12/12,2025/12/31,3783310,3783310,Q,APPLE INC; COM NONE; CONS,CORP,EQTY,NS,Y,AAPL,7,3663,334220,NOAVAIL,APPLE INC,202402,2024/2/29,180.75,2791119991,184.4,2847482856,-0.018548,-0.019794,1149640906,15441881,0.050583,0.051721,Feb-24,A,1,1
14593,1980/12/12,2025/12/31,3783310,3783310,Q,APPLE INC; COM NONE; CONS,CORP,EQTY,NS,Y,AAPL,7,3663,334220,NOAVAIL,APPLE INC,202403,2024/3/28,171.48,2630106395,180.75,2791119991,-0.051286,-0.051286,1409543724,15337686,0.03245,0.031019,Mar-24,A,4,0
14593,1980/12/12,2025/12/31,3783310,3783310,Q,APPLE INC; COM NONE; CONS,CORP,EQTY,NS,Y,AAPL,7,3663,334220,NOAVAIL,APPLE INC,202404,2024/4/30,170.33,2611854187,171.48,2630106395,-0.006706,-0.006706,1227594256,15334082,-0.042724,-0.041615,Apr-24,A,0,0
14593,1980/12/12,2025/12/31,3783310,3783310,Q,APPLE INC; COM NONE; CONS,CORP,EQTY,NS,Y,AAPL,7,3663,334220,NOAVAIL,APPLE INC,202405,2024/5/31,192.25,2947977265,170.33,2611854187,0.130233,0.128691,1315348266,15334082,0.046552,0.048021,May-24,A,3,3
14593,1980/12/12,2025/12/31,3783310,3783310,Q,APPLE INC; COM NONE; CONS,CORP,EQTY,NS,Y,AAPL,7,3663,334220,NOAVAIL,APPLE INC,202406,2024/6/28,210.62,3206112191,192.25,2947977265,0.095553,0.095553,1697358745,15222259,0.026073,0.03467,Jun-24,A,1,1
14593,1980/12/12,2025/12/31,3783310,3783310,Q,APPLE INC; COM NONE; CONS,CORP,EQTY,NS,Y,AAPL,7,3663,334220,NOAVAIL,APPLE INC,202407,2024/7/31,222.08,3376534745,210.62,3206112191,0.054411,0.054411,1138430039,15204137,0.019877,0.011321,Jul-24,A,1,1
14593,1980/12/12,2025/12/31,3783310,3783310,Q,APPLE INC; COM NONE; CONS,CORP,EQTY,NS,Y,AAPL,7,3663,334220,NOAVAIL,APPLE INC,202408,2024/8/30,229,3481747373,222.08,3376534745,0.032345,0.03116,1112418211,15204137,0.02157,0.022835,Aug-24,A,0,0
14593,1980/12/12,2025/12/31,3783310,3783310,Q,APPLE INC; COM NONE; CONS,CORP,EQTY,NS,Y,AAPL,7,3663,334220,NOAVAIL,APPLE INC,202409,2024/9/30,233,3522211138,229,3481747373,0.017467,0.017467,1219876978,15116786,0.02097,0.020197,Sep-24,A,1,0
14593,1980/12/12,2025/12/31,3783310,3783310,Q,APPLE INC; COM NONE; CONS,CORP,EQTY,NS,Y,AAPL,7,3663,334220,NOAVAIL,APPLE INC,202410,2024/10/31,225.91,3414815574,233,3522211138,-0.030429,-0.030429,921973315,15115823,-0.008299,-0.009897,Oct-24,A,0,0
14593,1980/12/12,2025/12/31,3783310,3783310,Q,APPLE INC; COM NONE; CONS,CORP,EQTY,NS,Y,AAPL,7,3663,334220,NOAVAIL,APPLE INC,202411,2024/11/29,237.33,3587438273,225.91,3414815574,0.051708,0.050551,885228384,15115823,0.064859,0.057301,Nov-24,A,0,0
14593,1980/12/12,2025/12/31,3783310,3783310,Q,APPLE INC; COM NONE; CONS,CORP,EQTY,NS,Y,AAPL,7,3663,334220,NOAVAIL,APPLE INC,202412,2024/12/31,250.42,3766499857,237.33,3587438273,0.055155,0.055155,971042609,15040731,-0.031581,-0.02499,Dec-24,A,0,0
14593,1980/12/12,2025/12/31,3783310,3783310,Q,APPLE INC; COM NONE; CONS,CORP,EQTY,NS,Y,AAPL,7,3663,334220,NOAVAIL,APPLE INC,202501,2025/1/31,236,3545209228,250.42,3766499857,-0.057583,-0.057583,1190593709,15022073,0.032292,0.027016,Jan-25,A,2,1
14593,1980/12/12,2025/12/31,3783310,3783310,Q,APPLE INC; COM NONE; CONS,CORP,EQTY,NS,Y,AAPL,7,3663,334220,NOAVAIL,APPLE INC,202502,2025/2/28,241.84,3632938134,236,3545209228,0.025871,0.024746,854824809,15022073,-0.017566,-0.014242,Feb-25,A,1,0
14593,1980/12/12,2025/12/31,3783310,3783310,Q,APPLE INC; COM NONE; CONS,CORP,EQTY,NS,Y,AAPL,7,3663,334220,NOAVAIL,APPLE INC,202503,2025/3/31,222.13,3318470041,241.84,3632938134,-0.0815,-0.0815,1103158216,14939315,-0.055123,-0.057545,Mar-25,A,0,0
14593,1980/12/12,2025/12/31,3783310,3783310,Q,APPLE INC; COM NONE; CONS,CORP,EQTY,NS,Y,AAPL,7,3663,334220,NOAVAIL,APPLE INC,202504,2025/4/30,212.5,3173863025,222.13,3318470041,-0.043353,-0.043353,1591562944,14935826,-0.00361,-0.007625,Apr-25,A,1,1
14593,1980/12/12,2025/12/31,3783310,3783310,Q,APPLE INC; COM NONE; CONS,CORP,EQTY,NS,Y,AAPL,7,3663,334220,NOAVAIL,APPLE INC,202505,2025/5/30,200.85,2999860652,212.5,3173863025,-0.053658,-0.054824,1184511718,14935826,0.061267,0.061524,May-25,A,0,0
14593,1980/12/12,2025/12/31,3783310,3783310,Q,APPLE INC; COM NONE; CONS,CORP,EQTY,NS,Y,AAPL,7,3663,334220,NOAVAIL,APPLE INC,202506,2025/6/30,205.17,3048153653,200.85,2999860652,0.021509,0.021509,1089127473,14856722,0.049246,0.049607,Jun-25,A,0,0
14593,1980/12/12,2025/12/31,3783310,3783310,Q,APPLE INC; COM NONE; CONS,CORP,EQTY,NS,Y,AAPL,7,3663,334220,NOAVAIL,APPLE INC,202507,2025/7/31,207.57,3080419752,205.17,3048153653,0.011698,0.011698,1072217905,14840390,0.019791,0.021667,Jul-25,A,0,0
14593,1980/12/12,2025/12/31,3783310,3783310,Q,APPLE INC; COM NONE; CONS,CORP,EQTY,NS,Y,AAPL,7,3663,334220,NOAVAIL,APPLE INC,202508,2025/8/29,232.14,3445048135,207.57,3080419752,0.11965,0.11837,1206211029,14840390,0.024122,0.019066,Aug-25,A,0,0
14593,1980/12/12,2025/12/31,3783310,3783310,Q,APPLE INC; COM NONE; CONS,CORP,EQTY,NS,Y,AAPL,7,3663,334220,NOAVAIL,APPLE INC,202509,2025/9/30,254.63,3761715194,232.14,3445048135,0.096881,0.096881,1253991352,14773260,0.035626,0.035324,Sep-25,A,1,1
14593,1980/12/12,2025/12/31,3783310,3783310,Q,APPLE INC; COM NONE; CONS,CORP,EQTY,NS,Y,AAPL,7,3663,334220,NOAVAIL,APPLE INC,202510,2025/10/31,270.37,3995082561,254.63,3761715194,0.061815,0.061815,1087386045,14776353,0.019284,0.022687,Oct-25,A,0,0
14593,1980/12/12,2025/12/31,3783310,3783310,Q,APPLE INC; COM NONE; CONS,CORP,EQTY,NS,Y,AAPL,7,3663,334220,NOAVAIL,APPLE INC,202511,2025/11/28,278.85,4120386034,270.37,3995082561,0.03236,0.031364,866867609,14776353,0.001997,0.0013,Nov-25,A,1,0
14593,1980/12/12,2025/12/31,3783310,3783310,Q,APPLE INC; COM NONE; CONS,CORP,EQTY,NS,Y,AAPL,7,3663,334220,NOAVAIL,APPLE INC,202512,2025/12/31,271.86,4017099327,278.85,4120386034,-0.025067,-0.025067,913054091,14776353,0.001297,-0.000524,Dec-25,A,1,1
84788,1997/5/15,2025/12/31,2313510,2313510,Q,AMAZON COM INC; COM NONE; CONS,CORP,EQTY,NS,Y,AMZN,15473,7370,454110,CONDIS,AMAZON COM INC,201001,2010/1/29,125.41,55750513.86,134.52,59726880,-0.067722,-0.067722,237928505,444546,-0.037172,-0.036974,Jan-10,A,0,0
84788,1997/5/15,2025/12/31,2313510,2313510,Q,AMAZON COM INC; COM NONE; CONS,CORP,EQTY,NS,Y,AMZN,15473,7370,454110,CONDIS,AMAZON COM INC,201002,2010/2/26,118.4,52714758.4,125.41,55750513.86,-0.055897,-0.055897,215551888,445226,0.034744,0.028514,Feb-10,A,0,0
84788,1997/5/15,2025/12/31,2313510,2313510,Q,AMAZON COM INC; COM NONE; CONS,CORP,EQTY,NS,Y,AMZN,15473,7370,454110,CONDIS,AMAZON COM INC,201003,2010/3/31,135.77,60553420,118.4,52714758.4,0.146706,0.146706,163146068,446000,0.063668,0.058796,Mar-10,A,0,0
84788,1997/5/15,2025/12/31,2313510,2313510,Q,AMAZON COM INC; COM NONE; CONS,CORP,EQTY,NS,Y,AMZN,15473,7370,454110,CONDIS,AMAZON COM INC,201004,2010/4/30,137.1,61101631.2,135.77,60553420,0.009796,0.009796,178949621,445672,0.020036,0.014759,Apr-10,A,0,0
84788,1997/5/15,2025/12/31,2313510,2313510,Q,AMAZON COM INC; COM NONE; CONS,CORP,EQTY,NS,Y,AMZN,15473,7370,454110,CONDIS,AMAZON COM INC,201005,2010/5/28,125.46,55914009.12,137.1,61101631.2,-0.084902,-0.084902,146411255,445672,-0.07924,-0.081976,May-10,A,0,0
84788,1997/5/15,2025/12/31,2313510,2313510,Q,AMAZON COM INC; COM NONE; CONS,CORP,EQTY,NS,Y,AMZN,15473,7370,454110,CONDIS,AMAZON COM INC,201006,2010/6/30,109.26,48948480,125.46,55914009.12,-0.129125,-0.129125,138998521,448000,-0.05078,-0.053882,Jun-10,A,0,0
84788,1997/5/15,2025/12/31,2313510,2313510,Q,AMAZON COM INC; COM NONE; CONS,CORP,EQTY,NS,Y,AMZN,15473,7370,454110,CONDIS,AMAZON COM INC,201007,2010/7/30,117.89,52794089.25,109.26,48948480,0.078986,0.078986,181188651,447825,0.07036,0.068778,Jul-10,A,0,0
84788,1997/5/15,2025/12/31,2313510,2313510,Q,AMAZON COM INC; COM NONE; CONS,CORP,EQTY,NS,Y,AMZN,15473,7370,454110,CONDIS,AMAZON COM INC,201008,2010/8/31,124.83,55901994.75,117.89,52794089.25,0.058868,0.058868,118150913,447825,-0.042863,-0.047449,Aug-10,A,0,0
84788,1997/5/15,2025/12/31,2313510,2313510,Q,AMAZON COM INC; COM NONE; CONS,CORP,EQTY,NS,Y,AMZN,15473,7370,454110,CONDIS,AMAZON COM INC,201009,2010/9/30,157.06,70519940,124.83,55901994.75,0.258191,0.258191,139766392,449000,0.091628,0.087551,Sep-10,A,0,0
84788,1997/5/15,2025/12/31,2313510,2313510,Q,AMAZON COM INC; COM NONE; CONS,CORP,EQTY,NS,Y,AMZN,15473,7370,454110,CONDIS,AMAZON COM INC,201010,2010/10/29,165.23,74161337.51,157.06,70519940,0.052018,0.052018,149249912,448837,0.038591,0.036856,Oct-10,A,0,0
84788,1997/5/15,2025/12/31,2313510,2313510,Q,AMAZON COM INC; COM NONE; CONS,CORP,EQTY,NS,Y,AMZN,15473,7370,454110,CONDIS,AMAZON COM INC,201011,2010/11/30,175.4,78726009.8,165.23,74161337.51,0.061551,0.061551,137294992,448837,0.005117,-0.00229,Nov-10,A,0,0
84788,1997/5/15,2025/12/31,2313510,2313510,Q,AMAZON COM INC; COM NONE; CONS,CORP,EQTY,NS,Y,AMZN,15473,7370,454110,CONDIS,AMAZON COM INC,201012,2010/12/31,180,81180000,175.4,78726009.8,0.026226,0.026226,98332016,451000,0.067182,0.0653,Dec-10,A,0,0
84788,1997/5/15,2025/12/31,2313510,2313510,Q,AMAZON COM INC; COM NONE; CONS,CORP,EQTY,NS,Y,AMZN,15473,7370,454110,CONDIS,AMAZON COM INC,201101,2011/1/31,169.64,76508318.56,180,81180000,-0.057556,-0.057556,119217153,451004,0.019183,0.022646,Jan-11,A,0,0
84788,1997/5/15,2025/12/31,2313510,2313510,Q,AMAZON COM INC; COM NONE; CONS,CORP,EQTY,NS,Y,AMZN,15473,7370,454110,CONDIS,AMAZON COM INC,201102,2011/2/28,173.29,78260536.64,169.64,76508318.56,0.021516,0.021516,101379772,451616,0.038156,0.031957,Feb-11,A,0,0
84788,1997/5/15,2025/12/31,2313510,2313510,Q,AMAZON COM INC; COM NONE; CONS,CORP,EQTY,NS,Y,AMZN,15473,7370,454110,CONDIS,AMAZON COM INC,201103,2011/3/31,180.13,81418760,173.29,78260536.64,0.039471,0.039471,126363208,452000,0.003341,-0.001047,Mar-11,A,0,0
84788,1997/5/15,2025/12/31,2313510,2313510,Q,AMAZON COM INC; COM NONE; CONS,CORP,EQTY,NS,Y,AMZN,15473,7370,454110,CONDIS,AMAZON COM INC,201104,2011/4/29,195.81,88514539.83,180.13,81418760,0.087048,0.087048,122390340,452043,0.028597,0.028495,Apr-11,A,0,0
84788,1997/5/15,2025/12/31,2313510,2313510,Q,AMAZON COM INC; COM NONE; CONS,CORP,EQTY,NS,Y,AMZN,15473,7370,454110,CONDIS,AMAZON COM INC,201105,2011/5/31,196.69,88912337.67,195.81,88514539.83,0.004494,0.004494,114239347,452043,-0.014948,-0.013501,May-11,A,0,0
84788,1997/5/15,2025/12/31,2313510,2313510,Q,AMAZON COM INC; COM NONE; CONS,CORP,EQTY,NS,Y,AMZN,15473,7370,454110,CONDIS,AMAZON COM INC,201106,2011/6/30,204.49,92838460,196.69,88912337.67,0.039656,0.039656,103057877,454000,-0.018447,-0.018257,Jun-11,A,0,0
84788,1997/5/15,2025/12/31,2313510,2313510,Q,AMAZON COM INC; COM NONE; CONS,CORP,EQTY,NS,Y,AMZN,15473,7370,454110,CONDIS,AMAZON COM INC,201107,2011/7/29,222.52,101009616.2,204.49,92838460,0.088171,0.088171,98778712,453935,-0.022534,-0.021474,Jul-11,A,0,0
84788,1997/5/15,2025/12/31,2313510,2313510,Q,AMAZON COM INC; COM NONE; CONS,CORP,EQTY,NS,Y,AMZN,15473,7370,454110,CONDIS,AMAZON COM INC,201108,2011/8/31,215.23,97700430.05,222.52,101009616.2,-0.032761,-0.032761,163852314,453935,-0.057564,-0.056791,Aug-11,A,0,0
84788,1997/5/15,2025/12/31,2313510,2313510,Q,AMAZON COM INC; COM NONE; CONS,CORP,EQTY,NS,Y,AMZN,15473,7370,454110,CONDIS,AMAZON COM INC,201109,2011/9/30,216.23,98384650,215.23,97700430.05,0.004646,0.004646,150517827,455000,-0.084983,-0.071762,Sep-11,A,0,0
84788,1997/5/15,2025/12/31,2313510,2313510,Q,AMAZON COM INC; COM NONE; CONS,CORP,EQTY,NS,Y,AMZN,15473,7370,454110,CONDIS,AMAZON COM INC,201110,2011/10/31,213.51,97094526.54,216.23,98384650,-0.012579,-0.012579,167643649,454754,0.114146,0.107723,Oct-11,A,0,0
84788,1997/5/15,2025/12/31,2313510,2313510,Q,AMAZON COM INC; COM NONE; CONS,CORP,EQTY,NS,Y,AMZN,15473,7370,454110,CONDIS,AMAZON COM INC,201111,2011/11/30,192.29,87444646.66,213.51,97094526.54,-0.099386,-0.099386,143388871,454754,-0.00627,-0.005059,Nov-11,A,0,0
84788,1997/5/15,2025/12/31,2313510,2313510,Q,AMAZON COM INC; COM NONE; CONS,CORP,EQTY,NS,Y,AMZN,15473,7370,454110,CONDIS,AMAZON COM INC,201112,2011/12/30,173.1,78760500,192.29,87444646.66,-0.099797,-0.099797,131712387,455000,0.003676,0.008533,Dec-11,A,0,0
84788,1997/5/15,2025/12/31,2313510,2313510,Q,AMAZON COM INC; COM NONE; CONS,CORP,EQTY,NS,Y,AMZN,15473,7370,454110,CONDIS,AMAZON COM INC,201201,2012/1/31,194.44,88483421.92,173.1,78760500,0.123281,0.123281,116090660,455068,0.054106,0.043583,Jan-12,A,0,0
84788,1997/5/15,2025/12/31,2313510,2313510,Q,AMAZON COM INC; COM NONE; CONS,CORP,EQTY,NS,Y,AMZN,15473,7370,454110,CONDIS,AMAZON COM INC,201202,2012/2/29,179.69,81146566.48,194.44,88483421.92,-0.075859,-0.075859,152448147,451592,0.041225,0.040589,Feb-12,A,0,0
84788,1997/5/15,2025/12/31,2313510,2313510,Q,AMAZON COM INC; COM NONE; CONS,CORP,EQTY,NS,Y,AMZN,15473,7370,454110,CONDIS,AMAZON COM INC,201203,2012/3/30,202.51,91129500,179.69,81146566.48,0.126996,0.126996,119255909,450000,0.02402,0.031332,Mar-12,A,0,0
84788,1997/5/15,2025/12/31,2313510,2313510,Q,AMAZON COM INC; COM NONE; CONS,CORP,EQTY,NS,Y,AMZN,15473,7370,454110,CONDIS,AMAZON COM INC,201204,2012/4/30,231.9,104476979.4,202.51,91129500,0.145129,0.145129,116769596,450526,-0.006829,-0.007497,Apr-12,A,0,0
84788,1997/5/15,2025/12/31,2313510,2313510,Q,AMAZON COM INC; COM NONE; CONS,CORP,EQTY,NS,Y,AMZN,15473,7370,454110,CONDIS,AMAZON COM INC,201205,2012/5/31,212.91,95921490.66,231.9,104476979.4,-0.081889,-0.081889,97874116,450526,-0.06559,-0.062651,May-12,A,0,0
84788,1997/5/15,2025/12/31,2313510,2313510,Q,AMAZON COM INC; COM NONE; CONS,CORP,EQTY,NS,Y,AMZN,15473,7370,454110,CONDIS,AMAZON COM INC,201206,2012/6/29,228.35,103214200,212.91,95921490.66,0.072519,0.072519,69416690,452000,0.038151,0.039555,Jun-12,A,0,0
84788,1997/5/15,2025/12/31,2313510,2313510,Q,AMAZON COM INC; COM NONE; CONS,CORP,EQTY,NS,Y,AMZN,15473,7370,454110,CONDIS,AMAZON COM INC,201207,2012/7/31,233.3,105466764.5,228.35,103214200,0.021677,0.021677,81184739,452065,0.010307,0.012598,Jul-12,A,0,0
84788,1997/5/15,2025/12/31,2313510,2313510,Q,AMAZON COM INC; COM NONE; CONS,CORP,EQTY,NS,Y,AMZN,15473,7370,454110,CONDIS,AMAZON COM INC,201208,2012/8/31,248.27,112234177.6,233.3,105466764.5,0.064166,0.064166,63285215,452065,0.026317,0.019763,Aug-12,A,0,0
84788,1997/5/15,2025/12/31,2313510,2313510,Q,AMAZON COM INC; COM NONE; CONS,CORP,EQTY,NS,Y,AMZN,15473,7370,454110,CONDIS,AMAZON COM INC,201209,2012/9/28,254.32,115206960,248.27,112234177.6,0.024369,0.024369,66988394,453000,0.026513,0.024236,Sep-12,A,0,0
84788,1997/5/15,2025/12/31,2313510,2313510,Q,AMAZON COM INC; COM NONE; CONS,CORP,EQTY,NS,Y,AMZN,15473,7370,454110,CONDIS,AMAZON COM INC,201210,2012/10/31,232.8931,105491025.7,254.32,115206960,-0.084252,-0.084252,85402340,452959,-0.014055,-0.019789,Oct-12,A,0,0
84788,1997/5/15,2025/12/31,2313510,2313510,Q,AMAZON COM INC; COM NONE; CONS,CORP,EQTY,NS,Y,AMZN,15473,7370,454110,CONDIS,AMAZON COM INC,201211,2012/11/30,252.05,114168316,232.8931,105491025.7,0.082256,0.082256,64889152,452959,0.006217,0.002847,Nov-12,A,0,0
84788,1997/5/15,2025/12/31,2313510,2313510,Q,AMAZON COM INC; COM NONE; CONS,CORP,EQTY,NS,Y,AMZN,15473,7370,454110,CONDIS,AMAZON COM INC,201212,2012/12/31,250.87,113894980,252.05,114168316,-0.004682,-0.004682,62222872,454000,0.012569,0.007068,Dec-12,A,0,0
84788,1997/5/15,2025/12/31,2313510,2313510,Q,AMAZON COM INC; COM NONE; CONS,CORP,EQTY,NS,Y,AMZN,15473,7370,454110,CONDIS,AMAZON COM INC,201301,2013/1/31,265.5,120683290.5,250.87,113894980,0.058317,0.058317,88621591,454551,0.054142,0.050428,Jan-13,A,0,0
84788,1997/5/15,2025/12/31,2313510,2313510,Q,AMAZON COM INC; COM NONE; CONS,CORP,EQTY,NS,Y,AMZN,15473,7370,454110,CONDIS,AMAZON COM INC,201302,2013/2/28,264.27,120234129.1,265.5,120683290.5,-0.004633,-0.004633,72165257,454967,0.008282,0.011061,Feb-13,A,0,0
84788,1997/5/15,2025/12/31,2313510,2313510,Q,AMAZON COM INC; COM NONE; CONS,CORP,EQTY,NS,Y,AMZN,15473,7370,454110,CONDIS,AMAZON COM INC,201303,2013/3/28,266.49,121252950,264.27,120234129.1,0.0084,0.0084,62278255,455000,0.035295,0.035988,Mar-13,A,0,0
84788,1997/5/15,2025/12/31,2313510,2313510,Q,AMAZON COM INC; COM NONE; CONS,CORP,EQTY,NS,Y,AMZN,15473,7370,454110,CONDIS,AMAZON COM INC,201304,2013/4/30,253.81,115545225.8,266.49,121252950,-0.047582,-0.047582,82262137,455243,0.014939,0.018086,Apr-13,A,0,0
84788,1997/5/15,2025/12/31,2313510,2313510,Q,AMAZON COM INC; COM NONE; CONS,CORP,EQTY,NS,Y,AMZN,15473,7370,454110,CONDIS,AMAZON COM INC,201305,2013/5/31,269.2,122551415.6,253.81,115545225.8,0.060636,0.060636,62939456,455243,0.019128,0.020763,May-13,A,0,0
84788,1997/5/15,2025/12/31,2313510,2313510,Q,AMAZON COM INC; COM NONE; CONS,CORP,EQTY,NS,Y,AMZN,15473,7370,454110,CONDIS,AMAZON COM INC,201306,2013/6/28,277.69,126904330,269.2,122551415.6,0.031538,0.031538,62541213,457000,-0.015072,-0.014999,Jun-13,A,0,0
84788,1997/5/15,2025/12/31,2313510,2313510,Q,AMAZON COM INC; COM NONE; CONS,CORP,EQTY,NS,Y,AMZN,15473,7370,454110,CONDIS,AMAZON COM INC,201307,2013/7/31,301.22,137622598.5,277.69,126904330,0.084735,0.084735,71277508,456884,0.052658,0.049462,Jul-13,A,0,0
84788,1997/5/15,2025/12/31,2313510,2313510,Q,AMAZON COM INC; COM NONE; CONS,CORP,EQTY,NS,Y,AMZN,15473,7370,454110,CONDIS,AMAZON COM INC,201308,2013/8/30,280.98,128375266.3,301.22,137622598.5,-0.067193,-0.067193,46390907,456884,-0.02575,-0.031298,Aug-13,A,0,0
84788,1997/5/15,2025/12/31,2313510,2313510,Q,AMAZON COM INC; COM NONE; CONS,CORP,EQTY,NS,Y,AMZN,15473,7370,454110,CONDIS,AMAZON COM INC,201309,2013/9/30,312.64,143189120,280.98,128375266.3,0.112677,0.112677,46403735,458000,0.037497,0.02975,Sep-13,A,0,0
84788,1997/5/15,2025/12/31,2313510,2313510,Q,AMAZON COM INC; COM NONE; CONS,CORP,EQTY,NS,Y,AMZN,15473,7370,454110,CONDIS,AMAZON COM INC,201310,2013/10/31,364.03,166628908,312.64,143189120,0.164374,0.164374,82328254,457734,0.039888,0.044596,Oct-13,A,0,0
84788,1997/5/15,2025/12/31,2313510,2313510,Q,AMAZON COM INC; COM NONE; CONS,CORP,EQTY,NS,Y,AMZN,15473,7370,454110,CONDIS,AMAZON COM INC,201311,2013/11/29,393.62,180173257.1,364.03,166628908,0.081285,0.081285,57603967,457734,0.024956,0.028049,Nov-13,A,0,0
84788,1997/5/15,2025/12/31,2313510,2313510,Q,AMAZON COM INC; COM NONE; CONS,CORP,EQTY,NS,Y,AMZN,15473,7370,454110,CONDIS,AMAZON COM INC,201312,2013/12/31,398.79,183044610,393.62,180173257.1,0.013134,0.013134,56273245,459000,0.02614,0.023563,Dec-13,A,0,0
84788,1997/5/15,2025/12/31,2313510,2313510,Q,AMAZON COM INC; COM NONE; CONS,CORP,EQTY,NS,Y,AMZN,15473,7370,454113,CONDIS,AMAZON COM INC,201401,2014/1/31,358.69,164733762.9,398.79,183044610,-0.100554,-0.100554,81101144,459265,-0.03002,-0.035583,Jan-14,A,0,0
84788,1997/5/15,2025/12/31,2313510,2313510,Q,AMAZON COM INC; COM NONE; CONS,CORP,EQTY,NS,Y,AMZN,15473,7370,454113,CONDIS,AMAZON COM INC,201402,2014/2/28,362.1,166527617.4,358.69,164733762.9,0.009507,0.009507,83123969,459894,0.046198,0.043117,Feb-14,A,0,0
84788,1997/5/15,2025/12/31,2313510,2313510,Q,AMAZON COM INC; COM NONE; CONS,CORP,EQTY,NS,Y,AMZN,15473,7370,454113,CONDIS,AMAZON COM INC,201403,2014/3/31,336.365,154727900,362.1,166527617.4,-0.071072,-0.071072,75367869,460000,0.00454,0.006932,Mar-14,A,0,0
84788,1997/5/15,2025/12/31,2313510,2313510,Q,AMAZON COM INC; COM NONE; CONS,CORP,EQTY,NS,Y,AMZN,15473,7370,454113,CONDIS,AMAZON COM INC,201404,2014/4/30,304.13,139950589.7,336.365,154727900,-0.095833,-0.095833,138356570,460167,0.001573,0.006201,Apr-14,A,0,0
84788,1997/5/15,2025/12/31,2313510,2313510,Q,AMAZON COM INC; COM NONE; CONS,CORP,EQTY,NS,Y,AMZN,15473,7370,454113,CONDIS,AMAZON COM INC,201405,2014/5/30,312.55,143825195.9,304.13,139950589.7,0.027686,0.027686,78831305,460167,0.020254,0.02103,May-14,A,0,0
84788,1997/5/15,2025/12/31,2313510,2313510,Q,AMAZON COM INC; COM NONE; CONS,CORP,EQTY,NS,Y,AMZN,15473,7370,454113,CONDIS,AMAZON COM INC,201406,2014/6/30,324.78,150048360,312.55,143825195.9,0.03913,0.03913,76872634,462000,0.027973,0.019058,Jun-14,A,0,0
84788,1997/5/15,2025/12/31,2313510,2313510,Q,AMAZON COM INC; COM NONE; CONS,CORP,EQTY,NS,Y,AMZN,15473,7370,454113,CONDIS,AMAZON COM INC,201407,2014/7/31,312.99,144612647.6,324.78,150048360,-0.036301,-0.036301,99498868,462036,-0.020555,-0.01508,Jul-14,A,0,0
84788,1997/5/15,2025/12/31,2313510,2313510,Q,AMAZON COM INC; COM NONE; CONS,CORP,EQTY,NS,Y,AMZN,15473,7370,454113,CONDIS,AMAZON COM INC,201408,2014/8/29,339.04,156648685.4,312.99,144612647.6,0.083229,0.083229,62079444,462036,0.040205,0.037655,Aug-14,A,0,0
84788,1997/5/15,2025/12/31,2313510,2313510,Q,AMAZON COM INC; COM NONE; CONS,CORP,EQTY,NS,Y,AMZN,15473,7370,454113,CONDIS,AMAZON COM INC,201409,2014/9/30,322.44,149289720,339.04,156648685.4,-0.048962,-0.048962,68112667,463000,-0.025196,-0.015514,Sep-14,A,0,0
84788,1997/5/15,2025/12/31,2313510,2313510,Q,AMAZON COM INC; COM NONE; CONS,CORP,EQTY,NS,Y,AMZN,15473,7370,454113,CONDIS,AMAZON COM INC,201410,2014/10/31,305.46,141429812.8,322.44,149289720,-0.052661,-0.052661,111225654,463006,0.021164,0.023201,Oct-14,A,0,0
84788,1997/5/15,2025/12/31,2313510,2313510,Q,AMAZON COM INC; COM NONE; CONS,CORP,EQTY,NS,Y,AMZN,15473,7370,454113,CONDIS,AMAZON COM INC,201411,2014/11/28,338.64,156792351.8,305.46,141429812.8,0.108623,0.108623,68994041,463006,0.021104,0.024534,Nov-14,A,0,0
84788,1997/5/15,2025/12/31,2313510,2313510,Q,AMAZON COM INC; COM NONE; CONS,CORP,EQTY,NS,Y,AMZN,15473,7370,454113,CONDIS,AMAZON COM INC,201412,2014/12/31,310.35,144121574.4,338.64,156792351.8,-0.08354,-0.08354,86900469,464384,-0.003659,-0.004189,Dec-14,A,0,0
84788,1997/5/15,2025/12/31,2313510,2313510,Q,AMAZON COM INC; COM NONE; CONS,CORP,EQTY,NS,Y,AMZN,15473,7370,454113,CONDIS,AMAZON COM INC,201501,2015/1/30,354.53,164638059.5,310.35,144121574.4,0.142355,0.142355,103109330,464384,-0.027163,-0.031041,Jan-15,A,0,0
84788,1997/5/15,2025/12/31,2313510,2313510,Q,AMAZON COM INC; COM NONE; CONS,CORP,EQTY,NS,Y,AMZN,15473,7370,454113,CONDIS,AMAZON COM INC,201502,2015/2/27,380.16,176923802.9,354.53,164638059.5,0.072293,0.072293,70851840,465393,0.055915,0.054893,Feb-15,A,0,0
84788,1997/5/15,2025/12/31,2313510,2313510,Q,AMAZON COM INC; COM NONE; CONS,CORP,EQTY,NS,Y,AMZN,15473,7370,454113,CONDIS,AMAZON COM INC,201503,2015/3/31,372.1,173398600,380.16,176923802.9,-0.021202,-0.021202,55508917,466000,-0.010397,-0.017396,Mar-15,A,0,0
84788,1997/5/15,2025/12/31,2313510,2313510,Q,AMAZON COM INC; COM NONE; CONS,CORP,EQTY,NS,Y,AMZN,15473,7370,454113,CONDIS,AMAZON COM INC,201504,2015/4/30,421.78,196414932.2,372.1,173398600,0.133512,0.133512,84412696,465681,0.008766,0.008521,Apr-15,A,0,0
84788,1997/5/15,2025/12/31,2313510,2313510,Q,AMAZON COM INC; COM NONE; CONS,CORP,EQTY,NS,Y,AMZN,15473,7370,454113,CONDIS,AMAZON COM INC,201505,2015/5/29,429.23,199884255.6,421.78,196414932.2,0.017663,0.017663,51990899,465681,0.010277,0.010491,May-15,A,0,0
84788,1997/5/15,2025/12/31,2313510,2313510,Q,AMAZON COM INC; COM NONE; CONS,CORP,EQTY,NS,Y,AMZN,15473,7370,454113,CONDIS,AMAZON COM INC,201506,2015/6/30,434.09,203154120,429.23,199884255.6,0.011323,0.011323,55021761,468000,-0.019231,-0.021012,Jun-15,A,0,0
84788,1997/5/15,2025/12/31,2313510,2313510,Q,AMAZON COM INC; COM NONE; CONS,CORP,EQTY,NS,Y,AMZN,15473,7370,454113,CONDIS,AMAZON COM INC,201507,2015/7/31,536.15,250762716.5,434.09,203154120,0.235113,0.235113,102148924,467710,0.012108,0.019742,Jul-15,A,0,0
84788,1997/5/15,2025/12/31,2313510,2313510,Q,AMAZON COM INC; COM NONE; CONS,CORP,EQTY,NS,Y,AMZN,15473,7370,454113,CONDIS,AMAZON COM INC,201508,2015/8/31,512.89,239883781.9,536.15,250762716.5,-0.043383,-0.043383,82919339,467710,-0.059926,-0.062581,Aug-15,A,0,0
84788,1997/5/15,2025/12/31,2313510,2313510,Q,AMAZON COM INC; COM NONE; CONS,CORP,EQTY,NS,Y,AMZN,15473,7370,454113,CONDIS,AMAZON COM INC,201509,2015/9/30,511.89,240076410,512.89,239883781.9,-0.00195,-0.00195,76796078,469000,-0.033756,-0.026443,Sep-15,A,0,0
84788,1997/5/15,2025/12/31,2313510,2313510,Q,AMAZON COM INC; COM NONE; CONS,CORP,EQTY,NS,Y,AMZN,15473,7370,454113,CONDIS,AMAZON COM INC,201510,2015/10/30,625.9,293398135.8,511.89,240076410,0.222724,0.222724,97246347,468762,0.073937,0.082983,Oct-15,A,0,0
84788,1997/5/15,2025/12/31,2313510,2313510,Q,AMAZON COM INC; COM NONE; CONS,CORP,EQTY,NS,Y,AMZN,15473,7370,454113,CONDIS,AMAZON COM INC,201511,2015/11/30,664.8,311632977.6,625.9,293398135.8,0.062151,0.062151,87305803,468762,0.002404,0.000505,Nov-15,A,0,0
84788,1997/5/15,2025/12/31,2313510,2313510,Q,AMAZON COM INC; COM NONE; CONS,CORP,EQTY,NS,Y,AMZN,15473,7370,454113,CONDIS,AMAZON COM INC,201512,2015/12/31,675.89,318344190,664.8,311632977.6,0.016682,0.016682,90228819,471000,-0.022209,-0.01753,Dec-15,A,0,0
84788,1997/5/15,2025/12/31,2313510,2313510,Q,AMAZON COM INC; COM NONE; CONS,CORP,EQTY,NS,Y,AMZN,15473,7370,454113,CONDIS,AMAZON COM INC,201601,2016/1/29,587,276384254,675.89,318344190,-0.131515,-0.131515,130211939,470842,-0.057085,-0.050735,Jan-16,A,0,0
84788,1997/5/15,2025/12/31,2313510,2313510,Q,AMAZON COM INC; COM NONE; CONS,CORP,EQTY,NS,Y,AMZN,15473,7370,454113,CONDIS,AMAZON COM INC,201602,2016/2/29,552.52,260181115.5,587,276384254,-0.058739,-0.058739,124293007,470899,0.00062,-0.004128,Feb-16,A,0,0
84788,1997/5/15,2025/12/31,2313510,2313510,Q,AMAZON COM INC; COM NONE; CONS,CORP,EQTY,NS,Y,AMZN,15473,7370,454113,CONDIS,AMAZON COM INC,201603,2016/3/31,593.64,280198080,552.52,260181115.5,0.074423,0.074423,94026167,472000,0.070491,0.065991,Mar-16,A,0,0
84788,1997/5/15,2025/12/31,2313510,2313510,Q,AMAZON COM INC; COM NONE; CONS,CORP,EQTY,NS,Y,AMZN,15473,7370,454113,CONDIS,AMAZON COM INC,201604,2016/4/29,659.59,311213030.5,593.64,280198080,0.111094,0.111094,78495813,471828,0.011718,0.002699,Apr-16,A,0,0
84788,1997/5/15,2025/12/31,2313510,2313510,Q,AMAZON COM INC; COM NONE; CONS,CORP,EQTY,NS,Y,AMZN,15473,7370,454113,CONDIS,AMAZON COM INC,201605,2016/5/31,722.79,341032560.1,659.59,311213030.5,0.095817,0.095817,90627049,471828,0.01434,0.015329,May-16,A,0,0
84788,1997/5/15,2025/12/31,2313510,2313510,Q,AMAZON COM INC; COM NONE; CONS,CORP,EQTY,NS,Y,AMZN,15473,7370,454113,CONDIS,AMAZON COM INC,201606,2016/6/30,715.62,339203880,722.79,341032560.1,-0.00992,-0.00992,74608204,474000,0.002947,0.000906,Jun-16,A,0,0
84788,1997/5/15,2025/12/31,2313510,2313510,Q,AMAZON COM INC; COM NONE; CONS,CORP,EQTY,NS,Y,AMZN,15473,7370,454113,CONDIS,AMAZON COM INC,201607,2016/7/29,758.81,359732091.9,715.62,339203880,0.060353,0.060353,68656844,474074,0.038815,0.03561,Jul-16,A,0,0
84788,1997/5/15,2025/12/31,2313510,2313510,Q,AMAZON COM INC; COM NONE; CONS,CORP,EQTY,NS,Y,AMZN,15473,7370,454113,CONDIS,AMAZON COM INC,201608,2016/8/31,769.16,364638757.8,758.81,359732091.9,0.01364,0.01364,50013857,474074,0.0028,-0.001219,Aug-16,A,0,0
84788,1997/5/15,2025/12/31,2313510,2313510,Q,AMAZON COM INC; COM NONE; CONS,CORP,EQTY,NS,Y,AMZN,15473,7370,454113,CONDIS,AMAZON COM INC,201609,2016/9/30,837.31,397722250,769.16,364638757.8,0.088603,0.088603,67365699,475000,0.003013,-0.001234,Sep-16,A,1,1
84788,1997/5/15,2025/12/31,2313510,2313510,Q,AMAZON COM INC; COM NONE; CONS,CORP,EQTY,NS,Y,AMZN,15473,7370,454113,CONDIS,AMAZON COM INC,201610,2016/10/31,789.82,375296399.9,837.31,397722250,-0.056717,-0.056717,77070544,475167,-0.021544,-0.019426,Oct-16,A,0,0
84788,1997/5/15,2025/12/31,2313510,2313510,Q,AMAZON COM INC; COM NONE; CONS,CORP,EQTY,NS,Y,AMZN,15473,7370,454113,CONDIS,AMAZON COM INC,201611,2016/11/30,750.57,356646095.2,789.82,375296399.9,-0.049695,-0.049695,110091763,475167,0.040488,0.034175,Nov-16,A,0,0
84788,1997/5/15,2025/12/31,2313510,2313510,Q,AMAZON COM INC; COM NONE; CONS,CORP,EQTY,NS,Y,AMZN,15473,7370,454113,CONDIS,AMAZON COM INC,201612,2016/12/30,749.87,357687990,750.57,356646095.2,-0.000933,-0.000933,73669265,477000,0.018763,0.018201,Dec-16,A,1,0
84788,1997/5/15,2025/12/31,2313510,2313510,Q,AMAZON COM INC; COM NONE; CONS,CORP,EQTY,NS,Y,AMZN,15473,7370,454113,CONDIS,AMAZON COM INC,201701,2017/1/31,823.48,392940775.1,749.87,357687990,0.098164,0.098164,70718897,477171,0.022153,0.017884,Jan-17,A,3,3
84788,1997/5/15,2025/12/31,2313510,2313510,Q,AMAZON COM INC; COM NONE; CONS,CORP,EQTY,NS,Y,AMZN,15473,7370,454113,CONDIS,AMAZON COM INC,201702,2017/2/28,845.04,403603779.6,823.48,392940775.1,0.026182,0.026182,71753643,477615,0.032598,0.037198,Feb-17,A,3,3
84788,1997/5/15,2025/12/31,2313510,2313510,Q,AMAZON COM INC; COM NONE; CONS,CORP,EQTY,NS,Y,AMZN,15473,7370,454113,CONDIS,AMAZON COM INC,201703,2017/3/31,886.54,423766120,845.04,403603779.6,0.04911,0.04911,60726585,478000,0.002062,-0.000389,Mar-17,A,2,2
84788,1997/5/15,2025/12/31,2313510,2313510,Q,AMAZON COM INC; COM NONE; CONS,CORP,EQTY,NS,Y,AMZN,15473,7370,454113,CONDIS,AMAZON COM INC,201704,2017/4/28,924.99,442122095.3,886.54,423766120,0.043371,0.043371,73543450,477975,0.009655,0.009091,Apr-17,A,1,1
84788,1997/5/15,2025/12/31,2313510,2313510,Q,AMAZON COM INC; COM NONE; CONS,CORP,EQTY,NS,Y,AMZN,15473,7370,454113,CONDIS,AMAZON COM INC,201705,2017/5/31,994.62,475403494.5,924.99,442122095.3,0.075276,0.075276,76248708,477975,0.009335,0.011576,May-17,A,2,2
84788,1997/5/15,2025/12/31,2313510,2313510,Q,AMAZON COM INC; COM NONE; CONS,CORP,EQTY,NS,Y,AMZN,15473,7370,454113,CONDIS,AMAZON COM INC,201706,2017/6/30,968,464640000,994.62,475403494.5,-0.026764,-0.026764,96181301,480000,0.009571,0.004814,Jun-17,A,1,1
84788,1997/5/15,2025/12/31,2313510,2313510,Q,AMAZON COM INC; COM NONE; CONS,CORP,EQTY,NS,Y,AMZN,15473,7370,454113,CONDIS,AMAZON COM INC,201707,2017/7/31,987.78,474509756.4,968,464640000,0.020434,0.020434,78872865,480380,0.020277,0.019349,Jul-17,A,4,4
84788,1997/5/15,2025/12/31,2313510,2313510,Q,AMAZON COM INC; COM NONE; CONS,CORP,EQTY,NS,Y,AMZN,15473,7370,454113,CONDIS,AMAZON COM INC,201708,2017/8/31,980.6,471060628,987.78,474509756.4,-0.007269,-0.007269,77423239,480380,0.0016,0.000546,Aug-17,A,2,2
84788,1997/5/15,2025/12/31,2313510,2313510,Q,AMAZON COM INC; COM NONE; CONS,CORP,EQTY,NS,Y,AMZN,15473,7370,454113,CONDIS,AMAZON COM INC,201709,2017/9/29,961.35,463370700,980.6,471060628,-0.019631,-0.019631,59409059,482000,0.023729,0.019303,Sep-17,A,8,7
84788,1997/5/15,2025/12/31,2313510,2313510,Q,AMAZON COM INC; COM NONE; CONS,CORP,EQTY,NS,Y,AMZN,15473,7370,454113,CONDIS,AMAZON COM INC,201710,2017/10/31,1105.28,532603484.2,961.35,463370700,0.149717,0.149717,83344933,481872,0.019275,0.022188,Oct-17,A,1,1
84788,1997/5/15,2025/12/31,2313510,2313510,Q,AMAZON COM INC; COM NONE; CONS,CORP,EQTY,NS,Y,AMZN,15473,7370,454113,CONDIS,AMAZON COM INC,201711,2017/11/30,1176.75,567042876,1105.28,532603484.2,0.064662,0.064662,77177540,481872,0.027231,0.028083,Nov-17,A,0,0
84788,1997/5/15,2025/12/31,2313510,2313510,Q,AMAZON COM INC; COM NONE; CONS,CORP,EQTY,NS,Y,AMZN,15473,7370,454113,CONDIS,AMAZON COM INC,201712,2017/12/29,1169.47,563534847.8,1176.75,567042876,-0.006187,-0.006187,58013933,481872,0.012122,0.009832,Dec-17,A,4,4
84788,1997/5/15,2025/12/31,2313510,2313510,Q,AMAZON COM INC; COM NONE; CONS,CORP,EQTY,NS,Y,AMZN,15473,7370,454113,CONDIS,AMAZON COM INC,201801,2018/1/31,1450.89,702386005.2,1169.47,563534847.8,0.240639,0.240639,96424492,484107,0.050577,0.056179,Jan-18,A,5,5
84788,1997/5/15,2025/12/31,2313510,2313510,Q,AMAZON COM INC; COM NONE; CONS,CORP,EQTY,NS,Y,AMZN,15473,7370,454113,CONDIS,AMAZON COM INC,201802,2018/2/28,1512.45,732945369.6,1450.89,702386005.2,0.042429,0.042429,137989177,484608,-0.039454,-0.038947,Feb-18,A,2,2
84788,1997/5/15,2025/12/31,2313510,2313510,Q,AMAZON COM INC; COM NONE; CONS,CORP,EQTY,NS,Y,AMZN,15473,7370,454113,CONDIS,AMAZON COM INC,201803,2018/3/29,1447.34,701959900,1512.45,732945369.6,-0.043049,-0.043049,130399859,485000,-0.018421,-0.026884,Mar-18,A,4,4
84788,1997/5/15,2025/12/31,2313510,2313510,Q,AMAZON COM INC; COM NONE; CONS,CORP,EQTY,NS,Y,AMZN,15473,7370,454113,CONDIS,AMAZON COM INC,201804,2018/4/30,1566.13,759928561.5,1447.34,701959900,0.082075,0.082075,130185574,485227,0.004679,0.002719,Apr-18,A,5,5
84788,1997/5/15,2025/12/31,2313510,2313510,Q,AMAZON COM INC; COM NONE; CONS,CORP,EQTY,NS,Y,AMZN,15473,7370,454113,CONDIS,AMAZON COM INC,201805,2018/5/31,1629.62,790735623.7,1566.13,759928561.5,0.040539,0.040539,71644461,485227,0.026146,0.021608,May-18,A,2,2
84788,1997/5/15,2025/12/31,2313510,2313510,Q,AMAZON COM INC; COM NONE; CONS,CORP,EQTY,NS,Y,AMZN,15473,7370,454113,CONDIS,AMAZON COM INC,201806,2018/6/29,1699.8,827802600,1629.62,790735623.7,0.043065,0.043065,86021779,487000,0.005359,0.004842,Jun-18,A,5,4
84788,1997/5/15,2025/12/31,2313510,2313510,Q,AMAZON COM INC; COM NONE; CONS,CORP,EQTY,NS,Y,AMZN,15473,7370,454113,CONDIS,AMAZON COM INC,201807,2018/7/31,1777.44,866930363,1699.8,827802600,0.045676,0.045676,97498379,487741,0.031573,0.036022,Jul-18,A,6,6
84788,1997/5/15,2025/12/31,2313510,2313510,Q,AMAZON COM INC; COM NONE; CONS,CORP,EQTY,NS,Y,AMZN,15473,7370,454113,CONDIS,AMAZON COM INC,201808,2018/8/31,2012.71,981681188.1,1777.44,866930363,0.132365,0.132365,96571772,487741,0.030226,0.030263,Aug-18,A,3,2
84788,1997/5/15,2025/12/31,2313510,2313510,Q,AMAZON COM INC; COM NONE; CONS,CORP,EQTY,NS,Y,AMZN,15473,7370,454113,CONDIS,AMAZON COM INC,201809,2018/9/28,2003,969452000,2012.71,981681188.1,-0.004824,-0.004824,94944226,484000,0.000425,0.004294,Sep-18,A,3,3
84788,1997/5/15,2025/12/31,2313510,2313510,Q,AMAZON COM INC; COM NONE; CONS,CORP,EQTY,NS,Y,AMZN,15473,7370,454113,CONDIS,AMAZON COM INC,201810,2018/10/31,1598.01,781377351.7,2003,969452000,-0.202192,-0.202192,183340640,488969,-0.074045,-0.069403,Oct-18,A,6,5
84788,1997/5/15,2025/12/31,2313510,2313510,Q,AMAZON COM INC; COM NONE; CONS,CORP,EQTY,NS,Y,AMZN,15473,7370,454113,CONDIS,AMAZON COM INC,201811,2018/11/30,1690.17,826440734.7,1598.01,781377351.7,0.057672,0.057672,139330379,488969,0.018512,0.017859,Nov-18,A,6,4
84788,1997/5/15,2025/12/31,2313510,2313510,Q,AMAZON COM INC; COM NONE; CONS,CORP,EQTY,NS,Y,AMZN,15473,7370,454113,CONDIS,AMAZON COM INC,201812,2018/12/31,1501.97,734416768.9,1690.17,826440734.7,-0.11135,-0.11135,154799739,488969,-0.08989,-0.091777,Dec-18,A,6,6
84788,1997/5/15,2025/12/31,2313510,2313510,Q,AMAZON COM INC; COM NONE; CONS,CORP,EQTY,NS,Y,AMZN,15473,7370,454113,CONDIS,AMAZON COM INC,201901,2019/1/31,1718.73,844245332.2,1501.97,734416768.9,0.144317,0.144317,134042600,491203,0.088294,0.078684,Jan-19,A,13,6
84788,1997/5/15,2025/12/31,2313510,2313510,Q,AMAZON COM INC; COM NONE; CONS,CORP,EQTY,NS,Y,AMZN,15473,7370,454113,CONDIS,AMAZON COM INC,201902,2019/2/28,1639.83,806402800.8,1718.73,844245332.2,-0.045906,-0.045906,80941802,491760,0.032724,0.029729,Feb-19,A,8,8
84788,1997/5/15,2025/12/31,2313510,2313510,Q,AMAZON COM INC; COM NONE; CONS,CORP,EQTY,NS,Y,AMZN,15473,7370,454113,CONDIS,AMAZON COM INC,201903,2019/3/29,1780.75,876129000,1639.83,806402800.8,0.085936,0.085936,100838046,492000,0.012962,0.017924,Mar-19,A,7,7
84788,1997/5/15,2025/12/31,2313510,2313510,Q,AMAZON COM INC; COM NONE; CONS,CORP,EQTY,NS,Y,AMZN,15473,7370,454113,CONDIS,AMAZON COM INC,201904,2019/4/30,1926.52,948487444.6,1780.75,876129000,0.081859,0.081859,81303038,492332,0.037893,0.039313,Apr-19,A,18,16
84788,1997/5/15,2025/12/31,2313510,2313510,Q,AMAZON COM INC; COM NONE; CONS,CORP,EQTY,NS,Y,AMZN,15473,7370,454113,CONDIS,AMAZON COM INC,201905,2019/5/31,1775.07,873923763.2,1926.52,948487444.6,-0.078613,-0.078613,98206965,492332,-0.061679,-0.065778,May-19,A,12,12
84788,1997/5/15,2025/12/31,2313510,2313510,Q,AMAZON COM INC; COM NONE; CONS,CORP,EQTY,NS,Y,AMZN,15473,7370,454113,CONDIS,AMAZON COM INC,201906,2019/6/28,1893.63,935453220,1775.07,873923763.2,0.066792,0.066792,74762925,494000,0.067279,0.06893,Jun-19,A,10,10
84788,1997/5/15,2025/12/31,2313510,2313510,Q,AMAZON COM INC; COM NONE; CONS,CORP,EQTY,NS,Y,AMZN,15473,7370,454113,CONDIS,AMAZON COM INC,201907,2019/7/31,1866.78,923413927.7,1893.63,935453220,-0.014179,-0.014179,73194502,494656,0.011854,0.013128,Jul-19,A,8,8
84788,1997/5/15,2025/12/31,2313510,2313510,Q,AMAZON COM INC; COM NONE; CONS,CORP,EQTY,NS,Y,AMZN,15473,7370,454113,CONDIS,AMAZON COM INC,201908,2019/8/30,1776.29,878652506.2,1866.78,923413927.7,-0.048474,-0.048474,79985500,494656,-0.020339,-0.018092,Aug-19,A,13,13
84788,1997/5/15,2025/12/31,2313510,2313510,Q,AMAZON COM INC; COM NONE; CONS,CORP,EQTY,NS,Y,AMZN,15473,7370,454113,CONDIS,AMAZON COM INC,201909,2019/9/30,1735.91,859275450,1776.29,878652506.2,-0.022733,-0.022733,61995388,495000,0.016033,0.017181,Sep-19,A,16,16
84788,1997/5/15,2025/12/31,2313510,2313510,Q,AMAZON COM INC; COM NONE; CONS,CORP,EQTY,NS,Y,AMZN,15473,7370,454113,CONDIS,AMAZON COM INC,201910,2019/10/31,1776.66,880862698,1735.91,859275450,0.023475,0.023475,72162190,495797,0.019257,0.020432,Oct-19,A,18,16
84788,1997/5/15,2025/12/31,2313510,2313510,Q,AMAZON COM INC; COM NONE; CONS,CORP,EQTY,NS,Y,AMZN,15473,7370,454113,CONDIS,AMAZON COM INC,201911,2019/11/29,1800.8,892831237.6,1776.66,880862698,0.013587,0.013587,52049783,495797,0.034999,0.034047,Nov-19,A,16,16
84788,1997/5/15,2025/12/31,2313510,2313510,Q,AMAZON COM INC; COM NONE; CONS,CORP,EQTY,NS,Y,AMZN,15473,7370,454113,CONDIS,AMAZON COM INC,201912,2019/12/31,1847.84,920224320,1800.8,892831237.6,0.026122,0.026122,68758683,498000,0.028489,0.02859,Dec-19,A,12,10
84788,1997/5/15,2025/12/31,2313510,2313510,Q,AMAZON COM INC; COM NONE; CONS,CORP,EQTY,NS,Y,AMZN,15473,7370,454113,CONDIS,AMAZON COM INC,202001,2020/1/31,2008.72,999960903.2,1847.84,920224320,0.087064,0.087064,84604347,497810,-0.001728,-0.001628,Jan-20,A,13,12
84788,1997/5/15,2025/12/31,2313510,2313510,Q,AMAZON COM INC; COM NONE; CONS,CORP,EQTY,NS,Y,AMZN,15473,7370,454113,CONDIS,AMAZON COM INC,202002,2020/2/28,1883.75,937836240,2008.72,999960903.2,-0.062214,-0.062214,92327882,497856,-0.077918,-0.08411,Feb-20,A,19,19
84788,1997/5/15,2025/12/31,2313510,2313510,Q,AMAZON COM INC; COM NONE; CONS,CORP,EQTY,NS,Y,AMZN,15473,7370,454110,CONDIS,AMAZON COM INC,202003,2020/3/31,1949.72,972910280,1883.75,937836240,0.035021,0.035021,163369742,499000,-0.141733,-0.125119,Mar-20,A,14,13
84788,1997/5/15,2025/12/31,2313510,2313510,Q,AMAZON COM INC; COM NONE; CONS,CORP,EQTY,NS,Y,AMZN,15473,7370,454110,CONDIS,AMAZON COM INC,202004,2020/4/30,2474,1233971824,1949.72,972910280,0.2689,0.2689,124318560,498776,0.129674,0.126844,Apr-20,A,26,22
84788,1997/5/15,2025/12/31,2313510,2313510,Q,AMAZON COM INC; COM NONE; CONS,CORP,EQTY,NS,Y,AMZN,15473,7370,454110,CONDIS,AMAZON COM INC,202005,2020/5/29,2442.37,1218195539,2474,1233971824,-0.012785,-0.012785,82370747,498776,0.053739,0.045282,May-20,A,20,18
84788,1997/5/15,2025/12/31,2313510,2313510,Q,AMAZON COM INC; COM NONE; CONS,CORP,EQTY,NS,Y,AMZN,15473,7370,454110,CONDIS,AMAZON COM INC,202006,2020/6/30,2758.82,1382168820,2442.37,1218195539,0.129567,0.129567,87878522,501000,0.025299,0.018388,Jun-20,A,19,17
84788,1997/5/15,2025/12/31,2313510,2313510,Q,AMAZON COM INC; COM NONE; CONS,CORP,EQTY,NS,Y,AMZN,15473,7370,454110,CONDIS,AMAZON COM INC,202007,2020/7/31,3164.68,1585156565,2758.82,1382168820,0.147114,0.147114,127062105,500890,0.055532,0.055101,Jul-20,A,17,17
84788,1997/5/15,2025/12/31,2313510,2313510,Q,AMAZON COM INC; COM NONE; CONS,CORP,EQTY,NS,Y,AMZN,15473,7370,454110,CONDIS,AMAZON COM INC,202008,2020/8/31,3450.96,1728551354,3164.68,1585156565,0.090461,0.090461,83857521,500890,0.068442,0.070065,Aug-20,A,12,12
84788,1997/5/15,2025/12/31,2313510,2313510,Q,AMAZON COM INC; COM NONE; CONS,CORP,EQTY,NS,Y,AMZN,15473,7370,454110,CONDIS,AMAZON COM INC,202009,2020/9/30,3148.73,1580662460,3450.96,1728551354,-0.087579,-0.087579,115586273,502000,-0.035056,-0.039228,Sep-20,A,14,14
84788,1997/5/15,2025/12/31,2313510,2313510,Q,AMAZON COM INC; COM NONE; CONS,CORP,EQTY,NS,Y,AMZN,15473,7370,454110,CONDIS,AMAZON COM INC,202010,2020/10/30,3036.15,1523391299,3148.73,1580662460,-0.035754,-0.035754,116030402,501751,-0.020178,-0.027666,Oct-20,A,35,32
84788,1997/5/15,2025/12/31,2313510,2313510,Q,AMAZON COM INC; COM NONE; CONS,CORP,EQTY,NS,Y,AMZN,15473,7370,454110,CONDIS,AMAZON COM INC,202011,2020/11/30,3168.04,1589567238,3036.15,1523391299,0.04344,0.04344,90643071,501751,0.123707,0.107546,Nov-20,A,16,16
84788,1997/5/15,2025/12/31,2313510,2313510,Q,AMAZON COM INC; COM NONE; CONS,CORP,EQTY,NS,Y,AMZN,15473,7370,454110,CONDIS,AMAZON COM INC,202012,2020/12/31,3256.93,1638235790,3168.04,1589567238,0.028058,0.028058,77271020,503000,0.045048,0.037121,Dec-20,A,15,14
84788,1997/5/15,2025/12/31,2313510,2313510,Q,AMAZON COM INC; COM NONE; CONS,CORP,EQTY,NS,Y,AMZN,15473,7370,454110,CONDIS,AMAZON COM INC,202101,2021/1/29,3206.2,1614530103,3256.93,1638235790,-0.015576,-0.015576,71413077,503565,-0.000631,-0.011137,Jan-21,A,20,17
84788,1997/5/15,2025/12/31,2313510,2313510,Q,AMAZON COM INC; COM NONE; CONS,CORP,EQTY,NS,Y,AMZN,15473,7370,454110,CONDIS,AMAZON COM INC,202102,2021/2/26,3092.93,1557593362,3206.2,1614530103,-0.035328,-0.035328,71857023,503598,0.029196,0.026091,Feb-21,A,13,12
84788,1997/5/15,2025/12/31,2313510,2313510,Q,AMAZON COM INC; COM NONE; CONS,CORP,EQTY,NS,Y,AMZN,15473,7370,454110,CONDIS,AMAZON COM INC,202103,2021/3/31,3094.08,1559416320,3092.93,1557593362,0.000372,0.000372,77954052,504000,0.030573,0.042439,Mar-21,A,14,14
84788,1997/5/15,2025/12/31,2313510,2313510,Q,AMAZON COM INC; COM NONE; CONS,CORP,EQTY,NS,Y,AMZN,15473,7370,454110,CONDIS,AMAZON COM INC,202104,2021/4/30,3467.42,1748703124,3094.08,1559416320,0.120663,0.120663,76635341,504324,0.04819,0.052425,Apr-21,A,18,18
84788,1997/5/15,2025/12/31,2313510,2313510,Q,AMAZON COM INC; COM NONE; CONS,CORP,EQTY,NS,Y,AMZN,15473,7370,454110,CONDIS,AMAZON COM INC,202105,2021/5/28,3223.07,1625471555,3467.42,1748703124,-0.07047,-0.07047,74969182,504324,0.007092,0.005486,May-21,A,20,19
84788,1997/5/15,2025/12/31,2313510,2313510,Q,AMAZON COM INC; COM NONE; CONS,CORP,EQTY,NS,Y,AMZN,15473,7370,454110,CONDIS,AMAZON COM INC,202106,2021/6/30,3440.16,1740720960,3223.07,1625471555,0.067355,0.067355,66775553,506000,0.023422,0.022214,Jun-21,A,24,24
84788,1997/5/15,2025/12/31,2313510,2313510,Q,AMAZON COM INC; COM NONE; CONS,CORP,EQTY,NS,Y,AMZN,15473,7370,454110,CONDIS,AMAZON COM INC,202107,2021/7/30,3327.59,1685228007,3440.16,1740720960,-0.032722,-0.032722,83417890,506441,0.011828,0.022748,Jul-21,A,18,18
84788,1997/5/15,2025/12/31,2313510,2313510,Q,AMAZON COM INC; COM NONE; CONS,CORP,EQTY,NS,Y,AMZN,15473,7370,454110,CONDIS,AMAZON COM INC,202108,2021/8/31,3470.79,1757750358,3327.59,1685228007,0.043034,0.043034,62875944,506441,0.027146,0.02899,Aug-21,A,15,9
84788,1997/5/15,2025/12/31,2313510,2313510,Q,AMAZON COM INC; COM NONE; CONS,CORP,EQTY,NS,Y,AMZN,15473,7370,454110,CONDIS,AMAZON COM INC,202109,2021/9/30,3285.04,1665515280,3470.79,1757750358,-0.053518,-0.053518,62241948,507000,-0.042243,-0.047569,Sep-21,A,11,11
84788,1997/5/15,2025/12/31,2313510,2313510,Q,AMAZON COM INC; COM NONE; CONS,CORP,EQTY,NS,Y,AMZN,15473,7370,454110,CONDIS,AMAZON COM INC,202110,2021/10/29,3372.43,1710321130,3285.04,1665515280,0.026602,0.026602,63320376,507148,0.064651,0.069144,Oct-21,A,19,19
84788,1997/5/15,2025/12/31,2313510,2313510,Q,AMAZON COM INC; COM NONE; CONS,CORP,EQTY,NS,Y,AMZN,15473,7370,454110,CONDIS,AMAZON COM INC,202111,2021/11/30,3507.07,1778603536,3372.43,1710321130,0.039924,0.039924,75320245,507148,-0.018351,-0.008334,Nov-21,A,9,8
84788,1997/5/15,2025/12/31,2313510,2313510,Q,AMAZON COM INC; COM NONE; CONS,CORP,EQTY,NS,Y,AMZN,15473,7370,454110,CONDIS,AMAZON COM INC,202112,2021/12/31,3334.34,1697179060,3507.07,1778603536,-0.049252,-0.049252,63988763,509000,0.033341,0.043613,Dec-21,A,1,1
84788,1997/5/15,2025/12/31,2313510,2313510,Q,AMAZON COM INC; COM NONE; CONS,CORP,EQTY,NS,Y,AMZN,15473,7370,454110,CONDIS,AMAZON COM INC,202201,2022/1/31,2991.47,1522191561,3334.34,1697179060,-0.10283,-0.10283,75636865,508844,-0.059822,-0.052585,Jan-22,A,4,1
84788,1997/5/15,2025/12/31,2313510,2313510,Q,AMAZON COM INC; COM NONE; CONS,CORP,EQTY,NS,Y,AMZN,15473,7370,454110,CONDIS,AMAZON COM INC,202202,2022/2/28,3071.26,1562116546,2991.47,1522191561,0.026673,0.026673,84195244,508624,-0.021838,-0.03136,Feb-22,A,0,0
84788,1997/5/15,2025/12/31,2313510,2313510,Q,AMAZON COM INC; COM NONE; CONS,CORP,EQTY,NS,Y,AMZN,15473,7370,454110,CONDIS,AMAZON COM INC,202203,2022/3/31,3259.95,1659314550,3071.26,1562116546,0.061437,0.061437,82434082,509000,0.030506,0.035773,Mar-22,A,3,1
84788,1997/5/15,2025/12/31,2313510,2313510,Q,AMAZON COM INC; COM NONE; CONS,CORP,EQTY,NS,Y,AMZN,15473,7370,454110,CONDIS,AMAZON COM INC,202204,2022/4/29,2485.63,1264489694,3259.95,1659314550,-0.237525,-0.237525,72742025,508720,-0.089387,-0.087957,Apr-22,A,9,5
84788,1997/5/15,2025/12/31,2313510,2313510,Q,AMAZON COM INC; COM NONE; CONS,CORP,EQTY,NS,Y,AMZN,15473,7370,454110,CONDIS,AMAZON COM INC,202205,2022/5/31,2404.19,1223059537,2485.63,1264489694,-0.032764,-0.032764,112369701,508720,-0.002113,5.30E-05,May-22,A,3,3
84788,1997/5/15,2025/12/31,2313510,2313510,Q,AMAZON COM INC; COM NONE; CONS,CORP,EQTY,NS,Y,AMZN,15473,7370,454110,CONDIS,AMAZON COM INC,202206,2022/6/30,106.21,1081536430,2404.19,1223059537,-0.116459,-0.116459,1457903847,10183000,-0.083997,-0.08392,Jun-22,A,2,1
84788,1997/5/15,2025/12/31,2313510,2313510,Q,AMAZON COM INC; COM NONE; CONS,CORP,EQTY,NS,Y,AMZN,15473,7370,454110,CONDIS,AMAZON COM INC,202207,2022/7/29,134.95,1374810547,106.21,1081536430,0.270596,0.270596,1336424374,10187555,0.090351,0.091116,Jul-22,A,4,1
84788,1997/5/15,2025/12/31,2313510,2313510,Q,AMAZON COM INC; COM NONE; CONS,CORP,EQTY,NS,Y,AMZN,15473,7370,454110,CONDIS,AMAZON COM INC,202208,2022/8/31,126.77,1291476347,134.95,1374810547,-0.060615,-0.060615,1168991303,10187555,-0.036233,-0.04244,Aug-22,A,6,6
84788,1997/5/15,2025/12/31,2313510,2313510,Q,AMAZON COM INC; COM NONE; CONS,CORP,EQTY,NS,Y,AMZN,15473,7370,454110,CONDIS,AMAZON COM INC,202209,2022/9/30,113,1152374000,126.77,1291476347,-0.108622,-0.108622,1209965402,10198000,-0.091323,-0.093396,Sep-22,A,5,2
84788,1997/5/15,2025/12/31,2313510,2313510,Q,AMAZON COM INC; COM NONE; CONS,CORP,EQTY,NS,Y,AMZN,15473,7370,454110,CONDIS,AMAZON COM INC,202210,2022/10/31,102.44,1045057436,113,1152374000,-0.093451,-0.093451,1458818669,10201654,0.077394,0.079863,Oct-22,A,5,3
84788,1997/5/15,2025/12/31,2313510,2313510,Q,AMAZON COM INC; COM NONE; CONS,CORP,EQTY,NS,Y,AMZN,15473,7370,454110,CONDIS,AMAZON COM INC,202211,2022/11/30,96.54,984867677.2,102.44,1045057436,-0.057595,-0.057595,2036236826,10201654,0.052354,0.053753,Nov-22,A,5,1
84788,1997/5/15,2025/12/31,2313510,2313510,Q,AMAZON COM INC; COM NONE; CONS,CORP,EQTY,NS,Y,AMZN,15473,7370,454110,CONDIS,AMAZON COM INC,202212,2022/12/30,84,860328000,96.54,984867677.2,-0.129894,-0.129894,1561178528,10242000,-0.05712,-0.058971,Dec-22,A,3,2
84788,1997/5/15,2025/12/31,2313510,2313510,Q,AMAZON COM INC; COM NONE; CONS,CORP,EQTY,NS,Y,AMZN,15473,7370,454110,CONDIS,AMAZON COM INC,202301,2023/1/31,103.13,1056799924,84,860328000,0.227738,0.227738,1522444964,10247260,0.071823,0.061753,Jan-23,A,10,4
84788,1997/5/15,2025/12/31,2313510,2313510,Q,AMAZON COM INC; COM NONE; CONS,CORP,EQTY,NS,Y,AMZN,15473,7370,454110,CONDIS,AMAZON COM INC,202302,2023/2/28,94.23,966213124,103.13,1056799924,-0.086299,-0.086299,1364102201,10253774,-0.024666,-0.026112,Feb-23,A,2,2
84788,1997/5/15,2025/12/31,2313510,2313510,Q,AMAZON COM INC; COM NONE; CONS,CORP,EQTY,NS,Y,AMZN,15473,7370,454110,CONDIS,AMAZON COM INC,202303,2023/3/31,103.29,1059548820,94.23,966213124,0.096148,0.096148,1349432756,10258000,0.02395,0.035052,Mar-23,A,0,0
84788,1997/5/15,2025/12/31,2313510,2313510,Q,AMAZON COM INC; COM NONE; CONS,CORP,EQTY,NS,Y,AMZN,15473,7370,454110,CONDIS,AMAZON COM INC,202304,2023/4/28,105.45,1081954329,103.29,1059548820,0.020912,0.020912,1221910259,10260354,0.008976,0.014642,Apr-23,A,2,2
84788,1997/5/15,2025/12/31,2313510,2313510,Q,AMAZON COM INC; COM NONE; CONS,CORP,EQTY,NS,Y,AMZN,15473,7370,454110,CONDIS,AMAZON COM INC,202305,2023/5/31,120.58,1237193485,105.45,1081954329,0.14348,0.14348,1431981095,10260354,0.000709,0.002482,May-23,A,4,0
84788,1997/5/15,2025/12/31,2313510,2313510,Q,AMAZON COM INC; COM NONE; CONS,CORP,EQTY,NS,Y,AMZN,15473,7370,454110,CONDIS,AMAZON COM INC,202306,2023/6/30,130.36,1344402680,120.58,1237193485,0.081108,0.081108,1241360375,10313000,0.066183,0.064727,Jun-23,A,2,1
84788,1997/5/15,2025/12/31,2313510,2313510,Q,AMAZON COM INC; COM NONE; CONS,CORP,EQTY,NS,Y,AMZN,15473,7370,454110,CONDIS,AMAZON COM INC,202307,2023/7/31,133.68,1379276954,130.36,1344402680,0.025468,0.025468,1057608167,10317751,0.035617,0.031139,Jul-23,A,0,0
84788,1997/5/15,2025/12/31,2313510,2313510,Q,AMAZON COM INC; COM NONE; CONS,CORP,EQTY,NS,Y,AMZN,15473,7370,454110,CONDIS,AMAZON COM INC,202308,2023/8/31,138.01,1423952816,133.68,1379276954,0.032391,0.032391,1212806210,10317751,-0.020608,-0.017716,Aug-23,A,5,4
84788,1997/5/15,2025/12/31,2313510,2313510,Q,AMAZON COM INC; COM NONE; CONS,CORP,EQTY,NS,Y,AMZN,15473,7370,454110,CONDIS,AMAZON COM INC,202309,2023/9/29,127.12,1313149600,138.01,1423952816,-0.078907,-0.078907,1118755794,10330000,-0.047391,-0.048719,Sep-23,A,2,0
84788,1997/5/15,2025/12/31,2313510,2313510,Q,AMAZON COM INC; COM NONE; CONS,CORP,EQTY,NS,Y,AMZN,15473,7370,454110,NOAVAIL,AMAZON COM INC,202310,2023/10/31,133.09,1375356186,127.12,1313149600,0.046963,0.046963,1223034638,10334031,-0.028865,-0.02198,Oct-23,A,4,4
84788,1997/5/15,2025/12/31,2313510,2313510,Q,AMAZON COM INC; COM NONE; CONS,CORP,EQTY,NS,Y,AMZN,15473,7370,454110,NOAVAIL,AMAZON COM INC,202311,2023/11/30,146.09,1509698589,133.09,1375356186,0.097678,0.097678,1020024424,10334031,0.092053,0.089179,Nov-23,A,1,1
84788,1997/5/15,2025/12/31,2313510,2313510,Q,AMAZON COM INC; COM NONE; CONS,CORP,EQTY,NS,Y,AMZN,15473,7370,454110,NOAVAIL,AMAZON COM INC,202312,2023/12/29,151.94,1556169480,146.09,1509698589,0.040044,0.040044,927354941,10242000,0.053603,0.044229,Dec-23,A,2,0
84788,1997/5/15,2025/12/31,2313510,2313510,Q,AMAZON COM INC; COM NONE; CONS,CORP,EQTY,NS,Y,AMZN,15473,7370,454110,NOAVAIL,AMAZON COM INC,202401,2024/1/31,155.2,1612121531,151.94,1556169480,0.021456,0.021456,950525222,10387381,0.00756,0.015896,Jan-24,A,3,2
84788,1997/5/15,2025/12/31,2313510,2313510,Q,AMAZON COM INC; COM NONE; CONS,CORP,EQTY,NS,Y,AMZN,15473,7370,454110,NOAVAIL,AMAZON COM INC,202402,2024/2/29,176.76,1837806597,155.2,1612121531,0.138918,0.138918,1035064722,10397186,0.050583,0.051721,Feb-24,A,2,2
84788,1997/5/15,2025/12/31,2313510,2313510,Q,AMAZON COM INC; COM NONE; CONS,CORP,EQTY,NS,Y,AMZN,15473,7370,454110,NOAVAIL,AMAZON COM INC,202403,2024/3/28,180.38,1876493140,176.76,1837806597,0.02048,0.02048,697386986,10403000,0.03245,0.031019,Mar-24,A,4,3
84788,1997/5/15,2025/12/31,2313510,2313510,Q,AMAZON COM INC; COM NONE; CONS,CORP,EQTY,NS,Y,AMZN,15473,7370,454110,NOAVAIL,AMAZON COM INC,202404,2024/4/30,175,1821159725,180.38,1876493140,-0.029826,-0.029826,909353705,10406627,-0.042724,-0.041615,Apr-24,A,3,2
84788,1997/5/15,2025/12/31,2313510,2313510,Q,AMAZON COM INC; COM NONE; CONS,CORP,EQTY,NS,Y,AMZN,15473,7370,454110,NOAVAIL,AMAZON COM INC,202405,2024/5/31,176.44,1836145268,175,1821159725,0.008229,0.008229,883099449,10406627,0.046552,0.048021,May-24,A,4,1
84788,1997/5/15,2025/12/31,2313510,2313510,Q,AMAZON COM INC; COM NONE; CONS,CORP,EQTY,NS,Y,AMZN,15473,7370,454110,NOAVAIL,AMAZON COM INC,202406,2024/6/28,193.25,2027192500,176.44,1836145268,0.095273,0.095273,808626332,10490000,0.026073,0.03467,Jun-24,A,3,0
84788,1997/5/15,2025/12/31,2313510,2313510,Q,AMAZON COM INC; COM NONE; CONS,CORP,EQTY,NS,Y,AMZN,15473,7370,454110,NOAVAIL,AMAZON COM INC,202407,2024/7/31,186.98,1962461118,193.25,2027192500,-0.032445,-0.032445,862315436,10495567,0.019877,0.011321,Jul-24,A,6,4
84788,1997/5/15,2025/12/31,2313510,2313510,Q,AMAZON COM INC; COM NONE; CONS,CORP,EQTY,NS,Y,AMZN,15473,5961,459999,NOAVAIL,AMAZON COM INC,202408,2024/8/30,178.5,1873458710,186.98,1962461118,-0.045352,-0.045352,962466245,10495567,0.02157,0.022835,Aug-24,A,1,0
84788,1997/5/15,2025/12/31,2313510,2313510,Q,AMAZON COM INC; COM NONE; CONS,CORP,EQTY,NS,Y,AMZN,15473,5961,459999,NOAVAIL,AMAZON COM INC,202409,2024/9/30,186.33,1958514630,178.5,1873458710,0.043866,0.043866,760097462,10511000,0.02097,0.020197,Sep-24,A,0,0
84788,1997/5/15,2025/12/31,2313510,2313510,Q,AMAZON COM INC; COM NONE; CONS,CORP,EQTY,NS,Y,AMZN,15473,5961,459999,NOAVAIL,AMAZON COM INC,202410,2024/10/31,186.4,1959998050,186.33,1958514630,0.000376,0.000376,728033217,10515011,-0.008299,-0.009897,Oct-24,A,3,2
84788,1997/5/15,2025/12/31,2313510,2313510,Q,AMAZON COM INC; COM NONE; CONS,CORP,EQTY,NS,Y,AMZN,15473,5961,459999,NOAVAIL,AMAZON COM INC,202411,2024/11/29,207.89,2185965637,186.4,1959998050,0.11529,0.11529,894924308,10515011,0.064859,0.057301,Nov-24,A,3,3
84788,1997/5/15,2025/12/31,2313510,2313510,Q,AMAZON COM INC; COM NONE; CONS,CORP,EQTY,NS,Y,AMZN,15473,5961,459999,NOAVAIL,AMAZON COM INC,202412,2024/12/31,219.39,2323998270,207.89,2185965637,0.055318,0.055318,756326069,10593000,-0.031581,-0.02499,Dec-24,A,1,1
84788,1997/5/15,2025/12/31,2313510,2313510,Q,AMAZON COM INC; COM NONE; CONS,CORP,EQTY,NS,Y,AMZN,15473,5961,459999,NOAVAIL,AMAZON COM INC,202501,2025/1/31,237.68,2518868229,219.39,2323998270,0.083368,0.083368,649141286,10597729,0.032292,0.027016,Jan-25,A,3,3
84788,1997/5/15,2025/12/31,2313510,2313510,Q,AMAZON COM INC; COM NONE; CONS,CORP,EQTY,NS,Y,AMZN,15473,5961,459999,NOAVAIL,AMAZON COM INC,202502,2025/2/28,212.28,2251937566,237.68,2518868229,-0.106866,-0.106866,778049887,10608336,-0.017566,-0.014242,Feb-25,A,1,0
84788,1997/5/15,2025/12/31,2313510,2313510,Q,AMAZON COM INC; COM NONE; CONS,CORP,EQTY,NS,Y,AMZN,15473,5961,459999,NOAVAIL,AMAZON COM INC,202503,2025/3/31,190.26,2019229380,212.28,2251937566,-0.103731,-0.103731,958349866,10613000,-0.055123,-0.057545,Mar-25,A,3,2
84788,1997/5/15,2025/12/31,2313510,2313510,Q,AMAZON COM INC; COM NONE; CONS,CORP,EQTY,NS,Y,AMZN,15473,5961,459999,NOAVAIL,AMAZON COM INC,202504,2025/4/30,184.42,1957867636,190.26,2019229380,-0.030695,-0.030695,1301711410,10616352,-0.00361,-0.007625,Apr-25,A,3,2
84788,1997/5/15,2025/12/31,2313510,2313510,Q,AMAZON COM INC; COM NONE; CONS,CORP,EQTY,NS,Y,AMZN,15473,5961,459999,NOAVAIL,AMAZON COM INC,202505,2025/5/30,205.01,2176458324,184.42,1957867636,0.111647,0.111647,928354288,10616352,0.061267,0.061524,May-25,A,2,2
84788,1997/5/15,2025/12/31,2313510,2313510,Q,AMAZON COM INC; COM NONE; CONS,CORP,EQTY,NS,Y,AMZN,15473,5961,459999,NOAVAIL,AMAZON COM INC,202506,2025/6/30,219.39,2338697400,205.01,2176458324,0.070143,0.070143,862618352,10660000,0.049246,0.049607,Jun-25,A,4,4
84788,1997/5/15,2025/12/31,2313510,2313510,Q,AMAZON COM INC; COM NONE; CONS,CORP,EQTY,NS,Y,AMZN,15473,5961,459999,NOAVAIL,AMAZON COM INC,202507,2025/7/31,234.11,2496762548,219.39,2338697400,0.067095,0.067095,848811855,10664912,0.019791,0.021667,Jul-25,A,3,3
84788,1997/5/15,2025/12/31,2313510,2313510,Q,AMAZON COM INC; COM NONE; CONS,CORP,EQTY,NS,Y,AMZN,15473,5961,459999,NOAVAIL,AMAZON COM INC,202508,2025/8/29,229,2442264848,234.11,2496762548,-0.021827,-0.021827,870095682,10664912,0.024122,0.019066,Aug-25,A,2,2
84788,1997/5/15,2025/12/31,2313510,2313510,Q,AMAZON COM INC; COM NONE; CONS,CORP,EQTY,NS,Y,AMZN,15473,5961,459999,NOAVAIL,AMAZON COM INC,202509,2025/9/30,219.57,2346544590,229,2442264848,-0.041179,-0.041179,957704832,10687000,0.035626,0.035324,Sep-25,A,3,3
84788,1997/5/15,2025/12/31,2313510,2313510,Q,AMAZON COM INC; COM NONE; CONS,CORP,EQTY,NS,Y,AMZN,15473,5961,459999,NOAVAIL,AMAZON COM INC,202510,2025/10/31,244.22,2610764552,219.57,2346544590,0.112265,0.112265,1186841405,10690216,0.019284,0.022687,Oct-25,A,4,3
84788,1997/5/15,2025/12/31,2313510,2313510,Q,AMAZON COM INC; COM NONE; CONS,CORP,EQTY,NS,Y,AMZN,15473,5961,459999,NOAVAIL,AMAZON COM INC,202511,2025/11/28,233.22,2493172176,244.22,2610764552,-0.045041,-0.045041,890624324,10690216,0.001997,0.0013,Nov-25,A,0,0
84788,1997/5/15,2025/12/31,2313510,2313510,Q,AMAZON COM INC; COM NONE; CONS,CORP,EQTY,NS,Y,AMZN,15473,5961,459999,NOAVAIL,AMAZON COM INC,202512,2025/12/31,230.82,2467515657,233.22,2493172176,-0.010291,-0.010291,778881799,10690216,0.001297,-0.000524,Dec-25,A,2,1
86580,1999/1/22,2025/12/31,67066G10,67066G10,Q,NVIDIA CORP; COM NONE; CONS,CORP,EQTY,NS,Y,NVDA,16382,3670,334413,TECH,NVIDIA CORP,201001,2010/1/29,15.39,8640961.74,18.68,10365532,-0.176124,-0.176124,324553283,561466,-0.037172,-0.036974,Jan-10,A,0,0
86580,1999/1/22,2025/12/31,67066G10,67066G10,Q,NVIDIA CORP; COM NONE; CONS,CORP,EQTY,NS,Y,NVDA,16382,3670,334413,TECH,NVIDIA CORP,201002,2010/2/26,16.2,9095749.2,15.39,8640961.74,0.052632,0.052632,323474429,561466,0.034744,0.028514,Feb-10,A,0,0
86580,1999/1/22,2025/12/31,67066G10,67066G10,Q,NVIDIA CORP; COM NONE; CONS,CORP,EQTY,NS,Y,NVDA,16382,3670,334413,TECH,NVIDIA CORP,201003,2010/3/31,17.4,9900895.8,16.2,9095749.2,0.074074,0.074074,295861164,569017,0.063668,0.058796,Mar-10,A,0,0
86580,1999/1/22,2025/12/31,67066G10,67066G10,Q,NVIDIA CORP; COM NONE; CONS,CORP,EQTY,NS,Y,NVDA,16382,3670,334413,TECH,NVIDIA CORP,201004,2010/4/30,15.71,8989262,17.4,9900895.8,-0.097126,-0.097126,430122009,572200,0.020036,0.014759,Apr-10,A,0,0
86580,1999/1/22,2025/12/31,67066G10,67066G10,Q,NVIDIA CORP; COM NONE; CONS,CORP,EQTY,NS,Y,NVDA,16382,3670,334413,TECH,NVIDIA CORP,201005,2010/5/28,13.14,7518708,15.71,8989262,-0.16359,-0.16359,522967359,572200,-0.07924,-0.081976,May-10,A,0,0
86580,1999/1/22,2025/12/31,67066G10,67066G10,Q,NVIDIA CORP; COM NONE; CONS,CORP,EQTY,NS,Y,NVDA,16382,3670,334413,TECH,NVIDIA CORP,201006,2010/6/30,10.21,5842162,13.14,7518708,-0.222983,-0.222983,344439348,572200,-0.05078,-0.053882,Jun-10,A,0,0
86580,1999/1/22,2025/12/31,67066G10,67066G10,Q,NVIDIA CORP; COM NONE; CONS,CORP,EQTY,NS,Y,NVDA,16382,3670,334413,TECH,NVIDIA CORP,201007,2010/7/30,9.19,5275060,10.21,5842162,-0.099902,-0.099902,482475262,574000,0.07036,0.068778,Jul-10,A,0,0
86580,1999/1/22,2025/12/31,67066G10,67066G10,Q,NVIDIA CORP; COM NONE; CONS,CORP,EQTY,NS,Y,NVDA,16382,3670,334413,TECH,NVIDIA CORP,201008,2010/8/31,9.325,5352550,9.19,5275060,0.01469,0.01469,486984682,574000,-0.042863,-0.047449,Aug-10,A,0,0
86580,1999/1/22,2025/12/31,67066G10,67066G10,Q,NVIDIA CORP; COM NONE; CONS,CORP,EQTY,NS,Y,NVDA,16382,3670,334413,TECH,NVIDIA CORP,201009,2010/9/30,11.682,6705468,9.325,5352550,0.252761,0.252761,440152304,574000,0.091628,0.087551,Sep-10,A,0,0
86580,1999/1/22,2025/12/31,67066G10,67066G10,Q,NVIDIA CORP; COM NONE; CONS,CORP,EQTY,NS,Y,NVDA,16382,3670,334413,TECH,NVIDIA CORP,201010,2010/10/29,12.0205,6983910.5,11.682,6705468,0.028976,0.028976,397083588,581000,0.038591,0.036856,Oct-10,A,0,0
86580,1999/1/22,2025/12/31,67066G10,67066G10,Q,NVIDIA CORP; COM NONE; CONS,CORP,EQTY,NS,Y,NVDA,16382,3670,334413,TECH,NVIDIA CORP,201011,2010/11/30,13.609,7906829,12.0205,6983910.5,0.132149,0.132149,365538213,581000,0.005117,-0.00229,Nov-10,A,0,0
86580,1999/1/22,2025/12/31,67066G10,67066G10,Q,NVIDIA CORP; COM NONE; CONS,CORP,EQTY,NS,Y,NVDA,16382,3670,334413,TECH,NVIDIA CORP,201012,2010/12/31,15.4,8947400,13.609,7906829,0.131604,0.131604,282008557,581000,0.067182,0.0653,Dec-10,A,0,0
86580,1999/1/22,2025/12/31,67066G10,67066G10,Q,NVIDIA CORP; COM NONE; CONS,CORP,EQTY,NS,Y,NVDA,16382,3670,334413,TECH,NVIDIA CORP,201101,2011/1/31,23.92,14078259.52,15.4,8947400,0.553247,0.553247,823774715,588556,0.019183,0.022646,Jan-11,A,0,0
86580,1999/1/22,2025/12/31,67066G10,67066G10,Q,NVIDIA CORP; COM NONE; CONS,CORP,EQTY,NS,Y,NVDA,16382,3670,334413,TECH,NVIDIA CORP,201102,2011/2/28,22.66,13336678.96,23.92,14078259.52,-0.052676,-0.052676,605403036,588556,0.038156,0.031957,Feb-11,A,0,0
86580,1999/1/22,2025/12/31,67066G10,67066G10,Q,NVIDIA CORP; COM NONE; CONS,CORP,EQTY,NS,Y,NVDA,16382,3670,511210,TECH,NVIDIA CORP,201103,2011/3/31,18.46,10986007.5,22.66,13336678.96,-0.185349,-0.185349,696275874,595125,0.003341,-0.001047,Mar-11,A,0,0
86580,1999/1/22,2025/12/31,67066G10,67066G10,Q,NVIDIA CORP; COM NONE; CONS,CORP,EQTY,NS,Y,NVDA,16382,3670,511210,TECH,NVIDIA CORP,201104,2011/4/29,20,12005760,18.46,10986007.5,0.083424,0.083424,386417398,600288,0.028597,0.028495,Apr-11,A,0,0
86580,1999/1/22,2025/12/31,67066G10,67066G10,Q,NVIDIA CORP; COM NONE; CONS,CORP,EQTY,NS,Y,NVDA,16382,3670,511210,TECH,NVIDIA CORP,201105,2011/5/31,20.04,12029771.52,20,12005760,0.002,0.002,432898695,600288,-0.014948,-0.013501,May-11,A,0,0
86580,1999/1/22,2025/12/31,67066G10,67066G10,Q,NVIDIA CORP; COM NONE; CONS,CORP,EQTY,NS,Y,NVDA,16382,3670,511210,TECH,NVIDIA CORP,201106,2011/6/30,15.935,9565589.28,20.04,12029771.52,-0.20484,-0.20484,402717714,600288,-0.018447,-0.018257,Jun-11,A,0,0
86580,1999/1/22,2025/12/31,67066G10,67066G10,Q,NVIDIA CORP; COM NONE; CONS,CORP,EQTY,NS,Y,NVDA,16382,3670,511210,TECH,NVIDIA CORP,201107,2011/7/29,13.83,8349544.41,15.935,9565589.28,-0.132099,-0.132099,366029969,603727,-0.022534,-0.021474,Jul-11,A,0,0
86580,1999/1/22,2025/12/31,67066G10,67066G10,Q,NVIDIA CORP; COM NONE; CONS,CORP,EQTY,NS,Y,NVDA,16382,3670,511210,TECH,NVIDIA CORP,201108,2011/8/31,13.31,8035606.37,13.83,8349544.41,-0.037599,-0.037599,568813858,603727,-0.057564,-0.056791,Aug-11,A,0,0
86580,1999/1/22,2025/12/31,67066G10,67066G10,Q,NVIDIA CORP; COM NONE; CONS,CORP,EQTY,NS,Y,NVDA,16382,3670,511210,TECH,NVIDIA CORP,201109,2011/9/30,12.51,7552624.77,13.31,8035606.37,-0.060105,-0.060105,506494255,603727,-0.084983,-0.071762,Sep-11,A,0,0
86580,1999/1/22,2025/12/31,67066G10,67066G10,Q,NVIDIA CORP; COM NONE; CONS,CORP,EQTY,NS,Y,NVDA,16382,3670,511210,TECH,NVIDIA CORP,201110,2011/10/31,14.8,9037664.4,12.51,7552624.77,0.183054,0.183054,375816361,610653,0.114146,0.107723,Oct-11,A,0,0
86580,1999/1/22,2025/12/31,67066G10,67066G10,Q,NVIDIA CORP; COM NONE; CONS,CORP,EQTY,NS,Y,NVDA,16382,3670,511210,TECH,NVIDIA CORP,201111,2011/11/30,15.63,9544506.39,14.8,9037664.4,0.056081,0.056081,407354306,610653,-0.00627,-0.005059,Nov-11,A,0,0
86580,1999/1/22,2025/12/31,67066G10,67066G10,Q,NVIDIA CORP; COM NONE; CONS,CORP,EQTY,NS,Y,NVDA,16382,3670,511210,TECH,NVIDIA CORP,201112,2011/12/30,13.86,8463650.58,15.63,9544506.39,-0.113244,-0.113244,246108520,610653,0.003676,0.008533,Dec-11,A,0,0
86580,1999/1/22,2025/12/31,67066G10,67066G10,Q,NVIDIA CORP; COM NONE; CONS,CORP,EQTY,NS,Y,NVDA,16382,3670,511210,TECH,NVIDIA CORP,201201,2012/1/31,14.77,9042061.07,13.86,8463650.58,0.065657,0.065657,292139198,612191,0.054106,0.043583,Jan-12,A,0,0
86580,1999/1/22,2025/12/31,67066G10,67066G10,Q,NVIDIA CORP; COM NONE; CONS,CORP,EQTY,NS,Y,NVDA,16382,3670,511210,TECH,NVIDIA CORP,201202,2012/2/29,15.15,9274693.65,14.77,9042061.07,0.025728,0.025728,329175992,612191,0.041225,0.040589,Feb-12,A,0,0
86580,1999/1/22,2025/12/31,67066G10,67066G10,Q,NVIDIA CORP; COM NONE; CONS,CORP,EQTY,NS,Y,NVDA,16382,3670,511210,TECH,NVIDIA CORP,201203,2012/3/30,15.395,9483751.06,15.15,9274693.65,0.016172,0.016172,259943803,616028,0.02402,0.031332,Mar-12,A,0,0
86580,1999/1/22,2025/12/31,67066G10,67066G10,Q,NVIDIA CORP; COM NONE; CONS,CORP,EQTY,NS,Y,NVDA,16382,3670,511210,TECH,NVIDIA CORP,201204,2012/4/30,13,8044452,15.395,9483751.06,-0.15557,-0.15557,238801218,618804,-0.006829,-0.007497,Apr-12,A,0,0
86580,1999/1/22,2025/12/31,67066G10,67066G10,Q,NVIDIA CORP; COM NONE; CONS,CORP,EQTY,NS,Y,NVDA,16382,3670,511210,TECH,NVIDIA CORP,201205,2012/5/31,12.43,7691733.72,13,8044452,-0.043846,-0.043846,284777482,618804,-0.06559,-0.062651,May-12,A,0,0
86580,1999/1/22,2025/12/31,67066G10,67066G10,Q,NVIDIA CORP; COM NONE; CONS,CORP,EQTY,NS,Y,NVDA,16382,3670,511210,TECH,NVIDIA CORP,201206,2012/6/29,13.82,8551871.28,12.43,7691733.72,0.111826,0.111826,287910476,618804,0.038151,0.039555,Jun-12,A,0,0
86580,1999/1/22,2025/12/31,67066G10,67066G10,Q,NVIDIA CORP; COM NONE; CONS,CORP,EQTY,NS,Y,NVDA,16382,3670,511210,TECH,NVIDIA CORP,201207,2012/7/31,13.54,8387705.04,13.82,8551871.28,-0.02026,-0.02026,212502152,619476,0.010307,0.012598,Jul-12,A,0,0
86580,1999/1/22,2025/12/31,67066G10,67066G10,Q,NVIDIA CORP; COM NONE; CONS,CORP,EQTY,NS,Y,NVDA,16382,3670,511210,TECH,NVIDIA CORP,201208,2012/8/31,14.03,8691248.28,13.54,8387705.04,0.036189,0.036189,247463378,619476,0.026317,0.019763,Aug-12,A,0,0
86580,1999/1/22,2025/12/31,67066G10,67066G10,Q,NVIDIA CORP; COM NONE; CONS,CORP,EQTY,NS,Y,NVDA,16382,3670,511210,TECH,NVIDIA CORP,201209,2012/9/28,13.34,8263809.84,14.03,8691248.28,-0.04918,-0.04918,217864972,619476,0.026513,0.024236,Sep-12,A,0,0
86580,1999/1/22,2025/12/31,67066G10,67066G10,Q,NVIDIA CORP; COM NONE; CONS,CORP,EQTY,NS,Y,NVDA,16382,3670,511210,TECH,NVIDIA CORP,201210,2012/10/31,11.975,7482590.73,13.34,8263809.84,-0.102324,-0.102324,202458185,624851,-0.014055,-0.019789,Oct-12,A,0,0
86580,1999/1/22,2025/12/31,67066G10,67066G10,Q,NVIDIA CORP; COM NONE; CONS,CORP,EQTY,NS,Y,NVDA,16382,3670,511210,TECH,NVIDIA CORP,201211,2012/11/30,11.97,7479466.47,11.975,7482590.73,0.006107,-0.000418,244700837,624851,0.006217,0.002847,Nov-12,A,0,0
86580,1999/1/22,2025/12/31,67066G10,67066G10,Q,NVIDIA CORP; COM NONE; CONS,CORP,EQTY,NS,Y,NVDA,16382,3670,511210,TECH,NVIDIA CORP,201212,2012/12/31,12.26,7660673.26,11.97,7479466.47,0.024227,0.024227,198252791,624851,0.012569,0.007068,Dec-12,A,0,0
86580,1999/1/22,2025/12/31,67066G10,67066G10,Q,NVIDIA CORP; COM NONE; CONS,CORP,EQTY,NS,Y,NVDA,16382,3670,511210,TECH,NVIDIA CORP,201301,2013/1/31,12.26,7561428.56,12.26,7660673.26,0,0,228576954,616756,0.054142,0.050428,Jan-13,A,0,0
86580,1999/1/22,2025/12/31,67066G10,67066G10,Q,NVIDIA CORP; COM NONE; CONS,CORP,EQTY,NS,Y,NVDA,16382,3670,511210,TECH,NVIDIA CORP,201302,2013/2/28,12.66,7808130.96,12.26,7561428.56,0.038887,0.032626,246054035,616756,0.008282,0.011061,Feb-13,A,0,0
86580,1999/1/22,2025/12/31,67066G10,67066G10,Q,NVIDIA CORP; COM NONE; CONS,CORP,EQTY,NS,Y,NVDA,16382,3670,511210,TECH,NVIDIA CORP,201303,2013/3/28,12.83,7903023.4,12.66,7808130.96,0.013428,0.013428,164341500,615980,0.035295,0.035988,Mar-13,A,0,0
86580,1999/1/22,2025/12/31,67066G10,67066G10,Q,NVIDIA CORP; COM NONE; CONS,CORP,EQTY,NS,Y,NVDA,16382,3670,511210,TECH,NVIDIA CORP,201304,2013/4/30,13.77,7957903.32,12.83,7903023.4,0.073266,0.073266,233323350,577916,0.014939,0.018086,Apr-13,A,0,0
86580,1999/1/22,2025/12/31,67066G10,67066G10,Q,NVIDIA CORP; COM NONE; CONS,CORP,EQTY,NS,Y,NVDA,16382,3670,511210,TECH,NVIDIA CORP,201305,2013/5/31,14.47,8362444.52,13.77,7957903.32,0.056117,0.050835,206690697,577916,0.019128,0.020763,May-13,A,0,0
86580,1999/1/22,2025/12/31,67066G10,67066G10,Q,NVIDIA CORP; COM NONE; CONS,CORP,EQTY,NS,Y,NVDA,16382,3670,511210,TECH,NVIDIA CORP,201306,2013/6/28,14.04,8113940.64,14.47,8362444.52,-0.029717,-0.029717,231800188,577916,-0.015072,-0.014999,Jun-13,A,0,0
86580,1999/1/22,2025/12/31,67066G10,67066G10,Q,NVIDIA CORP; COM NONE; CONS,CORP,EQTY,NS,Y,NVDA,16382,3670,511210,TECH,NVIDIA CORP,201307,2013/7/31,14.435,8352062.13,14.04,8113940.64,0.028134,0.028134,130621336,578598,0.052658,0.049462,Jul-13,A,0,0
86580,1999/1/22,2025/12/31,67066G10,67066G10,Q,NVIDIA CORP; COM NONE; CONS,CORP,EQTY,NS,Y,NVDA,16382,3670,511210,TECH,NVIDIA CORP,201308,2013/8/30,14.75,8534320.5,14.435,8352062.13,0.026948,0.021822,195594539,578598,-0.02575,-0.031298,Aug-13,A,0,0
86580,1999/1/22,2025/12/31,67066G10,67066G10,Q,NVIDIA CORP; COM NONE; CONS,CORP,EQTY,NS,Y,NVDA,16382,3670,511210,TECH,NVIDIA CORP,201309,2013/9/30,15.56,9002984.88,14.75,8534320.5,0.054915,0.054915,119850394,578598,0.037497,0.02975,Sep-13,A,0,0
86580,1999/1/22,2025/12/31,67066G10,67066G10,Q,NVIDIA CORP; COM NONE; CONS,CORP,EQTY,NS,Y,NVDA,16382,3670,511210,TECH,NVIDIA CORP,201310,2013/10/31,15.189,8635493.3,15.56,9002984.88,-0.023843,-0.023843,143723086,568536,0.039888,0.044596,Oct-13,A,0,0
86580,1999/1/22,2025/12/31,67066G10,67066G10,Q,NVIDIA CORP; COM NONE; CONS,CORP,EQTY,NS,Y,NVDA,16382,3670,511210,TECH,NVIDIA CORP,201311,2013/11/29,15.6,8869161.6,15.189,8635493.3,0.032713,0.027059,165645379,568536,0.024956,0.028049,Nov-13,A,0,0
86580,1999/1/22,2025/12/31,67066G10,67066G10,Q,NVIDIA CORP; COM NONE; CONS,CORP,EQTY,NS,Y,NVDA,16382,3670,511210,TECH,NVIDIA CORP,201312,2013/12/31,16.02,9107946.72,15.6,8869161.6,0.026923,0.026923,152393498,568536,0.02614,0.023563,Dec-13,A,0,0
86580,1999/1/22,2025/12/31,67066G10,67066G10,Q,NVIDIA CORP; COM NONE; CONS,CORP,EQTY,NS,Y,NVDA,16382,3670,511210,TECH,NVIDIA CORP,201401,2014/1/31,15.7,8917552.9,16.02,9107946.72,-0.019975,-0.019975,134026068,567997,-0.03002,-0.035583,Jan-14,A,0,0
86580,1999/1/22,2025/12/31,67066G10,67066G10,Q,NVIDIA CORP; COM NONE; CONS,CORP,EQTY,NS,Y,NVDA,16382,3674,334413,TECH,NVIDIA CORP,201402,2014/2/28,18.38,10439784.86,15.7,8917552.9,0.176011,0.170701,193145451,567997,0.046198,0.043117,Feb-14,A,0,0
86580,1999/1/22,2025/12/31,67066G10,67066G10,Q,NVIDIA CORP; COM NONE; CONS,CORP,EQTY,NS,Y,NVDA,16382,3674,334413,TECH,NVIDIA CORP,201403,2014/3/31,17.91,9926456.31,18.38,10439784.86,-0.025571,-0.025571,180426218,554241,0.00454,0.006932,Mar-14,A,0,0
86580,1999/1/22,2025/12/31,67066G10,67066G10,Q,NVIDIA CORP; COM NONE; CONS,CORP,EQTY,NS,Y,NVDA,16382,3674,334413,TECH,NVIDIA CORP,201404,2014/4/30,18.47,10305632.02,17.91,9926456.31,0.031267,0.031267,173467662,557966,0.001573,0.006201,Apr-14,A,0,0
86580,1999/1/22,2025/12/31,67066G10,67066G10,Q,NVIDIA CORP; COM NONE; CONS,CORP,EQTY,NS,Y,NVDA,16382,3674,334413,TECH,NVIDIA CORP,201405,2014/5/30,19,10601354,18.47,10305632.02,0.033489,0.028695,140344442,557966,0.020254,0.02103,May-14,A,0,0
86580,1999/1/22,2025/12/31,67066G10,67066G10,Q,NVIDIA CORP; COM NONE; CONS,CORP,EQTY,NS,Y,NVDA,16382,3674,334413,TECH,NVIDIA CORP,201406,2014/6/30,18.54,10344689.64,19,10601354,-0.024211,-0.024211,131935696,557966,0.027973,0.019058,Jun-14,A,0,0
86580,1999/1/22,2025/12/31,67066G10,67066G10,Q,NVIDIA CORP; COM NONE; CONS,CORP,EQTY,NS,Y,NVDA,16382,3674,334413,TECH,NVIDIA CORP,201407,2014/7/31,17.5,9483512.5,18.54,10344689.64,-0.056095,-0.056095,156736151,541915,-0.020555,-0.01508,Jul-14,A,0,0
86580,1999/1/22,2025/12/31,67066G10,67066G10,Q,NVIDIA CORP; COM NONE; CONS,CORP,EQTY,NS,Y,NVDA,16382,3674,334413,TECH,NVIDIA CORP,201408,2014/8/29,19.45,10540246.75,17.5,9483512.5,0.116306,0.111429,152084166,541915,0.040205,0.037655,Aug-14,A,0,0
86580,1999/1/22,2025/12/31,67066G10,67066G10,Q,NVIDIA CORP; COM NONE; CONS,CORP,EQTY,NS,Y,NVDA,16382,3674,334413,TECH,NVIDIA CORP,201409,2014/9/30,18.45,9998331.75,19.45,10540246.75,-0.051414,-0.051414,137811838,541915,-0.025196,-0.015514,Sep-14,A,0,0
86580,1999/1/22,2025/12/31,67066G10,67066G10,Q,NVIDIA CORP; COM NONE; CONS,CORP,EQTY,NS,Y,NVDA,16382,3674,334413,TECH,NVIDIA CORP,201410,2014/10/31,19.54,10620712.98,18.45,9998331.75,0.059079,0.059079,165198746,543537,0.021164,0.023201,Oct-14,A,0,0
86580,1999/1/22,2025/12/31,67066G10,67066G10,Q,NVIDIA CORP; COM NONE; CONS,CORP,EQTY,NS,Y,NVDA,16382,3674,334413,TECH,NVIDIA CORP,201411,2014/11/28,20.97,11397970.89,19.54,10620712.98,0.077742,0.073183,116091717,543537,0.021104,0.024534,Nov-14,A,0,0
86580,1999/1/22,2025/12/31,67066G10,67066G10,Q,NVIDIA CORP; COM NONE; CONS,CORP,EQTY,NS,Y,NVDA,16382,3674,334413,TECH,NVIDIA CORP,201412,2014/12/31,20.05,10897916.85,20.97,11397970.89,-0.043872,-0.043872,106486402,543537,-0.003659,-0.004189,Dec-14,A,0,0
86580,1999/1/22,2025/12/31,67066G10,67066G10,Q,NVIDIA CORP; COM NONE; CONS,CORP,EQTY,NS,Y,NVDA,16382,3674,334413,TECH,NVIDIA CORP,201501,2015/1/30,19.205,10465054.17,20.05,10897916.85,-0.042145,-0.042145,103514194,544913,-0.027163,-0.031041,Jan-15,A,0,0
86580,1999/1/22,2025/12/31,67066G10,67066G10,Q,NVIDIA CORP; COM NONE; CONS,CORP,EQTY,NS,Y,NVDA,16382,3674,334413,TECH,NVIDIA CORP,201502,2015/2/27,22.06,12020780.78,19.205,10465054.17,0.153036,0.148659,104820256,544913,0.055915,0.054893,Feb-15,A,0,0
86580,1999/1/22,2025/12/31,67066G10,67066G10,Q,NVIDIA CORP; COM NONE; CONS,CORP,EQTY,NS,Y,NVDA,16382,3674,334413,TECH,NVIDIA CORP,201503,2015/3/31,20.925,11505402,22.06,12020780.78,-0.051451,-0.051451,182766603,549840,-0.010397,-0.017396,Mar-15,A,0,0
86580,1999/1/22,2025/12/31,67066G10,67066G10,Q,NVIDIA CORP; COM NONE; CONS,CORP,EQTY,NS,Y,NVDA,16382,3674,334413,TECH,NVIDIA CORP,201504,2015/4/30,22.195,11940910,20.925,11505402,0.060693,0.060693,141835992,538000,0.008766,0.008521,Apr-15,A,0,0
86580,1999/1/22,2025/12/31,67066G10,67066G10,Q,NVIDIA CORP; COM NONE; CONS,CORP,EQTY,NS,Y,NVDA,16382,3674,334413,TECH,NVIDIA CORP,201505,2015/5/29,22.13,11905940,22.195,11940910,0.001692,-0.002929,175587537,538000,0.010277,0.010491,May-15,A,0,0
86580,1999/1/22,2025/12/31,67066G10,67066G10,Q,NVIDIA CORP; COM NONE; CONS,CORP,EQTY,NS,Y,NVDA,16382,3674,334413,TECH,NVIDIA CORP,201506,2015/6/30,20.11,10819180,22.13,11905940,-0.091279,-0.091279,183350305,538000,-0.019231,-0.021012,Jun-15,A,0,0
86580,1999/1/22,2025/12/31,67066G10,67066G10,Q,NVIDIA CORP; COM NONE; CONS,CORP,EQTY,NS,Y,NVDA,16382,3674,334413,TECH,NVIDIA CORP,201507,2015/7/31,19.95,10753050,20.11,10819180,-0.007956,-0.007956,137013044,539000,0.012108,0.019742,Jul-15,A,0,0
86580,1999/1/22,2025/12/31,67066G10,67066G10,Q,NVIDIA CORP; COM NONE; CONS,CORP,EQTY,NS,Y,NVDA,16382,3674,334413,TECH,NVIDIA CORP,201508,2015/8/31,22.48,12116720,19.95,10753050,0.131577,0.126817,236858855,539000,-0.059926,-0.062581,Aug-15,A,0,0
86580,1999/1/22,2025/12/31,67066G10,67066G10,Q,NVIDIA CORP; COM NONE; CONS,CORP,EQTY,NS,Y,NVDA,16382,3674,334413,TECH,NVIDIA CORP,201509,2015/9/30,24.65,13286350,22.48,12116720,0.09653,0.09653,162010871,539000,-0.033756,-0.026443,Sep-15,A,0,0
86580,1999/1/22,2025/12/31,67066G10,67066G10,Q,NVIDIA CORP; COM NONE; CONS,CORP,EQTY,NS,Y,NVDA,16382,3674,334413,TECH,NVIDIA CORP,201510,2015/10/30,28.37,15263060,24.65,13286350,0.150913,0.150913,201211413,538000,0.073937,0.082983,Oct-15,A,0,0
86580,1999/1/22,2025/12/31,67066G10,67066G10,Q,NVIDIA CORP; COM NONE; CONS,CORP,EQTY,NS,Y,NVDA,16382,3674,334413,TECH,NVIDIA CORP,201511,2015/11/30,31.72,17065360,28.37,15263060,0.122226,0.118082,183630693,538000,0.002404,0.000505,Nov-15,A,0,0
86580,1999/1/22,2025/12/31,67066G10,67066G10,Q,NVIDIA CORP; COM NONE; CONS,CORP,EQTY,NS,Y,NVDA,16382,3674,334413,TECH,NVIDIA CORP,201512,2015/12/31,32.96,17732480,31.72,17065360,0.039092,0.039092,140657081,538000,-0.022209,-0.01753,Dec-15,A,0,0
86580,1999/1/22,2025/12/31,67066G10,67066G10,Q,NVIDIA CORP; COM NONE; CONS,CORP,EQTY,NS,Y,NVDA,16382,3674,334413,TECH,NVIDIA CORP,201601,2016/1/29,29.29,15773045.77,32.96,17732480,-0.111347,-0.111347,203476933,538513,-0.057085,-0.050735,Jan-16,A,0,0
86580,1999/1/22,2025/12/31,67066G10,67066G10,Q,NVIDIA CORP; COM NONE; CONS,CORP,EQTY,NS,Y,NVDA,16382,3674,334413,TECH,NVIDIA CORP,201602,2016/2/29,31.36,16887767.68,29.29,15773045.77,0.074599,0.070673,225380763,538513,0.00062,-0.004128,Feb-16,A,0,0
86580,1999/1/22,2025/12/31,67066G10,67066G10,Q,NVIDIA CORP; COM NONE; CONS,CORP,EQTY,NS,Y,NVDA,16382,3674,334413,TECH,NVIDIA CORP,201603,2016/3/31,35.63,19311460,31.36,16887767.68,0.136161,0.136161,164347013,542000,0.070491,0.065991,Mar-16,A,0,0
86580,1999/1/22,2025/12/31,67066G10,67066G10,Q,NVIDIA CORP; COM NONE; CONS,CORP,EQTY,NS,Y,NVDA,16382,3674,334413,TECH,NVIDIA CORP,201604,2016/4/29,35.53,18973020,35.63,19311460,-0.002807,-0.002807,168356804,534000,0.011718,0.002699,Apr-16,A,0,0
86580,1999/1/22,2025/12/31,67066G10,67066G10,Q,NVIDIA CORP; COM NONE; CONS,CORP,EQTY,NS,Y,NVDA,16382,3674,334413,TECH,NVIDIA CORP,201605,2016/5/31,46.72,24948480,35.53,18973020,0.318279,0.314945,258772264,534000,0.01434,0.015329,May-16,A,0,0
86580,1999/1/22,2025/12/31,67066G10,67066G10,Q,NVIDIA CORP; COM NONE; CONS,CORP,EQTY,NS,Y,NVDA,16382,3674,334413,TECH,NVIDIA CORP,201606,2016/6/30,47.01,25103340,46.72,24948480,0.006207,0.006207,205018568,534000,0.002947,0.000906,Jun-16,A,0,0
86580,1999/1/22,2025/12/31,67066G10,67066G10,Q,NVIDIA CORP; COM NONE; CONS,CORP,EQTY,NS,Y,NVDA,16382,3674,334413,TECH,NVIDIA CORP,201607,2016/7/29,57.1,30548500,47.01,25103340,0.214635,0.214635,180252489,535000,0.038815,0.03561,Jul-16,A,0,0
86580,1999/1/22,2025/12/31,67066G10,67066G10,Q,NVIDIA CORP; COM NONE; CONS,CORP,EQTY,NS,Y,NVDA,16382,3674,334413,TECH,NVIDIA CORP,201608,2016/8/31,61.34,32816900,57.1,30548500,0.076219,0.074256,232779090,535000,0.0028,-0.001219,Aug-16,A,0,0
86580,1999/1/22,2025/12/31,67066G10,67066G10,Q,NVIDIA CORP; COM NONE; CONS,CORP,EQTY,NS,Y,NVDA,16382,3674,334413,TECH,NVIDIA CORP,201609,2016/9/30,68.52,36658200,61.34,32816900,0.117052,0.117052,216667839,535000,0.003013,-0.001234,Sep-16,A,0,0
86580,1999/1/22,2025/12/31,67066G10,67066G10,Q,NVIDIA CORP; COM NONE; CONS,CORP,EQTY,NS,Y,NVDA,16382,3674,334413,TECH,NVIDIA CORP,201610,2016/10/31,71.16,38355240,68.52,36658200,0.038529,0.038529,163802839,539000,-0.021544,-0.019426,Oct-16,A,0,0
86580,1999/1/22,2025/12/31,67066G10,67066G10,Q,NVIDIA CORP; COM NONE; CONS,CORP,EQTY,NS,Y,NVDA,16382,3674,334413,TECH,NVIDIA CORP,201611,2016/11/30,92.2,49695800,71.16,38355240,0.297602,0.295672,319271434,539000,0.040488,0.034175,Nov-16,A,0,0
86580,1999/1/22,2025/12/31,67066G10,67066G10,Q,NVIDIA CORP; COM NONE; CONS,CORP,EQTY,NS,Y,NVDA,16382,3674,334413,TECH,NVIDIA CORP,201612,2016/12/30,106.74,57532860,92.2,49695800,0.157701,0.157701,452063951,539000,0.018763,0.018201,Dec-16,A,0,0
86580,1999/1/22,2025/12/31,67066G10,67066G10,Q,NVIDIA CORP; COM NONE; CONS,CORP,EQTY,NS,Y,NVDA,16382,3674,334413,TECH,NVIDIA CORP,201701,2017/1/31,109.18,63870300,106.74,57532860,0.022859,0.022859,334966400,585000,0.022153,0.017884,Jan-17,A,1,1
86580,1999/1/22,2025/12/31,67066G10,67066G10,Q,NVIDIA CORP; COM NONE; CONS,CORP,EQTY,NS,Y,NVDA,16382,3674,334413,TECH,NVIDIA CORP,201702,2017/2/28,101.48,59771720,109.18,63870300,-0.069351,-0.070526,355191850,589000,0.032598,0.037198,Feb-17,A,0,0
86580,1999/1/22,2025/12/31,67066G10,67066G10,Q,NVIDIA CORP; COM NONE; CONS,CORP,EQTY,NS,Y,NVDA,16382,3674,334413,TECH,NVIDIA CORP,201703,2017/3/31,108.93,61710914.67,101.48,59771720,0.073413,0.073413,357245978,566519,0.002062,-0.000389,Mar-17,A,1,1
86580,1999/1/22,2025/12/31,67066G10,67066G10,Q,NVIDIA CORP; COM NONE; CONS,CORP,EQTY,NS,Y,NVDA,16382,3674,334413,TECH,NVIDIA CORP,201704,2017/4/28,104.3,62058500,108.93,61710914.67,-0.042504,-0.042504,239954334,595000,0.009655,0.009091,Apr-17,A,0,0
86580,1999/1/22,2025/12/31,67066G10,67066G10,Q,NVIDIA CORP; COM NONE; CONS,CORP,EQTY,NS,Y,NVDA,16382,3674,334413,TECH,NVIDIA CORP,201705,2017/5/31,144.35,85888250,104.3,62058500,0.385413,0.383988,480441724,595000,0.009335,0.011576,May-17,A,2,2
86580,1999/1/22,2025/12/31,67066G10,67066G10,Q,NVIDIA CORP; COM NONE; CONS,CORP,EQTY,NS,Y,NVDA,16382,3674,334413,TECH,NVIDIA CORP,201706,2017/6/30,144.56,86013200,144.35,85888250,0.001455,0.001455,586175143,595000,0.009571,0.004814,Jun-17,A,0,0
86580,1999/1/22,2025/12/31,67066G10,67066G10,Q,NVIDIA CORP; COM NONE; CONS,CORP,EQTY,NS,Y,NVDA,16382,3674,334413,TECH,NVIDIA CORP,201707,2017/7/31,162.51,97506000,144.56,86013200,0.12417,0.12417,387357881,600000,0.020277,0.019349,Jul-17,A,0,0
86580,1999/1/22,2025/12/31,67066G10,67066G10,Q,NVIDIA CORP; COM NONE; CONS,CORP,EQTY,NS,Y,NVDA,16382,3674,334413,TECH,NVIDIA CORP,201708,2017/8/31,169.44,101664000,162.51,97506000,0.043542,0.042644,368330664,600000,0.0016,0.000546,Aug-17,A,0,0
86580,1999/1/22,2025/12/31,67066G10,67066G10,Q,NVIDIA CORP; COM NONE; CONS,CORP,EQTY,NS,Y,NVDA,16382,3674,334413,TECH,NVIDIA CORP,201709,2017/9/29,178.77,107262000,169.44,101664000,0.055064,0.055064,361430875,600000,0.023729,0.019303,Sep-17,A,2,2
86580,1999/1/22,2025/12/31,67066G10,67066G10,Q,NVIDIA CORP; COM NONE; CONS,CORP,EQTY,NS,Y,NVDA,16382,3674,334413,TECH,NVIDIA CORP,201710,2017/10/31,206.81,125326860,178.77,107262000,0.15685,0.15685,285581924,606000,0.019275,0.022188,Oct-17,A,3,3
86580,1999/1/22,2025/12/31,67066G10,67066G10,Q,NVIDIA CORP; COM NONE; CONS,CORP,EQTY,NS,Y,NVDA,16382,3674,334413,TECH,NVIDIA CORP,201711,2017/11/30,200.71,121630260,206.81,125326860,-0.028818,-0.029496,297013237,606000,0.027231,0.028083,Nov-17,A,3,3
86580,1999/1/22,2025/12/31,67066G10,67066G10,Q,NVIDIA CORP; COM NONE; CONS,CORP,EQTY,NS,Y,NVDA,16382,3674,334413,TECH,NVIDIA CORP,201712,2017/12/29,193.5,117261000,200.71,121630260,-0.035922,-0.035922,252816377,606000,0.012122,0.009832,Dec-17,A,1,1
86580,1999/1/22,2025/12/31,67066G10,67066G10,Q,NVIDIA CORP; COM NONE; CONS,CORP,EQTY,NS,Y,NVDA,16382,3674,334413,TECH,NVIDIA CORP,201801,2018/1/31,245.8,149007647,193.5,117261000,0.270284,0.270284,286427176,606215,0.050577,0.056179,Jan-18,A,2,2
86580,1999/1/22,2025/12/31,67066G10,67066G10,Q,NVIDIA CORP; COM NONE; CONS,CORP,EQTY,NS,Y,NVDA,16382,3674,334413,TECH,NVIDIA CORP,201802,2018/2/28,242,146410000,245.8,149007647,-0.01485,-0.01546,372021509,605000,-0.039454,-0.038947,Feb-18,A,2,2
86580,1999/1/22,2025/12/31,67066G10,67066G10,Q,NVIDIA CORP; COM NONE; CONS,CORP,EQTY,NS,Y,NVDA,16382,3674,334413,TECH,NVIDIA CORP,201803,2018/3/29,231.59,140111950,242,146410000,-0.043017,-0.043017,354707879,605000,-0.018421,-0.026884,Mar-18,A,3,3
86580,1999/1/22,2025/12/31,67066G10,67066G10,Q,NVIDIA CORP; COM NONE; CONS,CORP,EQTY,NS,Y,NVDA,16382,3674,334413,TECH,NVIDIA CORP,201804,2018/4/30,224.9,136514300,231.59,140111950,-0.028887,-0.028887,278654420,607000,0.004679,0.002719,Apr-18,A,7,7
86580,1999/1/22,2025/12/31,67066G10,67066G10,Q,NVIDIA CORP; COM NONE; CONS,CORP,EQTY,NS,Y,NVDA,16382,3674,334413,TECH,NVIDIA CORP,201805,2018/5/31,252.19,153079330,224.9,136514300,0.122022,0.121343,299872191,607000,0.026146,0.021608,May-18,A,1,1
86580,1999/1/22,2025/12/31,67066G10,67066G10,Q,NVIDIA CORP; COM NONE; CONS,CORP,EQTY,NS,Y,NVDA,16382,3674,334413,TECH,NVIDIA CORP,201806,2018/6/29,236.9,143798300,252.19,153079330,-0.060629,-0.060629,219652282,607000,0.005359,0.004842,Jun-18,A,3,3
86580,1999/1/22,2025/12/31,67066G10,67066G10,Q,NVIDIA CORP; COM NONE; CONS,CORP,EQTY,NS,Y,NVDA,16382,3674,334413,TECH,NVIDIA CORP,201807,2018/7/31,244.86,148874880,236.9,143798300,0.033601,0.033601,157762865,608000,0.031573,0.036022,Jul-18,A,3,3
86580,1999/1/22,2025/12/31,67066G10,67066G10,Q,NVIDIA CORP; COM NONE; CONS,CORP,EQTY,NS,Y,NVDA,16382,3674,334413,TECH,NVIDIA CORP,201808,2018/8/31,280.68,170653440,244.86,148874880,0.146905,0.146288,273001777,608000,0.030226,0.030263,Aug-18,A,4,4
86580,1999/1/22,2025/12/31,67066G10,67066G10,Q,NVIDIA CORP; COM NONE; CONS,CORP,EQTY,NS,Y,NVDA,16382,3674,334413,TECH,NVIDIA CORP,201809,2018/9/28,281.02,170860160,280.68,170653440,0.001211,0.001211,158493291,608000,0.000425,0.004294,Sep-18,A,0,0
86580,1999/1/22,2025/12/31,67066G10,67066G10,Q,NVIDIA CORP; COM NONE; CONS,CORP,EQTY,NS,Y,NVDA,16382,3674,334413,TECH,NVIDIA CORP,201810,2018/10/31,210.83,128606300,281.02,170860160,-0.249769,-0.249769,324502286,610000,-0.074045,-0.069403,Oct-18,A,1,1
86580,1999/1/22,2025/12/31,67066G10,67066G10,Q,NVIDIA CORP; COM NONE; CONS,CORP,EQTY,NS,Y,NVDA,16382,3674,334413,TECH,NVIDIA CORP,201811,2018/11/30,163.43,99692300,210.83,128606300,-0.224038,-0.224826,404966550,610000,0.018512,0.017859,Nov-18,A,4,4
86580,1999/1/22,2025/12/31,67066G10,67066G10,Q,NVIDIA CORP; COM NONE; CONS,CORP,EQTY,NS,Y,NVDA,16382,3674,334413,TECH,NVIDIA CORP,201812,2018/12/31,133.5,81435000,163.43,99692300,-0.183137,-0.183137,311285554,610000,-0.08989,-0.091777,Dec-18,A,3,3
86580,1999/1/22,2025/12/31,67066G10,67066G10,Q,NVIDIA CORP; COM NONE; CONS,CORP,EQTY,NS,Y,NVDA,16382,3674,334413,TECH,NVIDIA CORP,201901,2019/1/31,143.75,87687500,133.5,81435000,0.076779,0.076779,421764634,610000,0.088294,0.078684,Jan-19,A,9,8
86580,1999/1/22,2025/12/31,67066G10,67066G10,Q,NVIDIA CORP; COM NONE; CONS,CORP,EQTY,NS,Y,NVDA,16382,3674,334413,TECH,NVIDIA CORP,201902,2019/2/28,154.26,93481560,143.75,87687500,0.074226,0.073113,286076455,606000,0.032724,0.029729,Feb-19,A,3,3
86580,1999/1/22,2025/12/31,67066G10,67066G10,Q,NVIDIA CORP; COM NONE; CONS,CORP,EQTY,NS,Y,NVDA,16382,3674,334413,TECH,NVIDIA CORP,201903,2019/3/29,179.56,108813360,154.26,93481560,0.164009,0.164009,301716654,606000,0.012962,0.017924,Mar-19,A,1,1
86580,1999/1/22,2025/12/31,67066G10,67066G10,Q,NVIDIA CORP; COM NONE; CONS,CORP,EQTY,NS,Y,NVDA,16382,3674,334413,TECH,NVIDIA CORP,201904,2019/4/30,181,110229000,179.56,108813360,0.00802,0.00802,236351062,609000,0.037893,0.039313,Apr-19,A,2,2
86580,1999/1/22,2025/12/31,67066G10,67066G10,Q,NVIDIA CORP; COM NONE; CONS,CORP,EQTY,NS,Y,NVDA,16382,3674,334413,TECH,NVIDIA CORP,201905,2019/5/31,135.46,82495140,181,110229000,-0.250741,-0.251602,279489540,609000,-0.061679,-0.065778,May-19,A,6,6
86580,1999/1/22,2025/12/31,67066G10,67066G10,Q,NVIDIA CORP; COM NONE; CONS,CORP,EQTY,NS,Y,NVDA,16382,3674,334413,TECH,NVIDIA CORP,201906,2019/6/28,164.23,100016070,135.46,82495140,0.212387,0.212387,205695078,609000,0.067279,0.06893,Jun-19,A,4,4
86580,1999/1/22,2025/12/31,67066G10,67066G10,Q,NVIDIA CORP; COM NONE; CONS,CORP,EQTY,NS,Y,NVDA,16382,3674,334413,TECH,NVIDIA CORP,201907,2019/7/31,168.72,102750480,164.23,100016070,0.02734,0.02734,210427761,609000,0.011854,0.013128,Jul-19,A,4,4
86580,1999/1/22,2025/12/31,67066G10,67066G10,Q,NVIDIA CORP; COM NONE; CONS,CORP,EQTY,NS,Y,NVDA,16382,3674,334413,TECH,NVIDIA CORP,201908,2019/8/30,167.51,102013590,168.72,102750480,-0.006186,-0.007172,239242782,609000,-0.020339,-0.018092,Aug-19,A,1,0
86580,1999/1/22,2025/12/31,67066G10,67066G10,Q,NVIDIA CORP; COM NONE; CONS,CORP,EQTY,NS,Y,NVDA,16382,3674,334413,TECH,NVIDIA CORP,201909,2019/9/30,174.07,106008630,167.51,102013590,0.039162,0.039162,160122551,609000,0.016033,0.017181,Sep-19,A,10,8
86580,1999/1/22,2025/12/31,67066G10,67066G10,Q,NVIDIA CORP; COM NONE; CONS,CORP,EQTY,NS,Y,NVDA,16382,3674,334413,TECH,NVIDIA CORP,201910,2019/10/31,201.02,123024240,174.07,106008630,0.154823,0.154823,195136570,612000,0.019257,0.020432,Oct-19,A,6,6
86580,1999/1/22,2025/12/31,67066G10,67066G10,Q,NVIDIA CORP; COM NONE; CONS,CORP,EQTY,NS,Y,NVDA,16382,3674,334413,TECH,NVIDIA CORP,201911,2019/11/29,216.74,132644880,201.02,123024240,0.078992,0.078201,183410671,612000,0.034999,0.034047,Nov-19,A,6,6
86580,1999/1/22,2025/12/31,67066G10,67066G10,Q,NVIDIA CORP; COM NONE; CONS,CORP,EQTY,NS,Y,NVDA,16382,3674,334413,TECH,NVIDIA CORP,201912,2019/12/31,235.3,144003600,216.74,132644880,0.085633,0.085633,163951990,612000,0.028489,0.02859,Dec-19,A,7,7
86580,1999/1/22,2025/12/31,67066G10,67066G10,Q,NVIDIA CORP; COM NONE; CONS,CORP,EQTY,NS,Y,NVDA,16382,3674,334413,TECH,NVIDIA CORP,202001,2020/1/31,236.43,144695160,235.3,144003600,0.004802,0.004802,153028890,612000,-0.001728,-0.001628,Jan-20,A,10,8
86580,1999/1/22,2025/12/31,67066G10,67066G10,Q,NVIDIA CORP; COM NONE; CONS,CORP,EQTY,NS,Y,NVDA,16382,3674,334413,TECH,NVIDIA CORP,202002,2020/2/28,270.07,165282840,236.43,144695160,0.143007,0.142283,295645446,612000,-0.077918,-0.08411,Feb-20,A,7,6
86580,1999/1/22,2025/12/31,67066G10,67066G10,Q,NVIDIA CORP; COM NONE; CONS,CORP,EQTY,NS,Y,NVDA,16382,3674,334413,TECH,NVIDIA CORP,202003,2020/3/31,263.6,162142468.8,270.07,165282840,-0.023957,-0.023957,393700797,615108,-0.141733,-0.125119,Mar-20,A,11,11
86580,1999/1/22,2025/12/31,67066G10,67066G10,Q,NVIDIA CORP; COM NONE; CONS,CORP,EQTY,NS,Y,NVDA,16382,3674,334413,TECH,NVIDIA CORP,202004,2020/4/30,292.28,179752200,263.6,162142468.8,0.108801,0.108801,281829481,615000,0.129674,0.126844,Apr-20,A,5,5
86580,1999/1/22,2025/12/31,67066G10,67066G10,Q,NVIDIA CORP; COM NONE; CONS,CORP,EQTY,NS,Y,NVDA,16382,3674,334413,TECH,NVIDIA CORP,202005,2020/5/29,355.02,218337300,292.28,179752200,0.214657,0.214657,313284785,615000,0.053739,0.045282,May-20,A,4,3
86580,1999/1/22,2025/12/31,67066G10,67066G10,Q,NVIDIA CORP; COM NONE; CONS,CORP,EQTY,NS,Y,NVDA,16382,3674,334413,TECH,NVIDIA CORP,202006,2020/6/30,379.91,233644650,355.02,218337300,0.070597,0.070109,242347751,615000,0.025299,0.018388,Jun-20,A,7,7
86580,1999/1/22,2025/12/31,67066G10,67066G10,Q,NVIDIA CORP; COM NONE; CONS,CORP,EQTY,NS,Y,NVDA,16382,3674,334413,TECH,NVIDIA CORP,202007,2020/7/31,424.59,261972030,379.91,233644650,0.117607,0.117607,202234832,617000,0.055532,0.055101,Jul-20,A,12,12
86580,1999/1/22,2025/12/31,67066G10,67066G10,Q,NVIDIA CORP; COM NONE; CONS,CORP,EQTY,NS,Y,NVDA,16382,3674,334413,TECH,NVIDIA CORP,202008,2020/8/31,534.98,330082660,424.59,261972030,0.259992,0.259992,241111250,617000,0.068442,0.070065,Aug-20,A,9,8
86580,1999/1/22,2025/12/31,67066G10,67066G10,Q,NVIDIA CORP; COM NONE; CONS,CORP,EQTY,NS,Y,NVDA,16382,3674,334413,TECH,NVIDIA CORP,202009,2020/9/30,541.22,333932740,534.98,330082660,0.011957,0.011664,395642634,617000,-0.035056,-0.039228,Sep-20,A,6,6
86580,1999/1/22,2025/12/31,67066G10,67066G10,Q,NVIDIA CORP; COM NONE; CONS,CORP,EQTY,NS,Y,NVDA,16382,3674,334413,TECH,NVIDIA CORP,202010,2020/10/30,501.36,310341840,541.22,333932740,-0.073648,-0.073648,200069560,619000,-0.020178,-0.027666,Oct-20,A,14,13
86580,1999/1/22,2025/12/31,67066G10,67066G10,Q,NVIDIA CORP; COM NONE; CONS,CORP,EQTY,NS,Y,NVDA,16382,3674,334413,TECH,NVIDIA CORP,202011,2020/11/30,536.06,331821140,501.36,310341840,0.069212,0.069212,189617667,619000,0.123707,0.107546,Nov-20,A,7,6
86580,1999/1/22,2025/12/31,67066G10,67066G10,Q,NVIDIA CORP; COM NONE; CONS,CORP,EQTY,NS,Y,NVDA,16382,3674,334413,TECH,NVIDIA CORP,202012,2020/12/31,522.2,323241800,536.06,331821140,-0.025564,-0.025855,127693605,619000,0.045048,0.037121,Dec-20,A,7,6
86580,1999/1/22,2025/12/31,67066G10,67066G10,Q,NVIDIA CORP; COM NONE; CONS,CORP,EQTY,NS,Y,NVDA,16382,3674,334413,TECH,NVIDIA CORP,202101,2021/1/29,519.59,322145800,522.2,323241800,-0.004998,-0.004998,153257462,620000,-0.000631,-0.011137,Jan-21,A,5,5
86580,1999/1/22,2025/12/31,67066G10,67066G10,Q,NVIDIA CORP; COM NONE; CONS,CORP,EQTY,NS,Y,NVDA,16382,3674,334413,TECH,NVIDIA CORP,202102,2021/2/26,548.58,340119600,519.59,322145800,0.055794,0.055794,166638000,620000,0.029196,0.026091,Feb-21,A,4,4
86580,1999/1/22,2025/12/31,67066G10,67066G10,Q,NVIDIA CORP; COM NONE; CONS,CORP,EQTY,NS,Y,NVDA,16382,3674,334413,TECH,NVIDIA CORP,202103,2021/3/31,533.93,332288665.9,548.58,340119600,-0.026394,-0.026705,190633830,622345,0.030573,0.042439,Mar-21,A,3,3
86580,1999/1/22,2025/12/31,67066G10,67066G10,Q,NVIDIA CORP; COM NONE; CONS,CORP,EQTY,NS,Y,NVDA,16382,3674,334413,TECH,NVIDIA CORP,202104,2021/4/30,600.38,374036740,533.93,332288665.9,0.124455,0.124455,167542092,623000,0.04819,0.052425,Apr-21,A,12,11
86580,1999/1/22,2025/12/31,67066G10,67066G10,Q,NVIDIA CORP; COM NONE; CONS,CORP,EQTY,NS,Y,NVDA,16382,3674,334413,TECH,NVIDIA CORP,202105,2021/5/28,649.78,404812940,600.38,374036740,0.082281,0.082281,176051829,623000,0.007092,0.005486,May-21,A,8,6
86580,1999/1/22,2025/12/31,67066G10,67066G10,Q,NVIDIA CORP; COM NONE; CONS,CORP,EQTY,NS,Y,NVDA,16382,3674,334413,TECH,NVIDIA CORP,202106,2021/6/30,800.1,498462300,649.78,404812940,0.231624,0.23134,256288197,623000,0.023422,0.022214,Jun-21,A,12,11
86580,1999/1/22,2025/12/31,67066G10,67066G10,Q,NVIDIA CORP; COM NONE; CONS,CORP,EQTY,NS,Y,NVDA,16382,3674,334413,TECH,NVIDIA CORP,202107,2021/7/30,194.99,487475000,800.1,498462300,-0.025172,-0.025172,371189265,2500000,0.011828,0.022748,Jul-21,A,11,10
86580,1999/1/22,2025/12/31,67066G10,67066G10,Q,NVIDIA CORP; COM NONE; CONS,CORP,EQTY,NS,Y,NVDA,16382,3674,334413,TECH,NVIDIA CORP,202108,2021/8/31,223.85,559625000,194.99,487475000,0.148213,0.148008,640334101,2500000,0.027146,0.02899,Aug-21,A,2,1
86580,1999/1/22,2025/12/31,67066G10,67066G10,Q,NVIDIA CORP; COM NONE; CONS,CORP,EQTY,NS,Y,NVDA,16382,3674,334413,TECH,NVIDIA CORP,202109,2021/9/30,207.16,517900000,223.85,559625000,-0.074559,-0.074559,499255130,2500000,-0.042243,-0.047569,Sep-21,A,4,4
86580,1999/1/22,2025/12/31,67066G10,67066G10,Q,NVIDIA CORP; COM NONE; CONS,CORP,EQTY,NS,Y,NVDA,16382,3674,334413,TECH,NVIDIA CORP,202110,2021/10/29,255.67,639686340,207.16,517900000,0.234167,0.234167,496340325,2502000,0.064651,0.069144,Oct-21,A,8,8
86580,1999/1/22,2025/12/31,67066G10,67066G10,Q,NVIDIA CORP; COM NONE; CONS,CORP,EQTY,NS,Y,NVDA,16382,3674,334413,TECH,NVIDIA CORP,202111,2021/11/30,326.76,816900000,255.67,639686340,0.278054,0.278054,1078558200,2500000,-0.018351,-0.008334,Nov-21,A,10,9
86580,1999/1/22,2025/12/31,67066G10,67066G10,Q,NVIDIA CORP; COM NONE; CONS,CORP,EQTY,NS,Y,NVDA,16382,3674,334413,TECH,NVIDIA CORP,202112,2021/12/31,294.11,735275000,326.76,816900000,-0.099806,-0.09992,1104132907,2500000,0.033341,0.043613,Dec-21,A,1,0
86580,1999/1/22,2025/12/31,67066G10,67066G10,Q,NVIDIA CORP; COM NONE; CONS,CORP,EQTY,NS,Y,NVDA,16382,3674,334413,TECH,NVIDIA CORP,202201,2022/1/31,244.86,613619160,294.11,735275000,-0.167454,-0.167454,1066040864,2506000,-0.059822,-0.052585,Jan-22,A,4,2
86580,1999/1/22,2025/12/31,67066G10,67066G10,Q,NVIDIA CORP; COM NONE; CONS,CORP,EQTY,NS,Y,NVDA,16382,3674,334413,TECH,NVIDIA CORP,202202,2022/2/28,243.85,611088100,244.86,613619160,-0.004125,-0.004125,1058862330,2506000,-0.021838,-0.03136,Feb-22,A,0,0
86580,1999/1/22,2025/12/31,67066G10,67066G10,Q,NVIDIA CORP; COM NONE; CONS,CORP,EQTY,NS,Y,NVDA,16382,3674,334413,TECH,NVIDIA CORP,202203,2022/3/31,272.86,683230252.7,243.85,611088100,0.119151,0.118967,1162161339,2503959,0.030506,0.035773,Mar-22,A,1,1
86580,1999/1/22,2025/12/31,67066G10,67066G10,Q,NVIDIA CORP; COM NONE; CONS,CORP,EQTY,NS,Y,NVDA,16382,3674,334413,TECH,NVIDIA CORP,202204,2022/4/29,185.47,463675000,272.86,683230252.7,-0.320274,-0.320274,1109306136,2500000,-0.089387,-0.087957,Apr-22,A,1,0
86580,1999/1/22,2025/12/31,67066G10,67066G10,Q,NVIDIA CORP; COM NONE; CONS,CORP,EQTY,NS,Y,NVDA,16382,3674,334413,TECH,NVIDIA CORP,202205,2022/5/31,186.72,466800000,185.47,463675000,0.00674,0.00674,1380444926,2500000,-0.002113,5.30E-05,May-22,A,4,2
86580,1999/1/22,2025/12/31,67066G10,67066G10,Q,NVIDIA CORP; COM NONE; CONS,CORP,EQTY,NS,Y,NVDA,16382,3674,334413,TECH,NVIDIA CORP,202206,2022/6/30,151.59,378975000,186.72,466800000,-0.187969,-0.188143,1056040604,2500000,-0.083997,-0.08392,Jun-22,A,0,0
86580,1999/1/22,2025/12/31,67066G10,67066G10,Q,NVIDIA CORP; COM NONE; CONS,CORP,EQTY,NS,Y,NVDA,16382,3674,334413,TECH,NVIDIA CORP,202207,2022/7/29,181.63,452077070,151.59,378975000,0.198166,0.198166,1055720867,2489000,0.090351,0.091116,Jul-22,A,5,5
86580,1999/1/22,2025/12/31,67066G10,67066G10,Q,NVIDIA CORP; COM NONE; CONS,CORP,EQTY,NS,Y,NVDA,16382,3674,334413,TECH,NVIDIA CORP,202208,2022/8/31,150.94,375840600,181.63,452077070,-0.16897,-0.16897,1206245742,2490000,-0.036233,-0.04244,Aug-22,A,1,1
86580,1999/1/22,2025/12/31,67066G10,67066G10,Q,NVIDIA CORP; COM NONE; CONS,CORP,EQTY,NS,Y,NVDA,16382,3674,334413,TECH,NVIDIA CORP,202209,2022/9/30,121.39,302261100,150.94,375840600,-0.195539,-0.195773,1312096946,2490000,-0.091323,-0.093396,Sep-22,A,2,2
86580,1999/1/22,2025/12/31,67066G10,67066G10,Q,NVIDIA CORP; COM NONE; CONS,CORP,EQTY,NS,Y,NVDA,16382,3674,334413,TECH,NVIDIA CORP,202210,2022/10/31,134.97,332026200,121.39,302261100,0.111871,0.111871,1253822243,2460000,0.077394,0.079863,Oct-22,A,2,1
86580,1999/1/22,2025/12/31,67066G10,67066G10,Q,NVIDIA CORP; COM NONE; CONS,CORP,EQTY,NS,Y,NVDA,16382,3674,334413,TECH,NVIDIA CORP,202211,2022/11/30,169.23,416305800,134.97,332026200,0.254131,0.253834,1058797248,2460000,0.052354,0.053753,Nov-22,A,2,2
86580,1999/1/22,2025/12/31,67066G10,67066G10,Q,NVIDIA CORP; COM NONE; CONS,CORP,EQTY,NS,Y,NVDA,16382,3674,334413,TECH,NVIDIA CORP,202212,2022/12/30,146.14,359504400,169.23,416305800,-0.136442,-0.136442,894574716,2460000,-0.05712,-0.058971,Dec-22,A,2,2
86580,1999/1/22,2025/12/31,67066G10,67066G10,Q,NVIDIA CORP; COM NONE; CONS,CORP,EQTY,NS,Y,NVDA,16382,3674,334413,TECH,NVIDIA CORP,202301,2023/1/31,195.37,481782420,146.14,359504400,0.336869,0.336869,944405975,2466000,0.071823,0.061753,Jan-23,A,5,1
86580,1999/1/22,2025/12/31,67066G10,67066G10,Q,NVIDIA CORP; COM NONE; CONS,CORP,EQTY,NS,Y,NVDA,16382,3674,334413,TECH,NVIDIA CORP,202302,2023/2/28,232.16,573435200,195.37,481782420,0.188309,0.188309,1037796255,2470000,-0.024666,-0.026112,Feb-23,A,1,0
86580,1999/1/22,2025/12/31,67066G10,67066G10,Q,NVIDIA CORP; COM NONE; CONS,CORP,EQTY,NS,Y,NVDA,16382,3674,334413,TECH,NVIDIA CORP,202303,2023/3/31,277.77,686091900,232.16,573435200,0.196665,0.196459,1124450778,2470000,0.02395,0.035052,Mar-23,A,0,0
86580,1999/1/22,2025/12/31,67066G10,67066G10,Q,NVIDIA CORP; COM NONE; CONS,CORP,EQTY,NS,Y,NVDA,16382,3674,334413,TECH,NVIDIA CORP,202304,2023/4/28,277.49,685400300,277.77,686091900,-0.001008,-0.001008,742688028,2470000,0.008976,0.014642,Apr-23,A,2,1
86580,1999/1/22,2025/12/31,67066G10,67066G10,Q,NVIDIA CORP; COM NONE; CONS,CORP,EQTY,NS,Y,NVDA,16382,3674,334413,TECH,NVIDIA CORP,202305,2023/5/31,378.34,934499800,277.49,685400300,0.363437,0.363437,1167220913,2470000,0.000709,0.002482,May-23,A,4,0
86580,1999/1/22,2025/12/31,67066G10,67066G10,Q,NVIDIA CORP; COM NONE; CONS,CORP,EQTY,NS,Y,NVDA,16382,3674,334413,TECH,NVIDIA CORP,202306,2023/6/30,423.02,1044859400,378.34,934499800,0.118214,0.118095,1050273913,2470000,0.066183,0.064727,Jun-23,A,1,1
86580,1999/1/22,2025/12/31,67066G10,67066G10,Q,NVIDIA CORP; COM NONE; CONS,CORP,EQTY,NS,Y,NVDA,16382,3674,334413,TECH,NVIDIA CORP,202307,2023/7/31,467.29,1154206300,423.02,1044859400,0.104652,0.104652,868516204,2470000,0.035617,0.031139,Jul-23,A,7,7
86580,1999/1/22,2025/12/31,67066G10,67066G10,Q,NVIDIA CORP; COM NONE; CONS,CORP,EQTY,NS,Y,NVDA,16382,3674,334413,TECH,NVIDIA CORP,202308,2023/8/31,493.55,1219068500,467.29,1154206300,0.056196,0.056196,1359609086,2470000,-0.020608,-0.017716,Aug-23,A,2,1
86580,1999/1/22,2025/12/31,67066G10,67066G10,Q,NVIDIA CORP; COM NONE; CONS,CORP,EQTY,NS,Y,NVDA,16382,3674,334413,TECH,NVIDIA CORP,202309,2023/9/29,434.99,1074425300,493.55,1219068500,-0.118576,-0.118651,855637955,2470000,-0.047391,-0.048719,Sep-23,A,0,0
86580,1999/1/22,2025/12/31,67066G10,67066G10,Q,NVIDIA CORP; COM NONE; CONS,CORP,EQTY,NS,Y,NVDA,16382,3674,334413,NOAVAIL,NVIDIA CORP,202310,2023/10/31,407.8,1005634800,434.99,1074425300,-0.062507,-0.062507,1011897981,2466000,-0.028865,-0.02198,Oct-23,A,2,2
86580,1999/1/22,2025/12/31,67066G10,67066G10,Q,NVIDIA CORP; COM NONE; CONS,CORP,EQTY,NS,Y,NVDA,16382,3674,334413,NOAVAIL,NVIDIA CORP,202311,2023/11/30,467.7,1155219000,407.8,1005634800,0.146886,0.146886,908307760,2470000,0.092053,0.089179,Nov-23,A,2,1
86580,1999/1/22,2025/12/31,67066G10,67066G10,Q,NVIDIA CORP; COM NONE; CONS,CORP,EQTY,NS,Y,NVDA,16382,3674,334413,NOAVAIL,NVIDIA CORP,202312,2023/12/29,495.22,1223193400,467.7,1155219000,0.058932,0.058841,736438941,2470000,0.053603,0.044229,Dec-23,A,0,0
86580,1999/1/22,2025/12/31,67066G10,67066G10,Q,NVIDIA CORP; COM NONE; CONS,CORP,EQTY,NS,Y,NVDA,16382,3674,334413,NOAVAIL,NVIDIA CORP,202401,2024/1/31,615.27,1516025280,495.22,1223193400,0.242418,0.242418,965667376,2464000,0.00756,0.015896,Jan-24,A,4,2
86580,1999/1/22,2025/12/31,67066G10,67066G10,Q,NVIDIA CORP; COM NONE; CONS,CORP,EQTY,NS,Y,NVDA,16382,3674,334413,NOAVAIL,NVIDIA CORP,202402,2024/2/29,791.12,1977800000,615.27,1516025280,0.285809,0.285809,1099870296,2500000,0.050583,0.051721,Feb-24,A,2,2
86580,1999/1/22,2025/12/31,67066G10,67066G10,Q,NVIDIA CORP; COM NONE; CONS,CORP,EQTY,NS,Y,NVDA,16382,3674,334413,NOAVAIL,NVIDIA CORP,202403,2024/3/28,903.56,2226125168,791.12,1977800000,0.142181,0.142128,1205840945,2463727,0.03245,0.031019,Mar-24,A,2,2
86580,1999/1/22,2025/12/31,67066G10,67066G10,Q,NVIDIA CORP; COM NONE; CONS,CORP,EQTY,NS,Y,NVDA,16382,3674,334413,NOAVAIL,NVIDIA CORP,202404,2024/4/30,864.02,2125345773,903.56,2226125168,-0.04376,-0.04376,1000553759,2459834,-0.042724,-0.041615,Apr-24,A,3,2
86580,1999/1/22,2025/12/31,67066G10,67066G10,Q,NVIDIA CORP; COM NONE; CONS,CORP,EQTY,NS,Y,NVDA,16382,3674,334413,NOAVAIL,NVIDIA CORP,202405,2024/5/31,1096.33,2696789809,864.02,2125345773,0.268871,0.268871,958356421,2459834,0.046552,0.048021,May-24,A,3,3
86580,1999/1/22,2025/12/31,67066G10,67066G10,Q,NVIDIA CORP; COM NONE; CONS,CORP,EQTY,NS,Y,NVDA,16382,3674,334413,NOAVAIL,NVIDIA CORP,202406,2024/6/28,123.54,3035234494,1096.33,2696789809,0.126944,0.12685,5207914156,24568840,0.026073,0.03467,Jun-24,A,2,2
86580,1999/1/22,2025/12/31,67066G10,67066G10,Q,NVIDIA CORP; COM NONE; CONS,CORP,EQTY,NS,Y,NVDA,16382,3674,334413,NOAVAIL,NVIDIA CORP,202406,2024/6/28,123.54,3035234494,1096.33,2696789809,0.126944,0.12685,5207914156,24568840,0.026073,0.03467,Jun-24,A,2,2
86580,1999/1/22,2025/12/31,67066G10,67066G10,Q,NVIDIA CORP; COM NONE; CONS,CORP,EQTY,NS,Y,NVDA,16382,3674,334413,NOAVAIL,NVIDIA CORP,202407,2024/7/31,117.02,2874245240,123.54,3035234494,-0.052776,-0.052776,6363131733,24562000,0.019877,0.011321,Jul-24,A,3,3
86580,1999/1/22,2025/12/31,67066G10,67066G10,Q,NVIDIA CORP; COM NONE; CONS,CORP,EQTY,NS,Y,NVDA,16382,3674,334413,NOAVAIL,NVIDIA CORP,202408,2024/8/30,119.37,2928146100,117.02,2874245240,0.020082,0.020082,8075683577,24530000,0.02157,0.022835,Aug-24,A,2,1
86580,1999/1/22,2025/12/31,67066G10,67066G10,Q,NVIDIA CORP; COM NONE; CONS,CORP,EQTY,NS,Y,NVDA,16382,3674,334413,NOAVAIL,NVIDIA CORP,202409,2024/9/30,121.44,2978923200,119.37,2928146100,0.017426,0.017341,6241337153,24530000,0.02097,0.020197,Sep-24,A,2,2
86580,1999/1/22,2025/12/31,67066G10,67066G10,Q,NVIDIA CORP; COM NONE; CONS,CORP,EQTY,NS,Y,NVDA,16382,3674,334413,NOAVAIL,NVIDIA CORP,202410,2024/10/31,132.76,3253682080,121.44,2978923200,0.093215,0.093215,5602888807,24508000,-0.008299,-0.009897,Oct-24,A,1,1
86580,1999/1/22,2025/12/31,67066G10,67066G10,Q,NVIDIA CORP; COM NONE; CONS,CORP,EQTY,NS,Y,NVDA,16382,3674,334413,NOAVAIL,NVIDIA CORP,202411,2024/11/29,138.25,3385742500,132.76,3253682080,0.041353,0.041353,4480593334,24490000,0.064859,0.057301,Nov-24,A,1,1
86580,1999/1/22,2025/12/31,67066G10,67066G10,Q,NVIDIA CORP; COM NONE; CONS,CORP,EQTY,NS,Y,NVDA,16382,3674,334413,NOAVAIL,NVIDIA CORP,202412,2024/12/31,134.29,3288762100,138.25,3385742500,-0.028577,-0.028644,4066805483,24490000,-0.031581,-0.02499,Dec-24,A,4,4
86580,1999/1/22,2025/12/31,67066G10,67066G10,Q,NVIDIA CORP; COM NONE; CONS,CORP,EQTY,NS,Y,NVDA,16382,3674,334413,NOAVAIL,NVIDIA CORP,202501,2025/1/31,120.07,2938953390,134.29,3288762100,-0.10589,-0.10589,5911395239,24477000,0.032292,0.027016,Jan-25,A,1,1
86580,1999/1/22,2025/12/31,67066G10,67066G10,Q,NVIDIA CORP; COM NONE; CONS,CORP,EQTY,NS,Y,NVDA,16382,3674,334413,NOAVAIL,NVIDIA CORP,202502,2025/2/28,124.92,3048048000,120.07,2938953390,0.040393,0.040393,4736937200,24400000,-0.017566,-0.014242,Feb-25,A,1,0
86580,1999/1/22,2025/12/31,67066G10,67066G10,Q,NVIDIA CORP; COM NONE; CONS,CORP,EQTY,NS,Y,NVDA,16382,3674,334413,NOAVAIL,NVIDIA CORP,202503,2025/3/31,108.38,2650613786,124.92,3048048000,-0.13233,-0.132405,6142226145,24456669,-0.055123,-0.057545,Mar-25,A,5,5
86580,1999/1/22,2025/12/31,67066G10,67066G10,Q,NVIDIA CORP; COM NONE; CONS,CORP,EQTY,NS,Y,NVDA,16382,3674,334413,NOAVAIL,NVIDIA CORP,202504,2025/4/30,108.92,2656340960,108.38,2650613786,0.004982,0.004982,6763178883,24388000,-0.00361,-0.007625,Apr-25,A,4,3
86580,1999/1/22,2025/12/31,67066G10,67066G10,Q,NVIDIA CORP; COM NONE; CONS,CORP,EQTY,NS,Y,NVDA,16382,3674,334413,NOAVAIL,NVIDIA CORP,202505,2025/5/30,135.13,3295490577,108.92,2656340960,0.240635,0.240635,4731589040,24387557,0.061267,0.061524,May-25,A,1,1
86580,1999/1/22,2025/12/31,67066G10,67066G10,Q,NVIDIA CORP; COM NONE; CONS,CORP,EQTY,NS,Y,NVDA,16382,3674,334413,NOAVAIL,NVIDIA CORP,202506,2025/6/30,157.99,3852990130,135.13,3295490577,0.169252,0.16917,3806971421,24387557,0.049246,0.049607,Jun-25,A,2,2
86580,1999/1/22,2025/12/31,67066G10,67066G10,Q,NVIDIA CORP; COM NONE; CONS,CORP,EQTY,NS,Y,NVDA,16382,3674,334413,NOAVAIL,NVIDIA CORP,202507,2025/7/31,177.87,4330600890,157.99,3852990130,0.125831,0.125831,3583161438,24347000,0.019791,0.021667,Jul-25,A,4,4
86580,1999/1/22,2025/12/31,67066G10,67066G10,Q,NVIDIA CORP; COM NONE; CONS,CORP,EQTY,NS,Y,NVDA,16382,3674,334413,NOAVAIL,NVIDIA CORP,202508,2025/8/29,174.18,4240760460,177.87,4330600890,-0.020745,-0.020745,3588719844,24347000,0.024122,0.019066,Aug-25,A,2,2
86580,1999/1/22,2025/12/31,67066G10,67066G10,Q,NVIDIA CORP; COM NONE; CONS,CORP,EQTY,NS,Y,NVDA,16382,3674,334413,NOAVAIL,NVIDIA CORP,202509,2025/9/30,186.58,4542663260,174.18,4240760460,0.071251,0.071191,3864108807,24347000,0.035626,0.035324,Sep-25,A,1,1
86580,1999/1/22,2025/12/31,67066G10,67066G10,Q,NVIDIA CORP; COM NONE; CONS,CORP,EQTY,NS,Y,NVDA,16382,3674,334413,NOAVAIL,NVIDIA CORP,202510,2025/10/31,202.49,4921519450,186.58,4542663260,0.085272,0.085272,4004698175,24305000,0.019284,0.022687,Oct-25,A,3,1
86580,1999/1/22,2025/12/31,67066G10,67066G10,Q,NVIDIA CORP; COM NONE; CONS,CORP,EQTY,NS,Y,NVDA,16382,3674,334413,NOAVAIL,NVIDIA CORP,202511,2025/11/28,177,4301985000,202.49,4921519450,-0.125883,-0.125883,4112169558,24305000,0.001997,0.0013,Nov-25,A,1,1
86580,1999/1/22,2025/12/31,67066G10,67066G10,Q,NVIDIA CORP; COM NONE; CONS,CORP,EQTY,NS,Y,NVDA,16382,3674,334413,NOAVAIL,NVIDIA CORP,202512,2025/12/31,186.5,4532882500,177,4301985000,0.05373,0.053672,3585131140,24305000,0.001297,-0.000524,Dec-25,A,1,1
90319,2004/8/19,2025/12/31,02079K30,38259P50,Q,GOOGLE INC; COM A; CONS,CORP,EQTY,NS,Y,GOOG,45483,7375,519130,TECH,GOOGLE INC,201001,2010/1/29,529.944,129239033.1,619.98,151033947.8,-0.145224,-0.145224,96197180,243873,-0.037172,-0.036974,Jan-10,A,0,0
90319,2004/8/19,2025/12/31,02079K30,38259P50,Q,GOOGLE INC; COM A; CONS,CORP,EQTY,NS,Y,GOOG,45483,7375,519130,TECH,GOOGLE INC,201002,2010/2/26,526.8,128612425.2,529.944,129239033.1,-0.005933,-0.005933,56332044,244139,0.034744,0.028514,Feb-10,A,0,0
90319,2004/8/19,2025/12/31,02079K30,38259P50,Q,GOOGLE INC; COM A; CONS,CORP,EQTY,NS,Y,GOOG,45483,7375,519130,TECH,GOOGLE INC,201003,2010/3/31,567.12,138855362.2,526.8,128612425.2,0.076538,0.076538,89140688,244843,0.063668,0.058796,Mar-10,A,0,0
90319,2004/8/19,2025/12/31,02079K30,38259P50,Q,GOOGLE INC; COM A; CONS,CORP,EQTY,NS,Y,GOOG,45483,7375,519130,TECH,GOOGLE INC,201004,2010/4/30,525.695,129110692,567.12,138855362.2,-0.073045,-0.073045,78059088,245600,0.020036,0.014759,Apr-10,A,0,0
90319,2004/8/19,2025/12/31,02079K30,38259P50,Q,GOOGLE INC; COM A; CONS,CORP,EQTY,NS,Y,GOOG,45483,7375,519130,TECH,GOOGLE INC,201005,2010/5/28,485.63,119270728,525.695,129110692,-0.076213,-0.076213,87560138,245600,-0.07924,-0.081976,May-10,A,0,0
90319,2004/8/19,2025/12/31,02079K30,38259P50,Q,GOOGLE INC; COM A; CONS,CORP,EQTY,NS,Y,GOOG,45483,7375,519130,TECH,GOOGLE INC,201006,2010/6/30,444.95,109531116.8,485.63,119270728,-0.083767,-0.083767,65601092,246165,-0.05078,-0.053882,Jun-10,A,0,0
90319,2004/8/19,2025/12/31,02079K30,38259P50,Q,GOOGLE INC; COM A; CONS,CORP,EQTY,NS,Y,GOOG,45483,7375,519130,TECH,GOOGLE INC,201007,2010/7/30,484.85,119498070.4,444.95,109531116.8,0.089673,0.089673,75069510,246464,0.07036,0.068778,Jul-10,A,0,0
90319,2004/8/19,2025/12/31,02079K30,38259P50,Q,GOOGLE INC; COM A; CONS,CORP,EQTY,NS,Y,GOOG,45483,7375,519130,TECH,GOOGLE INC,201008,2010/8/31,450.02,110913729.3,484.85,119498070.4,-0.071837,-0.071837,57465223,246464,-0.042863,-0.047449,Aug-10,A,0,0
90319,2004/8/19,2025/12/31,02079K30,38259P50,Q,GOOGLE INC; COM A; CONS,CORP,EQTY,NS,Y,GOOG,45483,7375,519130,TECH,GOOGLE INC,201009,2010/9/30,525.79,130127241.3,450.02,110913729.3,0.16837,0.16837,64156340,247489,0.091628,0.087551,Sep-10,A,0,0
90319,2004/8/19,2025/12/31,02079K30,38259P50,Q,GOOGLE INC; COM A; CONS,CORP,EQTY,NS,Y,GOOG,45483,7375,519130,TECH,GOOGLE INC,201010,2010/10/29,613.7,152447375.9,525.79,130127241.3,0.167196,0.167196,85252219,248407,0.038591,0.036856,Oct-10,A,0,0
90319,2004/8/19,2025/12/31,02079K30,38259P50,Q,GOOGLE INC; COM A; CONS,CORP,EQTY,NS,Y,GOOG,45483,7375,519130,TECH,GOOGLE INC,201011,2010/11/30,555.71,138042254,613.7,152447375.9,-0.094492,-0.094492,63323582,248407,0.005117,-0.00229,Nov-10,A,0,0
90319,2004/8/19,2025/12/31,02079K30,38259P50,Q,GOOGLE INC; COM A; CONS,CORP,EQTY,NS,Y,GOOG,45483,7375,519130,TECH,GOOGLE INC,201012,2010/12/31,593.97,144697625.7,555.71,138042254,0.068849,0.068849,45565170,243611,0.067182,0.0653,Dec-10,A,0,0
90319,2004/8/19,2025/12/31,02079K30,38259P50,Q,GOOGLE INC; COM A; CONS,CORP,EQTY,NS,Y,GOOG,45483,7375,519130,TECH,GOOGLE INC,201101,2011/1/31,600.36,150611712.8,593.97,144697625.7,0.010758,0.010758,64788709,250869,0.019183,0.022646,Jan-11,A,0,0
90319,2004/8/19,2025/12/31,02079K30,38259P50,Q,GOOGLE INC; COM A; CONS,CORP,EQTY,NS,Y,GOOG,45483,7375,519130,TECH,GOOGLE INC,201102,2011/2/28,613.4,153883044.6,600.36,150611712.8,0.02172,0.02172,47129330,250869,0.038156,0.031957,Feb-11,A,0,0
90319,2004/8/19,2025/12/31,02079K30,38259P50,Q,GOOGLE INC; COM A; CONS,CORP,EQTY,NS,Y,GOOG,45483,7375,519130,TECH,GOOGLE INC,201103,2011/3/31,586.76,148256649.2,613.4,153883044.6,-0.04343,-0.04343,65702478,252670,0.003341,-0.001047,Mar-11,A,0,0
90319,2004/8/19,2025/12/31,02079K30,38259P50,Q,GOOGLE INC; COM A; CONS,CORP,EQTY,NS,Y,GOOG,45483,7375,519130,TECH,GOOGLE INC,201104,2011/4/29,544.1,137478835.2,586.76,148256649.2,-0.072704,-0.072704,75667748,252672,0.028597,0.028495,Apr-11,A,0,0
90319,2004/8/19,2025/12/31,02079K30,38259P50,Q,GOOGLE INC; COM A; CONS,CORP,EQTY,NS,Y,GOOG,45483,7375,519130,TECH,GOOGLE INC,201105,2011/5/31,529.02,133838356.9,544.1,137478835.2,-0.027715,-0.027715,50075758,252993,-0.014948,-0.013501,May-11,A,0,0
90319,2004/8/19,2025/12/31,02079K30,38259P50,Q,GOOGLE INC; COM A; CONS,CORP,EQTY,NS,Y,GOOG,45483,7375,519130,TECH,GOOGLE INC,201106,2011/6/30,506.38,128534435.4,529.02,133838356.9,-0.042796,-0.042796,64774762,253830,-0.018447,-0.018257,Jun-11,A,0,0
90319,2004/8/19,2025/12/31,02079K30,38259P50,Q,GOOGLE INC; COM A; CONS,CORP,EQTY,NS,Y,GOOG,45483,7375,519130,TECH,GOOGLE INC,201107,2011/7/29,603.69,153470071.8,506.38,128534435.4,0.192168,0.192168,87097029,254220,-0.022534,-0.021474,Jul-11,A,0,0
90319,2004/8/19,2025/12/31,02079K30,38259P50,Q,GOOGLE INC; COM A; CONS,CORP,EQTY,NS,Y,GOOG,45483,7375,519130,TECH,GOOGLE INC,201108,2011/8/31,540.96,137522851.2,603.69,153470071.8,-0.103911,-0.103911,114721810,254220,-0.057564,-0.056791,Aug-11,A,0,0
90319,2004/8/19,2025/12/31,02079K30,38259P50,Q,GOOGLE INC; COM A; CONS,CORP,EQTY,NS,Y,GOOG,45483,7375,519130,TECH,GOOGLE INC,201109,2011/9/30,515.04,128972711.5,540.96,137522851.2,-0.047915,-0.047915,63125213,250413,-0.084983,-0.071762,Sep-11,A,0,0
90319,2004/8/19,2025/12/31,02079K30,38259P50,Q,GOOGLE INC; COM A; CONS,CORP,EQTY,NS,Y,GOOG,45483,7375,519130,TECH,GOOGLE INC,201110,2011/10/31,592.64,151716432.6,515.04,128972711.5,0.150668,0.150668,83439774,256001,0.114146,0.107723,Oct-11,A,0,0
90319,2004/8/19,2025/12/31,02079K30,38259P50,Q,GOOGLE INC; COM A; CONS,CORP,EQTY,NS,Y,GOOG,45483,7375,519130,TECH,GOOGLE INC,201111,2011/11/30,599.39,153444439.4,592.64,151716432.6,0.01139,0.01139,64590586,256001,-0.00627,-0.005059,Nov-11,A,0,0
90319,2004/8/19,2025/12/31,02079K30,38259P50,Q,GOOGLE INC; COM A; CONS,CORP,EQTY,NS,Y,GOOG,45483,7375,519130,TECH,GOOGLE INC,201112,2011/12/30,645.9,167853908.4,599.39,153444439.4,0.077596,0.077596,58909250,259876,0.003676,0.008533,Dec-11,A,0,0
90319,2004/8/19,2025/12/31,02079K30,38259P50,Q,GOOGLE INC; COM A; CONS,CORP,EQTY,NS,Y,GOOG,45483,7375,519130,TECH,GOOGLE INC,201201,2012/1/31,580.11,149645755.7,645.9,167853908.4,-0.101858,-0.101858,79173165,257961,0.054106,0.043583,Jan-12,A,0,0
90319,2004/8/19,2025/12/31,02079K30,38259P50,Q,GOOGLE INC; COM A; CONS,CORP,EQTY,NS,Y,GOOG,45483,7375,519130,TECH,GOOGLE INC,201202,2012/2/29,618.25,159484388.3,580.11,149645755.7,0.065746,0.065746,51208078,257961,0.041225,0.040589,Feb-12,A,0,0
90319,2004/8/19,2025/12/31,02079K30,38259P50,Q,GOOGLE INC; COM A; CONS,CORP,EQTY,NS,Y,GOOG,45483,7375,519130,TECH,GOOGLE INC,201203,2012/3/30,641.24,166403062.5,618.25,159484388.3,0.037186,0.037186,51497533,259502,0.02402,0.031332,Mar-12,A,0,0
90319,2004/8/19,2025/12/31,02079K30,38259P50,Q,GOOGLE INC; COM A; CONS,CORP,EQTY,NS,Y,GOOG,45483,7375,519130,TECH,GOOGLE INC,201204,2012/4/30,604.85,157248298.2,641.24,166403062.5,-0.056749,-0.056749,64430572,259979,-0.006829,-0.007497,Apr-12,A,0,0
90319,2004/8/19,2025/12/31,02079K30,38259P50,Q,GOOGLE INC; COM A; CONS,CORP,EQTY,NS,Y,GOOG,45483,7375,519130,TECH,GOOGLE INC,201205,2012/5/31,580.86,151011401.9,604.85,157248298.2,-0.039663,-0.039663,63373699,259979,-0.06559,-0.062651,May-12,A,0,0
90319,2004/8/19,2025/12/31,02079K30,38259P50,Q,GOOGLE INC; COM A; CONS,CORP,EQTY,NS,Y,GOOG,45483,7375,519130,TECH,GOOGLE INC,201206,2012/6/29,580.07,151737030.9,580.86,151011401.9,-0.00136,-0.00136,50360069,261584,0.038151,0.039555,Jun-12,A,0,0
90319,2004/8/19,2025/12/31,02079K30,38259P50,Q,GOOGLE INC; COM A; CONS,CORP,EQTY,NS,Y,GOOG,45483,7375,519130,TECH,GOOGLE INC,201207,2012/7/31,632.97,165820416.8,580.07,151737030.9,0.091196,0.091196,55783145,261972,0.010307,0.012598,Jul-12,A,0,0
90319,2004/8/19,2025/12/31,02079K30,38259P50,Q,GOOGLE INC; COM A; CONS,CORP,EQTY,NS,Y,GOOG,45483,7375,519130,TECH,GOOGLE INC,201208,2012/8/31,685.09,179474397.5,632.97,165820416.8,0.082342,0.082342,50752180,261972,0.026317,0.019763,Aug-12,A,0,0
90319,2004/8/19,2025/12/31,02079K30,38259P50,Q,GOOGLE INC; COM A; CONS,CORP,EQTY,NS,Y,GOOG,45483,7375,519130,TECH,GOOGLE INC,201209,2012/9/28,754.5,199576567.5,685.09,179474397.5,0.101315,0.101315,64795401,264515,0.026513,0.024236,Sep-12,A,0,0
90319,2004/8/19,2025/12/31,02079K30,38259P50,Q,GOOGLE INC; COM A; CONS,CORP,EQTY,NS,Y,GOOG,45483,7375,519130,TECH,GOOGLE INC,201210,2012/10/31,680.2976,180249611.2,754.5,199576567.5,-0.098346,-0.098346,76786547,264957,-0.014055,-0.019789,Oct-12,A,0,0
90319,2004/8/19,2025/12/31,02079K30,38259P50,Q,GOOGLE INC; COM A; CONS,CORP,EQTY,NS,Y,GOOG,45483,7375,519130,TECH,GOOGLE INC,201211,2012/11/30,698.37,185038020.1,680.2976,180249611.2,0.026565,0.026565,47468668,264957,0.006217,0.002847,Nov-12,A,0,0
90319,2004/8/19,2025/12/31,02079K30,38259P50,Q,GOOGLE INC; COM A; CONS,CORP,EQTY,NS,Y,GOOG,45483,7375,519130,TECH,GOOGLE INC,201212,2012/12/31,707.38,189187366.2,698.37,185038020.1,0.012901,0.012901,44403044,267448,0.012569,0.007068,Dec-12,A,0,0
90319,2004/8/19,2025/12/31,02079K30,38259P50,Q,GOOGLE INC; COM A; CONS,CORP,EQTY,NS,Y,GOOG,45483,7375,519130,TECH,GOOGLE INC,201301,2013/1/31,755.69,202147075,707.38,189187366.2,0.068294,0.068294,56719315,267500,0.054142,0.050428,Jan-13,A,0,0
90319,2004/8/19,2025/12/31,02079K30,38259P50,Q,GOOGLE INC; COM A; CONS,CORP,EQTY,NS,Y,GOOG,45483,7375,519130,TECH,GOOGLE INC,201302,2013/2/28,801.2,214321000,755.69,202147075,0.060223,0.060223,50175943,267500,0.008282,0.011061,Feb-13,A,0,0
90319,2004/8/19,2025/12/31,02079K30,38259P50,Q,GOOGLE INC; COM A; CONS,CORP,EQTY,NS,Y,GOOG,45483,7375,519130,TECH,GOOGLE INC,201303,2013/3/28,794.188,214561801,801.2,214321000,-0.008752,-0.008752,46466984,270165,0.035295,0.035988,Mar-13,A,0,0
90319,2004/8/19,2025/12/31,02079K30,38259P50,Q,GOOGLE INC; COM A; CONS,CORP,EQTY,NS,Y,GOOG,45483,7375,519130,TECH,GOOGLE INC,201304,2013/4/30,824.57,223559892.1,794.188,214561801,0.038255,0.038255,58149281,271123,0.014939,0.018086,Apr-13,A,0,0
90319,2004/8/19,2025/12/31,02079K30,38259P50,Q,GOOGLE INC; COM A; CONS,CORP,EQTY,NS,Y,GOOG,45483,7375,519130,TECH,GOOGLE INC,201305,2013/5/31,871.218,236207237.8,824.57,223559892.1,0.056573,0.056573,53640595,271123,0.019128,0.020763,May-13,A,0,0
90319,2004/8/19,2025/12/31,02079K30,38259P50,Q,GOOGLE INC; COM A; CONS,CORP,EQTY,NS,Y,GOOG,45483,7375,519130,TECH,GOOGLE INC,201306,2013/6/28,880.37,241166797.1,871.218,236207237.8,0.010505,0.010505,52262385,273938,-0.015072,-0.014999,Jun-13,A,0,0
90319,2004/8/19,2025/12/31,02079K30,38259P50,Q,GOOGLE INC; COM A; CONS,CORP,EQTY,NS,Y,GOOG,45483,7375,519130,TECH,GOOGLE INC,201307,2013/7/31,887.75,243188459.5,880.37,241166797.1,0.008383,0.008383,54929441,273938,0.052658,0.049462,Jul-13,A,0,0
90319,2004/8/19,2025/12/31,02079K30,38259P50,Q,GOOGLE INC; COM A; CONS,CORP,EQTY,NS,Y,GOOG,45483,7375,519130,TECH,GOOGLE INC,201308,2013/8/30,846.9,231998092.2,887.75,243188459.5,-0.046015,-0.046015,36598002,273938,-0.02575,-0.031298,Aug-13,A,0,0
90319,2004/8/19,2025/12/31,02079K30,38259P50,Q,GOOGLE INC; COM A; CONS,CORP,EQTY,NS,Y,GOOG,45483,7375,519130,TECH,GOOGLE INC,201309,2013/9/30,875.91,242347654.7,846.9,231998092.2,0.034254,0.034254,36164845,276681,0.037497,0.02975,Sep-13,A,0,0
90319,2004/8/19,2025/12/31,02079K30,38259P50,Q,GOOGLE INC; COM A; CONS,CORP,EQTY,NS,Y,GOOG,45483,7375,519130,TECH,GOOGLE INC,201310,2013/10/31,1030.58,285184158.8,875.91,242347654.7,0.176582,0.176582,60509014,276722,0.039888,0.044596,Oct-13,A,0,0
90319,2004/8/19,2025/12/31,02079K30,38259P50,Q,GOOGLE INC; COM A; CONS,CORP,EQTY,NS,Y,GOOG,45483,7375,519130,TECH,GOOGLE INC,201311,2013/11/29,1059.59,293211864,1030.58,285184158.8,0.028149,0.028149,29238387,276722,0.024956,0.028049,Nov-13,A,0,0
90319,2004/8/19,2025/12/31,02079K30,38259P50,Q,GOOGLE INC; COM A; CONS,CORP,EQTY,NS,Y,GOOG,45483,7375,519130,TECH,GOOGLE INC,201312,2013/12/31,1120.71,313042320.8,1059.59,293211864,0.057683,0.057683,34399848,279325,0.02614,0.023563,Dec-13,A,0,0
90319,2004/8/19,2025/12/31,02079K30,38259P50,Q,GOOGLE INC; COM A; CONS,CORP,EQTY,NS,Y,GOOG,45483,7375,519130,TECH,GOOGLE INC,201401,2014/1/31,1180.97,330533426.5,1120.71,313042320.8,0.053769,0.053769,54446222,279883,-0.03002,-0.035583,Jan-14,A,0,0
90319,2004/8/19,2025/12/31,02079K30,38259P50,Q,GOOGLE INC; COM A; CONS,CORP,EQTY,NS,Y,GOOG,45483,7375,519130,TECH,GOOGLE INC,201402,2014/2/28,1215.65,340239769,1180.97,330533426.5,0.029366,0.029366,40645835,279883,0.046198,0.043117,Feb-14,A,0,0
90319,2004/8/19,2025/12/31,02079K30,38259P50,Q,GOOGLE INC; COM A; CONS,CORP,EQTY,NS,Y,GOOG,45483,7375,519130,TECH,GOOGLE INC,201403,2014/3/31,1114.51,313798092.1,1215.65,340239769,-0.083198,-0.083198,43717768,281557,0.00454,0.006932,Mar-14,A,0,0
90319,2004/8/19,2025/12/31,02079K30,38259P50,Q,GOOGLE INC; COM A; CONS,CORP,EQTY,NS,Y,GOOGL,45483,7375,519130,TECH,GOOGLE INC,201404,2014/4/30,534.88,150658579.8,1114.51,313798092.1,-0.04164,-0.04164,66856206,281668,0.001573,0.006201,Apr-14,A,0,0
90319,2004/8/19,2025/12/31,02079K30,38259P50,Q,GOOGLE INC; COM A; CONS,CORP,EQTY,NS,Y,GOOGL,45483,7375,519130,TECH,GOOGLE INC,201405,2014/5/30,571.65,161015512.2,534.88,150658579.8,0.068744,0.068744,41481822,281668,0.020254,0.02103,May-14,A,0,0
90319,2004/8/19,2025/12/31,02079K30,38259P50,Q,GOOGLE INC; COM A; CONS,CORP,EQTY,NS,Y,GOOGL,45483,7375,519130,TECH,GOOGLE INC,201406,2014/6/30,584.67,163312947.8,571.65,161015512.2,0.022776,0.022776,39552445,279325,0.027973,0.019058,Jun-14,A,0,0
90319,2004/8/19,2025/12/31,02079K30,38259P50,Q,GOOGLE INC; COM A; CONS,CORP,EQTY,NS,Y,GOOGL,45483,7375,519130,TECH,GOOGLE INC,201407,2014/7/31,579.55,164218969.8,584.67,163312947.8,-0.008757,-0.008757,38630250,283356,-0.020555,-0.01508,Jul-14,A,0,0
90319,2004/8/19,2025/12/31,02079K30,38259P50,Q,GOOGLE INC; COM A; CONS,CORP,EQTY,NS,Y,GOOGL,45483,7375,519130,TECH,GOOGLE INC,201408,2014/8/29,582.36,165015200.2,579.55,164218969.8,0.004849,0.004849,29133741,283356,0.040205,0.037655,Aug-14,A,0,0
90319,2004/8/19,2025/12/31,02079K30,38259P50,Q,GOOGLE INC; COM A; CONS,CORP,EQTY,NS,Y,GOOGL,45483,7375,519130,TECH,GOOGLE INC,201409,2014/9/30,588.41,167505028.3,582.36,165015200.2,0.010389,0.010389,35465905,284674,-0.025196,-0.015514,Sep-14,A,0,0
90319,2004/8/19,2025/12/31,02079K30,38259P50,Q,GOOGLE INC; COM A; CONS,CORP,EQTY,NS,Y,GOOGL,45483,7375,519130,TECH,GOOGLE INC,201410,2014/10/31,567.87,161738461.9,588.41,167505028.3,-0.034908,-0.034908,55509756,284816,0.021164,0.023201,Oct-14,A,0,0
90319,2004/8/19,2025/12/31,02079K30,38259P50,Q,GOOGLE INC; COM A; CONS,CORP,EQTY,NS,Y,GOOGL,45483,7375,519130,TECH,GOOGLE INC,201411,2014/11/28,549.08,156386769.3,567.87,161738461.9,-0.033089,-0.033089,29781317,284816,0.021104,0.024534,Nov-14,A,0,0
90319,2004/8/19,2025/12/31,02079K30,38259P50,Q,GOOGLE INC; COM A; CONS,CORP,EQTY,NS,Y,GOOGL,45483,7375,519130,TECH,GOOGLE INC,201412,2014/12/31,530.66,152065929.6,549.08,156386769.3,-0.033547,-0.033547,54564129,286560,-0.003659,-0.004189,Dec-14,A,0,0
90319,2004/8/19,2025/12/31,02079K30,38259P50,Q,GOOGLE INC; COM A; CONS,CORP,EQTY,NS,Y,GOOGL,45483,7375,519130,TECH,GOOGLE INC,201501,2015/1/30,537.55,154243521.9,530.66,152065929.6,0.012984,0.012984,52885833,286938,-0.027163,-0.031041,Jan-15,A,0,0
90319,2004/8/19,2025/12/31,02079K30,38259P50,Q,GOOGLE INC; COM A; CONS,CORP,EQTY,NS,Y,GOOGL,45483,7375,519130,TECH,GOOGLE INC,201502,2015/2/27,562.63,161439926.9,537.55,154243521.9,0.046656,0.046656,40427226,286938,0.055915,0.054893,Feb-15,A,0,0
90319,2004/8/19,2025/12/31,02079K30,38259P50,Q,GOOGLE INC; COM A; CONS,CORP,EQTY,NS,Y,GOOGL,45483,7375,519130,TECH,GOOGLE INC,201503,2015/3/31,554.7,159863430.6,562.63,161439926.9,-0.014095,-0.014095,43209266,288198,-0.010397,-0.017396,Mar-15,A,0,0
90319,2004/8/19,2025/12/31,02079K30,38259P50,Q,GOOGLE INC; COM A; CONS,CORP,EQTY,NS,Y,GOOGL,45483,7375,519190,TECH,GOOGLE INC,201504,2015/4/30,548.77,158191184.1,554.7,159863430.6,-0.01069,-0.01069,43853542,288265,0.008766,0.008521,Apr-15,A,0,0
90319,2004/8/19,2025/12/31,02079K30,38259P50,Q,GOOGLE INC; COM A; CONS,CORP,EQTY,NS,Y,GOOGL,45483,7375,519190,TECH,GOOGLE INC,201505,2015/5/29,545.32,157196669.8,548.77,158191184.1,-0.006287,-0.006287,32422947,288265,0.010277,0.010491,May-15,A,0,0
90319,2004/8/19,2025/12/31,02079K30,38259P50,Q,GOOGLE INC; COM A; CONS,CORP,EQTY,NS,Y,GOOGL,45483,7375,519190,TECH,GOOGLE INC,201506,2015/6/30,540.04,156521953.4,545.32,157196669.8,-0.009682,-0.009682,35418311,289834,-0.019231,-0.021012,Jun-15,A,0,0
90319,2004/8/19,2025/12/31,02079K30,38259P50,Q,GOOGLE INC; COM A; CONS,CORP,EQTY,NS,Y,GOOGL,45483,7375,519190,TECH,GOOGLE INC,201507,2015/7/31,657.5,190600045,540.04,156521953.4,0.217502,0.217502,68560097,289886,0.012108,0.019742,Jul-15,A,0,0
90319,2004/8/19,2025/12/31,02079K30,38259P50,Q,GOOGLE INC; COM A; CONS,CORP,EQTY,NS,Y,GOOGL,45483,7375,519190,TECH,GOOGLE INC,201508,2015/8/31,647.82,187793948.5,657.5,190600045,-0.014722,-0.014722,55358976,289886,-0.059926,-0.062581,Aug-15,A,0,0
90319,2004/8/19,2025/12/31,02079K30,38259P50,Q,GOOGLE INC; COM A; CONS,CORP,EQTY,NS,Y,GOOGL,45483,7375,519190,TECH,GOOGLE INC,201509,2015/9/30,638.37,185902281.2,647.82,187793948.5,-0.014587,-0.014587,43638457,291214,-0.033756,-0.026443,Sep-15,A,0,0
90319,2004/8/19,2025/12/31,02079K30,02079K30,Q,ALPHABET INC; COM A; CONS,CORP,EQTY,NS,Y,GOOGL,45483,7375,519190,TECH,ALPHABET INC,201510,2015/10/30,737.39,214822353.9,638.37,185902281.2,0.155114,0.155114,50346731,291328,0.073937,0.082983,Oct-15,A,0,0
90319,2004/8/19,2025/12/31,02079K30,02079K30,Q,ALPHABET INC; COM A; CONS,CORP,EQTY,NS,Y,GOOGL,45483,7375,519190,TECH,ALPHABET INC,201511,2015/11/30,762.85,222239564.8,737.39,214822353.9,0.034527,0.034527,37577969,291328,0.002404,0.000505,Nov-15,A,0,0
90319,2004/8/19,2025/12/31,02079K30,02079K30,Q,ALPHABET INC; COM A; CONS,CORP,EQTY,NS,Y,GOOGL,45483,7375,519190,TECH,ALPHABET INC,201512,2015/12/31,778.01,227630943.8,762.85,222239564.8,0.019873,0.019873,43706071,292581,-0.022209,-0.01753,Dec-15,A,0,0
90319,2004/8/19,2025/12/31,02079K30,02079K30,Q,ALPHABET INC; COM A; CONS,CORP,EQTY,NS,Y,GOOGL,45483,7375,519190,TECH,ALPHABET INC,201601,2016/1/29,761.35,222756544.4,778.01,227630943.8,-0.021414,-0.021414,52081789,292581,-0.057085,-0.050735,Jan-16,A,1,1
90319,2004/8/19,2025/12/31,02079K30,02079K30,Q,ALPHABET INC; COM A; CONS,CORP,EQTY,NS,Y,GOOGL,45483,7375,519190,TECH,ALPHABET INC,201602,2016/2/29,717.22,209848530.9,761.35,222756544.4,-0.057963,-0.057963,67657510,292586,0.00062,-0.004128,Feb-16,A,0,0
90319,2004/8/19,2025/12/31,02079K30,02079K30,Q,ALPHABET INC; COM A; CONS,CORP,EQTY,NS,Y,GOOGL,45483,7375,519190,TECH,ALPHABET INC,201603,2016/3/31,762.9,223966841.7,717.22,209848530.9,0.06369,0.06369,42687289,293573,0.070491,0.065991,Mar-16,A,0,0
90319,2004/8/19,2025/12/31,02079K30,02079K30,Q,ALPHABET INC; COM A; CONS,CORP,EQTY,NS,Y,GOOGL,45483,7375,519190,TECH,ALPHABET INC,201604,2016/4/29,707.88,207886659,762.9,223966841.7,-0.07212,-0.07212,46703934,293675,0.011718,0.002699,Apr-16,A,0,0
90319,2004/8/19,2025/12/31,02079K30,02079K30,Q,ALPHABET INC; COM A; CONS,CORP,EQTY,NS,Y,GOOGL,45483,7375,519190,TECH,ALPHABET INC,201605,2016/5/31,748.85,219918523.8,707.88,207886659,0.057877,0.057877,34108371,293675,0.01434,0.015329,May-16,A,0,0
90319,2004/8/19,2025/12/31,02079K30,02079K30,Q,ALPHABET INC; COM A; CONS,CORP,EQTY,NS,Y,GOOGL,45483,7375,519190,TECH,ALPHABET INC,201606,2016/6/30,703.53,207320441.6,748.85,219918523.8,-0.060519,-0.060519,42004475,294686,0.002947,0.000906,Jun-16,A,0,0
90319,2004/8/19,2025/12/31,02079K30,02079K30,Q,ALPHABET INC; COM A; CONS,CORP,EQTY,NS,Y,GOOGL,45483,7375,519190,TECH,ALPHABET INC,201607,2016/7/29,791.34,233321851,703.53,207320441.6,0.124813,0.124813,32667556,294844,0.038815,0.03561,Jul-16,A,0,0
90319,2004/8/19,2025/12/31,02079K30,02079K30,Q,ALPHABET INC; COM A; CONS,CORP,EQTY,NS,Y,GOOGL,45483,7375,519190,TECH,ALPHABET INC,201608,2016/8/31,789.85,232882533.4,791.34,233321851,-0.001883,-0.001883,28857085,294844,0.0028,-0.001219,Aug-16,A,0,0
90319,2004/8/19,2025/12/31,02079K30,02079K30,Q,ALPHABET INC; COM A; CONS,CORP,EQTY,NS,Y,GOOGL,45483,7375,519190,TECH,ALPHABET INC,201609,2016/9/30,804.06,237997739.7,789.85,232882533.4,0.017991,0.017991,31582547,295995,0.003013,-0.001234,Sep-16,A,0,0
90319,2004/8/19,2025/12/31,02079K30,02079K30,Q,ALPHABET INC; COM A; CONS,CORP,EQTY,NS,Y,GOOGL,45483,7375,519190,TECH,ALPHABET INC,201610,2016/10/31,809.9,239800861.3,804.06,237997739.7,0.007263,0.007263,35394784,296087,-0.021544,-0.019426,Oct-16,A,0,0
90319,2004/8/19,2025/12/31,02079K30,02079K30,Q,ALPHABET INC; COM A; CONS,CORP,EQTY,NS,Y,GOOGL,45483,7375,519190,TECH,ALPHABET INC,201611,2016/11/30,775.88,229727981.6,809.9,239800861.3,-0.042005,-0.042005,48354429,296087,0.040488,0.034175,Nov-16,A,0,0
90319,2004/8/19,2025/12/31,02079K30,02079K30,Q,ALPHABET INC; COM A; CONS,CORP,EQTY,NS,Y,GOOGL,45483,7375,519190,TECH,ALPHABET INC,201612,2016/12/30,792.45,235351310.4,775.88,229727981.6,0.021356,0.021356,34357194,296992,0.018763,0.018201,Dec-16,A,1,0
90319,2004/8/19,2025/12/31,02079K30,02079K30,Q,ALPHABET INC; COM A; CONS,CORP,EQTY,NS,Y,GOOGL,45483,7375,519190,TECH,ALPHABET INC,201701,2017/1/31,820.19,243693212.4,792.45,235351310.4,0.035005,0.035005,36841542,297118,0.022153,0.017884,Jan-17,A,7,6
90319,2004/8/19,2025/12/31,02079K30,02079K30,Q,ALPHABET INC; COM A; CONS,CORP,EQTY,NS,Y,GOOGL,45483,7375,519190,TECH,ALPHABET INC,201702,2017/2/28,844.93,251043911.7,820.19,243693212.4,0.030164,0.030164,26492796,297118,0.032598,0.037198,Feb-17,A,15,15
90319,2004/8/19,2025/12/31,02079K30,02079K30,Q,ALPHABET INC; COM A; CONS,CORP,EQTY,NS,Y,GOOGL,45483,7375,519190,TECH,ALPHABET INC,201703,2017/3/31,847.8,252305280,844.93,251043911.7,0.003397,0.003397,34553669,297600,0.002062,-0.000389,Mar-17,A,26,26
90319,2004/8/19,2025/12/31,02079K30,02079K30,Q,ALPHABET INC; COM A; CONS,CORP,EQTY,NS,Y,GOOGL,45483,7375,519190,TECH,ALPHABET INC,201704,2017/4/28,924.52,275163963.1,847.8,252305280,0.090493,0.090493,28728221,297629,0.009655,0.009091,Apr-17,A,13,13
90319,2004/8/19,2025/12/31,02079K30,02079K30,Q,ALPHABET INC; COM A; CONS,CORP,EQTY,NS,Y,GOOGL,45483,7375,519190,TECH,ALPHABET INC,201705,2017/5/31,987.09,293786609.6,924.52,275163963.1,0.067678,0.067678,35373542,297629,0.009335,0.011576,May-17,A,9,9
90319,2004/8/19,2025/12/31,02079K30,02079K30,Q,ALPHABET INC; COM A; CONS,CORP,EQTY,NS,Y,GOOGL,45483,7375,519190,TECH,ALPHABET INC,201706,2017/6/30,929.68,277084616.2,987.09,293786609.6,-0.058161,-0.058161,44185229,298043,0.009571,0.004814,Jun-17,A,10,10
90319,2004/8/19,2025/12/31,02079K30,02079K30,Q,ALPHABET INC; COM A; CONS,CORP,EQTY,NS,Y,GOOGL,45483,7375,519190,TECH,ALPHABET INC,201707,2017/7/31,945.5,281801547.5,929.68,277084616.2,0.017017,0.017017,41927079,298045,0.020277,0.019349,Jul-17,A,12,12
90319,2004/8/19,2025/12/31,02079K30,02079K30,Q,ALPHABET INC; COM A; CONS,CORP,EQTY,NS,Y,GOOGL,45483,7375,519190,TECH,ALPHABET INC,201708,2017/8/31,955.24,284704505.8,945.5,281801547.5,0.010301,0.010301,32822141,298045,0.0016,0.000546,Aug-17,A,7,6
90319,2004/8/19,2025/12/31,02079K30,02079K30,Q,ALPHABET INC; COM A; CONS,CORP,EQTY,NS,Y,GOOGL,45483,7375,519190,TECH,ALPHABET INC,201709,2017/9/29,973.72,290424648.4,955.24,284704505.8,0.019346,0.019346,29641873,298263,0.023729,0.019303,Sep-17,A,3,2
90319,2004/8/19,2025/12/31,02079K30,02079K30,Q,ALPHABET INC; COM A; CONS,CORP,EQTY,NS,Y,GOOGL,45483,7375,519190,TECH,ALPHABET INC,201710,2017/10/31,1033.04,308134138.2,973.72,290424648.4,0.060921,0.060921,36958370,298279,0.019275,0.022188,Oct-17,A,21,21
90319,2004/8/19,2025/12/31,02079K30,02079K30,Q,ALPHABET INC; COM A; CONS,CORP,EQTY,NS,Y,GOOGL,45483,7375,519190,TECH,ALPHABET INC,201711,2017/11/30,1036.17,309067751.4,1033.04,308134138.2,0.00303,0.00303,28789534,298279,0.027231,0.028083,Nov-17,A,27,26
90319,2004/8/19,2025/12/31,02079K30,02079K30,Q,ALPHABET INC; COM A; CONS,CORP,EQTY,NS,Y,GOOGL,45483,7375,519190,TECH,ALPHABET INC,201712,2017/12/29,1053.4,314408298,1036.17,309067751.4,0.016629,0.016629,29965360,298470,0.012122,0.009832,Dec-17,A,11,11
90319,2004/8/19,2025/12/31,02079K30,02079K30,Q,ALPHABET INC; COM A; CONS,CORP,EQTY,NS,Y,GOOGL,45483,7375,519190,TECH,ALPHABET INC,201801,2018/1/31,1182.22,352884394.5,1053.4,314408298,0.12229,0.12229,32990764,298493,0.050577,0.056179,Jan-18,A,6,6
90319,2004/8/19,2025/12/31,02079K30,02079K30,Q,ALPHABET INC; COM A; CONS,CORP,EQTY,NS,Y,GOOGL,45483,7375,334419,TECH,ALPHABET INC,201802,2018/2/28,1103.92,329512392.6,1182.22,352884394.5,-0.066231,-0.066231,51342438,298493,-0.039454,-0.038947,Feb-18,A,26,26
90319,2004/8/19,2025/12/31,02079K30,02079K30,Q,ALPHABET INC; COM A; CONS,CORP,EQTY,NS,Y,GOOGL,45483,7375,334419,TECH,ALPHABET INC,201803,2018/3/29,1037.14,309743935.3,1103.92,329512392.6,-0.060494,-0.060494,52133715,298652,-0.018421,-0.026884,Mar-18,A,15,15
90319,2004/8/19,2025/12/31,02079K30,02079K30,Q,ALPHABET INC; COM A; CONS,CORP,EQTY,NS,Y,GOOGL,45483,7375,334419,TECH,ALPHABET INC,201804,2018/4/30,1018.58,304205028.5,1037.14,309743935.3,-0.017895,-0.017895,49268969,298656,0.004679,0.002719,Apr-18,A,20,19
90319,2004/8/19,2025/12/31,02079K30,02079K30,Q,ALPHABET INC; COM A; CONS,CORP,EQTY,NS,Y,GOOGL,45483,7375,334419,TECH,ALPHABET INC,201805,2018/5/31,1100,328521600,1018.58,304205028.5,0.079935,0.079935,37060369,298656,0.026146,0.021608,May-18,A,23,23
90319,2004/8/19,2025/12/31,02079K30,02079K30,Q,ALPHABET INC; COM A; CONS,CORP,EQTY,NS,Y,GOOGL,45483,7375,334419,TECH,ALPHABET INC,201806,2018/6/29,1129.19,337509245.1,1100,328521600,0.026536,0.026536,40210309,298895,0.005359,0.004842,Jun-18,A,41,41
90319,2004/8/19,2025/12/31,02079K30,02079K30,Q,ALPHABET INC; COM A; CONS,CORP,EQTY,NS,Y,GOOGL,45483,7375,334419,TECH,ALPHABET INC,201807,2018/7/31,1227.22,366833239.1,1129.19,337509245.1,0.086814,0.086814,41734336,298914,0.031573,0.036022,Jul-18,A,28,27
90319,2004/8/19,2025/12/31,02079K30,02079K30,Q,ALPHABET INC; COM A; CONS,CORP,EQTY,NS,Y,GOOGL,45483,7375,334419,TECH,ALPHABET INC,201808,2018/8/31,1231.8,368202265.2,1227.22,366833239.1,0.003732,0.003732,34301612,298914,0.030226,0.030263,Aug-18,A,21,19
90319,2004/8/19,2025/12/31,02079K30,02079K30,Q,ALPHABET INC; COM A; CONS,CORP,EQTY,NS,Y,GOOGL,45483,7375,334419,TECH,ALPHABET INC,201809,2018/9/28,1207.08,360277167.6,1231.8,368202265.2,-0.020068,-0.020068,35942853,298470,0.000425,0.004294,Sep-18,A,23,23
90319,2004/8/19,2025/12/31,02079K30,02079K30,Q,ALPHABET INC; COM A; CONS,CORP,EQTY,NS,Y,GOOGL,45483,7375,334419,TECH,ALPHABET INC,201810,2018/10/31,1090.58,326051793.2,1207.08,360277167.6,-0.096514,-0.096514,56549776,298971,-0.074045,-0.069403,Oct-18,A,55,54
90319,2004/8/19,2025/12/31,02079K30,02079K30,Q,ALPHABET INC; COM A; CONS,CORP,EQTY,NS,Y,GOOGL,45483,7375,334419,TECH,ALPHABET INC,201811,2018/11/30,1109.65,331753170.2,1090.58,326051793.2,0.017486,0.017486,39302123,298971,0.018512,0.017859,Nov-18,A,40,37
90319,2004/8/19,2025/12/31,02079K30,02079K30,Q,ALPHABET INC; COM A; CONS,CORP,EQTY,NS,Y,GOOGL,45483,7375,334419,TECH,ALPHABET INC,201812,2018/12/31,1044.96,312695920.3,1109.65,331753170.2,-0.058298,-0.058298,42867002,299242,-0.08989,-0.091777,Dec-18,A,24,22
90319,2004/8/19,2025/12/31,02079K30,02079K30,Q,ALPHABET INC; COM A; CONS,CORP,EQTY,NS,Y,GOOGL,45483,7375,334419,TECH,ALPHABET INC,201901,2019/1/31,1125.89,337046430.4,1044.96,312695920.3,0.077448,0.077448,34857462,299360,0.088294,0.078684,Jan-19,A,58,50
90319,2004/8/19,2025/12/31,02079K30,02079K30,Q,ALPHABET INC; COM A; CONS,CORP,EQTY,NS,Y,GOOGL,45483,7375,334419,TECH,ALPHABET INC,201902,2019/2/28,1126.55,337244008,1125.89,337046430.4,0.000586,0.000586,32717709,299360,0.032724,0.029729,Feb-19,A,51,51
90319,2004/8/19,2025/12/31,02079K30,02079K30,Q,ALPHABET INC; COM A; CONS,CORP,EQTY,NS,Y,GOOGL,45483,7375,334419,TECH,ALPHABET INC,201903,2019/3/29,1176.89,352412649.2,1126.55,337244008,0.044685,0.044685,33183993,299444,0.012962,0.017924,Mar-19,A,35,34
90319,2004/8/19,2025/12/31,02079K30,02079K30,Q,ALPHABET INC; COM A; CONS,CORP,EQTY,NS,Y,GOOGL,45483,7375,334419,TECH,ALPHABET INC,201904,2019/4/30,1198.96,359011786.6,1176.89,352412649.2,0.018753,0.018753,32373180,299436,0.037893,0.039313,Apr-19,A,38,36
90319,2004/8/19,2025/12/31,02079K30,02079K30,Q,ALPHABET INC; COM A; CONS,CORP,EQTY,NS,Y,GOOGL,45483,7375,334419,TECH,ALPHABET INC,201905,2019/5/31,1106.5,331325934,1198.96,359011786.6,-0.077117,-0.077117,37128306,299436,-0.061679,-0.065778,May-19,A,82,80
90319,2004/8/19,2025/12/31,02079K30,02079K30,Q,ALPHABET INC; COM A; CONS,CORP,EQTY,NS,Y,GOOGL,45483,7375,334419,TECH,ALPHABET INC,201906,2019/6/28,1082.8,324320256,1106.5,331325934,-0.021419,-0.021419,35667952,299520,0.067279,0.06893,Jun-19,A,100,100
90319,2004/8/19,2025/12/31,02079K30,02079K30,Q,ALPHABET INC; COM A; CONS,CORP,EQTY,NS,Y,GOOGL,45483,7375,334419,TECH,ALPHABET INC,201907,2019/7/31,1218.2,364889882.4,1082.8,324320256,0.125046,0.125046,35769673,299532,0.011854,0.013128,Jul-19,A,53,50
90319,2004/8/19,2025/12/31,02079K30,02079K30,Q,ALPHABET INC; COM A; CONS,CORP,EQTY,NS,Y,GOOGL,45483,7375,334419,TECH,ALPHABET INC,201908,2019/8/30,1190.53,356601832,1218.2,364889882.4,-0.022714,-0.022714,29330768,299532,-0.020339,-0.018092,Aug-19,A,27,26
90319,2004/8/19,2025/12/31,02079K30,02079K30,Q,ALPHABET INC; COM A; CONS,CORP,EQTY,NS,Y,GOOGL,45483,7375,334419,TECH,ALPHABET INC,201909,2019/9/30,1221.14,365882851.4,1190.53,356601832,0.025711,0.025711,26253850,299624,0.016033,0.017181,Sep-19,A,83,78
90319,2004/8/19,2025/12/31,02079K30,02079K30,Q,ALPHABET INC; COM A; CONS,CORP,EQTY,NS,Y,GOOGL,45483,7375,334419,TECH,ALPHABET INC,201910,2019/10/31,1258.8,377171726.4,1221.14,365882851.4,0.03084,0.03084,31158031,299628,0.019257,0.020432,Oct-19,A,82,82
90319,2004/8/19,2025/12/31,02079K30,02079K30,Q,ALPHABET INC; COM A; CONS,CORP,EQTY,NS,Y,GOOGL,45483,7375,334419,TECH,ALPHABET INC,201911,2019/11/29,1304.09,390741878.5,1258.8,377171726.4,0.035979,0.035979,26349909,299628,0.034999,0.034047,Nov-19,A,56,55
90319,2004/8/19,2025/12/31,02079K30,02079K30,Q,ALPHABET INC; COM A; CONS,CORP,EQTY,NS,Y,GOOGL,45483,7375,334419,TECH,ALPHABET INC,201912,2019/12/31,1339.39,401586624.9,1304.09,390741878.5,0.027069,0.027069,28305834,299828,0.028489,0.02859,Dec-19,A,65,65
90319,2004/8/19,2025/12/31,02079K30,02079K30,Q,ALPHABET INC; COM A; CONS,CORP,EQTY,NS,Y,GOOGL,45483,7375,334419,TECH,ALPHABET INC,202001,2020/1/31,1432.78,429683558.1,1339.39,401586624.9,0.069726,0.069726,33588507,299895,-0.001728,-0.001628,Jan-20,A,58,51
90319,2004/8/19,2025/12/31,02079K30,02079K30,Q,ALPHABET INC; COM A; CONS,CORP,EQTY,NS,Y,GOOGL,45483,7375,334419,TECH,ALPHABET INC,202002,2020/2/28,1339.25,401634378.8,1432.78,429683558.1,-0.065279,-0.065279,41659652,299895,-0.077918,-0.08411,Feb-20,A,102,101
90319,2004/8/19,2025/12/31,02079K30,02079K30,Q,ALPHABET INC; COM A; CONS,CORP,EQTY,NS,Y,GOOGL,45483,7375,334419,TECH,ALPHABET INC,202003,2020/3/31,1161.95,348639611.7,1339.25,401634378.8,-0.132388,-0.132388,78432443,300047,-0.141733,-0.125119,Mar-20,A,58,58
90319,2004/8/19,2025/12/31,02079K30,02079K30,Q,ALPHABET INC; COM A; CONS,CORP,EQTY,NS,Y,GOOGL,45483,7375,334419,TECH,ALPHABET INC,202004,2020/4/30,1346.7,404077335,1161.95,348639611.7,0.159,0.159,56377830,300050,0.129674,0.126844,Apr-20,A,69,68
90319,2004/8/19,2025/12/31,02079K30,02079K30,Q,ALPHABET INC; COM A; CONS,CORP,EQTY,NS,Y,GOOGL,45483,7375,334419,TECH,ALPHABET INC,202005,2020/5/29,1433.52,430127676,1346.7,404077335,0.064469,0.064469,36168434,300050,0.053739,0.045282,May-20,A,51,48
90319,2004/8/19,2025/12/31,02079K30,02079K30,Q,ALPHABET INC; COM A; CONS,CORP,EQTY,NS,Y,GOOGL,45483,7375,334419,TECH,ALPHABET INC,202006,2020/6/30,1418.05,425728389.1,1433.52,430127676,-0.010792,-0.010792,40595949,300221,0.025299,0.018388,Jun-20,A,139,134
90319,2004/8/19,2025/12/31,02079K30,02079K30,Q,ALPHABET INC; COM A; CONS,CORP,EQTY,NS,Y,GOOGL,45483,7375,334419,TECH,ALPHABET INC,202007,2020/7/31,1487.95,447085824.5,1418.05,425728389.1,0.049293,0.049293,40988640,300471,0.055532,0.055101,Jul-20,A,87,87
90319,2004/8/19,2025/12/31,02079K30,02079K30,Q,ALPHABET INC; COM A; CONS,CORP,EQTY,NS,Y,GOOGL,45483,7375,334419,TECH,ALPHABET INC,202008,2020/8/31,1629.53,489626508.6,1487.95,447085824.5,0.095151,0.095151,30640559,300471,0.068442,0.070065,Aug-20,A,47,47
90319,2004/8/19,2025/12/31,02079K30,02079K30,Q,ALPHABET INC; COM A; CONS,CORP,EQTY,NS,Y,GOOGL,45483,7375,334419,TECH,ALPHABET INC,202009,2020/9/30,1465.6,440619449.6,1629.53,489626508.6,-0.1006,-0.1006,41654377,300641,-0.035056,-0.039228,Sep-20,A,29,26
90319,2004/8/19,2025/12/31,02079K30,02079K30,Q,ALPHABET INC; COM A; CONS,CORP,EQTY,NS,Y,GOOGL,45483,7375,334419,TECH,ALPHABET INC,202010,2020/10/30,1616.11,485873774.8,1465.6,440619449.6,0.102695,0.102695,42568152,300644,-0.020178,-0.027666,Oct-20,A,147,144
90319,2004/8/19,2025/12/31,02079K30,02079K30,Q,ALPHABET INC; COM A; CONS,CORP,EQTY,NS,Y,GOOGL,45483,7375,334419,TECH,ALPHABET INC,202011,2020/11/30,1754.4,527449833.6,1616.11,485873774.8,0.08557,0.08557,31472311,300644,0.123707,0.107546,Nov-20,A,55,52
90319,2004/8/19,2025/12/31,02079K30,02079K30,Q,ALPHABET INC; COM A; CONS,CORP,EQTY,NS,Y,GOOGL,45483,7375,334419,TECH,ALPHABET INC,202012,2020/12/31,1752.64,527071427.2,1754.4,527449833.6,-0.001003,-0.001003,30312838,300730,0.045048,0.037121,Dec-20,A,54,53
90319,2004/8/19,2025/12/31,02079K30,02079K30,Q,ALPHABET INC; COM A; CONS,CORP,EQTY,NS,Y,GOOGL,45483,7375,334419,TECH,ALPHABET INC,202101,2021/1/29,1827.36,549554764.3,1752.64,527071427.2,0.042633,0.042633,39397084,300737,-0.000631,-0.011137,Jan-21,A,60,50
90319,2004/8/19,2025/12/31,02079K30,02079K30,Q,ALPHABET INC; COM A; CONS,CORP,EQTY,NS,Y,GOOGL,45483,7375,334419,TECH,ALPHABET INC,202102,2021/2/26,2021.91,608063147.7,1827.36,549554764.3,0.106465,0.106465,33768210,300737,0.029196,0.026091,Feb-21,A,86,83
90319,2004/8/19,2025/12/31,02079K30,02079K30,Q,ALPHABET INC; COM A; CONS,CORP,EQTY,NS,Y,GOOGL,45483,7375,334419,TECH,ALPHABET INC,202103,2021/3/31,2062.52,620296702.4,2021.91,608063147.7,0.020085,0.020085,37645195,300747,0.030573,0.042439,Mar-21,A,58,58
90319,2004/8/19,2025/12/31,02079K30,02079K30,Q,ALPHABET INC; COM A; CONS,CORP,EQTY,NS,Y,GOOGL,45483,7375,334419,TECH,ALPHABET INC,202104,2021/4/30,2353.5,707808064.5,2062.52,620296702.4,0.14108,0.14108,34968181,300747,0.04819,0.052425,Apr-21,A,55,54
90319,2004/8/19,2025/12/31,02079K30,02079K30,Q,ALPHABET INC; COM A; CONS,CORP,EQTY,NS,Y,GOOGL,45483,7375,334419,TECH,ALPHABET INC,202105,2021/5/28,2356.85,708815567,2353.5,707808064.5,0.001423,0.001423,30048474,300747,0.007092,0.005486,May-21,A,47,42
90319,2004/8/19,2025/12/31,02079K30,02079K30,Q,ALPHABET INC; COM A; CONS,CORP,EQTY,NS,Y,GOOGL,45483,7375,334419,TECH,ALPHABET INC,202106,2021/6/30,2441.79,735076461.6,2356.85,708815567,0.03604,0.03604,27140238,301040,0.023422,0.022214,Jun-21,A,107,103
90319,2004/8/19,2025/12/31,02079K30,02079K30,Q,ALPHABET INC; COM A; CONS,CORP,EQTY,NS,Y,GOOGL,45483,7375,334419,TECH,ALPHABET INC,202107,2021/7/30,2694.53,811282565.1,2441.79,735076461.6,0.103506,0.103506,30381253,301085,0.011828,0.022748,Jul-21,A,62,62
90319,2004/8/19,2025/12/31,02079K30,02079K30,Q,ALPHABET INC; COM A; CONS,CORP,EQTY,NS,Y,GOOGL,45483,7375,334419,TECH,ALPHABET INC,202108,2021/8/31,2893.95,871324935.8,2694.53,811282565.1,0.074009,0.074009,22959302,301085,0.027146,0.02899,Aug-21,A,29,23
90319,2004/8/19,2025/12/31,02079K30,02079K30,Q,ALPHABET INC; COM A; CONS,CORP,EQTY,NS,Y,GOOGL,45483,7375,334419,TECH,ALPHABET INC,202109,2021/9/30,2673.52,804197489.5,2893.95,871324935.8,-0.076169,-0.076169,29433453,300801,-0.042243,-0.047569,Sep-21,A,33,32
90319,2004/8/19,2025/12/31,02079K30,02079K30,Q,ALPHABET INC; COM A; CONS,CORP,EQTY,NS,Y,GOOGL,45483,7375,334419,TECH,ALPHABET INC,202110,2021/10/29,2960.92,890674345.2,2673.52,804197489.5,0.107499,0.107499,35838935,300810,0.064651,0.069144,Oct-21,A,60,57
90319,2004/8/19,2025/12/31,02079K30,02079K30,Q,ALPHABET INC; COM A; CONS,CORP,EQTY,NS,Y,GOOGL,45483,7375,334419,TECH,ALPHABET INC,202111,2021/11/30,2837.95,853683739.5,2960.92,890674345.2,-0.041531,-0.041531,30235384,300810,-0.018351,-0.008334,Nov-21,A,37,36
90319,2004/8/19,2025/12/31,02079K30,02079K30,Q,ALPHABET INC; COM A; CONS,CORP,EQTY,NS,Y,GOOGL,45483,7375,334419,TECH,ALPHABET INC,202112,2021/12/31,2897.04,871247118.5,2837.95,853683739.5,0.020821,0.020821,30861411,300737,0.033341,0.043613,Dec-21,A,20,15
90319,2004/8/19,2025/12/31,02079K30,02079K30,Q,ALPHABET INC; COM A; CONS,CORP,EQTY,NS,Y,GOOGL,45483,7375,334419,TECH,ALPHABET INC,202201,2022/1/31,2706.07,813864082.9,2897.04,871247118.5,-0.065919,-0.065919,38091595,300755,-0.059822,-0.052585,Jan-22,A,17,12
90319,2004/8/19,2025/12/31,02079K30,02079K30,Q,ALPHABET INC; COM A; CONS,CORP,EQTY,NS,Y,GOOGL,45483,7375,334419,TECH,ALPHABET INC,202202,2022/2/28,2701.14,812381360.7,2706.07,813864082.9,-0.001822,-0.001822,45965538,300755,-0.021838,-0.03136,Feb-22,A,8,6
90319,2004/8/19,2025/12/31,02079K30,02079K30,Q,ALPHABET INC; COM A; CONS,CORP,EQTY,NS,Y,GOOGL,45483,7375,334419,TECH,ALPHABET INC,202203,2022/3/31,2781.35,836527170.1,2701.14,812381360.7,0.029695,0.029695,36221015,300763,0.030506,0.035773,Mar-22,A,11,9
90319,2004/8/19,2025/12/31,02079K30,02079K30,Q,ALPHABET INC; COM A; CONS,CORP,EQTY,NS,Y,GOOGL,45483,7375,334419,TECH,ALPHABET INC,202204,2022/4/29,2282.19,686400593.2,2781.35,836527170.1,-0.179467,-0.179467,37804879,300764,-0.089387,-0.087957,Apr-22,A,8,8
90319,2004/8/19,2025/12/31,02079K30,02079K30,Q,ALPHABET INC; COM A; CONS,CORP,EQTY,NS,Y,GOOGL,45483,7375,334419,TECH,ALPHABET INC,202205,2022/5/31,2275.24,684310283.4,2282.19,686400593.2,-0.003045,-0.003045,42215835,300764,-0.002113,5.30E-05,May-22,A,2,1
90319,2004/8/19,2025/12/31,02079K30,02079K30,Q,ALPHABET INC; COM A; CONS,CORP,EQTY,NS,Y,GOOGL,45483,7375,334419,TECH,ALPHABET INC,202206,2022/6/30,2179.26,655442954.6,2275.24,684310283.4,-0.042185,-0.042185,38367619,300764,-0.083997,-0.08392,Jun-22,A,15,13
90319,2004/8/19,2025/12/31,02079K30,02079K30,Q,ALPHABET INC; COM A; CONS,CORP,EQTY,NS,Y,GOOGL,45483,7375,334419,TECH,ALPHABET INC,202207,2022/7/29,116.32,697454720,2179.26,655442954.6,0.067518,0.067518,427402913,5996000,0.090351,0.091116,Jul-22,A,18,13
90319,2004/8/19,2025/12/31,02079K30,02079K30,Q,ALPHABET INC; COM A; CONS,CORP,EQTY,NS,Y,GOOGL,45483,7375,334419,TECH,ALPHABET INC,202208,2022/8/31,108.22,648887120,116.32,697454720,-0.069635,-0.069635,515256184,5996000,-0.036233,-0.04244,Aug-22,A,4,4
90319,2004/8/19,2025/12/31,02079K30,02079K30,Q,ALPHABET INC; COM A; CONS,CORP,EQTY,NS,Y,GOOGL,45483,7375,334419,TECH,ALPHABET INC,202209,2022/9/30,95.65,571795700,108.22,648887120,-0.116152,-0.116152,612281620,5978000,-0.091323,-0.093396,Sep-22,A,5,2
90319,2004/8/19,2025/12/31,02079K30,02079K30,Q,ALPHABET INC; COM A; CONS,CORP,EQTY,NS,Y,GOOGL,45483,7375,334419,TECH,ALPHABET INC,202210,2022/10/31,94.51,564508230,95.65,571795700,-0.011918,-0.011918,680671709,5973000,0.077394,0.079863,Oct-22,A,4,2
90319,2004/8/19,2025/12/31,02079K30,02079K30,Q,ALPHABET INC; COM A; CONS,CORP,EQTY,NS,Y,GOOGL,45483,7375,334419,TECH,ALPHABET INC,202211,2022/11/30,100.99,603213270,94.51,564508230,0.068564,0.068564,715799810,5973000,0.052354,0.053753,Nov-22,A,5,5
90319,2004/8/19,2025/12/31,02079K30,02079K30,Q,ALPHABET INC; COM A; CONS,CORP,EQTY,NS,Y,GOOGL,45483,7375,334419,TECH,ALPHABET INC,202212,2022/12/30,88.23,525497880,100.99,603213270,-0.126349,-0.126349,601850183,5956000,-0.05712,-0.058971,Dec-22,A,4,3
90319,2004/8/19,2025/12/31,02079K30,02079K30,Q,ALPHABET INC; COM A; CONS,CORP,EQTY,NS,Y,GOOGL,45483,7375,334419,TECH,ALPHABET INC,202301,2023/1/31,98.84,588691040,88.23,525497880,0.120254,0.120254,672175847,5956000,0.071823,0.061753,Jan-23,A,17,11
90319,2004/8/19,2025/12/31,02079K30,02079K30,Q,ALPHABET INC; COM A; CONS,CORP,EQTY,NS,Y,GOOGL,45483,7375,334419,TECH,ALPHABET INC,202302,2023/2/28,90.06,536397360,98.84,588691040,-0.08883,-0.08883,950730433,5956000,-0.024666,-0.026112,Feb-23,A,7,7
90319,2004/8/19,2025/12/31,02079K30,02079K30,Q,ALPHABET INC; COM A; CONS,CORP,EQTY,NS,Y,GOOGL,45483,7375,334419,TECH,ALPHABET INC,202303,2023/3/31,103.73,616467390,90.06,536397360,0.151788,0.151788,857839444,5943000,0.02395,0.035052,Mar-23,A,3,2
90319,2004/8/19,2025/12/31,02079K30,02079K30,Q,ALPHABET INC; COM A; CONS,CORP,EQTY,NS,Y,GOOGL,45483,7375,334419,TECH,ALPHABET INC,202304,2023/4/28,107.34,637706940,103.73,616467390,0.034802,0.034802,602488360,5941000,0.008976,0.014642,Apr-23,A,8,7
90319,2004/8/19,2025/12/31,02079K30,02079K30,Q,ALPHABET INC; COM A; CONS,CORP,EQTY,NS,Y,GOOGL,45483,7375,334419,TECH,ALPHABET INC,202305,2023/5/31,122.87,729970670,107.34,637706940,0.14468,0.14468,818560613,5941000,0.000709,0.002482,May-23,A,15,10
90319,2004/8/19,2025/12/31,02079K30,02079K30,Q,ALPHABET INC; COM A; CONS,CORP,EQTY,NS,Y,GOOGL,45483,7375,334419,TECH,ALPHABET INC,202306,2023/6/30,119.7,710299800,122.87,729970670,-0.0258,-0.0258,655687998,5934000,0.066183,0.064727,Jun-23,A,4,4
90319,2004/8/19,2025/12/31,02079K30,02079K30,Q,ALPHABET INC; COM A; CONS,CORP,EQTY,NS,Y,GOOGL,45483,7375,334419,TECH,ALPHABET INC,202307,2023/7/31,132.72,787427760,119.7,710299800,0.108772,0.108772,710630464,5933000,0.035617,0.031139,Jul-23,A,10,10
90319,2004/8/19,2025/12/31,02079K30,02079K30,Q,ALPHABET INC; COM A; CONS,CORP,EQTY,NS,Y,GOOGL,45483,7375,334419,TECH,ALPHABET INC,202308,2023/8/31,136.17,807896610,132.72,787427760,0.025995,0.025995,592599698,5933000,-0.020608,-0.017716,Aug-23,A,13,11
90319,2004/8/19,2025/12/31,02079K30,02079K30,Q,ALPHABET INC; COM A; CONS,CORP,EQTY,NS,Y,GOOGL,45483,7375,334419,TECH,ALPHABET INC,202309,2023/9/29,130.86,774952920,136.17,807896610,-0.038995,-0.038995,476911709,5922000,-0.047391,-0.048719,Sep-23,A,4,2
90319,2004/8/19,2025/12/31,02079K30,02079K30,Q,ALPHABET INC; COM A; CONS,CORP,EQTY,NS,Y,GOOGL,45483,7371,541511,NOAVAIL,ALPHABET INC,202310,2023/10/31,124.08,734305440,130.86,774952920,-0.051811,-0.051811,679390810,5918000,-0.028865,-0.02198,Oct-23,A,12,9
90319,2004/8/19,2025/12/31,02079K30,02079K30,Q,ALPHABET INC; COM A; CONS,CORP,EQTY,NS,Y,GOOGL,45483,7371,541511,NOAVAIL,ALPHABET INC,202311,2023/11/30,132.53,784312540,124.08,734305440,0.068101,0.068101,530535196,5918000,0.092053,0.089179,Nov-23,A,6,5
90319,2004/8/19,2025/12/31,02079K30,02079K30,Q,ALPHABET INC; COM A; CONS,CORP,EQTY,NS,Y,GOOGL,45483,7371,541511,NOAVAIL,ALPHABET INC,202312,2023/12/29,139.69,824031310,132.53,784312540,0.054026,0.054026,614852700,5899000,0.053603,0.044229,Dec-23,A,2,2
90319,2004/8/19,2025/12/31,02079K30,02079K30,Q,ALPHABET INC; COM A; CONS,CORP,EQTY,NS,Y,GOOGL,45483,7371,541511,NOAVAIL,ALPHABET INC,202401,2024/1/31,140.1,825609300,139.69,824031310,0.002935,0.002935,576200128,5893000,0.00756,0.015896,Jan-24,A,7,5
90319,2004/8/19,2025/12/31,02079K30,02079K30,Q,ALPHABET INC; COM A; CONS,CORP,EQTY,NS,Y,GOOGL,45483,7371,541511,NOAVAIL,ALPHABET INC,202402,2024/2/29,138.46,815944780,140.1,825609300,-0.011706,-0.011706,641612564,5893000,0.050583,0.051721,Feb-24,A,8,7
90319,2004/8/19,2025/12/31,02079K30,02079K30,Q,ALPHABET INC; COM A; CONS,CORP,EQTY,NS,Y,GOOGL,45483,7371,541511,NOAVAIL,ALPHABET INC,202403,2024/3/28,150.93,887317470,138.46,815944780,0.090062,0.090062,667622591,5879000,0.03245,0.031019,Mar-24,A,5,5
90319,2004/8/19,2025/12/31,02079K30,02079K30,Q,ALPHABET INC; COM A; CONS,CORP,EQTY,NS,Y,GOOGL,45483,7371,541511,NOAVAIL,ALPHABET INC,202404,2024/4/30,162.78,956169720,150.93,887317470,0.078513,0.078513,653499358,5874000,-0.042724,-0.041615,Apr-24,A,2,2
90319,2004/8/19,2025/12/31,02079K30,02079K30,Q,ALPHABET INC; COM A; CONS,CORP,EQTY,NS,Y,GOOGL,45483,7371,541511,NOAVAIL,ALPHABET INC,202405,2024/5/31,172.5,1013265000,162.78,956169720,0.059712,0.059712,538293943,5874000,0.046552,0.048021,May-24,A,16,13
90319,2004/8/19,2025/12/31,02079K30,02079K30,Q,ALPHABET INC; COM A; CONS,CORP,EQTY,NS,Y,GOOGL,45483,7371,541511,NOAVAIL,ALPHABET INC,202406,2024/6/28,182.15,1067399000,172.5,1013265000,0.057149,0.055942,458256220,5860000,0.026073,0.03467,Jun-24,A,7,5
90319,2004/8/19,2025/12/31,02079K30,02079K30,Q,ALPHABET INC; COM A; CONS,CORP,EQTY,NS,Y,GOOGL,45483,7371,541511,NOAVAIL,ALPHABET INC,202407,2024/7/31,171.54,1005052860,182.15,1067399000,-0.058249,-0.058249,521323235,5859000,0.019877,0.011321,Jul-24,A,19,19
90319,2004/8/19,2025/12/31,02079K30,02079K30,Q,ALPHABET INC; COM A; CONS,CORP,EQTY,NS,Y,GOOGL,45483,7371,541511,NOAVAIL,ALPHABET INC,202408,2024/8/30,163.38,957243420,171.54,1005052860,-0.047569,-0.047569,546746069,5859000,0.02157,0.022835,Aug-24,A,5,5
90319,2004/8/19,2025/12/31,02079K30,02079K30,Q,ALPHABET INC; COM A; CONS,CORP,EQTY,NS,Y,GOOGL,45483,7371,541511,NOAVAIL,ALPHABET INC,202409,2024/9/30,165.85,969227400,163.38,957243420,0.016483,0.015118,529543572,5844000,0.02097,0.020197,Sep-24,A,8,7
90319,2004/8/19,2025/12/31,02079K30,02079K30,Q,ALPHABET INC; COM A; CONS,CORP,EQTY,NS,Y,GOOGL,45483,7371,541511,NOAVAIL,ALPHABET INC,202410,2024/10/31,171.11,999795730,165.85,969227400,0.031715,0.031715,564812719,5843000,-0.008299,-0.009897,Oct-24,A,7,6
90319,2004/8/19,2025/12/31,02079K30,02079K30,Q,ALPHABET INC; COM A; CONS,CORP,EQTY,NS,Y,GOOGL,45483,7371,541511,NOAVAIL,ALPHABET INC,202411,2024/11/29,168.95,987174850,171.11,999795730,-0.012623,-0.012623,526621758,5843000,0.064859,0.057301,Nov-24,A,5,4
90319,2004/8/19,2025/12/31,02079K30,02079K30,Q,ALPHABET INC; COM A; CONS,CORP,EQTY,NS,Y,GOOGL,45483,7371,541511,NOAVAIL,ALPHABET INC,202412,2024/12/31,189.3,1104565500,168.95,987174850,0.121728,0.12045,641157898,5835000,-0.031581,-0.02499,Dec-24,A,10,6
90319,2004/8/19,2025/12/31,02079K30,02079K30,Q,ALPHABET INC; COM A; CONS,CORP,EQTY,NS,Y,GOOGL,45483,7371,541511,NOAVAIL,ALPHABET INC,202501,2025/1/31,204.02,1190048660,189.3,1104565500,0.07776,0.07776,495995331,5833000,0.032292,0.027016,Jan-25,A,7,3
90319,2004/8/19,2025/12/31,02079K30,02079K30,Q,ALPHABET INC; COM A; CONS,CORP,EQTY,NS,Y,GOOGL,45483,7371,541511,NOAVAIL,ALPHABET INC,202502,2025/2/28,170.28,993243240,204.02,1190048660,-0.165376,-0.165376,623092078,5833000,-0.017566,-0.014242,Feb-25,A,5,5
90319,2004/8/19,2025/12/31,02079K30,02079K30,Q,ALPHABET INC; COM A; CONS,CORP,EQTY,NS,Y,GOOGL,45483,7371,541511,NOAVAIL,ALPHABET INC,202503,2025/3/31,154.64,900778000,170.28,993243240,-0.090754,-0.091849,726679940,5825000,-0.055123,-0.057545,Mar-25,A,2,2
90319,2004/8/19,2025/12/31,02079K30,02079K30,Q,ALPHABET INC; COM A; CONS,CORP,EQTY,NS,Y,GOOGL,45483,7371,541511,NOAVAIL,ALPHABET INC,202504,2025/4/30,158.8,924216000,154.64,900778000,0.026901,0.026901,837496926,5820000,-0.00361,-0.007625,Apr-25,A,9,8
90319,2004/8/19,2025/12/31,02079K30,02079K30,Q,ALPHABET INC; COM A; CONS,CORP,EQTY,NS,Y,GOOGL,45483,7371,541511,NOAVAIL,ALPHABET INC,202505,2025/5/30,171.74,999526800,158.8,924216000,0.081486,0.081486,935511717,5820000,0.061267,0.061524,May-25,A,5,5
90319,2004/8/19,2025/12/31,02079K30,02079K30,Q,ALPHABET INC; COM A; CONS,CORP,EQTY,NS,Y,GOOGL,45483,7371,541511,NOAVAIL,ALPHABET INC,202506,2025/6/30,176.23,1024953680,171.74,999526800,0.027368,0.026144,840002892,5816000,0.049246,0.049607,Jun-25,A,9,9
90319,2004/8/19,2025/12/31,02079K30,02079K30,Q,ALPHABET INC; COM A; CONS,CORP,EQTY,NS,Y,GOOGL,45483,7371,541511,NOAVAIL,ALPHABET INC,202507,2025/7/31,191.9,1116282300,176.23,1024953680,0.088918,0.088918,852619040,5817000,0.019791,0.021667,Jul-25,A,9,5
90319,2004/8/19,2025/12/31,02079K30,02079K30,Q,ALPHABET INC; COM A; CONS,CORP,EQTY,NS,Y,GOOGL,45483,7371,541511,NOAVAIL,ALPHABET INC,202508,2025/8/29,212.91,1238497470,191.9,1116282300,0.109484,0.109484,613210340,5817000,0.024122,0.019066,Aug-25,A,6,5
90319,2004/8/19,2025/12/31,02079K30,02079K30,Q,ALPHABET INC; COM A; CONS,CORP,EQTY,NS,Y,GOOGL,45483,7371,541511,NOAVAIL,ALPHABET INC,202509,2025/9/30,243.1,1414355800,212.91,1238497470,0.142822,0.141797,822036972,5818000,0.035626,0.035324,Sep-25,A,7,6
90319,2004/8/19,2025/12/31,02079K30,02079K30,Q,ALPHABET INC; COM A; CONS,CORP,EQTY,NS,Y,GOOGL,45483,7371,541511,NOAVAIL,ALPHABET INC,202510,2025/10/31,281.19,1635963420,243.1,1414355800,0.156684,0.156684,724730715,5818000,0.019284,0.022687,Oct-25,A,7,6
90319,2004/8/19,2025/12/31,02079K30,02079K30,Q,ALPHABET INC; COM A; CONS,CORP,EQTY,NS,Y,GOOGL,45483,7371,541511,NOAVAIL,ALPHABET INC,202511,2025/11/28,320.18,1862807240,281.19,1635963420,0.138661,0.138661,839928160,5818000,0.001997,0.0013,Nov-25,A,3,3
90319,2004/8/19,2025/12/31,02079K30,02079K30,Q,ALPHABET INC; COM A; CONS,CORP,EQTY,NS,Y,GOOGL,45483,7371,541511,NOAVAIL,ALPHABET INC,202512,2025/12/31,313,1821034000,320.18,1862807240,-0.021771,-0.022425,670759386,5818000,0.001297,-0.000524,Dec-25,A,4,3
93436,2010/6/29,2025/12/31,88160R10,88160R10,Q,TESLA MOTORS INC; COM NONE; CONS,CORP,EQTY,NS,Y,TSLA,53453,3711,336111,CONDIS,TESLA MOTORS INC,201006,2010/6/30,23.83,2220908.34,23.89,2224374.01,-0.002512,-0.002512,36695314,93198,-0.05078,-0.053882,Jun-10,A,0,0
93436,2010/6/29,2025/12/31,88160R10,88160R10,Q,TESLA MOTORS INC; COM NONE; CONS,CORP,EQTY,NS,Y,TSLA,53453,3711,336111,CONDIS,TESLA MOTORS INC,201007,2010/7/30,19.94,1858368.12,23.83,2220908.34,-0.16324,-0.16324,65788618,93198,0.07036,0.068778,Jul-10,A,0,0
93436,2010/6/29,2025/12/31,88160R10,88160R10,Q,TESLA MOTORS INC; COM NONE; CONS,CORP,EQTY,NS,Y,TSLA,53453,3711,336111,CONDIS,TESLA MOTORS INC,201008,2010/8/31,19.48,1815497.04,19.94,1858368.12,-0.023069,-0.023069,15319320,93198,-0.042863,-0.047449,Aug-10,A,0,0
93436,2010/6/29,2025/12/31,88160R10,88160R10,Q,TESLA MOTORS INC; COM NONE; CONS,CORP,EQTY,NS,Y,TSLA,53453,3711,336111,CONDIS,TESLA MOTORS INC,201009,2010/9/30,20.405,1902827.47,19.48,1815497.04,0.047485,0.047485,18374163,93253,0.091628,0.087551,Sep-10,A,0,0
93436,2010/6/29,2025/12/31,88160R10,88160R10,Q,TESLA MOTORS INC; COM NONE; CONS,CORP,EQTY,NS,Y,TSLA,53453,3711,336111,CONDIS,TESLA MOTORS INC,201010,2010/10/29,21.84,2037038.64,20.405,1902827.47,0.070326,0.070326,6714450,93271,0.038591,0.036856,Oct-10,A,0,0
93436,2010/6/29,2025/12/31,88160R10,88160R10,Q,TESLA MOTORS INC; COM NONE; CONS,CORP,EQTY,NS,Y,TSLA,53453,3711,336111,CONDIS,TESLA MOTORS INC,201011,2010/11/30,35.33,3295264.43,21.84,2037038.64,0.617674,0.617674,28831505,93271,0.005117,-0.00229,Nov-10,A,0,0
93436,2010/6/29,2025/12/31,88160R10,88160R10,Q,TESLA MOTORS INC; COM NONE; CONS,CORP,EQTY,NS,Y,TSLA,53453,3711,336111,CONDIS,TESLA MOTORS INC,201012,2010/12/31,26.63,2527400.04,35.33,3295264.43,-0.24625,-0.24625,37503374,94908,0.067182,0.0653,Dec-10,A,0,0
93436,2010/6/29,2025/12/31,88160R10,88160R10,Q,TESLA MOTORS INC; COM NONE; CONS,CORP,EQTY,NS,Y,TSLA,53453,3711,336111,CONDIS,TESLA MOTORS INC,201101,2011/1/31,24.1,2287282.8,26.63,2527400.04,-0.095006,-0.095006,28839436,94908,0.019183,0.022646,Jan-11,A,0,0
93436,2010/6/29,2025/12/31,88160R10,88160R10,Q,TESLA MOTORS INC; COM NONE; CONS,CORP,EQTY,NS,Y,TSLA,53453,3711,336111,CONDIS,TESLA MOTORS INC,201102,2011/2/28,23.89,2277553.15,24.1,2287282.8,-0.008714,-0.008714,29736179,95335,0.038156,0.031957,Feb-11,A,0,0
93436,2010/6/29,2025/12/31,88160R10,88160R10,Q,TESLA MOTORS INC; COM NONE; CONS,CORP,EQTY,NS,Y,TSLA,53453,3711,336111,CONDIS,TESLA MOTORS INC,201103,2011/3/31,27.75,2651651.25,23.89,2277553.15,0.161574,0.161574,33050668,95555,0.003341,-0.001047,Mar-11,A,0,0
93436,2010/6/29,2025/12/31,88160R10,88160R10,Q,TESLA MOTORS INC; COM NONE; CONS,CORP,EQTY,NS,Y,TSLA,53453,3711,336111,CONDIS,TESLA MOTORS INC,201104,2011/4/29,27.6,2639470.8,27.75,2651651.25,-0.005405,-0.005405,30418067,95633,0.028597,0.028495,Apr-11,A,0,0
93436,2010/6/29,2025/12/31,88160R10,88160R10,Q,TESLA MOTORS INC; COM NONE; CONS,CORP,EQTY,NS,Y,TSLA,53453,3711,336111,CONDIS,TESLA MOTORS INC,201105,2011/5/31,30.14,2882378.62,27.6,2639470.8,0.092029,0.092029,30916939,95633,-0.014948,-0.013501,May-11,A,0,0
93436,2010/6/29,2025/12/31,88160R10,88160R10,Q,TESLA MOTORS INC; COM NONE; CONS,CORP,EQTY,NS,Y,TSLA,53453,3711,336111,CONDIS,TESLA MOTORS INC,201106,2011/6/30,29.13,3028966.53,30.14,2882378.62,-0.03351,-0.03351,40359743,103981,-0.018447,-0.018257,Jun-11,A,0,0
93436,2010/6/29,2025/12/31,88160R10,88160R10,Q,TESLA MOTORS INC; COM NONE; CONS,CORP,EQTY,NS,Y,TSLA,53453,3711,336111,CONDIS,TESLA MOTORS INC,201107,2011/7/29,28.17,2930187.06,29.13,3028966.53,-0.032956,-0.032956,21419008,104018,-0.022534,-0.021474,Jul-11,A,0,0
93436,2010/6/29,2025/12/31,88160R10,88160R10,Q,TESLA MOTORS INC; COM NONE; CONS,CORP,EQTY,NS,Y,TSLA,53453,3711,336111,CONDIS,TESLA MOTORS INC,201108,2011/8/31,24.74,2573405.32,28.17,2930187.06,-0.121761,-0.121761,27689839,104018,-0.057564,-0.056791,Aug-11,A,0,0
93436,2010/6/29,2025/12/31,88160R10,88160R10,Q,TESLA MOTORS INC; COM NONE; CONS,CORP,EQTY,NS,Y,TSLA,53453,3711,336111,CONDIS,TESLA MOTORS INC,201109,2011/9/30,24.39,2541169.71,24.74,2573405.32,-0.014147,-0.014147,18386523,104189,-0.084983,-0.071762,Sep-11,A,0,0
93436,2010/6/29,2025/12/31,88160R10,88160R10,Q,TESLA MOTORS INC; COM NONE; CONS,CORP,EQTY,NS,Y,TSLA,53453,3711,336111,CONDIS,TESLA MOTORS INC,201110,2011/10/31,29.37,3063261.63,24.39,2541169.71,0.204182,0.204182,22092394,104299,0.114146,0.107723,Oct-11,A,0,0
93436,2010/6/29,2025/12/31,88160R10,88160R10,Q,TESLA MOTORS INC; COM NONE; CONS,CORP,EQTY,NS,Y,TSLA,53453,3711,336111,CONDIS,TESLA MOTORS INC,201111,2011/11/30,32.74,3414749.26,29.37,3063261.63,0.114743,0.114743,26357137,104299,-0.00627,-0.005059,Nov-11,A,0,0
93436,2010/6/29,2025/12/31,88160R10,88160R10,Q,TESLA MOTORS INC; COM NONE; CONS,CORP,EQTY,NS,Y,TSLA,53453,3711,336111,CONDIS,TESLA MOTORS INC,201112,2011/12/30,28.56,2987490.24,32.74,3414749.26,-0.127673,-0.127673,21550999,104604,0.003676,0.008533,Dec-11,A,0,0
93436,2010/6/29,2025/12/31,88160R10,88160R10,Q,TESLA MOTORS INC; COM NONE; CONS,CORP,EQTY,NS,Y,TSLA,53453,3711,336111,CONDIS,TESLA MOTORS INC,201201,2012/1/31,29.07,3040838.28,28.56,2987490.24,0.017857,0.017857,26141807,104604,0.054106,0.043583,Jan-12,A,0,0
93436,2010/6/29,2025/12/31,88160R10,88160R10,Q,TESLA MOTORS INC; COM NONE; CONS,CORP,EQTY,NS,Y,TSLA,53453,3711,336111,CONDIS,TESLA MOTORS INC,201202,2012/2/29,33.41,3494819.64,29.07,3040838.28,0.149295,0.149295,23623780,104604,0.041225,0.040589,Feb-12,A,0,0
93436,2010/6/29,2025/12/31,88160R10,88160R10,Q,TESLA MOTORS INC; COM NONE; CONS,CORP,EQTY,NS,Y,TSLA,53453,3711,336111,CONDIS,TESLA MOTORS INC,201203,2012/3/30,37.24,3916344.6,33.41,3494819.64,0.114636,0.114636,22653846,105165,0.02402,0.031332,Mar-12,A,0,0
93436,2010/6/29,2025/12/31,88160R10,88160R10,Q,TESLA MOTORS INC; COM NONE; CONS,CORP,EQTY,NS,Y,TSLA,53453,3711,336111,CONDIS,TESLA MOTORS INC,201204,2012/4/30,33.13,3485739.82,37.24,3916344.6,-0.110365,-0.110365,23277259,105214,-0.006829,-0.007497,Apr-12,A,0,0
93436,2010/6/29,2025/12/31,88160R10,88160R10,Q,TESLA MOTORS INC; COM NONE; CONS,CORP,EQTY,NS,Y,TSLA,53453,3711,336111,CONDIS,TESLA MOTORS INC,201205,2012/5/31,29.5,3103813,33.13,3485739.82,-0.109568,-0.109568,34846363,105214,-0.06559,-0.062651,May-12,A,0,0
93436,2010/6/29,2025/12/31,88160R10,88160R10,Q,TESLA MOTORS INC; COM NONE; CONS,CORP,EQTY,NS,Y,TSLA,53453,3711,336111,CONDIS,TESLA MOTORS INC,201206,2012/6/29,31.29,3295556.67,29.5,3103813,0.060678,0.060678,26539257,105323,0.038151,0.039555,Jun-12,A,0,0
93436,2010/6/29,2025/12/31,88160R10,88160R10,Q,TESLA MOTORS INC; COM NONE; CONS,CORP,EQTY,NS,Y,TSLA,53453,3711,336111,CONDIS,TESLA MOTORS INC,201207,2012/7/31,27.42,2890945.44,31.29,3295556.67,-0.123682,-0.123682,32899238,105432,0.010307,0.012598,Jul-12,A,0,0
93436,2010/6/29,2025/12/31,88160R10,88160R10,Q,TESLA MOTORS INC; COM NONE; CONS,CORP,EQTY,NS,Y,TSLA,53453,3711,336111,CONDIS,TESLA MOTORS INC,201208,2012/8/31,28.52,3006920.64,27.42,2890945.44,0.040117,0.040117,24778059,105432,0.026317,0.019763,Aug-12,A,0,0
93436,2010/6/29,2025/12/31,88160R10,88160R10,Q,TESLA MOTORS INC; COM NONE; CONS,CORP,EQTY,NS,Y,TSLA,53453,3711,336111,CONDIS,TESLA MOTORS INC,201209,2012/9/28,29.28,3097004.16,28.52,3006920.64,0.026648,0.026648,33586798,105772,0.026513,0.024236,Sep-12,A,0,0
93436,2010/6/29,2025/12/31,88160R10,88160R10,Q,TESLA MOTORS INC; COM NONE; CONS,CORP,EQTY,NS,Y,TSLA,53453,3711,336111,CONDIS,TESLA MOTORS INC,201210,2012/10/31,28.1314,3200762.56,29.28,3097004.16,-0.039228,-0.039228,17835955,113779,-0.014055,-0.019789,Oct-12,A,0,0
93436,2010/6/29,2025/12/31,88160R10,88160R10,Q,TESLA MOTORS INC; COM NONE; CONS,CORP,EQTY,NS,Y,TSLA,53453,3711,336111,CONDIS,TESLA MOTORS INC,201211,2012/11/30,33.82,3848005.78,28.1314,3200762.56,0.202215,0.202215,22432573,113779,0.006217,0.002847,Nov-12,A,0,0
93436,2010/6/29,2025/12/31,88160R10,88160R10,Q,TESLA MOTORS INC; COM NONE; CONS,CORP,EQTY,NS,Y,TSLA,53453,3711,336111,CONDIS,TESLA MOTORS INC,201212,2012/12/31,33.87,3868428.18,33.82,3848005.78,0.001478,0.001478,21751988,114214,0.012569,0.007068,Dec-12,A,0,0
93436,2010/6/29,2025/12/31,88160R10,88160R10,Q,TESLA MOTORS INC; COM NONE; CONS,CORP,EQTY,NS,Y,TSLA,53453,3711,336111,CONDIS,TESLA MOTORS INC,201301,2013/1/31,37.51,4295570.18,33.87,3868428.18,0.10747,0.10747,28465660,114518,0.054142,0.050428,Jan-13,A,0,0
93436,2010/6/29,2025/12/31,88160R10,88160R10,Q,TESLA MOTORS INC; COM NONE; CONS,CORP,EQTY,NS,Y,TSLA,53453,3711,336111,CONDIS,TESLA MOTORS INC,201302,2013/2/28,34.83,3988661.94,37.51,4295570.18,-0.071448,-0.071448,44411424,114518,0.008282,0.011061,Feb-13,A,0,0
93436,2010/6/29,2025/12/31,88160R10,88160R10,Q,TESLA MOTORS INC; COM NONE; CONS,CORP,EQTY,NS,Y,TSLA,53453,3711,336111,CONDIS,TESLA MOTORS INC,201303,2013/3/28,37.89,4363450.29,34.83,3988661.94,0.087855,0.087855,30180837,115161,0.035295,0.035988,Mar-13,A,0,0
93436,2010/6/29,2025/12/31,88160R10,88160R10,Q,TESLA MOTORS INC; COM NONE; CONS,CORP,EQTY,NS,Y,TSLA,53453,3711,336111,CONDIS,TESLA MOTORS INC,201304,2013/4/30,53.99,6238706.47,37.89,4363450.29,0.424914,0.424914,82775620,115553,0.014939,0.018086,Apr-13,A,0,0
93436,2010/6/29,2025/12/31,88160R10,88160R10,Q,TESLA MOTORS INC; COM NONE; CONS,CORP,EQTY,NS,Y,TSLA,53453,3711,336111,CONDIS,TESLA MOTORS INC,201305,2013/5/31,97.76,11296461.28,53.99,6238706.47,0.810706,0.810706,335594262,115553,0.019128,0.020763,May-13,A,0,0
93436,2010/6/29,2025/12/31,88160R10,88160R10,Q,TESLA MOTORS INC; COM NONE; CONS,CORP,EQTY,NS,Y,TSLA,53453,3711,336111,CONDIS,TESLA MOTORS INC,201306,2013/6/28,107.36,13036724.8,97.76,11296461.28,0.0982,0.0982,181935420,121430,-0.015072,-0.014999,Jun-13,A,0,0
93436,2010/6/29,2025/12/31,88160R10,88160R10,Q,TESLA MOTORS INC; COM NONE; CONS,CORP,EQTY,NS,Y,TSLA,53453,3711,336111,CONDIS,TESLA MOTORS INC,201307,2013/7/31,134.28,16308306,107.36,13036724.8,0.250745,0.250745,233629533,121450,0.052658,0.049462,Jul-13,A,0,0
93436,2010/6/29,2025/12/31,88160R10,88160R10,Q,TESLA MOTORS INC; COM NONE; CONS,CORP,EQTY,NS,Y,TSLA,53453,3711,336111,CONDIS,TESLA MOTORS INC,201308,2013/8/30,169,20525050,134.28,16308306,0.258564,0.258564,264463994,121450,-0.02575,-0.031298,Aug-13,A,0,0
93436,2010/6/29,2025/12/31,88160R10,88160R10,Q,TESLA MOTORS INC; COM NONE; CONS,CORP,EQTY,NS,Y,TSLA,53453,3711,336111,CONDIS,TESLA MOTORS INC,201309,2013/9/30,193.37,23700587.42,169,20525050,0.144201,0.144201,175440016,122566,0.037497,0.02975,Sep-13,A,0,0
93436,2010/6/29,2025/12/31,88160R10,88160R10,Q,TESLA MOTORS INC; COM NONE; CONS,CORP,EQTY,NS,Y,TSLA,53453,3711,336111,CONDIS,TESLA MOTORS INC,201310,2013/10/31,159.94,19607684.36,193.37,23700587.42,-0.172881,-0.172881,265145385,122594,0.039888,0.044596,Oct-13,A,0,0
93436,2010/6/29,2025/12/31,88160R10,88160R10,Q,TESLA MOTORS INC; COM NONE; CONS,CORP,EQTY,NS,Y,TSLA,53453,3711,336111,CONDIS,TESLA MOTORS INC,201311,2013/11/29,127.28,15603764.32,159.94,19607684.36,-0.204202,-0.204202,315200777,122594,0.024956,0.028049,Nov-13,A,0,0
93436,2010/6/29,2025/12/31,88160R10,88160R10,Q,TESLA MOTORS INC; COM NONE; CONS,CORP,EQTY,NS,Y,TSLA,53453,3711,336111,CONDIS,TESLA MOTORS INC,201312,2013/12/31,150.429,18516456.04,127.28,15603764.32,0.181875,0.181875,198456959,123091,0.02614,0.023563,Dec-13,A,0,0
93436,2010/6/29,2025/12/31,88160R10,88160R10,Q,TESLA MOTORS INC; COM NONE; CONS,CORP,EQTY,NS,Y,TSLA,53453,3711,336111,CONDIS,TESLA MOTORS INC,201401,2014/1/31,181.41,22348260.72,150.429,18516456.04,0.205951,0.205951,183644597,123192,-0.03002,-0.035583,Jan-14,A,0,0
93436,2010/6/29,2025/12/31,88160R10,88160R10,Q,TESLA MOTORS INC; COM NONE; CONS,CORP,EQTY,NS,Y,TSLA,53453,3711,336111,CONDIS,TESLA MOTORS INC,201402,2014/2/28,244.81,30158633.52,181.41,22348260.72,0.349485,0.349485,226955674,123192,0.046198,0.043117,Feb-14,A,0,0
93436,2010/6/29,2025/12/31,88160R10,88160R10,Q,TESLA MOTORS INC; COM NONE; CONS,CORP,EQTY,NS,Y,TSLA,53453,3711,336111,CONDIS,TESLA MOTORS INC,201403,2014/3/31,208.45,25856346.45,244.81,30158633.52,-0.148523,-0.148523,166869839,124041,0.00454,0.006932,Mar-14,A,0,0
93436,2010/6/29,2025/12/31,88160R10,88160R10,Q,TESLA MOTORS INC; COM NONE; CONS,CORP,EQTY,NS,Y,TSLA,53453,3711,336111,CONDIS,TESLA MOTORS INC,201404,2014/4/30,207.89,25797070.1,208.45,25856346.45,-0.002686,-0.002686,165294961,124090,0.001573,0.006201,Apr-14,A,0,0
93436,2010/6/29,2025/12/31,88160R10,88160R10,Q,TESLA MOTORS INC; COM NONE; CONS,CORP,EQTY,NS,Y,TSLA,53453,3711,336111,CONDIS,TESLA MOTORS INC,201405,2014/5/30,207.77,25782179.3,207.89,25797070.1,-0.000577,-0.000577,135322823,124090,0.020254,0.02103,May-14,A,0,0
93436,2010/6/29,2025/12/31,88160R10,88160R10,Q,TESLA MOTORS INC; COM NONE; CONS,CORP,EQTY,NS,Y,TSLA,53453,3711,336111,CONDIS,TESLA MOTORS INC,201406,2014/6/30,240.06,29908595.28,207.77,25782179.3,0.155412,0.155412,123501400,124588,0.027973,0.019058,Jun-14,A,0,0
93436,2010/6/29,2025/12/31,88160R10,88160R10,Q,TESLA MOTORS INC; COM NONE; CONS,CORP,EQTY,NS,Y,TSLA,53453,3711,336111,CONDIS,TESLA MOTORS INC,201407,2014/7/31,223.3,27829879,240.06,29908595.28,-0.069816,-0.069816,108058845,124630,-0.020555,-0.01508,Jul-14,A,0,0
93436,2010/6/29,2025/12/31,88160R10,88160R10,Q,TESLA MOTORS INC; COM NONE; CONS,CORP,EQTY,NS,Y,TSLA,53453,3711,336111,CONDIS,TESLA MOTORS INC,201408,2014/8/29,269.7,33612711,223.3,27829879,0.207792,0.207792,114928092,124630,0.040205,0.037655,Aug-14,A,0,0
93436,2010/6/29,2025/12/31,88160R10,88160R10,Q,TESLA MOTORS INC; COM NONE; CONS,CORP,EQTY,NS,Y,TSLA,53453,3711,336111,CONDIS,TESLA MOTORS INC,201409,2014/9/30,242.68,30423820.88,269.7,33612711,-0.100185,-0.100185,132946907,125366,-0.025196,-0.015514,Sep-14,A,0,0
93436,2010/6/29,2025/12/31,88160R10,88160R10,Q,TESLA MOTORS INC; COM NONE; CONS,CORP,EQTY,NS,Y,TSLA,53453,3711,336111,CONDIS,TESLA MOTORS INC,201410,2014/10/31,241.7,30304829.4,242.68,30423820.88,-0.004038,-0.004038,152139754,125382,0.021164,0.023201,Oct-14,A,0,0
93436,2010/6/29,2025/12/31,88160R10,88160R10,Q,TESLA MOTORS INC; COM NONE; CONS,CORP,EQTY,NS,Y,TSLA,53453,3711,336111,CONDIS,TESLA MOTORS INC,201411,2014/11/28,244.52,30658406.64,241.7,30304829.4,0.011667,0.011667,107716997,125382,0.021104,0.024534,Nov-14,A,0,0
93436,2010/6/29,2025/12/31,88160R10,88160R10,Q,TESLA MOTORS INC; COM NONE; CONS,CORP,EQTY,NS,Y,TSLA,53453,3711,336111,CONDIS,TESLA MOTORS INC,201412,2014/12/31,222.41,27954268.08,244.52,30658406.64,-0.090422,-0.090422,127122169,125688,-0.003659,-0.004189,Dec-14,A,0,0
93436,2010/6/29,2025/12/31,88160R10,88160R10,Q,TESLA MOTORS INC; COM NONE; CONS,CORP,EQTY,NS,Y,TSLA,53453,3711,336111,CONDIS,TESLA MOTORS INC,201501,2015/1/30,203.6,25605346.8,222.41,27954268.08,-0.084574,-0.084574,90361777,125763,-0.027163,-0.031041,Jan-15,A,0,0
93436,2010/6/29,2025/12/31,88160R10,88160R10,Q,TESLA MOTORS INC; COM NONE; CONS,CORP,EQTY,NS,Y,TSLA,53453,3711,336111,CONDIS,TESLA MOTORS INC,201502,2015/2/27,203.34,25572648.42,203.6,25605346.8,-0.001277,-0.001277,106727878,125763,0.055915,0.054893,Feb-15,A,0,0
93436,2010/6/29,2025/12/31,88160R10,88160R10,Q,TESLA MOTORS INC; COM NONE; CONS,CORP,EQTY,NS,Y,TSLA,53453,3711,336111,CONDIS,TESLA MOTORS INC,201503,2015/3/31,188.77,23853354.74,203.34,25572648.42,-0.071653,-0.071653,122976618,126362,-0.010397,-0.017396,Mar-15,A,0,0
93436,2010/6/29,2025/12/31,88160R10,88160R10,Q,TESLA MOTORS INC; COM NONE; CONS,CORP,EQTY,NS,Y,TSLA,53453,3711,336111,CONDIS,TESLA MOTORS INC,201504,2015/4/30,226.05,28573624.2,188.77,23853354.74,0.197489,0.197489,98938213,126404,0.008766,0.008521,Apr-15,A,0,0
93436,2010/6/29,2025/12/31,88160R10,88160R10,Q,TESLA MOTORS INC; COM NONE; CONS,CORP,EQTY,NS,Y,TSLA,53453,3711,336111,CONDIS,TESLA MOTORS INC,201505,2015/5/29,250.8,31702123.2,226.05,28573624.2,0.109489,0.109489,89115056,126404,0.010277,0.010491,May-15,A,0,0
93436,2010/6/29,2025/12/31,88160R10,88160R10,Q,TESLA MOTORS INC; COM NONE; CONS,CORP,EQTY,NS,Y,TSLA,53453,3711,336111,CONDIS,TESLA MOTORS INC,201506,2015/6/30,268.26,34096114.26,250.8,31702123.2,0.069617,0.069617,65481592,127101,-0.019231,-0.021012,Jun-15,A,0,0
93436,2010/6/29,2025/12/31,88160R10,88160R10,Q,TESLA MOTORS INC; COM NONE; CONS,CORP,EQTY,NS,Y,TSLA,53453,3711,336111,CONDIS,TESLA MOTORS INC,201507,2015/7/31,266.15,33838843.3,268.26,34096114.26,-0.007866,-0.007866,80068789,127142,0.012108,0.019742,Jul-15,A,0,0
93436,2010/6/29,2025/12/31,88160R10,88160R10,Q,TESLA MOTORS INC; COM NONE; CONS,CORP,EQTY,NS,Y,TSLA,53453,3711,336111,CONDIS,TESLA MOTORS INC,201508,2015/8/31,249.06,32337203.22,266.15,33838843.3,-0.064212,-0.064212,115283739,129837,-0.059926,-0.062581,Aug-15,A,0,0
93436,2010/6/29,2025/12/31,88160R10,88160R10,Q,TESLA MOTORS INC; COM NONE; CONS,CORP,EQTY,NS,Y,TSLA,53453,3711,336111,CONDIS,TESLA MOTORS INC,201509,2015/9/30,248.4,32515808.4,249.06,32337203.22,-0.00265,-0.00265,80340407,130901,-0.033756,-0.026443,Sep-15,A,0,0
93436,2010/6/29,2025/12/31,88160R10,88160R10,Q,TESLA MOTORS INC; COM NONE; CONS,CORP,EQTY,NS,Y,TSLA,53453,3711,336111,CONDIS,TESLA MOTORS INC,201510,2015/10/30,206.93,27097690.43,248.4,32515808.4,-0.166948,-0.166948,100862762,130951,0.073937,0.082983,Oct-15,A,0,0
93436,2010/6/29,2025/12/31,88160R10,88160R10,Q,TESLA MOTORS INC; COM NONE; CONS,CORP,EQTY,NS,Y,TSLA,53453,3711,336111,CONDIS,TESLA MOTORS INC,201511,2015/11/30,230.26,30152777.26,206.93,27097690.43,0.112743,0.112743,78607960,130951,0.002404,0.000505,Nov-15,A,0,0
93436,2010/6/29,2025/12/31,88160R10,88160R10,Q,TESLA MOTORS INC; COM NONE; CONS,CORP,EQTY,NS,Y,TSLA,53453,3711,336111,CONDIS,TESLA MOTORS INC,201512,2015/12/31,240.01,31543314.25,230.26,30152777.26,0.042343,0.042343,59846867,131425,-0.022209,-0.01753,Dec-15,A,0,0
93436,2010/6/29,2025/12/31,88160R10,88160R10,Q,TESLA MOTORS INC; COM NONE; CONS,CORP,EQTY,NS,Y,TSLA,53453,3711,336111,CONDIS,TESLA MOTORS INC,201601,2016/1/29,191.2,25249107.2,240.01,31543314.25,-0.203367,-0.203367,79412244,132056,-0.057085,-0.050735,Jan-16,A,0,0
93436,2010/6/29,2025/12/31,88160R10,88160R10,Q,TESLA MOTORS INC; COM NONE; CONS,CORP,EQTY,NS,Y,TSLA,53453,3711,336111,CONDIS,TESLA MOTORS INC,201602,2016/2/29,191.93,25345508.08,191.2,25249107.2,0.003818,0.003818,133731055,132056,0.00062,-0.004128,Feb-16,A,0,0
93436,2010/6/29,2025/12/31,88160R10,88160R10,Q,TESLA MOTORS INC; COM NONE; CONS,CORP,EQTY,NS,Y,TSLA,53453,3711,336111,CONDIS,TESLA MOTORS INC,201603,2016/3/31,229.77,30756552.66,191.93,25345508.08,0.197155,0.197155,102959697,133858,0.070491,0.065991,Mar-16,A,0,0
93436,2010/6/29,2025/12/31,88160R10,88160R10,Q,TESLA MOTORS INC; COM NONE; CONS,CORP,EQTY,NS,Y,TSLA,53453,3711,336111,CONDIS,TESLA MOTORS INC,201604,2016/4/29,240.76,32248598.2,229.77,30756552.66,0.04783,0.04783,135521014,133945,0.011718,0.002699,Apr-16,A,0,0
93436,2010/6/29,2025/12/31,88160R10,88160R10,Q,TESLA MOTORS INC; COM NONE; CONS,CORP,EQTY,NS,Y,TSLA,53453,3711,336111,CONDIS,TESLA MOTORS INC,201605,2016/5/31,223.23,32936023.89,240.76,32248598.2,-0.072811,-0.072811,103309505,147543,0.01434,0.015329,May-16,A,0,0
93436,2010/6/29,2025/12/31,88160R10,88160R10,Q,TESLA MOTORS INC; COM NONE; CONS,CORP,EQTY,NS,Y,TSLA,53453,3711,336111,CONDIS,TESLA MOTORS INC,201606,2016/6/30,212.28,31420624.2,223.23,32936023.89,-0.049053,-0.049053,121746088,148015,0.002947,0.000906,Jun-16,A,0,0
93436,2010/6/29,2025/12/31,88160R10,88160R10,Q,TESLA MOTORS INC; COM NONE; CONS,CORP,EQTY,NS,Y,TSLA,53453,3711,336111,CONDIS,TESLA MOTORS INC,201607,2016/7/29,234.79,34911629.47,212.28,31420624.2,0.106039,0.106039,74209194,148693,0.038815,0.03561,Jul-16,A,0,0
93436,2010/6/29,2025/12/31,88160R10,88160R10,Q,TESLA MOTORS INC; COM NONE; CONS,CORP,EQTY,NS,Y,TSLA,53453,3711,336111,CONDIS,TESLA MOTORS INC,201608,2016/8/31,212.01,31640160.39,234.79,34911629.47,-0.097023,-0.097023,62250439,149239,0.0028,-0.001219,Aug-16,A,0,0
93436,2010/6/29,2025/12/31,88160R10,88160R10,Q,TESLA MOTORS INC; COM NONE; CONS,CORP,EQTY,NS,Y,TSLA,53453,3711,336111,CONDIS,TESLA MOTORS INC,201609,2016/9/30,204.03,30568794.75,212.01,31640160.39,-0.03764,-0.03764,70721715,149825,0.003013,-0.001234,Sep-16,A,0,0
93436,2010/6/29,2025/12/31,88160R10,88160R10,Q,TESLA MOTORS INC; COM NONE; CONS,CORP,EQTY,NS,Y,TSLA,53453,3711,336111,CONDIS,TESLA MOTORS INC,201610,2016/10/31,197.73,29637947.43,204.03,30568794.75,-0.030878,-0.030878,92236533,149891,-0.021544,-0.019426,Oct-16,A,0,0
93436,2010/6/29,2025/12/31,88160R10,88160R10,Q,TESLA MOTORS INC; COM NONE; CONS,CORP,EQTY,NS,Y,TSLA,53453,3711,336111,CONDIS,TESLA MOTORS INC,201611,2016/11/30,189.4,28403181.6,197.73,29637947.43,-0.042128,-0.042128,98849597,149964,0.040488,0.034175,Nov-16,A,0,0
93436,2010/6/29,2025/12/31,88160R10,88160R10,Q,TESLA MOTORS INC; COM NONE; CONS,CORP,EQTY,NS,Y,TSLA,53453,3711,336111,CONDIS,TESLA MOTORS INC,201612,2016/12/30,213.69,34523970.09,189.4,28403181.6,0.128247,0.128247,87992350,161561,0.018763,0.018201,Dec-16,A,0,0
93436,2010/6/29,2025/12/31,88160R10,88160R10,Q,TESLA MOTORS INC; COM NONE; CONS,CORP,EQTY,NS,Y,TSLA,53453,3711,336111,CONDIS,TESLA MOTORS INC,201701,2017/1/31,251.93,40729523.1,213.69,34523970.09,0.178951,0.178951,100813293,161670,0.022153,0.017884,Jan-17,A,0,0
93436,2010/6/29,2025/12/31,88160R10,88160R10,Q,TESLA INC; COM NONE; CONS,CORP,EQTY,NS,Y,TSLA,53453,3711,336111,CONDIS,TESLA INC,201702,2017/2/28,249.99,40415883.3,251.93,40729523.1,-0.007701,-0.007701,119549521,161670,0.032598,0.037198,Feb-17,A,0,0
93436,2010/6/29,2025/12/31,88160R10,88160R10,Q,TESLA INC; COM NONE; CONS,CORP,EQTY,NS,Y,TSLA,53453,3711,336111,CONDIS,TESLA INC,201703,2017/3/31,278.3,45686841.2,249.99,40415883.3,0.113245,0.113245,107038674,164164,0.002062,-0.000389,Mar-17,A,0,0
93436,2010/6/29,2025/12/31,88160R10,88160R10,Q,TESLA INC; COM NONE; CONS,CORP,EQTY,NS,Y,TSLA,53453,3711,336111,CONDIS,TESLA INC,201704,2017/4/28,314.07,51589138.2,278.3,45686841.2,0.12853,0.12853,117000085,164260,0.009655,0.009091,Apr-17,A,1,1
93436,2010/6/29,2025/12/31,88160R10,88160R10,Q,TESLA INC; COM NONE; CONS,CORP,EQTY,NS,Y,TSLA,53453,3711,336111,CONDIS,TESLA INC,201705,2017/5/31,341.01,56014302.6,314.07,51589138.2,0.085777,0.085777,148198952,164260,0.009335,0.011576,May-17,A,0,0
93436,2010/6/29,2025/12/31,88160R10,88160R10,Q,TESLA INC; COM NONE; CONS,CORP,EQTY,NS,Y,TSLA,53453,3711,336111,CONDIS,TESLA INC,201706,2017/6/30,361.61,60339329.43,341.01,56014302.6,0.060409,0.060409,185979616,166863,0.009571,0.004814,Jun-17,A,0,0
93436,2010/6/29,2025/12/31,88160R10,88160R10,Q,TESLA INC; COM NONE; CONS,CORP,EQTY,NS,Y,TSLA,53453,3711,336111,CONDIS,TESLA INC,201707,2017/7/31,323.47,53982937.89,361.61,60339329.43,-0.105473,-0.105473,181670534,166887,0.020277,0.019349,Jul-17,A,0,0
93436,2010/6/29,2025/12/31,88160R10,88160R10,Q,TESLA INC; COM NONE; CONS,CORP,EQTY,NS,Y,TSLA,53453,3711,336111,CONDIS,TESLA INC,201708,2017/8/31,355.9,59395083.3,323.47,53982937.89,0.100257,0.100257,136990482,166887,0.0016,0.000546,Aug-17,A,0,0
93436,2010/6/29,2025/12/31,88160R10,88160R10,Q,TESLA INC; COM NONE; CONS,CORP,EQTY,NS,Y,TSLA,53453,3711,336111,CONDIS,TESLA INC,201709,2017/9/29,341.1,57310598.7,355.9,59395083.3,-0.041585,-0.041585,111512544,168017,0.023729,0.019303,Sep-17,A,0,0
93436,2010/6/29,2025/12/31,88160R10,88160R10,Q,TESLA INC; COM NONE; CONS,CORP,EQTY,NS,Y,TSLA,53453,3711,336111,CONDIS,TESLA INC,201710,2017/10/31,331.53,55719252.51,341.1,57310598.7,-0.028056,-0.028056,123031164,168067,0.019275,0.022188,Oct-17,A,0,0
93436,2010/6/29,2025/12/31,88160R10,88160R10,Q,TESLA INC; COM NONE; CONS,CORP,EQTY,NS,Y,TSLA,53453,3711,336111,CONDIS,TESLA INC,201711,2017/11/30,308.85,51907492.95,331.53,55719252.51,-0.06841,-0.06841,148845091,168067,0.027231,0.028083,Nov-17,A,0,0
93436,2010/6/29,2025/12/31,88160R10,88160R10,Q,TESLA INC; COM NONE; CONS,CORP,EQTY,NS,Y,TSLA,53453,3711,336111,CONDIS,TESLA INC,201712,2017/12/29,311.35,52554945.95,308.85,51907492.95,0.008095,0.008095,109947597,168797,0.012122,0.009832,Dec-17,A,0,0
93436,2010/6/29,2025/12/31,88160R10,88160R10,Q,TESLA INC; COM NONE; CONS,CORP,EQTY,NS,Y,TSLA,53453,3711,336111,CONDIS,TESLA INC,201801,2018/1/31,354.31,59806465.07,311.35,52554945.95,0.13798,0.13798,124307875,168797,0.050577,0.056179,Jan-18,A,0,0
93436,2010/6/29,2025/12/31,88160R10,88160R10,Q,TESLA INC; COM NONE; CONS,CORP,EQTY,NS,Y,TSLA,53453,3711,336111,CONDIS,TESLA INC,201802,2018/2/28,343.06,57949695.2,354.31,59806465.07,-0.031752,-0.031752,109195973,168920,-0.039454,-0.038947,Feb-18,A,0,0
93436,2010/6/29,2025/12/31,88160R10,88160R10,Q,TESLA INC; COM NONE; CONS,CORP,EQTY,NS,Y,TSLA,53453,3711,336111,CONDIS,TESLA INC,201803,2018/3/29,266.13,45175567.5,343.06,57949695.2,-0.224246,-0.224246,157257841,169750,-0.018421,-0.026884,Mar-18,A,0,0
93436,2010/6/29,2025/12/31,88160R10,88160R10,Q,TESLA INC; COM NONE; CONS,CORP,EQTY,NS,Y,TSLA,53453,3711,336111,CONDIS,TESLA INC,201804,2018/4/30,293.9,49902456.6,266.13,45175567.5,0.104347,0.104347,190600387,169794,0.004679,0.002719,Apr-18,A,0,0
93436,2010/6/29,2025/12/31,88160R10,88160R10,Q,TESLA INC; COM NONE; CONS,CORP,EQTY,NS,Y,TSLA,53453,3711,336111,CONDIS,TESLA INC,201805,2018/5/31,284.73,48345445.62,293.9,49902456.6,-0.031201,-0.031201,155577356,169794,0.026146,0.021608,May-18,A,0,0
93436,2010/6/29,2025/12/31,88160R10,88160R10,Q,TESLA INC; COM NONE; CONS,CORP,EQTY,NS,Y,TSLA,53453,3711,336111,CONDIS,TESLA INC,201806,2018/6/29,342.95,58478462.2,284.73,48345445.62,0.204474,0.204474,213604221,170516,0.005359,0.004842,Jun-18,A,0,0
93436,2010/6/29,2025/12/31,88160R10,88160R10,Q,TESLA INC; COM NONE; CONS,CORP,EQTY,NS,Y,TSLA,53453,3711,336111,CONDIS,TESLA INC,201807,2018/7/31,298.14,50860597.02,342.95,58478462.2,-0.13066,-0.13066,172395280,170593,0.031573,0.036022,Jul-18,A,0,0
93436,2010/6/29,2025/12/31,88160R10,88160R10,Q,TESLA INC; COM NONE; CONS,CORP,EQTY,NS,Y,TSLA,53453,3711,336111,CONDIS,TESLA INC,201808,2018/8/31,301.66,51461084.38,298.14,50860597.02,0.011807,0.011807,277331636,170593,0.030226,0.030263,Aug-18,A,0,0
93436,2010/6/29,2025/12/31,88160R10,88160R10,Q,TESLA INC; COM NONE; CONS,CORP,EQTY,NS,Y,TSLA,53453,3711,336111,CONDIS,TESLA INC,201809,2018/9/28,264.77,45428707.06,301.66,51461084.38,-0.12229,-0.12229,196076660,171578,0.000425,0.004294,Sep-18,A,0,0
93436,2010/6/29,2025/12/31,88160R10,88160R10,Q,TESLA INC; COM NONE; CONS,CORP,EQTY,NS,Y,TSLA,53453,3711,336111,CONDIS,TESLA INC,201810,2018/10/31,337.32,57928975.56,264.77,45428707.06,0.274011,0.274011,286423133,171733,-0.074045,-0.069403,Oct-18,A,0,0
93436,2010/6/29,2025/12/31,88160R10,88160R10,Q,TESLA INC; COM NONE; CONS,CORP,EQTY,NS,Y,TSLA,53453,3711,336111,CONDIS,TESLA INC,201811,2018/11/30,350.48,60188981.84,337.32,57928975.56,0.039013,0.039013,133128495,171733,0.018512,0.017859,Nov-18,A,0,0
93436,2010/6/29,2025/12/31,88160R10,88160R10,Q,TESLA INC; COM NONE; CONS,CORP,EQTY,NS,Y,TSLA,53453,3711,336111,CONDIS,TESLA INC,201812,2018/12/31,332.8,57441945.6,350.48,60188981.84,-0.050445,-0.050445,146446603,172602,-0.08989,-0.091777,Dec-18,A,0,0
93436,2010/6/29,2025/12/31,88160R10,88160R10,Q,TESLA INC; COM NONE; CONS,CORP,EQTY,NS,Y,TSLA,53453,3711,336111,CONDIS,TESLA INC,201901,2019/1/31,307.02,52992266.04,332.8,57441945.6,-0.077464,-0.077464,175707553,172602,0.088294,0.078684,Jan-19,A,0,0
93436,2010/6/29,2025/12/31,88160R10,88160R10,Q,TESLA INC; COM NONE; CONS,CORP,EQTY,NS,Y,TSLA,53453,3711,336111,CONDIS,TESLA INC,201902,2019/2/28,319.88,55249993.48,307.02,52992266.04,0.041887,0.041887,128574417,172721,0.032724,0.029729,Feb-19,A,0,0
93436,2010/6/29,2025/12/31,88160R10,88160R10,Q,TESLA INC; COM NONE; CONS,CORP,EQTY,NS,Y,TSLA,53453,3711,336111,CONDIS,TESLA INC,201903,2019/3/29,279.86,48606644.52,319.88,55249993.48,-0.125109,-0.125109,213784440,173682,0.012962,0.017924,Mar-19,A,0,0
93436,2010/6/29,2025/12/31,88160R10,88160R10,Q,TESLA INC; COM NONE; CONS,CORP,EQTY,NS,Y,TSLA,53453,3711,336111,CONDIS,TESLA INC,201904,2019/4/30,238.69,41465465.49,279.86,48606644.52,-0.147109,-0.147109,230753511,173721,0.037893,0.039313,Apr-19,A,0,0
93436,2010/6/29,2025/12/31,88160R10,88160R10,Q,TESLA INC; COM NONE; CONS,CORP,EQTY,NS,Y,TSLA,53453,3711,336111,CONDIS,TESLA INC,201905,2019/5/31,185.16,32823313.2,238.69,41465465.49,-0.224266,-0.224266,282653677,177270,-0.061679,-0.065778,May-19,A,0,0
93436,2010/6/29,2025/12/31,88160R10,88160R10,Q,TESLA INC; COM NONE; CONS,CORP,EQTY,NS,Y,TSLA,53453,3711,336111,CONDIS,TESLA INC,201906,2019/6/28,223.46,40025708.28,185.16,32823313.2,0.206848,0.206848,214981870,179118,0.067279,0.06893,Jun-19,A,0,0
93436,2010/6/29,2025/12/31,88160R10,88160R10,Q,TESLA INC; COM NONE; CONS,CORP,EQTY,NS,Y,TSLA,53453,3711,336111,CONDIS,TESLA INC,201907,2019/7/31,241.61,43278874.47,223.46,40025708.28,0.081223,0.081223,199406904,179127,0.011854,0.013128,Jul-19,A,0,0
93436,2010/6/29,2025/12/31,88160R10,88160R10,Q,TESLA INC; COM NONE; CONS,CORP,EQTY,NS,Y,TSLA,53453,3711,336111,CONDIS,TESLA INC,201908,2019/8/30,225.61,40412842.47,241.61,43278874.47,-0.066222,-0.066222,134093222,179127,-0.020339,-0.018092,Aug-19,A,0,0
93436,2010/6/29,2025/12/31,88160R10,88160R10,Q,TESLA INC; COM NONE; CONS,CORP,EQTY,NS,Y,TSLA,53453,3711,336111,CONDIS,TESLA INC,201909,2019/9/30,240.87,43356600,225.61,40412842.47,0.067639,0.067639,136591453,180000,0.016033,0.017181,Sep-19,A,0,0
93436,2010/6/29,2025/12/31,88160R10,88160R10,Q,TESLA INC; COM NONE; CONS,CORP,EQTY,NS,Y,TSLA,53453,3711,336111,CONDIS,TESLA INC,201910,2019/10/31,314.92,56762755.4,240.87,43356600,0.307427,0.307427,235112486,180245,0.019257,0.020432,Oct-19,A,0,0
93436,2010/6/29,2025/12/31,88160R10,88160R10,Q,TESLA INC; COM NONE; CONS,CORP,EQTY,NS,Y,TSLA,53453,3711,336111,CONDIS,TESLA INC,201911,2019/11/29,329.94,59470035.3,314.92,56762755.4,0.047695,0.047695,157885072,180245,0.034999,0.034047,Nov-19,A,0,0
93436,2010/6/29,2025/12/31,88160R10,88160R10,Q,TESLA INC; COM NONE; CONS,CORP,EQTY,NS,Y,TSLA,53453,3711,336111,CONDIS,TESLA INC,201912,2019/12/31,418.33,75743666.46,329.94,59470035.3,0.267897,0.267897,207028776,181062,0.028489,0.02859,Dec-19,A,0,0
93436,2010/6/29,2025/12/31,88160R10,88160R10,Q,TESLA INC; COM NONE; CONS,CORP,EQTY,NS,Y,TSLA,53453,3711,336111,CONDIS,TESLA INC,202001,2020/1/31,650.57,117793505.3,418.33,75743666.46,0.55516,0.55516,407208210,181062,-0.001728,-0.001628,Jan-20,A,0,0
93436,2010/6/29,2025/12/31,88160R10,88160R10,Q,TESLA INC; COM NONE; CONS,CORP,EQTY,NS,Y,TSLA,53453,3711,336111,CONDIS,TESLA INC,202002,2020/2/28,667.99,122983638.9,650.57,117793505.3,0.026777,0.026777,472067587,184110,-0.077918,-0.08411,Feb-20,A,0,0
93436,2010/6/29,2025/12/31,88160R10,88160R10,Q,TESLA INC; COM NONE; CONS,CORP,EQTY,NS,Y,TSLA,53453,3711,336111,CONDIS,TESLA INC,202003,2020/3/31,524,96940000,667.99,122983638.9,-0.215557,-0.215557,420083388,185000,-0.141733,-0.125119,Mar-20,A,0,0
93436,2010/6/29,2025/12/31,88160R10,88160R10,Q,TESLA INC; COM NONE; CONS,CORP,EQTY,NS,Y,TSLA,53453,3711,336111,CONDIS,TESLA INC,202004,2020/4/30,781.88,144937877.5,524,96940000,0.492137,0.492137,380658017,185371,0.129674,0.126844,Apr-20,A,0,0
93436,2010/6/29,2025/12/31,88160R10,88160R10,Q,TESLA INC; COM NONE; CONS,CORP,EQTY,NS,Y,TSLA,53453,3711,336111,CONDIS,TESLA INC,202005,2020/5/29,835,154784785,781.88,144937877.5,0.067939,0.067939,272302556,185371,0.053739,0.045282,May-20,A,0,0
93436,2010/6/29,2025/12/31,88160R10,88160R10,Q,TESLA INC; COM NONE; CONS,CORP,EQTY,NS,Y,TSLA,53453,3711,336111,CONDIS,TESLA INC,202006,2020/6/30,1079.81,200844660,835,154784785,0.293186,0.293186,255178684,186000,0.025299,0.018388,Jun-20,A,0,0
93436,2010/6/29,2025/12/31,88160R10,88160R10,Q,TESLA INC; COM NONE; CONS,CORP,EQTY,NS,Y,TSLA,53453,3711,336111,CONDIS,TESLA INC,202007,2020/7/31,1430.76,266639295.1,1079.81,200844660,0.325011,0.325011,377674005,186362,0.055532,0.055101,Jul-20,A,0,0
93436,2010/6/29,2025/12/31,88160R10,88160R10,Q,TESLA INC; COM NONE; CONS,CORP,EQTY,NS,Y,TSLA,53453,3711,336111,CONDIS,TESLA INC,202008,2020/8/31,498.32,464339060.9,1430.76,266639295.1,0.741452,0.741452,405197032,931809,0.068442,0.070065,Aug-20,A,0,0
93436,2010/6/29,2025/12/31,88160R10,88160R10,Q,TESLA INC; COM NONE; CONS,CORP,EQTY,NS,Y,TSLA,53453,3711,336111,CONDIS,TESLA INC,202009,2020/9/30,429.01,406701480,498.32,464339060.9,-0.139087,-0.139087,1733195429,948000,-0.035056,-0.039228,Sep-20,A,0,0
93436,2010/6/29,2025/12/31,88160R10,88160R10,Q,TESLA INC; COM NONE; CONS,CORP,EQTY,NS,Y,TSLA,53453,3711,336111,CONDIS,TESLA INC,202010,2020/10/30,388.04,367823504,429.01,406701480,-0.095499,-0.095499,833060989,947901,-0.020178,-0.027666,Oct-20,A,0,0
93436,2010/6/29,2025/12/31,88160R10,88160R10,Q,TESLA INC; COM NONE; CONS,CORP,EQTY,NS,Y,TSLA,53453,3711,336111,CONDIS,TESLA INC,202011,2020/11/30,567.6,538028607.6,388.04,367823504,0.462736,0.462736,781150056,947901,0.123707,0.107546,Nov-20,A,0,0
93436,2010/6/29,2025/12/31,88160R10,88160R10,Q,TESLA INC; COM NONE; CONS,CORP,EQTY,NS,Y,TSLA,53453,3711,336111,CONDIS,TESLA INC,202012,2020/12/31,705.67,677340172.2,567.6,538028607.6,0.243252,0.243252,1196271635,959854,0.045048,0.037121,Dec-20,A,0,0
93436,2010/6/29,2025/12/31,88160R10,88160R10,Q,TESLA INC; COM NONE; CONS,CORP,EQTY,NS,Y,TSLA,53453,3711,336111,CONDIS,TESLA INC,202101,2021/1/29,793.53,761672944.6,705.67,677340172.2,0.124506,0.124506,703859728,959854,-0.000631,-0.011137,Jan-21,A,0,0
93436,2010/6/29,2025/12/31,88160R10,88160R10,Q,TESLA INC; COM NONE; CONS,CORP,EQTY,NS,Y,TSLA,53453,3711,336111,CONDIS,TESLA INC,202102,2021/2/26,675.5,648381377,793.53,761672944.6,-0.14874,-0.14874,522223582,959854,0.029196,0.026091,Feb-21,A,0,0
93436,2010/6/29,2025/12/31,88160R10,88160R10,Q,TESLA INC; COM NONE; CONS,CORP,EQTY,NS,Y,TSLA,53453,3711,336111,CONDIS,TESLA INC,202103,2021/3/31,667.93,643216590,675.5,648381377,-0.011207,-0.011207,940552568,963000,0.030573,0.042439,Mar-21,A,0,0
93436,2010/6/29,2025/12/31,88160R10,88160R10,Q,TESLA INC; COM NONE; CONS,CORP,EQTY,NS,Y,TSLA,53453,3711,336111,CONDIS,TESLA INC,202104,2021/4/30,709.44,683424835.2,667.93,643216590,0.062147,0.062147,677442231,963330,0.04819,0.052425,Apr-21,A,0,0
93436,2010/6/29,2025/12/31,88160R10,88160R10,Q,TESLA INC; COM NONE; CONS,CORP,EQTY,NS,Y,TSLA,53453,3711,336111,CONDIS,TESLA INC,202105,2021/5/28,625.22,602293182.6,709.44,683424835.2,-0.118713,-0.118713,624146318,963330,0.007092,0.005486,May-21,A,0,0
93436,2010/6/29,2025/12/31,88160R10,88160R10,Q,TESLA INC; COM NONE; CONS,CORP,EQTY,NS,Y,TSLA,53453,3711,336111,CONDIS,TESLA INC,202106,2021/6/30,679.7,668826839.1,625.22,602293182.6,0.087137,0.087137,518681349,984003,0.023422,0.022214,Jun-21,A,0,0
93436,2010/6/29,2025/12/31,88160R10,88160R10,Q,TESLA INC; COM NONE; CONS,CORP,EQTY,NS,Y,TSLA,53453,3711,336111,CONDIS,TESLA INC,202107,2021/7/30,687.2,680338308,679.7,668826839.1,0.011034,0.011034,447279057,990015,0.011828,0.022748,Jul-21,A,0,0
93436,2010/6/29,2025/12/31,88160R10,88160R10,Q,TESLA INC; COM NONE; CONS,CORP,EQTY,NS,Y,TSLA,53453,3711,336111,CONDIS,TESLA INC,202108,2021/8/31,735.72,737020017.2,687.2,680338308,0.070605,0.070605,381215577,1001767,0.027146,0.02899,Aug-21,A,0,0
93436,2010/6/29,2025/12/31,88160R10,88160R10,Q,TESLA INC; COM NONE; CONS,CORP,EQTY,NS,Y,TSLA,53453,3711,336111,CONDIS,TESLA INC,202109,2021/9/30,775.48,778581920,735.72,737020017.2,0.054042,0.054042,388922784,1004000,-0.042243,-0.047569,Sep-21,A,0,0
93436,2010/6/29,2025/12/31,88160R10,88160R10,Q,TESLA INC; COM NONE; CONS,CORP,EQTY,NS,Y,TSLA,53453,3711,336111,CONDIS,TESLA INC,202110,2021/10/29,1114,1118751210,775.48,778581920,0.43653,0.43653,526395492,1004265,0.064651,0.069144,Oct-21,A,0,0
93436,2010/6/29,2025/12/31,88160R10,88160R10,Q,TESLA INC; COM NONE; CONS,CORP,EQTY,NS,Y,TSLA,53453,3711,336111,CONDIS,TESLA INC,202111,2021/11/30,1144.76,1149642401,1114,1118751210,0.027612,0.027612,645719701,1004265,-0.018351,-0.008334,Nov-21,A,0,0
93436,2010/6/29,2025/12/31,88160R10,88160R10,Q,TESLA INC; COM NONE; CONS,CORP,EQTY,NS,Y,TSLA,53453,3711,336111,CONDIS,TESLA INC,202112,2021/12/31,1056.78,1092190584,1144.76,1149642401,-0.076855,-0.076855,507511834,1033508,0.033341,0.043613,Dec-21,A,0,0
93436,2010/6/29,2025/12/31,88160R10,88160R10,Q,TESLA INC; COM NONE; CONS,CORP,EQTY,NS,Y,TSLA,53453,3711,336111,CONDIS,TESLA INC,202201,2022/1/31,936.72,968107613.8,1056.78,1092190584,-0.113609,-0.113609,636164125,1033508,-0.059822,-0.052585,Jan-22,A,0,0
93436,2010/6/29,2025/12/31,88160R10,88160R10,Q,TESLA INC; COM NONE; CONS,CORP,EQTY,NS,Y,TSLA,53453,3711,336111,CONDIS,TESLA INC,202202,2022/2/28,870.43,899596368.4,936.72,968107613.8,-0.070768,-0.070768,460954079,1033508,-0.021838,-0.03136,Feb-22,A,0,0
93436,2010/6/29,2025/12/31,88160R10,88160R10,Q,TESLA INC; COM NONE; CONS,CORP,EQTY,NS,Y,TSLA,53453,3711,336111,CONDIS,TESLA INC,202203,2022/3/31,1077.6,1116367738,870.43,899596368.4,0.238009,0.238009,574261429,1035976,0.030506,0.035773,Mar-22,A,0,0
93436,2010/6/29,2025/12/31,88160R10,88160R10,Q,TESLA INC; COM NONE; CONS,CORP,EQTY,NS,Y,TSLA,53453,3711,336111,CONDIS,TESLA INC,202204,2022/4/29,870.76,902116067.6,1077.6,1116367738,-0.191945,-0.191945,504614206,1036010,-0.089387,-0.087957,Apr-22,A,0,0
93436,2010/6/29,2025/12/31,88160R10,88160R10,Q,TESLA INC; COM NONE; CONS,CORP,EQTY,NS,Y,TSLA,53453,3711,336111,CONDIS,TESLA INC,202205,2022/5/31,758.26,785564942.6,870.76,902116067.6,-0.129197,-0.129197,647084157,1036010,-0.002113,5.30E-05,May-22,A,0,0
93436,2010/6/29,2025/12/31,88160R10,88160R10,Q,TESLA INC; COM NONE; CONS,CORP,EQTY,NS,Y,TSLA,53453,3711,336111,CONDIS,TESLA INC,202206,2022/6/30,673.42,701030220,758.26,785564942.6,-0.111888,-0.111888,668463393,1041000,-0.083997,-0.08392,Jun-22,A,0,0
93436,2010/6/29,2025/12/31,88160R10,88160R10,Q,TESLA INC; COM NONE; CONS,CORP,EQTY,NS,Y,TSLA,53453,3711,336111,CONDIS,TESLA INC,202207,2022/7/29,891.45,931110610.5,673.42,701030220,0.323765,0.323765,580068790,1044490,0.090351,0.091116,Jul-22,A,0,0
93436,2010/6/29,2025/12/31,88160R10,88160R10,Q,TESLA INC; COM NONE; CONS,CORP,EQTY,NS,Y,TSLA,53453,3711,336111,CONDIS,TESLA INC,202208,2022/8/31,275.61,863615666.7,891.45,931110610.5,-0.072489,-0.072489,732221837,3133470,-0.036233,-0.04244,Aug-22,A,0,0
93436,2010/6/29,2025/12/31,88160R10,88160R10,Q,TESLA INC; COM NONE; CONS,CORP,EQTY,NS,Y,TSLA,53453,3711,336111,CONDIS,TESLA INC,202209,2022/9/30,265.25,837659500,275.61,863615666.7,-0.037589,-0.037589,1296550031,3158000,-0.091323,-0.093396,Sep-22,A,0,0
93436,2010/6/29,2025/12/31,88160R10,88160R10,Q,TESLA INC; COM NONE; CONS,CORP,EQTY,NS,Y,TSLA,53453,3711,336111,CONDIS,TESLA INC,202210,2022/10/31,227.54,718514890.1,265.25,837659500,-0.142168,-0.142168,1732584877,3157752,0.077394,0.079863,Oct-22,A,0,0
93436,2010/6/29,2025/12/31,88160R10,88160R10,Q,TESLA INC; COM NONE; CONS,CORP,EQTY,NS,Y,TSLA,53453,3711,336111,CONDIS,TESLA INC,202211,2022/11/30,194.7,614814314.4,227.54,718514890.1,-0.144326,-0.144326,1882424359,3157752,0.052354,0.053753,Nov-22,A,0,0
93436,2010/6/29,2025/12/31,88160R10,88160R10,Q,TESLA INC; COM NONE; CONS,CORP,EQTY,NS,Y,TSLA,53453,3711,336111,CONDIS,TESLA INC,202212,2022/12/30,123.18,389741520,194.7,614814314.4,-0.367334,-0.367334,2941704062,3164000,-0.05712,-0.058971,Dec-22,A,0,0
93436,2010/6/29,2025/12/31,88160R10,88160R10,Q,TESLA INC; COM NONE; CONS,CORP,EQTY,NS,Y,TSLA,53453,3711,336111,CONDIS,TESLA INC,202301,2023/1/31,173.22,548085921.7,123.18,389741520,0.406235,0.406235,3894951791,3164103,0.071823,0.061753,Jan-23,A,0,0
93436,2010/6/29,2025/12/31,88160R10,88160R10,Q,TESLA INC; COM NONE; CONS,CORP,EQTY,NS,Y,TSLA,53453,3711,336111,CONDIS,TESLA INC,202302,2023/2/28,205.71,650887628.1,173.22,548085921.7,0.187565,0.187565,3623968290,3164103,-0.024666,-0.026112,Feb-23,A,0,0
93436,2010/6/29,2025/12/31,88160R10,88160R10,Q,TESLA INC; COM NONE; CONS,CORP,EQTY,NS,Y,TSLA,53453,3711,336111,CONDIS,TESLA INC,202303,2023/3/31,207.46,657505882.4,205.71,650887628.1,0.008507,0.008507,3311507767,3169314,0.02395,0.035052,Mar-23,A,0,0
93436,2010/6/29,2025/12/31,88160R10,88160R10,Q,TESLA INC; COM NONE; CONS,CORP,EQTY,NS,Y,TSLA,53453,3711,336110,CONDIS,TESLA INC,202304,2023/4/28,164.31,520781202.2,207.46,657505882.4,-0.207992,-0.207992,2503824426,3169504,0.008976,0.014642,Apr-23,A,0,0
93436,2010/6/29,2025/12/31,88160R10,88160R10,Q,TESLA INC; COM NONE; CONS,CORP,EQTY,NS,Y,TSLA,53453,3711,336110,CONDIS,TESLA INC,202305,2023/5/31,203.93,646356950.7,164.31,520781202.2,0.24113,0.24113,2681603265,3169504,0.000709,0.002482,May-23,A,0,0
93436,2010/6/29,2025/12/31,88160R10,88160R10,Q,TESLA INC; COM NONE; CONS,CORP,EQTY,NS,Y,TSLA,53453,3711,336110,CONDIS,TESLA INC,202306,2023/6/30,261.77,830857980,203.93,646356950.7,0.283627,0.283627,3440932219,3174000,0.066183,0.064727,Jun-23,A,0,0
93436,2010/6/29,2025/12/31,88160R10,88160R10,Q,TESLA INC; COM NONE; CONS,CORP,EQTY,NS,Y,TSLA,53453,3711,336110,CONDIS,TESLA INC,202307,2023/7/31,267.43,848821215.4,261.77,830857980,0.021622,0.021622,2393429232,3173994,0.035617,0.031139,Jul-23,A,0,0
93436,2010/6/29,2025/12/31,88160R10,88160R10,Q,TESLA INC; COM NONE; CONS,CORP,EQTY,NS,Y,TSLA,53453,3711,336110,CONDIS,TESLA INC,202308,2023/8/31,258.08,819144371.5,267.43,848821215.4,-0.034962,-0.034962,2502917047,3173994,-0.020608,-0.017716,Aug-23,A,0,0
93436,2010/6/29,2025/12/31,88160R10,88160R10,Q,TESLA INC; COM NONE; CONS,CORP,EQTY,NS,Y,TSLA,53453,3711,336110,CONDIS,TESLA INC,202309,2023/9/29,250.22,795449380,258.08,819144371.5,-0.030456,-0.030456,2439543958,3179000,-0.047391,-0.048719,Sep-23,A,0,0
93436,2010/6/29,2025/12/31,88160R10,88160R10,Q,TESLA INC; COM NONE; CONS,CORP,EQTY,NS,Y,TSLA,53453,3711,336110,NOAVAIL,TESLA INC,202310,2023/10/31,200.84,638454493.6,250.22,795449380,-0.197346,-0.197346,2590568059,3178921,-0.028865,-0.02198,Oct-23,A,0,0
93436,2010/6/29,2025/12/31,88160R10,88160R10,Q,TESLA INC; COM NONE; CONS,CORP,EQTY,NS,Y,TSLA,53453,3711,336110,NOAVAIL,TESLA INC,202311,2023/11/30,240.08,763195353.7,200.84,638454493.6,0.195379,0.195379,2639579234,3178921,0.092053,0.089179,Nov-23,A,0,0
93436,2010/6/29,2025/12/31,88160R10,88160R10,Q,TESLA INC; COM NONE; CONS,CORP,EQTY,NS,Y,TSLA,53453,3711,336110,NOAVAIL,TESLA INC,202312,2023/12/29,248.48,791408800,240.08,763195353.7,0.034988,0.034988,2285210634,3185000,0.053603,0.044229,Dec-23,A,0,0
93436,2010/6/29,2025/12/31,88160R10,88160R10,Q,TESLA INC; COM NONE; CONS,CORP,EQTY,NS,Y,TSLA,53453,3711,336110,NOAVAIL,TESLA INC,202401,2024/1/31,187.29,596479319.1,248.48,791408800,-0.246257,-0.246257,2333872797,3184790,0.00756,0.015896,Jan-24,A,0,0
93436,2010/6/29,2025/12/31,88160R10,88160R10,Q,TESLA INC; COM NONE; CONS,CORP,EQTY,NS,Y,TSLA,53453,3711,336110,NOAVAIL,TESLA INC,202402,2024/2/29,201.88,642945405.2,187.29,596479319.1,0.077901,0.077901,2011600783,3184790,0.050583,0.051721,Feb-24,A,0,0
93436,2010/6/29,2025/12/31,88160R10,88160R10,Q,TESLA INC; COM NONE; CONS,CORP,EQTY,NS,Y,TSLA,53453,3711,336110,NOAVAIL,TESLA INC,202403,2024/3/28,175.79,560588333.1,201.88,642945405.2,-0.129235,-0.129235,1891790538,3188966,0.03245,0.031019,Mar-24,A,0,0
93436,2010/6/29,2025/12/31,88160R10,88160R10,Q,TESLA INC; COM NONE; CONS,CORP,EQTY,NS,Y,TSLA,53453,3711,336110,NOAVAIL,TESLA INC,202404,2024/4/30,183.28,584515842.9,175.79,560588333.1,0.042608,0.042608,2467939175,3189196,-0.042724,-0.041615,Apr-24,A,0,0
93436,2010/6/29,2025/12/31,88160R10,88160R10,Q,TESLA INC; COM NONE; CONS,CORP,EQTY,NS,Y,TSLA,53453,3711,336110,NOAVAIL,TESLA INC,202405,2024/5/31,178.08,567932023.7,183.28,584515842.9,-0.028372,-0.028372,1661324520,3189196,0.046552,0.048021,May-24,A,0,0
93436,2010/6/29,2025/12/31,88160R10,88160R10,Q,TESLA INC; COM NONE; CONS,CORP,EQTY,NS,Y,TSLA,53453,3711,336110,NOAVAIL,TESLA INC,202406,2024/6/28,197.88,632155363.2,178.08,567932023.7,0.111186,0.111186,1400122490,3194640,0.026073,0.03467,Jun-24,A,0,0
93436,2010/6/29,2025/12/31,88160R10,88160R10,Q,TESLA INC; COM NONE; CONS,CORP,EQTY,NS,Y,TSLA,53453,3711,336110,NOAVAIL,TESLA INC,202407,2024/7/31,232.07,741380104.8,197.88,632155363.2,0.172781,0.172781,2928794635,3194640,0.019877,0.011321,Jul-24,A,0,0
93436,2010/6/29,2025/12/31,88160R10,88160R10,Q,TESLA INC; COM NONE; CONS,CORP,EQTY,NS,Y,TSLA,53453,3711,336110,NOAVAIL,TESLA INC,202408,2024/8/30,214.11,684004370.4,232.07,741380104.8,-0.07739,-0.07739,1610836539,3194640,0.02157,0.022835,Aug-24,A,0,0
93436,2010/6/29,2025/12/31,88160R10,88160R10,Q,TESLA INC; COM NONE; CONS,CORP,EQTY,NS,Y,TSLA,53453,3711,336110,NOAVAIL,TESLA INC,202409,2024/9/30,261.63,839047410,214.11,684004370.4,0.221942,0.221942,1604206461,3207000,0.02097,0.020197,Sep-24,A,0,0
93436,2010/6/29,2025/12/31,88160R10,88160R10,Q,TESLA INC; COM NONE; CONS,CORP,EQTY,NS,Y,TSLA,53453,3711,336110,NOAVAIL,TESLA INC,202410,2024/10/31,249.85,802033491,261.63,839047410,-0.045025,-0.045025,1901431157,3210060,-0.008299,-0.009897,Oct-24,A,0,0
93436,2010/6/29,2025/12/31,88160R10,88160R10,Q,TESLA INC; COM NONE; CONS,CORP,EQTY,NS,Y,TSLA,53453,3711,336110,NOAVAIL,TESLA INC,202411,2024/11/29,345.16,1107984310,249.85,802033491,0.381469,0.381469,2082131261,3210060,0.064859,0.057301,Nov-24,A,0,0
93436,2010/6/29,2025/12/31,88160R10,88160R10,Q,TESLA INC; COM NONE; CONS,CORP,EQTY,NS,Y,TSLA,53453,3711,336110,NOAVAIL,TESLA INC,202412,2024/12/31,403.84,1298958225,345.16,1107984310,0.170008,0.170008,1894644223,3216517,-0.031581,-0.02499,Dec-24,A,0,0
93436,2010/6/29,2025/12/31,88160R10,88160R10,Q,TESLA INC; COM NONE; CONS,CORP,EQTY,NS,Y,TSLA,53453,3711,336110,NOAVAIL,TESLA INC,202501,2025/1/31,404.6,1301402778,403.84,1298958225,0.001882,0.001882,1502504448,3216517,0.032292,0.027016,Jan-25,A,0,0
93436,2010/6/29,2025/12/31,88160R10,88160R10,Q,TESLA INC; COM NONE; CONS,CORP,EQTY,NS,Y,TSLA,53453,3711,336110,NOAVAIL,TESLA INC,202502,2025/2/28,292.98,942375150.7,404.6,1301402778,-0.275877,-0.275877,1574169720,3216517,-0.017566,-0.014242,Feb-25,A,0,0
93436,2010/6/29,2025/12/31,88160R10,88160R10,Q,TESLA INC; COM NONE; CONS,CORP,EQTY,NS,Y,TSLA,53453,3711,336110,NOAVAIL,TESLA INC,202503,2025/3/31,259.16,834495200,292.98,942375150.7,-0.115435,-0.115435,2708383323,3220000,-0.055123,-0.057545,Mar-25,A,0,0
93436,2010/6/29,2025/12/31,88160R10,88160R10,Q,TESLA INC; COM NONE; CONS,CORP,EQTY,NS,Y,TSLA,53453,3711,336110,NOAVAIL,TESLA INC,202504,2025/4/30,282.16,908824945,259.16,834495200,0.088748,0.088748,2946636513,3220956,-0.00361,-0.007625,Apr-25,A,0,0
93436,2010/6/29,2025/12/31,88160R10,88160R10,Q,TESLA INC; COM NONE; CONS,CORP,EQTY,NS,Y,TSLA,53453,3711,336110,NOAVAIL,TESLA INC,202505,2025/5/30,346.46,1115932416,282.16,908824945,0.227885,0.227885,2189008821,3220956,0.061267,0.061524,May-25,A,0,0
93436,2010/6/29,2025/12/31,88160R10,88160R10,Q,TESLA INC; COM NONE; CONS,CORP,EQTY,NS,Y,TSLA,53453,3711,336110,NOAVAIL,TESLA INC,202506,2025/6/30,317.66,1024135840,346.46,1115932416,-0.083126,-0.083126,2423096762,3224000,0.049246,0.049607,Jun-25,A,0,0
93436,2010/6/29,2025/12/31,88160R10,88160R10,Q,TESLA INC; COM NONE; CONS,CORP,EQTY,NS,Y,TSLA,53453,3711,336110,NOAVAIL,TESLA INC,202507,2025/7/31,308.27,994309163.2,317.66,1024135840,-0.02956,-0.02956,2148612254,3225449,0.019791,0.021667,Jul-25,A,0,0
93436,2010/6/29,2025/12/31,88160R10,88160R10,Q,TESLA INC; COM NONE; CONS,CORP,EQTY,NS,Y,TSLA,53453,3711,336110,NOAVAIL,TESLA INC,202508,2025/8/29,333.87,1076880658,308.27,994309163.2,0.083044,0.083044,1598392667,3225449,0.024122,0.019066,Aug-25,A,0,0
93436,2010/6/29,2025/12/31,88160R10,88160R10,Q,TESLA INC; COM NONE; CONS,CORP,EQTY,NS,Y,TSLA,53453,3711,336110,NOAVAIL,TESLA INC,202509,2025/9/30,444.72,1478249280,333.87,1076880658,0.332015,0.332015,1966930942,3324000,0.035626,0.035324,Sep-25,A,0,0
93436,2010/6/29,2025/12/31,88160R10,88160R10,Q,TESLA INC; COM NONE; CONS,CORP,EQTY,NS,Y,TSLA,53453,3711,336110,NOAVAIL,TESLA INC,202510,2025/10/31,456.56,1518435923,444.72,1478249280,0.026623,0.026623,2024342219,3325819,0.019284,0.022687,Oct-25,A,0,0
93436,2010/6/29,2025/12/31,88160R10,88160R10,Q,TESLA INC; COM NONE; CONS,CORP,EQTY,NS,Y,TSLA,53453,3711,336110,NOAVAIL,TESLA INC,202511,2025/11/28,430.17,1430667559,456.56,1518435923,-0.057802,-0.057802,1609832217,3325819,0.001997,0.0013,Nov-25,A,0,0
93436,2010/6/29,2025/12/31,88160R10,88160R10,Q,TESLA INC; COM NONE; CONS,CORP,EQTY,NS,Y,TSLA,53453,3711,336110,NOAVAIL,TESLA INC,202512,2025/12/31,449.72,1495687321,430.17,1430667559,0.045447,0.045447,1618321744,3325819,0.001297,-0.000524,Dec-25,A,0,0
