costat,curcdq,datafmt,indfmt,consol,tic,datadate,gvkey,conm,cik,fyr,apdedateq,datacqtr,datafqtr,fqtr,fyearq,rdq,atq,cogsq,niq,revtq,saleq,xrdq,xsgaq,cogsy,niy,revty,saley,xrdy,xsgay
A,USD,STD,INDL,C,AAPL,2010-03-31,001690,APPLE INC,0000320193,9,2010-03-27,2010Q1,2010Q2,2,2010,2010-04-20,57057.0000,7658.0000,3074.0000,13499.0000,13499.0000,426.0000,1646.0000,16721.0000,6452.0000,29182.0000,29182.0000,824.0000,3332.0000
A,USD,STD,INDL,C,AAPL,2010-06-30,001690,APPLE INC,0000320193,9,2010-06-26,2010Q2,2010Q3,3,2010,2010-07-20,64725.0000,9291.0000,3253.0000,15700.0000,15700.0000,464.0000,1902.0000,26012.0000,9705.0000,44882.0000,44882.0000,1288.0000,5234.0000
A,USD,STD,INDL,C,AAPL,2010-09-30,001690,APPLE INC,0000320193,9,2010-09-25,2010Q3,2010Q4,4,2010,2010-10-18,75183.0000,12502.0000,4308.0000,20343.0000,20343.0000,494.0000,2065.0000,38514.0000,14013.0000,65225.0000,65225.0000,1782.0000,7299.0000
A,USD,STD,INDL,C,AAPL,2010-12-31,001690,APPLE INC,0000320193,9,2010-12-25,2010Q4,2011Q1,1,2011,2011-01-18,86742.0000,16087.0000,6004.0000,26741.0000,26741.0000,575.0000,2471.0000,16087.0000,6004.0000,26741.0000,26741.0000,575.0000,2471.0000
A,USD,STD,INDL,C,AAPL,2011-03-31,001690,APPLE INC,0000320193,9,2011-03-26,2011Q1,2011Q2,2,2011,2011-04-20,94904.0000,14015.0000,5987.0000,24667.0000,24667.0000,581.0000,2344.0000,30102.0000,11991.0000,51408.0000,51408.0000,1156.0000,4815.0000
A,USD,STD,INDL,C,AAPL,2011-06-30,001690,APPLE INC,0000320193,9,2011-06-25,2011Q2,2011Q3,3,2011,2011-07-19,106758.0000,16168.0000,7308.0000,28571.0000,28571.0000,628.0000,2543.0000,46270.0000,19299.0000,79979.0000,79979.0000,1784.0000,7358.0000
A,USD,STD,INDL,C,AAPL,2011-09-30,001690,APPLE INC,0000320193,9,2011-09-24,2011Q3,2011Q4,4,2011,2011-10-18,116371.0000,16347.0000,6623.0000,28270.0000,28270.0000,645.0000,2670.0000,62617.0000,25922.0000,108249.0000,108249.0000,2429.0000,10028.0000
A,USD,STD,INDL,C,AAPL,2011-12-31,001690,APPLE INC,0000320193,9,2011-12-31,2011Q4,2012Q1,1,2012,2012-01-24,138681.0000,24909.0000,13064.0000,46333.0000,46333.0000,758.0000,3363.0000,24909.0000,13064.0000,46333.0000,46333.0000,758.0000,3363.0000
A,USD,STD,INDL,C,AAPL,2012-03-31,001690,APPLE INC,0000320193,9,2012-03-31,2012Q1,2012Q2,2,2012,2012-04-24,150934.0000,19882.0000,11622.0000,39186.0000,39186.0000,841.0000,3180.0000,44791.0000,24686.0000,85519.0000,85519.0000,1599.0000,6543.0000
A,USD,STD,INDL,C,AAPL,2012-06-30,001690,APPLE INC,0000320193,9,2012-06-30,2012Q2,2012Q3,3,2012,2012-07-24,162896.0000,19194.0000,8824.0000,35023.0000,35023.0000,876.0000,3421.0000,63985.0000,33510.0000,120542.0000,120542.0000,2475.0000,9964.0000
A,USD,STD,INDL,C,AAPL,2012-09-30,001690,APPLE INC,0000320193,9,2012-09-29,2012Q3,2012Q4,4,2012,2012-10-25,176064.0000,20584.0000,8223.0000,35966.0000,35966.0000,906.0000,3457.0000,84569.0000,41733.0000,156508.0000,156508.0000,3381.0000,13421.0000
A,USD,STD,INDL,C,AAPL,2012-12-31,001690,APPLE INC,0000320193,9,2012-12-29,2012Q4,2013Q1,1,2013,2013-01-23,196088.0000,31864.0000,13078.0000,54512.0000,54512.0000,1010.0000,3850.0000,31864.0000,13078.0000,54512.0000,54512.0000,1010.0000,3850.0000
A,USD,STD,INDL,C,AAPL,2013-03-31,001690,APPLE INC,0000320193,9,2013-03-30,2013Q1,2013Q2,2,2013,2013-04-23,194743.0000,25562.0000,9547.0000,43603.0000,43603.0000,1119.0000,3791.0000,57426.0000,22625.0000,98115.0000,98115.0000,2129.0000,7641.0000
A,USD,STD,INDL,C,AAPL,2013-06-30,001690,APPLE INC,0000320193,9,2013-06-29,2013Q2,2013Q3,3,2013,2013-07-23,199856.0000,20605.0000,6900.0000,35323.0000,35323.0000,1178.0000,3823.0000,78031.0000,29525.0000,133438.0000,133438.0000,3307.0000,11464.0000
A,USD,STD,INDL,C,AAPL,2013-09-30,001690,APPLE INC,0000320193,9,2013-09-28,2013Q3,2013Q4,4,2013,2013-10-28,207000.0000,21818.0000,7512.0000,37472.0000,37472.0000,1168.0000,3841.0000,99849.0000,37037.0000,170910.0000,170910.0000,4475.0000,15305.0000
A,USD,STD,INDL,C,AAPL,2013-12-31,001690,APPLE INC,0000320193,9,2013-12-28,2013Q4,2014Q1,1,2014,2014-01-27,225184.0000,33604.0000,13072.0000,57594.0000,57594.0000,1330.0000,4383.0000,33604.0000,13072.0000,57594.0000,57594.0000,1330.0000,4383.0000
A,USD,STD,INDL,C,AAPL,2014-03-31,001690,APPLE INC,0000320193,9,2014-03-29,2014Q1,2014Q2,2,2014,2014-04-23,205989.0000,25812.0000,10223.0000,45646.0000,45646.0000,1422.0000,4354.0000,59416.0000,23295.0000,103240.0000,103240.0000,2752.0000,8737.0000
A,USD,STD,INDL,C,AAPL,2014-06-30,001690,APPLE INC,0000320193,9,2014-06-28,2014Q2,2014Q3,3,2014,2014-07-22,222520.0000,20751.0000,7748.0000,37432.0000,37432.0000,1603.0000,4453.0000,80167.0000,31043.0000,140672.0000,140672.0000,4355.0000,13190.0000
A,USD,STD,INDL,C,AAPL,2014-09-30,001690,APPLE INC,0000320193,9,2014-09-27,2014Q3,2014Q4,4,2014,2014-10-20,231839.0000,24145.0000,8467.0000,42123.0000,42123.0000,1686.0000,4844.0000,104312.0000,39510.0000,182795.0000,182795.0000,6041.0000,18034.0000
A,USD,STD,INDL,C,AAPL,2014-12-31,001690,APPLE INC,0000320193,9,2014-12-27,2014Q4,2015Q1,1,2015,2015-01-27,261894.0000,42283.0000,18024.0000,74599.0000,74599.0000,1895.0000,5495.0000,42283.0000,18024.0000,74599.0000,74599.0000,1895.0000,5495.0000
A,USD,STD,INDL,C,AAPL,2015-03-31,001690,APPLE INC,0000320193,9,2015-03-28,2015Q1,2015Q2,2,2015,2015-04-27,261194.0000,31875.0000,13569.0000,58010.0000,58010.0000,1918.0000,5378.0000,74158.0000,31593.0000,132609.0000,132609.0000,3813.0000,10873.0000
A,USD,STD,INDL,C,AAPL,2015-06-30,001690,APPLE INC,0000320193,9,2015-06-27,2015Q2,2015Q3,3,2015,2015-07-21,273151.0000,26840.0000,10677.0000,49605.0000,49605.0000,2034.0000,5598.0000,100998.0000,42270.0000,182214.0000,182214.0000,5847.0000,16471.0000
A,USD,STD,INDL,C,AAPL,2015-09-30,001690,APPLE INC,0000320193,9,2015-09-26,2015Q3,2015Q4,4,2015,2015-10-27,290479.0000,27834.0000,11124.0000,51501.0000,51501.0000,2220.0000,5925.0000,128832.0000,53394.0000,233715.0000,233715.0000,8067.0000,22396.0000
A,USD,STD,INDL,C,AAPL,2015-12-31,001690,APPLE INC,0000320193,9,2015-12-26,2015Q4,2016Q1,1,2016,2016-01-26,293284.0000,42495.0000,18361.0000,75324.0000,75324.0000,2404.0000,6252.0000,42495.0000,18361.0000,75324.0000,75324.0000,2404.0000,6252.0000
A,USD,STD,INDL,C,AAPL,2016-03-31,001690,APPLE INC,0000320193,9,2016-03-26,2016Q1,2016Q2,2,2016,2016-04-26,305277.0000,28159.0000,10516.0000,50557.0000,50557.0000,2511.0000,5934.0000,70654.0000,28877.0000,125881.0000,125881.0000,4915.0000,12186.0000
A,USD,STD,INDL,C,AAPL,2016-06-30,001690,APPLE INC,0000320193,9,2016-06-25,2016Q2,2016Q3,3,2016,2016-07-26,305602.0000,23726.0000,7796.0000,42358.0000,42358.0000,2560.0000,6001.0000,94380.0000,36673.0000,168239.0000,168239.0000,7475.0000,18187.0000
A,USD,STD,INDL,C,AAPL,2016-09-30,001690,APPLE INC,0000320193,9,2016-09-24,2016Q3,2016Q4,4,2016,2016-10-25,321686.0000,26491.0000,9014.0000,46852.0000,46852.0000,2570.0000,6052.0000,120871.0000,45687.0000,215091.0000,215091.0000,10045.0000,24239.0000
A,USD,STD,INDL,C,AAPL,2016-12-31,001690,APPLE INC,0000320193,9,2016-12-31,2016Q4,2017Q1,1,2017,2017-01-31,331141.0000,45188.0000,17891.0000,78351.0000,78351.0000,2871.0000,6817.0000,45188.0000,17891.0000,78351.0000,78351.0000,2871.0000,6817.0000
A,USD,STD,INDL,C,AAPL,2017-03-31,001690,APPLE INC,0000320193,9,2017-04-01,2017Q1,2017Q2,2,2017,2017-05-02,334532.0000,29973.0000,11029.0000,52896.0000,52896.0000,2776.0000,6494.0000,75161.0000,28920.0000,131247.0000,131247.0000,5647.0000,13311.0000
A,USD,STD,INDL,C,AAPL,2017-06-30,001690,APPLE INC,0000320193,9,2017-07-01,2017Q2,2017Q3,3,2017,2017-08-01,345173.0000,25566.0000,8717.0000,45408.0000,45408.0000,2937.0000,6720.0000,100727.0000,37637.0000,176655.0000,176655.0000,8584.0000,20031.0000
A,USD,STD,INDL,C,AAPL,2017-09-30,001690,APPLE INC,0000320193,9,2017-09-30,2017Q3,2017Q4,4,2017,2017-11-02,375319.0000,30164.0000,10714.0000,52579.0000,52579.0000,2997.0000,6811.0000,130891.0000,48351.0000,229234.0000,229234.0000,11581.0000,26842.0000
A,USD,STD,INDL,C,AAPL,2017-12-31,001690,APPLE INC,0000320193,9,2017-12-30,2017Q4,2018Q1,1,2018,2018-02-01,406794.0000,51636.0000,20065.0000,88293.0000,88293.0000,3407.0000,7638.0000,51636.0000,20065.0000,88293.0000,88293.0000,3407.0000,7638.0000
A,USD,STD,INDL,C,AAPL,2018-03-31,001690,APPLE INC,0000320193,9,2018-03-31,2018Q1,2018Q2,2,2018,2018-05-01,367502.0000,34976.0000,13822.0000,61137.0000,61137.0000,3378.0000,7528.0000,86612.0000,33887.0000,149430.0000,149430.0000,6785.0000,15166.0000
A,USD,STD,INDL,C,AAPL,2018-06-30,001690,APPLE INC,0000320193,9,2018-06-30,2018Q2,2018Q3,3,2018,2018-07-31,349197.0000,30179.0000,11519.0000,53029.0000,53029.0000,3701.0000,7809.0000,116791.0000,45406.0000,202459.0000,202459.0000,10486.0000,22975.0000
A,USD,STD,INDL,C,AAPL,2018-09-30,001690,APPLE INC,0000320193,9,2018-09-29,2018Q3,2018Q4,4,2018,2018-11-01,365725.0000,36062.0000,14125.0000,62900.0000,62900.0000,3750.0000,7966.0000,152853.0000,59531.0000,265359.0000,265359.0000,14236.0000,30941.0000
A,USD,STD,INDL,C,AAPL,2018-12-31,001690,APPLE INC,0000320193,9,2018-12-29,2018Q4,2019Q1,1,2019,2019-01-29,373719.0000,48884.0000,19965.0000,84310.0000,84310.0000,3902.0000,8685.0000,48884.0000,19965.0000,84310.0000,84310.0000,3902.0000,8685.0000
A,USD,STD,INDL,C,AAPL,2019-03-31,001690,APPLE INC,0000320193,9,2019-03-30,2019Q1,2019Q2,2,2019,2019-04-30,341998.0000,33154.0000,11561.0000,58015.0000,58015.0000,3948.0000,8406.0000,82038.0000,31526.0000,142325.0000,142325.0000,7850.0000,17091.0000
A,USD,STD,INDL,C,AAPL,2019-06-30,001690,APPLE INC,0000320193,9,2019-06-29,2019Q2,2019Q3,3,2019,2019-07-30,322239.0000,30649.0000,10044.0000,53809.0000,53809.0000,4257.0000,8683.0000,112687.0000,41570.0000,196134.0000,196134.0000,12107.0000,25774.0000
A,USD,STD,INDL,C,AAPL,2019-09-30,001690,APPLE INC,0000320193,9,2019-09-28,2019Q3,2019Q4,4,2019,2019-10-30,338516.0000,36548.0000,13686.0000,64040.0000,64040.0000,4110.0000,8688.0000,149235.0000,55256.0000,260174.0000,260174.0000,16217.0000,34462.0000
A,USD,STD,INDL,C,AAPL,2019-12-31,001690,APPLE INC,0000320193,9,2019-12-28,2019Q4,2020Q1,1,2020,2020-01-28,340618.0000,53786.0000,22236.0000,91819.0000,91819.0000,4451.0000,9648.0000,53786.0000,22236.0000,91819.0000,91819.0000,4451.0000,9648.0000
A,USD,STD,INDL,C,AAPL,2020-03-31,001690,APPLE INC,0000320193,9,2020-03-28,2020Q1,2020Q2,2,2020,2020-04-30,320400.0000,33157.0000,11249.0000,58313.0000,58313.0000,4565.0000,9517.0000,86943.0000,33485.0000,150132.0000,150132.0000,9016.0000,19165.0000
A,USD,STD,INDL,C,AAPL,2020-06-30,001690,APPLE INC,0000320193,9,2020-06-27,2020Q2,2020Q3,3,2020,2020-07-30,317344.0000,34253.0000,11253.0000,59685.0000,59685.0000,4758.0000,9589.0000,121196.0000,44738.0000,209817.0000,209817.0000,13774.0000,28754.0000
A,USD,STD,INDL,C,AAPL,2020-09-30,001690,APPLE INC,0000320193,9,2020-09-26,2020Q3,2020Q4,4,2020,2020-10-29,323888.0000,37307.0000,12673.0000,64698.0000,64698.0000,4978.0000,9914.0000,158503.0000,57411.0000,274515.0000,274515.0000,18752.0000,38668.0000
A,USD,STD,INDL,C,AAPL,2020-12-31,001690,APPLE INC,0000320193,9,2020-12-26,2020Q4,2021Q1,1,2021,2021-01-27,354054.0000,64445.0000,28755.0000,111439.0000,111439.0000,5163.0000,10794.0000,64445.0000,28755.0000,111439.0000,111439.0000,5163.0000,10794.0000
A,USD,STD,INDL,C,AAPL,2021-03-31,001690,APPLE INC,0000320193,9,2021-03-27,2021Q1,2021Q2,2,2021,2021-04-28,337158.0000,48708.0000,23630.0000,89584.0000,89584.0000,5262.0000,10576.0000,113153.0000,52385.0000,201023.0000,201023.0000,10425.0000,21370.0000
A,USD,STD,INDL,C,AAPL,2021-06-30,001690,APPLE INC,0000320193,9,2021-06-26,2021Q2,2021Q3,3,2021,2021-07-27,329840.0000,43347.0000,21744.0000,81434.0000,81434.0000,5717.0000,11129.0000,156500.0000,74129.0000,282457.0000,282457.0000,16142.0000,32499.0000
A,USD,STD,INDL,C,AAPL,2021-09-30,001690,APPLE INC,0000320193,9,2021-09-25,2021Q3,2021Q4,4,2021,2021-10-28,351002.0000,45197.0000,20551.0000,83360.0000,83360.0000,5772.0000,11388.0000,201697.0000,94680.0000,365817.0000,365817.0000,21914.0000,43887.0000
A,USD,STD,INDL,C,AAPL,2021-12-31,001690,APPLE INC,0000320193,9,2021-12-25,2021Q4,2022Q1,1,2022,2022-01-27,381191.0000,67005.0000,34630.0000,123945.0000,123945.0000,6306.0000,12755.0000,67005.0000,34630.0000,123945.0000,123945.0000,6306.0000,12755.0000
A,USD,STD,INDL,C,AAPL,2022-03-31,001690,APPLE INC,0000320193,9,2022-03-26,2022Q1,2022Q2,2,2022,2022-04-28,350662.0000,51982.0000,25010.0000,97278.0000,97278.0000,6387.0000,12580.0000,118987.0000,59640.0000,221223.0000,221223.0000,12693.0000,25335.0000
A,USD,STD,INDL,C,AAPL,2022-06-30,001690,APPLE INC,0000320193,9,2022-06-25,2022Q2,2022Q3,3,2022,2022-07-28,336309.0000,44269.0000,19442.0000,82959.0000,82959.0000,6797.0000,12809.0000,163256.0000,79082.0000,304182.0000,304182.0000,19490.0000,38144.0000
A,USD,STD,INDL,C,AAPL,2022-09-30,001690,APPLE INC,0000320193,9,2022-09-24,2022Q3,2022Q4,4,2022,2022-10-27,352755.0000,49186.0000,20721.0000,90146.0000,90146.0000,6761.0000,13201.0000,212442.0000,99803.0000,394328.0000,394328.0000,26251.0000,51345.0000
A,USD,STD,INDL,C,AAPL,2022-12-31,001690,APPLE INC,0000320193,9,2022-12-31,2022Q4,2023Q1,1,2023,2023-02-02,346747.0000,63906.0000,29998.0000,117154.0000,117154.0000,7709.0000,14316.0000,63906.0000,29998.0000,117154.0000,117154.0000,7709.0000,14316.0000
A,USD,STD,INDL,C,AAPL,2023-03-31,001690,APPLE INC,0000320193,9,2023-04-01,2023Q1,2023Q2,2,2023,2023-05-04,332160.0000,49962.0000,24160.0000,94836.0000,94836.0000,7457.0000,13658.0000,113868.0000,54158.0000,211990.0000,211990.0000,15166.0000,27974.0000
A,USD,STD,INDL,C,AAPL,2023-06-30,001690,APPLE INC,0000320193,9,2023-07-01,2023Q2,2023Q3,3,2023,2023-08-03,335038.0000,42332.0000,19881.0000,81797.0000,81797.0000,7442.0000,13415.0000,156200.0000,74039.0000,293787.0000,293787.0000,22608.0000,41389.0000
A,USD,STD,INDL,C,AAPL,2023-09-30,001690,APPLE INC,0000320193,9,2023-09-30,2023Q3,2023Q4,4,2023,2023-11-02,352583.0000,46418.0000,22956.0000,89498.0000,89498.0000,7307.0000,13458.0000,202618.0000,96995.0000,383285.0000,383285.0000,29915.0000,54847.0000
A,USD,STD,INDL,C,AAPL,2023-12-31,001690,APPLE INC,0000320193,9,2023-12-30,2023Q4,2024Q1,1,2024,2024-02-01,353514.0000,61872.0000,33916.0000,119575.0000,119575.0000,7696.0000,14482.0000,61872.0000,33916.0000,119575.0000,119575.0000,7696.0000,14482.0000
A,USD,STD,INDL,C,AAPL,2024-03-31,001690,APPLE INC,0000320193,9,2024-03-30,2024Q1,2024Q2,2,2024,2024-05-02,337411.0000,45646.0000,23636.0000,90753.0000,90753.0000,7903.0000,14371.0000,107518.0000,57552.0000,210328.0000,210328.0000,15599.0000,28853.0000
A,USD,STD,INDL,C,AAPL,2024-06-30,001690,APPLE INC,0000320193,9,2024-06-29,2024Q2,2024Q3,3,2024,2024-08-01,331612.0000,43249.0000,21448.0000,85777.0000,85777.0000,8006.0000,14326.0000,150767.0000,79000.0000,296105.0000,296105.0000,23605.0000,43179.0000
A,USD,STD,INDL,C,AAPL,2024-09-30,001690,APPLE INC,0000320193,9,2024-09-28,2024Q3,2024Q4,4,2024,2024-10-31,364980.0000,48140.0000,14736.0000,94930.0000,94930.0000,7765.0000,14288.0000,198907.0000,93736.0000,391035.0000,391035.0000,31370.0000,57467.0000
A,USD,STD,INDL,C,AAPL,2024-12-31,001690,APPLE INC,0000320193,9,2024-12-28,2024Q4,2025Q1,1,2025,2025-01-30,344085.0000,62945.0000,36330.0000,124300.0000,124300.0000,8268.0000,15443.0000,62945.0000,36330.0000,124300.0000,124300.0000,8268.0000,15443.0000
A,USD,STD,INDL,C,AAPL,2025-03-31,001690,APPLE INC,0000320193,9,2025-03-29,2025Q1,2025Q2,2,2025,2025-05-01,331233.0000,47831.0000,24780.0000,95359.0000,95359.0000,8550.0000,15278.0000,110776.0000,61110.0000,219659.0000,219659.0000,16818.0000,30721.0000
A,USD,STD,INDL,C,AAPL,2025-06-30,001690,APPLE INC,0000320193,9,2025-06-28,2025Q2,2025Q3,3,2025,2025-07-31,331495.0000,47488.0000,23434.0000,94036.0000,94036.0000,8866.0000,15516.0000,158264.0000,84544.0000,313695.0000,313695.0000,25684.0000,46237.0000
A,USD,STD,INDL,C,AAPL,2025-09-30,001690,APPLE INC,0000320193,9,2025-09-27,2025Q3,2025Q4,4,2025,2025-10-30,359241.0000,50998.0000,27466.0000,102466.0000,102466.0000,8866.0000,15914.0000,209262.0000,112010.0000,416161.0000,416161.0000,34550.0000,62151.0000
A,USD,STD,INDL,C,AAPL,2025-12-31,001690,APPLE INC,0000320193,9,2025-12-27,2025Q4,2026Q1,1,2026,2026-01-29,379297.0000,71311.0000,42097.0000,143756.0000,143756.0000,10887.0000,18379.0000,71311.0000,42097.0000,143756.0000,143756.0000,10887.0000,18379.0000
A,USD,STD,INDL,C,AAPL,2026-03-31,001690,APPLE INC,0000320193,9,2026-03-28,2026Q1,2026Q2,2,2026,2026-04-30,371082.0000,52964.0000,29578.0000,111184.0000,111184.0000,11419.0000,18896.0000,124275.0000,71675.0000,254940.0000,254940.0000,22306.0000,37275.0000
A,USD,STD,INDL,C,AAPL,2026-06-30,001690,APPLE INC,0000320193,9,2026-06-27,2026Q2,2026Q3,3,2026,2026-07-30,383266.0000,51327.0000,29789.0000,109417.0000,109417.0000,11729.0000,19075.0000,175602.0000,101464.0000,364357.0000,364357.0000,34035.0000,56350.0000
A,USD,STD,INDL,C,AMZN,2010-03-31,064768,AMAZON.COM INC,0001018724,12,2010-03-31,2010Q1,2010Q1,1,2010,2010-04-22,12042.0000,5382.0000,299.0000,7131.0000,7131.0000,366.0000,1210.0000,5382.0000,299.0000,7131.0000,7131.0000,366.0000,1210.0000
A,USD,STD,INDL,C,AMZN,2010-06-30,064768,AMAZON.COM INC,0001018724,12,2010-06-30,2010Q2,2010Q2,2,2010,2010-07-22,12397.0000,4827.0000,206.0000,6566.0000,6566.0000,407.0000,1313.0000,10209.0000,505.0000,13697.0000,13697.0000,773.0000,2523.0000
A,USD,STD,INDL,C,AMZN,2010-09-30,064768,AMAZON.COM INC,0001018724,12,2010-09-30,2010Q3,2010Q3,3,2010,2010-10-21,14162.0000,5636.0000,231.0000,7560.0000,7560.0000,443.0000,1481.0000,15845.0000,736.0000,21257.0000,21257.0000,1216.0000,4004.0000
A,USD,STD,INDL,C,AMZN,2010-12-31,064768,AMAZON.COM INC,0001018724,12,2010-12-31,2010Q4,2010Q4,4,2010,2011-01-27,18797.0000,10148.0000,416.0000,12947.0000,12947.0000,518.0000,2127.0000,25993.0000,1152.0000,34204.0000,34204.0000,1734.0000,6131.0000
A,USD,STD,INDL,C,AMZN,2011-03-31,064768,AMAZON.COM INC,0001018724,12,2011-03-31,2011Q1,2011Q1,1,2011,2011-04-26,16882.0000,7406.0000,201.0000,9857.0000,9857.0000,579.0000,1894.0000,7406.0000,201.0000,9857.0000,9857.0000,579.0000,1894.0000
A,USD,STD,INDL,C,AMZN,2011-06-30,064768,AMAZON.COM INC,0001018724,12,2011-06-30,2011Q2,2011Q2,2,2011,2011-07-26,17941.0000,7281.0000,190.0000,9913.0000,9913.0000,699.0000,2146.0000,14687.0000,391.0000,19770.0000,19770.0000,1278.0000,4040.0000
A,USD,STD,INDL,C,AMZN,2011-09-30,064768,AMAZON.COM INC,0001018724,12,2011-09-30,2011Q3,2011Q3,3,2011,2011-10-25,19054.0000,8046.0000,63.0000,10876.0000,10876.0000,769.0000,2435.0000,22733.0000,454.0000,30646.0000,30646.0000,2047.0000,6475.0000
A,USD,STD,INDL,C,AMZN,2011-12-31,064768,AMAZON.COM INC,0001018724,12,2011-12-31,2011Q4,2011Q4,4,2011,2012-01-31,25278.0000,13472.0000,177.0000,17431.0000,17431.0000,862.0000,3298.0000,36205.0000,631.0000,48077.0000,48077.0000,2909.0000,9773.0000
A,USD,STD,INDL,C,AMZN,2012-03-31,064768,AMAZON.COM INC,0001018724,12,2012-03-31,2012Q1,2012Q1,1,2012,2012-04-26,20339.0000,9570.0000,130.0000,13185.0000,13185.0000,945.0000,2920.0000,9570.0000,130.0000,13185.0000,13185.0000,945.0000,2920.0000
A,USD,STD,INDL,C,AMZN,2012-06-30,064768,AMAZON.COM INC,0001018724,12,2012-06-30,2012Q2,2012Q2,2,2012,2012-07-26,21022.0000,9003.0000,7.0000,12834.0000,12834.0000,1082.0000,3207.0000,18573.0000,137.0000,26019.0000,26019.0000,2027.0000,6127.0000
A,USD,STD,INDL,C,AMZN,2012-09-30,064768,AMAZON.COM INC,0001018724,12,2012-09-30,2012Q3,2012Q3,3,2012,2012-10-25,22834.0000,9764.0000,-274.0000,13806.0000,13806.0000,1192.0000,3472.0000,28337.0000,-137.0000,39825.0000,39825.0000,3219.0000,9599.0000
A,USD,STD,INDL,C,AMZN,2012-12-31,064768,AMAZON.COM INC,0001018724,12,2012-12-31,2012Q4,2012Q4,4,2012,2013-01-29,32555.0000,15475.0000,98.0000,21268.0000,21268.0000,1345.0000,4688.0000,43812.0000,-39.0000,61093.0000,61093.0000,4564.0000,14287.0000
A,USD,STD,INDL,C,AMZN,2013-03-31,064768,AMAZON.COM INC,0001018724,12,2013-03-31,2013Q1,2013Q1,1,2013,2013-04-25,28377.0000,11101.0000,82.0000,16070.0000,16070.0000,1383.0000,4057.0000,11101.0000,82.0000,16070.0000,16070.0000,1383.0000,4057.0000
A,USD,STD,INDL,C,AMZN,2013-06-30,064768,AMAZON.COM INC,0001018724,12,2013-06-30,2013Q2,2013Q2,2,2013,2013-07-25,29623.0000,10452.0000,-7.0000,15704.0000,15704.0000,1586.0000,4383.0000,21553.0000,75.0000,31774.0000,31774.0000,2969.0000,8440.0000
A,USD,STD,INDL,C,AMZN,2013-09-30,064768,AMAZON.COM INC,0001018724,12,2013-09-30,2013Q3,2013Q3,3,2013,2013-10-24,31861.0000,11531.0000,-41.0000,17091.0000,17091.0000,1734.0000,4741.0000,33084.0000,34.0000,48865.0000,48865.0000,4703.0000,13181.0000
A,USD,STD,INDL,C,AMZN,2013-12-31,064768,AMAZON.COM INC,0001018724,12,2013-12-31,2013Q4,2013Q4,4,2013,2014-01-30,40159.0000,17844.0000,240.0000,25587.0000,25587.0000,1862.0000,6231.0000,50928.0000,274.0000,74452.0000,74452.0000,6565.0000,19412.0000
A,USD,STD,INDL,C,AMZN,2014-03-31,064768,AMAZON.COM INC,0001018724,12,2014-03-31,2014Q1,2014Q1,1,2014,2014-04-24,36364.0000,13045.0000,108.0000,19741.0000,19741.0000,1991.0000,5505.0000,13045.0000,108.0000,19741.0000,19741.0000,1991.0000,5505.0000
A,USD,STD,INDL,C,AMZN,2014-06-30,064768,AMAZON.COM INC,0001018724,12,2014-06-30,2014Q2,2014Q2,2,2014,2014-07-24,37898.0000,12289.0000,-126.0000,19340.0000,19340.0000,2226.0000,5928.0000,25334.0000,-18.0000,39081.0000,39081.0000,4217.0000,11433.0000
A,USD,STD,INDL,C,AMZN,2014-09-30,064768,AMAZON.COM INC,0001018724,12,2014-09-30,2014Q3,2014Q3,3,2014,2014-10-23,40419.0000,13380.0000,-437.0000,20578.0000,20578.0000,2422.0000,6464.0000,38714.0000,-455.0000,59659.0000,59659.0000,6639.0000,17897.0000
A,USD,STD,INDL,C,AMZN,2014-12-31,064768,AMAZON.COM INC,0001018724,12,2014-12-31,2014Q4,2014Q4,4,2014,2015-01-29,54505.0000,19292.0000,214.0000,29329.0000,29329.0000,2636.0000,8028.0000,58006.0000,-241.0000,88988.0000,88988.0000,9275.0000,25925.0000
A,USD,STD,INDL,C,AMZN,2015-03-31,064768,AMAZON.COM INC,0001018724,12,2015-03-31,2015Q1,2015Q1,1,2015,2015-04-23,50075.0000,13969.0000,-57.0000,22717.0000,22717.0000,2754.0000,7023.0000,13969.0000,-57.0000,22717.0000,22717.0000,2754.0000,7023.0000
A,USD,STD,INDL,C,AMZN,2015-06-30,064768,AMAZON.COM INC,0001018724,12,2015-06-30,2015Q2,2015Q2,2,2015,2015-07-23,52440.0000,13656.0000,92.0000,23184.0000,23184.0000,3020.0000,7512.0000,27625.0000,35.0000,45901.0000,45901.0000,5774.0000,14535.0000
A,USD,STD,INDL,C,AMZN,2015-09-30,064768,AMAZON.COM INC,0001018724,12,2015-09-30,2015Q3,2015Q3,3,2015,2015-10-22,56230.0000,15156.0000,79.0000,25358.0000,25358.0000,3197.0000,8154.0000,42781.0000,114.0000,71259.0000,71259.0000,8971.0000,22689.0000
A,USD,STD,INDL,C,AMZN,2015-12-31,064768,AMAZON.COM INC,0001018724,12,2015-12-31,2015Q4,2015Q4,4,2015,2016-01-28,65444.0000,22589.0000,482.0000,35747.0000,35747.0000,3569.0000,10262.0000,65370.0000,596.0000,107006.0000,107006.0000,12540.0000,32951.0000
A,USD,STD,INDL,C,AMZN,2016-03-31,064768,AMAZON.COM INC,0001018724,12,2016-03-31,2016Q1,2016Q1,1,2016,2016-04-28,61128.0000,17039.0000,513.0000,29128.0000,29128.0000,3526.0000,9146.0000,17039.0000,513.0000,29128.0000,29128.0000,3526.0000,9146.0000
A,USD,STD,INDL,C,AMZN,2016-06-30,064768,AMAZON.COM INC,0001018724,12,2016-06-30,2016Q2,2016Q2,2,2016,2016-07-28,65076.0000,17272.0000,857.0000,30404.0000,30404.0000,3879.0000,9883.0000,34311.0000,1370.0000,59532.0000,59532.0000,7405.0000,19029.0000
A,USD,STD,INDL,C,AMZN,2016-09-30,064768,AMAZON.COM INC,0001018724,12,2016-09-30,2016Q3,2016Q3,3,2016,2016-10-27,70897.0000,19176.0000,252.0000,32714.0000,32714.0000,4136.0000,10847.0000,53487.0000,1622.0000,92246.0000,92246.0000,11541.0000,29876.0000
A,USD,STD,INDL,C,AMZN,2016-12-31,064768,AMAZON.COM INC,0001018724,12,2016-12-31,2016Q4,2016Q4,4,2016,2017-02-02,83402.0000,26662.0000,749.0000,43741.0000,43741.0000,4544.0000,13493.0000,80149.0000,2371.0000,135987.0000,135987.0000,16085.0000,43369.0000
A,USD,STD,INDL,C,AMZN,2017-03-31,064768,AMAZON.COM INC,0001018724,12,2017-03-31,2017Q1,2017Q1,1,2017,2017-04-27,80969.0000,20005.0000,724.0000,35714.0000,35714.0000,4813.0000,12225.0000,20005.0000,724.0000,35714.0000,35714.0000,4813.0000,12225.0000
A,USD,STD,INDL,C,AMZN,2017-06-30,064768,AMAZON.COM INC,0001018724,12,2017-06-30,2017Q2,2017Q2,2,2017,2017-07-27,87781.0000,20818.0000,197.0000,37955.0000,37955.0000,5550.0000,13812.0000,40823.0000,921.0000,73669.0000,73669.0000,10363.0000,26037.0000
A,USD,STD,INDL,C,AMZN,2017-09-30,064768,AMAZON.COM INC,0001018724,12,2017-09-30,2017Q3,2017Q3,3,2017,2017-10-26,115267.0000,24636.0000,255.0000,43744.0000,43744.0000,5943.0000,15803.0000,65459.0000,1176.0000,117413.0000,117413.0000,16306.0000,41840.0000
A,USD,STD,INDL,C,AMZN,2017-12-31,064768,AMAZON.COM INC,0001018724,12,2017-12-31,2017Q4,2017Q4,4,2017,2018-02-01,131310.0000,34997.0000,1857.0000,60453.0000,60453.0000,6314.0000,19772.0000,100456.0000,3033.0000,177866.0000,177866.0000,22620.0000,61612.0000
A,USD,STD,INDL,C,AMZN,2018-03-31,064768,AMAZON.COM INC,0001018724,12,2018-03-31,2018Q1,2018Q1,1,2018,2018-04-26,126362.0000,27064.0000,1629.0000,51042.0000,51042.0000,6759.0000,18317.0000,27064.0000,1629.0000,51042.0000,51042.0000,6759.0000,18317.0000
A,USD,STD,INDL,C,AMZN,2018-06-30,064768,AMAZON.COM INC,0001018724,12,2018-06-30,2018Q2,2018Q2,2,2018,2018-07-26,134100.0000,27002.0000,2534.0000,52886.0000,52886.0000,7247.0000,19190.0000,54066.0000,4163.0000,103928.0000,103928.0000,14006.0000,37507.0000
A,USD,STD,INDL,C,AMZN,2018-09-30,064768,AMAZON.COM INC,0001018724,12,2018-09-30,2018Q3,2018Q3,3,2018,2018-10-25,143695.0000,29225.0000,2883.0000,56576.0000,56576.0000,7162.0000,19781.0000,83291.0000,7046.0000,160504.0000,160504.0000,21168.0000,57288.0000
A,USD,STD,INDL,C,AMZN,2018-12-31,064768,AMAZON.COM INC,0001018724,12,2018-12-31,2018Q4,2018Q4,4,2018,2019-01-31,162648.0000,40524.0000,3027.0000,72383.0000,72383.0000,7669.0000,23726.0000,123815.0000,10073.0000,232887.0000,232887.0000,28837.0000,81014.0000
A,USD,STD,INDL,C,AMZN,2019-03-31,064768,AMAZON.COM INC,0001018724,12,2019-03-31,2019Q1,2019Q1,1,2019,2019-04-25,178102.0000,29066.0000,3561.0000,59700.0000,59700.0000,7927.0000,21365.0000,29066.0000,3561.0000,59700.0000,59700.0000,7927.0000,21365.0000
A,USD,STD,INDL,C,AMZN,2019-06-30,064768,AMAZON.COM INC,0001018724,12,2019-06-30,2019Q2,2019Q2,2,2019,2019-07-25,191351.0000,31135.0000,2625.0000,63404.0000,63404.0000,9064.0000,23897.0000,60201.0000,6186.0000,123104.0000,123104.0000,16991.0000,45262.0000
A,USD,STD,INDL,C,AMZN,2019-09-30,064768,AMAZON.COM INC,0001018724,12,2019-09-30,2019Q3,2019Q3,3,2019,2019-10-24,199099.0000,35739.0000,2134.0000,69982.0000,69982.0000,9200.0000,25467.0000,95940.0000,8320.0000,193086.0000,193086.0000,26191.0000,70729.0000
A,USD,STD,INDL,C,AMZN,2019-12-31,064768,AMAZON.COM INC,0001018724,12,2019-12-31,2019Q4,2019Q4,4,2019,2020-01-30,225248.0000,47807.0000,3268.0000,87436.0000,87436.0000,9740.0000,29515.0000,143747.0000,11588.0000,280522.0000,280522.0000,35931.0000,100244.0000
A,USD,STD,INDL,C,AMZN,2020-03-31,064768,AMAZON.COM INC,0001018724,12,2020-03-31,2020Q1,2020Q1,1,2020,2020-04-30,221238.0000,38895.0000,2535.0000,75452.0000,75452.0000,9325.0000,27136.0000,38895.0000,2535.0000,75452.0000,75452.0000,9325.0000,27136.0000
A,USD,STD,INDL,C,AMZN,2020-06-30,064768,AMAZON.COM INC,0001018724,12,2020-06-30,2020Q2,2020Q2,2,2020,2020-07-30,258314.0000,46912.0000,5243.0000,88912.0000,88912.0000,10388.0000,30119.0000,85807.0000,7778.0000,164364.0000,164364.0000,19713.0000,57255.0000
A,USD,STD,INDL,C,AMZN,2020-09-30,064768,AMAZON.COM INC,0001018724,12,2020-09-30,2020Q3,2020Q3,3,2020,2020-10-29,282179.0000,50583.0000,6331.0000,96145.0000,96145.0000,10978.0000,32784.0000,136390.0000,14109.0000,260509.0000,260509.0000,30691.0000,90039.0000
A,USD,STD,INDL,C,AMZN,2020-12-31,064768,AMAZON.COM INC,0001018724,12,2020-12-31,2020Q4,2020Q4,4,2020,2021-02-02,321195.0000,71666.0000,7222.0000,125555.0000,125555.0000,12049.0000,39894.0000,208056.0000,21331.0000,386064.0000,386064.0000,42740.0000,129933.0000
A,USD,STD,INDL,C,AMZN,2021-03-31,064768,AMAZON.COM INC,0001018724,12,2021-03-31,2021Q1,2021Q1,1,2021,2021-04-29,323077.0000,54895.0000,8107.0000,108518.0000,108518.0000,12488.0000,37212.0000,54895.0000,8107.0000,108518.0000,108518.0000,12488.0000,37212.0000
A,USD,STD,INDL,C,AMZN,2021-06-30,064768,AMAZON.COM INC,0001018724,12,2021-06-30,2021Q2,2021Q2,2,2021,2021-07-29,360319.0000,56138.0000,7778.0000,113080.0000,113080.0000,13871.0000,41191.0000,111033.0000,15885.0000,221598.0000,221598.0000,26359.0000,78403.0000
A,USD,STD,INDL,C,AMZN,2021-09-30,064768,AMAZON.COM INC,0001018724,12,2021-09-30,2021Q3,2021Q3,3,2021,2021-10-28,382406.0000,53982.0000,3156.0000,110812.0000,110812.0000,14380.0000,43041.0000,165015.0000,19041.0000,332410.0000,332410.0000,40739.0000,121444.0000
A,USD,STD,INDL,C,AMZN,2021-12-31,064768,AMAZON.COM INC,0001018724,12,2021-12-31,2021Q4,2021Q4,4,2021,2022-02-03,420549.0000,73033.0000,14323.0000,137412.0000,137412.0000,15313.0000,51093.0000,238048.0000,33364.0000,469822.0000,469822.0000,56052.0000,172537.0000
A,USD,STD,INDL,C,AMZN,2022-03-31,064768,AMAZON.COM INC,0001018724,12,2022-03-31,2022Q1,2022Q1,1,2022,2022-04-28,410767.0000,57306.0000,-3844.0000,116444.0000,116444.0000,14842.0000,46027.0000,57306.0000,-3844.0000,116444.0000,116444.0000,14842.0000,46027.0000
A,USD,STD,INDL,C,AMZN,2022-06-30,064768,AMAZON.COM INC,0001018724,12,2022-06-30,2022Q2,2022Q2,2,2022,2022-07-28,419728.0000,56708.0000,-2028.0000,121234.0000,121234.0000,18072.0000,51403.0000,114014.0000,-5872.0000,237678.0000,237678.0000,32914.0000,97430.0000
A,USD,STD,INDL,C,AMZN,2022-09-30,064768,AMAZON.COM INC,0001018724,12,2022-09-30,2022Q3,2022Q3,3,2022,2022-10-27,428362.0000,59941.0000,2872.0000,127101.0000,127101.0000,19485.0000,54143.0000,173955.0000,-3000.0000,364779.0000,364779.0000,52399.0000,151573.0000
A,USD,STD,INDL,C,AMZN,2022-12-31,064768,AMAZON.COM INC,0001018724,12,2022-12-31,2022Q4,2022Q4,4,2022,2023-02-02,462675.0000,72955.0000,278.0000,149204.0000,149204.0000,20814.0000,60068.0000,246910.0000,-2722.0000,513983.0000,513983.0000,73213.0000,211641.0000
A,USD,STD,INDL,C,AMZN,2023-03-31,064768,AMAZON.COM INC,0001018724,12,2023-03-31,2023Q1,2023Q1,1,2023,2023-04-27,464378.0000,56668.0000,3172.0000,127358.0000,127358.0000,20450.0000,54570.0000,56668.0000,3172.0000,127358.0000,127358.0000,20450.0000,54570.0000
A,USD,STD,INDL,C,AMZN,2023-06-30,064768,AMAZON.COM INC,0001018724,12,2023-06-30,2023Q2,2023Q2,2,2023,2023-08-03,477607.0000,57784.0000,6750.0000,134383.0000,134383.0000,21931.0000,57183.0000,114452.0000,9922.0000,261741.0000,261741.0000,42381.0000,111753.0000
A,USD,STD,INDL,C,AMZN,2023-09-30,064768,AMAZON.COM INC,0001018724,12,2023-09-30,2023Q3,2023Q3,3,2023,2023-10-26,486883.0000,62891.0000,9879.0000,143083.0000,143083.0000,21203.0000,56629.0000,177343.0000,19801.0000,404824.0000,404824.0000,63584.0000,168382.0000
A,USD,STD,INDL,C,AMZN,2023-12-31,064768,AMAZON.COM INC,0001018724,12,2023-12-31,2023Q4,2023Q4,4,2023,2024-02-01,527854.0000,78733.0000,10624.0000,169961.0000,169961.0000,22038.0000,64045.0000,256076.0000,30425.0000,574785.0000,574785.0000,85622.0000,232427.0000
A,USD,STD,INDL,C,AMZN,2024-03-31,064768,AMAZON.COM INC,0001018724,12,2024-03-31,2024Q1,2024Q1,1,2024,2024-04-30,530969.0000,60949.0000,10431.0000,143313.0000,143313.0000,20424.0000,55145.0000,60949.0000,10431.0000,143313.0000,143313.0000,20424.0000,55145.0000
A,USD,STD,INDL,C,AMZN,2024-06-30,064768,AMAZON.COM INC,0001018724,12,2024-06-30,2024Q2,2024Q2,2,2024,2024-08-01,554818.0000,61747.0000,13485.0000,147977.0000,147977.0000,22304.0000,59423.0000,122696.0000,23916.0000,291290.0000,291290.0000,42728.0000,114568.0000
A,USD,STD,INDL,C,AMZN,2024-09-30,064768,AMAZON.COM INC,0001018724,12,2024-09-30,2024Q3,2024Q3,3,2024,2024-10-31,584626.0000,67535.0000,15328.0000,158877.0000,158877.0000,22245.0000,60227.0000,190231.0000,39244.0000,450167.0000,450167.0000,64973.0000,174795.0000
A,USD,STD,INDL,C,AMZN,2024-12-31,064768,AMAZON.COM INC,0001018724,12,2024-12-31,2024Q4,2024Q4,4,2024,2025-02-06,624894.0000,83262.0000,20004.0000,187792.0000,187792.0000,23571.0000,67520.0000,273493.0000,59248.0000,637959.0000,637959.0000,88544.0000,242315.0000
A,USD,STD,INDL,C,AMZN,2025-03-31,064768,AMAZON.COM INC,0001018724,12,2025-03-31,2025Q1,2025Q1,1,2025,2025-05-01,643256.0000,62714.0000,17127.0000,155667.0000,155667.0000,22994.0000,59978.0000,62714.0000,17127.0000,155667.0000,155667.0000,22994.0000,59978.0000
A,USD,STD,INDL,C,AMZN,2025-06-30,064768,AMAZON.COM INC,0001018724,12,2025-06-30,2025Q2,2025Q2,2,2025,2025-07-31,682170.0000,65582.0000,18164.0000,167702.0000,167702.0000,27166.0000,67523.0000,128296.0000,35291.0000,323369.0000,323369.0000,50160.0000,127501.0000
A,USD,STD,INDL,C,AMZN,2025-09-30,064768,AMAZON.COM INC,0001018724,12,2025-09-30,2025Q3,2025Q3,3,2025,2025-10-30,727921.0000,71874.0000,21187.0000,180169.0000,180169.0000,28962.0000,69402.0000,200170.0000,56478.0000,503538.0000,503538.0000,79122.0000,196903.0000
A,USD,STD,INDL,C,AMZN,2025-12-31,064768,AMAZON.COM INC,0001018724,12,2025-12-31,2025Q4,2025Q4,4,2025,2026-02-05,818042.0000,90488.0000,21192.0000,213386.0000,213386.0000,29399.0000,76293.0000,290658.0000,77670.0000,716924.0000,716924.0000,108521.0000,273196.0000
A,USD,STD,INDL,C,AMZN,2026-03-31,064768,AMAZON.COM INC,0001018724,12,2026-03-31,2026Q1,2026Q1,1,2026,2026-04-29,916630.0000,68518.0000,30255.0000,181519.0000,181519.0000,29567.0000,69757.0000,68518.0000,30255.0000,181519.0000,181519.0000,29567.0000,69757.0000
A,USD,STD,INDL,C,AMZN,2026-06-30,064768,AMAZON.COM INC,0001018724,12,2026-06-30,2026Q2,2026Q2,2,2026,2026-07-30,1095689.0000,75790.0000,62647.0000,200606.0000,200606.0000,33158.0000,77277.0000,144308.0000,92902.0000,382125.0000,382125.0000,62725.0000,147034.0000
A,USD,STD,INDL,C,AVGO,2010-01-31,180711,BROADCOM INC,0001730168,10,2010-01-31,2009Q4,2010Q1,1,2010,2010-02-24,1632.0000,228.0000,38.0000,456.0000,456.0000,64.0000,110.0000,228.0000,38.0000,456.0000,456.0000,64.0000,110.0000
A,USD,STD,INDL,C,AVGO,2010-04-30,180711,BROADCOM INC,0001730168,10,2010-05-02,2010Q1,2010Q2,2,2010,2010-05-26,1782.0000,248.0000,90.0000,515.0000,515.0000,70.0000,118.0000,476.0000,128.0000,971.0000,971.0000,134.0000,228.0000
A,USD,STD,INDL,C,AVGO,2010-07-31,180711,BROADCOM INC,0001730168,10,2010-08-01,2010Q2,2010Q3,3,2010,2010-08-24,1920.0000,251.0000,123.0000,550.0000,550.0000,71.0000,122.0000,727.0000,251.0000,1521.0000,1521.0000,205.0000,350.0000
A,USD,STD,INDL,C,AVGO,2010-10-31,180711,BROADCOM INC,0001730168,10,2010-10-31,2010Q3,2010Q4,4,2010,2010-12-02,2157.0000,261.0000,164.0000,572.0000,572.0000,75.0000,126.0000,988.0000,415.0000,2093.0000,2093.0000,280.0000,476.0000
A,USD,STD,INDL,C,AVGO,2011-01-31,180711,BROADCOM INC,0001730168,10,2011-01-30,2010Q4,2011Q1,1,2011,2011-02-23,1971.0000,244.0000,119.0000,550.0000,550.0000,73.0000,123.0000,244.0000,119.0000,550.0000,550.0000,73.0000,123.0000
A,USD,STD,INDL,C,AVGO,2011-04-30,180711,BROADCOM INC,0001730168,10,2011-05-01,2011Q1,2011Q2,2,2011,2011-05-24,2177.0000,252.0000,135.0000,560.0000,560.0000,76.0000,131.0000,496.0000,254.0000,1110.0000,1110.0000,149.0000,254.0000
A,USD,STD,INDL,C,AVGO,2011-07-31,180711,BROADCOM INC,0001730168,10,2011-07-31,2011Q2,2011Q3,3,2011,2011-08-23,2273.0000,272.0000,144.0000,603.0000,603.0000,85.0000,145.0000,768.0000,398.0000,1713.0000,1713.0000,234.0000,399.0000
A,USD,STD,INDL,C,AVGO,2011-10-31,180711,BROADCOM INC,0001730168,10,2011-10-30,2011Q3,2011Q4,4,2011,2011-12-01,2446.0000,286.0000,154.0000,623.0000,623.0000,83.0000,138.0000,1054.0000,552.0000,2336.0000,2336.0000,317.0000,537.0000
A,USD,STD,INDL,C,AVGO,2012-01-31,180711,BROADCOM INC,0001730168,10,2012-01-29,2011Q4,2012Q1,1,2012,2012-02-22,2444.0000,261.0000,125.0000,563.0000,563.0000,82.0000,132.0000,261.0000,125.0000,563.0000,563.0000,82.0000,132.0000
A,USD,STD,INDL,C,AVGO,2012-04-30,180711,BROADCOM INC,0001730168,10,2012-04-29,2012Q1,2012Q2,2,2012,2012-05-22,2611.0000,265.0000,134.0000,577.0000,577.0000,84.0000,135.0000,526.0000,259.0000,1140.0000,1140.0000,166.0000,267.0000
A,USD,STD,INDL,C,AVGO,2012-07-31,180711,BROADCOM INC,0001730168,10,2012-07-29,2012Q2,2012Q3,3,2012,2012-08-16,2715.0000,277.0000,145.0000,606.0000,606.0000,89.0000,138.0000,803.0000,404.0000,1746.0000,1746.0000,255.0000,405.0000
A,USD,STD,INDL,C,AVGO,2012-10-31,180711,BROADCOM INC,0001730168,10,2012-10-28,2012Q3,2012Q4,4,2012,2012-11-29,2862.0000,283.0000,159.0000,618.0000,618.0000,80.0000,129.0000,1086.0000,563.0000,2364.0000,2364.0000,335.0000,534.0000
A,USD,STD,INDL,C,AVGO,2013-01-31,180711,BROADCOM INC,0001730168,10,2013-02-03,2012Q4,2013Q1,1,2013,2013-02-26,2892.0000,264.0000,125.0000,576.0000,576.0000,93.0000,146.0000,264.0000,125.0000,576.0000,576.0000,93.0000,146.0000
A,USD,STD,INDL,C,AVGO,2013-04-30,180711,BROADCOM INC,0001730168,10,2013-05-05,2013Q1,2013Q2,2,2013,2013-05-29,3039.0000,254.0000,113.0000,562.0000,562.0000,95.0000,145.0000,518.0000,238.0000,1138.0000,1138.0000,188.0000,291.0000
A,USD,STD,INDL,C,AVGO,2013-07-31,180711,BROADCOM INC,0001730168,10,2013-08-04,2013Q2,2013Q3,3,2013,2013-08-27,3204.0000,293.0000,142.0000,644.0000,644.0000,101.0000,154.0000,811.0000,380.0000,1782.0000,1782.0000,289.0000,445.0000
A,USD,STD,INDL,C,AVGO,2013-10-31,180711,BROADCOM INC,0001730168,10,2013-11-03,2013Q3,2013Q4,4,2013,2013-12-04,3415.0000,335.0000,172.0000,738.0000,738.0000,109.0000,164.0000,1146.0000,552.0000,2520.0000,2520.0000,398.0000,609.0000
A,USD,STD,INDL,C,AVGO,2014-01-31,180711,BROADCOM INC,0001730168,10,2014-02-02,2013Q4,2014Q1,1,2014,2014-02-25,3472.0000,314.0000,134.0000,709.0000,709.0000,107.0000,163.0000,314.0000,134.0000,709.0000,709.0000,107.0000,163.0000
A,USD,STD,INDL,C,AVGO,2014-04-30,180711,BROADCOM INC,0001730168,10,2014-05-04,2014Q1,2014Q2,2,2014,2014-05-29,3671.0000,288.0000,158.0000,701.0000,701.0000,114.0000,175.0000,602.0000,292.0000,1410.0000,1410.0000,221.0000,338.0000
A,USD,STD,INDL,C,AVGO,2014-07-31,180711,BROADCOM INC,0001730168,10,2014-08-03,2014Q2,2014Q3,3,2014,2014-08-28,10262.0000,497.0000,-164.0000,1269.0000,1269.0000,240.0000,351.0000,1099.0000,128.0000,2679.0000,2679.0000,461.0000,689.0000
A,USD,STD,INDL,C,AVGO,2014-10-31,180711,BROADCOM INC,0001730168,10,2014-11-02,2014Q3,2014Q4,4,2014,2014-12-03,10491.0000,626.0000,135.0000,1590.0000,1590.0000,234.0000,346.0000,1725.0000,263.0000,4269.0000,4269.0000,695.0000,1035.0000
A,USD,STD,INDL,C,AVGO,2015-01-31,180711,BROADCOM INC,0001730168,10,2015-02-01,2014Q4,2015Q1,1,2015,2015-02-25,10697.0000,635.0000,351.0000,1635.0000,1635.0000,235.0000,336.0000,635.0000,351.0000,1635.0000,1635.0000,235.0000,336.0000
A,USD,STD,INDL,C,AVGO,2015-04-30,180711,BROADCOM INC,0001730168,10,2015-05-03,2015Q1,2015Q2,2,2015,2015-05-28,10532.0000,595.0000,344.0000,1614.0000,1614.0000,251.0000,348.0000,1230.0000,695.0000,3249.0000,3249.0000,486.0000,684.0000
A,USD,STD,INDL,C,AVGO,2015-07-31,180711,BROADCOM INC,0001730168,10,2015-08-02,2015Q2,2015Q3,3,2015,2015-08-26,9988.0000,635.0000,240.0000,1735.0000,1735.0000,276.0000,386.0000,1865.0000,935.0000,4984.0000,4984.0000,762.0000,1070.0000
A,USD,STD,INDL,C,AVGO,2015-10-31,180711,BROADCOM INC,0001730168,10,2015-11-01,2015Q3,2015Q4,4,2015,2015-12-02,10592.0000,653.0000,429.0000,1840.0000,1840.0000,287.0000,394.0000,2518.0000,1364.0000,6824.0000,6824.0000,1049.0000,1464.0000
A,USD,STD,INDL,C,AVGO,2016-01-31,180711,BROADCOM INC,0001730168,10,2016-01-31,2015Q4,2016Q1,1,2016,2016-03-03,10777.0000,639.0000,377.0000,1771.0000,1771.0000,273.0000,357.0000,639.0000,377.0000,1771.0000,1771.0000,273.0000,357.0000
A,USD,STD,INDL,C,AVGO,2016-04-30,180711,BROADCOM INC,0001730168,10,2016-05-01,2016Q1,2016Q2,2,2016,2016-06-02,51407.0000,1330.0000,-1186.0000,3541.0000,3541.0000,807.0000,982.0000,1969.0000,-809.0000,5312.0000,5312.0000,1080.0000,1339.0000
A,USD,STD,INDL,C,AVGO,2016-07-31,180711,BROADCOM INC,0001730168,10,2016-07-31,2016Q2,2016Q3,3,2016,2016-09-01,49752.0000,1401.0000,-298.0000,3792.0000,3792.0000,1034.0000,1006.0000,3370.0000,-1107.0000,9104.0000,9104.0000,2114.0000,2345.0000
A,USD,STD,INDL,C,AVGO,2016-10-31,180711,BROADCOM INC,0001730168,10,2016-10-30,2016Q3,2016Q4,4,2016,2016-12-08,49966.0000,1518.0000,-632.0000,4136.0000,4136.0000,977.0000,997.0000,4888.0000,-1739.0000,13240.0000,13240.0000,3091.0000,3342.0000
A,USD,STD,INDL,C,AVGO,2017-01-31,180711,BROADCOM INC,0001730168,10,2017-01-29,2016Q4,2017Q1,1,2017,2017-03-01,49617.0000,1461.0000,239.0000,4139.0000,4139.0000,818.0000,971.0000,1461.0000,239.0000,4139.0000,4139.0000,818.0000,971.0000
A,USD,STD,INDL,C,AVGO,2017-04-30,180711,BROADCOM INC,0001730168,10,2017-04-30,2017Q1,2017Q2,2,2017,2017-06-01,49849.0000,1454.0000,440.0000,4190.0000,4190.0000,829.0000,1000.0000,2915.0000,679.0000,8329.0000,8329.0000,1637.0000,1971.0000
A,USD,STD,INDL,C,AVGO,2017-07-31,180711,BROADCOM INC,0001730168,10,2017-07-30,2017Q2,2017Q3,3,2017,2017-08-24,49942.0000,1546.0000,481.0000,4463.0000,4463.0000,827.0000,,4461.0000,1160.0000,12792.0000,12792.0000,2464.0000,
A,USD,STD,INDL,C,AVGO,2017-10-31,180711,BROADCOM INC,0001730168,10,2017-10-29,2017Q3,2017Q4,4,2017,2017-12-06,54418.0000,1680.0000,532.0000,4844.0000,4844.0000,828.0000,2011.0000,6141.0000,1692.0000,17636.0000,17636.0000,3292.0000,3982.0000
A,USD,STD,INDL,C,AVGO,2018-01-31,180711,BROADCOM INC,0001730168,10,2018-02-04,2017Q4,2018Q1,1,2018,2018-03-15,54544.0000,1771.0000,6230.0000,5327.0000,5327.0000,925.0000,1162.0000,1771.0000,6230.0000,5327.0000,5327.0000,925.0000,1162.0000
A,USD,STD,INDL,C,AVGO,2018-04-30,180711,BROADCOM INC,0001730168,10,2018-05-06,2018Q1,2018Q2,2,2018,2018-06-07,54936.0000,1568.0000,3718.0000,5014.0000,5014.0000,936.0000,1162.0000,3339.0000,9948.0000,10341.0000,10341.0000,1861.0000,2324.0000
A,USD,STD,INDL,C,AVGO,2018-07-31,180711,BROADCOM INC,0001730168,10,2018-08-05,2018Q2,2018Q3,3,2018,2018-09-06,50372.0000,1549.0000,1196.0000,5063.0000,5063.0000,959.0000,1167.0000,4888.0000,11144.0000,15404.0000,15404.0000,2820.0000,3491.0000
A,USD,STD,INDL,C,AVGO,2018-10-31,180711,BROADCOM INC,0001730168,10,2018-11-04,2018Q3,2018Q4,4,2018,2018-12-06,50124.0000,1614.0000,1115.0000,5444.0000,5444.0000,948.0000,1157.0000,6502.0000,12259.0000,20848.0000,20848.0000,3768.0000,4648.0000
A,USD,STD,INDL,C,AVGO,2019-01-31,180711,BROADCOM INC,0001730168,10,2019-02-03,2018Q4,2019Q1,1,2019,2019-03-14,72110.0000,1547.0000,471.0000,5789.0000,5789.0000,1133.0000,1512.0000,1547.0000,471.0000,5789.0000,5789.0000,1133.0000,1512.0000
A,USD,STD,INDL,C,AVGO,2019-04-30,180711,BROADCOM INC,0001730168,10,2019-05-05,2019Q1,2019Q2,2,2019,2019-06-13,70916.0000,1445.0000,691.0000,5517.0000,5517.0000,1151.0000,1525.0000,2992.0000,1162.0000,11306.0000,11306.0000,2284.0000,3037.0000
A,USD,STD,INDL,C,AVGO,2019-07-31,180711,BROADCOM INC,0001730168,10,2019-08-04,2019Q2,2019Q3,3,2019,2019-09-12,69767.0000,1505.0000,715.0000,5515.0000,5515.0000,1235.0000,1591.0000,4497.0000,1877.0000,16821.0000,16821.0000,3519.0000,4628.0000
A,USD,STD,INDL,C,AVGO,2019-10-31,180711,BROADCOM INC,0001730168,10,2019-11-03,2019Q3,2019Q4,4,2019,2019-12-12,67493.0000,1639.0000,847.0000,5776.0000,5776.0000,1177.0000,1520.0000,6136.0000,2724.0000,22597.0000,22597.0000,4696.0000,6148.0000
A,USD,STD,INDL,C,AVGO,2020-01-31,180711,BROADCOM INC,0001730168,10,2020-02-02,2019Q4,2020Q1,1,2020,2020-03-12,81006.0000,1478.0000,385.0000,5858.0000,5858.0000,1289.0000,1695.0000,1478.0000,385.0000,5858.0000,5858.0000,1289.0000,1695.0000
A,USD,STD,INDL,C,AVGO,2020-04-30,180711,BROADCOM INC,0001730168,10,2020-05-03,2020Q1,2020Q2,2,2020,2020-06-04,81548.0000,1440.0000,563.0000,5742.0000,5742.0000,1269.0000,1641.0000,2918.0000,948.0000,11600.0000,11600.0000,2558.0000,3336.0000
A,USD,STD,INDL,C,AVGO,2020-07-31,180711,BROADCOM INC,0001730168,10,2020-08-02,2020Q2,2020Q3,3,2020,2020-09-03,79298.0000,1399.0000,688.0000,5821.0000,5821.0000,1228.0000,1568.0000,4317.0000,1636.0000,17421.0000,17421.0000,3786.0000,4904.0000
A,USD,STD,INDL,C,AVGO,2020-10-31,180711,BROADCOM INC,0001730168,10,2020-11-01,2020Q3,2020Q4,4,2020,2020-12-10,75933.0000,1608.0000,1324.0000,6467.0000,6467.0000,1182.0000,1526.0000,5925.0000,2960.0000,23888.0000,23888.0000,4968.0000,6430.0000
A,USD,STD,INDL,C,AVGO,2021-01-31,180711,BROADCOM INC,0001730168,10,2021-01-31,2020Q4,2021Q1,1,2021,2021-03-04,76972.0000,1673.0000,1378.0000,6655.0000,6655.0000,1211.0000,1508.0000,1673.0000,1378.0000,6655.0000,6655.0000,1211.0000,1508.0000
A,USD,STD,INDL,C,AVGO,2021-04-30,180711,BROADCOM INC,0001730168,10,2021-05-02,2021Q1,2021Q2,2,2021,2021-06-03,75524.0000,1563.0000,1493.0000,6610.0000,6610.0000,1238.0000,1537.0000,3236.0000,2871.0000,13265.0000,13265.0000,2449.0000,3045.0000
A,USD,STD,INDL,C,AVGO,2021-07-31,180711,BROADCOM INC,0001730168,10,2021-08-01,2021Q2,2021Q3,3,2021,2021-09-02,75880.0000,1592.0000,1876.0000,6778.0000,6778.0000,1205.0000,1527.0000,4828.0000,4747.0000,20043.0000,20043.0000,3654.0000,4572.0000
A,USD,STD,INDL,C,AVGO,2021-10-31,180711,BROADCOM INC,0001730168,10,2021-10-31,2021Q3,2021Q4,4,2021,2021-12-09,75570.0000,1783.0000,1989.0000,7407.0000,7407.0000,1200.0000,1520.0000,6611.0000,6736.0000,27450.0000,27450.0000,4854.0000,6092.0000
A,USD,STD,INDL,C,AVGO,2022-01-31,180711,BROADCOM INC,0001730168,10,2022-01-30,2021Q4,2022Q1,1,2022,2022-03-03,73224.0000,1785.0000,2472.0000,7706.0000,7706.0000,1206.0000,1516.0000,1785.0000,2472.0000,7706.0000,7706.0000,1206.0000,1516.0000
A,USD,STD,INDL,C,AVGO,2022-04-30,180711,BROADCOM INC,0001730168,10,2022-05-01,2022Q1,2022Q2,2,2022,2022-05-26,71719.0000,1818.0000,2590.0000,8103.0000,8103.0000,1261.0000,1597.0000,3603.0000,5062.0000,15809.0000,15809.0000,2467.0000,3113.0000
A,USD,STD,INDL,C,AVGO,2022-07-31,180711,BROADCOM INC,0001730168,10,2022-07-31,2022Q2,2022Q3,3,2022,2022-09-01,71326.0000,1945.0000,3074.0000,8464.0000,8464.0000,1255.0000,1564.0000,5548.0000,8136.0000,24273.0000,24273.0000,3722.0000,4677.0000
A,USD,STD,INDL,C,AVGO,2022-10-31,180711,BROADCOM INC,0001730168,10,2022-10-30,2022Q3,2022Q4,4,2022,2022-12-08,73249.0000,2166.0000,3359.0000,8930.0000,8930.0000,1197.0000,1522.0000,7714.0000,11495.0000,33203.0000,33203.0000,4919.0000,6199.0000
A,USD,STD,INDL,C,AVGO,2023-01-31,180711,BROADCOM INC,0001730168,10,2023-01-29,2022Q4,2023Q1,1,2023,2023-03-02,72976.0000,2247.0000,3774.0000,8915.0000,8915.0000,1195.0000,1502.0000,2247.0000,3774.0000,8915.0000,8915.0000,1195.0000,1502.0000
A,USD,STD,INDL,C,AVGO,2023-04-30,180711,BROADCOM INC,0001730168,10,2023-04-30,2023Q1,2023Q2,2,2023,2023-06-01,71667.0000,2048.0000,3481.0000,8733.0000,8733.0000,1312.0000,1657.0000,4295.0000,7255.0000,17648.0000,17648.0000,2507.0000,3159.0000
A,USD,STD,INDL,C,AVGO,2023-07-31,180711,BROADCOM INC,0001730168,10,2023-07-30,2023Q2,2023Q3,3,2023,2023-08-31,71595.0000,2150.0000,3303.0000,8876.0000,8876.0000,1358.0000,1697.0000,6445.0000,10558.0000,26524.0000,26524.0000,3865.0000,4856.0000
A,USD,STD,INDL,C,AVGO,2023-10-31,180711,BROADCOM INC,0001730168,10,2023-10-29,2023Q3,2023Q4,4,2023,2023-12-07,72861.0000,2325.0000,3524.0000,9295.0000,9295.0000,1388.0000,1737.0000,8770.0000,14082.0000,35819.0000,35819.0000,5253.0000,6593.0000
A,USD,STD,INDL,C,AVGO,2024-01-31,180711,BROADCOM INC,0001730168,10,2024-02-04,2023Q4,2024Q1,1,2024,2024-03-07,177870.0000,2969.0000,1325.0000,11961.0000,11961.0000,2308.0000,3594.0000,2969.0000,1325.0000,11961.0000,11961.0000,2308.0000,3594.0000
A,USD,STD,INDL,C,AVGO,2024-04-30,180711,BROADCOM INC,0001730168,10,2024-05-05,2024Q1,2024Q2,2,2024,2024-06-12,175211.0000,2990.0000,2121.0000,12487.0000,12487.0000,2415.0000,3605.0000,5959.0000,3446.0000,24448.0000,24448.0000,4723.0000,7199.0000
A,USD,STD,INDL,C,AVGO,2024-07-31,180711,BROADCOM INC,0001730168,10,2024-08-04,2024Q2,2024Q3,3,2024,2024-09-05,167966.0000,2984.0000,-1875.0000,13072.0000,13072.0000,2353.0000,3372.0000,8943.0000,1571.0000,37520.0000,37520.0000,7076.0000,10571.0000
A,USD,STD,INDL,C,AVGO,2024-10-31,180711,BROADCOM INC,0001730168,10,2024-11-03,2024Q3,2024Q4,4,2024,2024-12-12,165645.0000,3243.0000,4324.0000,14054.0000,14054.0000,2234.0000,3158.0000,12186.0000,5895.0000,51574.0000,51574.0000,9310.0000,13729.0000
A,USD,STD,INDL,C,AVGO,2025-01-31,180711,BROADCOM INC,0001730168,10,2025-02-02,2024Q4,2025Q1,1,2025,2025-03-06,165358.0000,3131.0000,5503.0000,14916.0000,14916.0000,2253.0000,3095.0000,3131.0000,5503.0000,14916.0000,14916.0000,2253.0000,3095.0000
A,USD,STD,INDL,C,AVGO,2025-04-30,180711,BROADCOM INC,0001730168,10,2025-05-04,2025Q1,2025Q2,2,2025,2025-06-05,164630.0000,3154.0000,4965.0000,15004.0000,15004.0000,2693.0000,3686.0000,6285.0000,10468.0000,29920.0000,29920.0000,4946.0000,6781.0000
A,USD,STD,INDL,C,AVGO,2025-07-31,180711,BROADCOM INC,0001730168,10,2025-08-03,2025Q2,2025Q3,3,2025,2025-09-04,165621.0000,3562.0000,4140.0000,15952.0000,15952.0000,3050.0000,4115.0000,9847.0000,14608.0000,45872.0000,45872.0000,7996.0000,10896.0000
A,USD,STD,INDL,C,AVGO,2025-10-31,180711,BROADCOM INC,0001730168,10,2025-11-02,2025Q3,2025Q4,4,2025,2025-12-11,171092.0000,4065.0000,8518.0000,18015.0000,18015.0000,2981.0000,4076.0000,13912.0000,23126.0000,63887.0000,63887.0000,10977.0000,14972.0000
A,USD,STD,INDL,C,AVGO,2026-01-31,180711,BROADCOM INC,0001730168,10,2026-02-01,2025Q4,2026Q1,1,2026,2026-03-04,169903.0000,4529.0000,7349.0000,19311.0000,19311.0000,2965.0000,3982.0000,4529.0000,7349.0000,19311.0000,19311.0000,2965.0000,3982.0000
A,USD,STD,INDL,C,AVGO,2026-04-30,180711,BROADCOM INC,0001730168,10,2026-05-03,2026Q1,2026Q2,2,2026,2026-06-03,179158.0000,5138.0000,9310.0000,22187.0000,22187.0000,2995.0000,4050.0000,9667.0000,16659.0000,41498.0000,41498.0000,5960.0000,8032.0000
A,USD,STD,INDL,C,GOOGL,2010-03-31,160329,ALPHABET INC,0001652044,12,2010-03-31,2010Q1,2010Q1,1,2010,2010-04-15,42871.0000,2125.0000,1955.0000,6775.0000,6775.0000,818.0000,1835.0000,2125.0000,1955.0000,6775.0000,6775.0000,818.0000,1835.0000
A,USD,STD,INDL,C,GOOGL,2010-06-30,160329,ALPHABET INC,0001652044,12,2010-06-30,2010Q2,2010Q2,2,2010,2010-07-15,48045.0000,2131.0000,1840.0000,6820.0000,6820.0000,898.0000,1988.0000,4256.0000,3795.0000,13595.0000,13595.0000,1716.0000,3823.0000
A,USD,STD,INDL,C,GOOGL,2010-09-30,160329,ALPHABET INC,0001652044,12,2010-09-30,2010Q3,2010Q3,3,2010,2010-10-14,53342.0000,2209.0000,2167.0000,7286.0000,7286.0000,995.0000,2188.0000,6465.0000,5962.0000,20881.0000,20881.0000,2711.0000,6011.0000
A,USD,STD,INDL,C,GOOGL,2010-12-31,160329,ALPHABET INC,0001652044,12,2010-12-31,2010Q4,2010Q4,4,2010,2011-01-20,57851.0000,2571.0000,2543.0000,8440.0000,8440.0000,1051.0000,2512.0000,9036.0000,8505.0000,29321.0000,29321.0000,3762.0000,8523.0000
A,USD,STD,INDL,C,GOOGL,2011-03-31,160329,ALPHABET INC,0001652044,12,2011-03-31,2011Q1,2011Q1,1,2011,2011-04-14,59960.0000,2540.0000,1798.0000,8575.0000,8575.0000,1226.0000,2843.0000,2540.0000,1798.0000,8575.0000,8575.0000,1226.0000,2843.0000
A,USD,STD,INDL,C,GOOGL,2011-06-30,160329,ALPHABET INC,0001652044,12,2011-06-30,2011Q2,2011Q2,2,2011,2011-07-14,64861.0000,2718.0000,2506.0000,9027.0000,9027.0000,1234.0000,2974.0000,5258.0000,4304.0000,17602.0000,17602.0000,2460.0000,5817.0000
A,USD,STD,INDL,C,GOOGL,2011-09-30,160329,ALPHABET INC,0001652044,12,2011-09-30,2011Q3,2011Q3,3,2011,2011-10-13,69088.0000,2889.0000,2729.0000,9720.0000,9720.0000,1404.0000,3285.0000,8147.0000,7033.0000,27322.0000,27322.0000,3864.0000,9102.0000
A,USD,STD,INDL,C,GOOGL,2011-12-31,160329,ALPHABET INC,0001652044,12,2011-12-31,2011Q4,2011Q4,4,2011,2012-01-19,72574.0000,3204.0000,2704.0000,10583.0000,10583.0000,1298.0000,3373.0000,11351.0000,9737.0000,37905.0000,37905.0000,5162.0000,12475.0000
A,USD,STD,INDL,C,GOOGL,2012-03-31,160329,ALPHABET INC,0001652044,12,2012-03-31,2012Q1,2012Q1,1,2012,2012-04-12,77144.0000,3287.0000,2890.0000,10645.0000,10645.0000,1441.0000,3467.0000,3287.0000,2890.0000,10645.0000,10645.0000,1441.0000,3467.0000
A,USD,STD,INDL,C,GOOGL,2012-06-30,160329,ALPHABET INC,0001652044,12,2012-06-30,2012Q2,2012Q2,2,2012,2012-07-19,86051.0000,4012.0000,2785.0000,11807.0000,11807.0000,1538.0000,3695.0000,7299.0000,5675.0000,22452.0000,22452.0000,2979.0000,7162.0000
A,USD,STD,INDL,C,GOOGL,2012-09-30,160329,ALPHABET INC,0001652044,12,2012-09-30,2012Q3,2012Q3,3,2012,2012-10-18,89730.0000,5105.0000,2176.0000,13304.0000,13304.0000,1879.0000,4368.0000,12404.0000,7851.0000,35756.0000,35756.0000,4858.0000,11530.0000
A,USD,STD,INDL,C,GOOGL,2012-12-31,160329,ALPHABET INC,0001652044,12,2012-12-31,2012Q4,2012Q4,4,2012,2013-01-22,93798.0000,5229.0000,2886.0000,14419.0000,14419.0000,1935.0000,4754.0000,17633.0000,10737.0000,50175.0000,50175.0000,6793.0000,16284.0000
A,USD,STD,INDL,C,GOOGL,2013-03-31,160329,ALPHABET INC,0001652044,12,2013-03-31,2013Q1,2013Q1,1,2013,2013-04-18,96692.0000,4273.0000,3346.0000,12951.0000,12951.0000,1617.0000,4067.0000,4273.0000,3346.0000,12951.0000,12951.0000,1617.0000,4067.0000
A,USD,STD,INDL,C,GOOGL,2013-06-30,160329,ALPHABET INC,0001652044,12,2013-06-30,2013Q2,2013Q2,2,2013,2013-07-18,101182.0000,4202.0000,3228.0000,13107.0000,13107.0000,1766.0000,4447.0000,8475.0000,6574.0000,26058.0000,26058.0000,3383.0000,8514.0000
A,USD,STD,INDL,C,GOOGL,2013-09-30,160329,ALPHABET INC,0001652044,12,2013-09-30,2013Q3,2013Q3,3,2013,2013-10-17,105068.0000,4472.0000,2970.0000,13754.0000,13754.0000,1821.0000,4584.0000,12947.0000,9544.0000,39812.0000,39812.0000,5204.0000,13098.0000
A,USD,STD,INDL,C,GOOGL,2013-12-31,160329,ALPHABET INC,0001652044,12,2013-12-31,2013Q4,2013Q4,4,2013,2014-01-30,110920.0000,5254.0000,3376.0000,15707.0000,15707.0000,1933.0000,5025.0000,18201.0000,12920.0000,55519.0000,55519.0000,7137.0000,18123.0000
A,USD,STD,INDL,C,GOOGL,2014-03-31,160329,ALPHABET INC,0001652044,12,2014-03-31,2014Q1,2014Q1,1,2014,2014-04-16,116526.0000,4875.0000,3371.0000,15420.0000,15420.0000,2126.0000,5344.0000,4875.0000,3371.0000,15420.0000,15420.0000,2126.0000,5344.0000
A,USD,STD,INDL,C,GOOGL,2014-06-30,160329,ALPHABET INC,0001652044,12,2014-06-30,2014Q2,2014Q2,2,2014,2014-07-17,121608.0000,5035.0000,3351.0000,15955.0000,15955.0000,2238.0000,5583.0000,9910.0000,6722.0000,31375.0000,31375.0000,4364.0000,10927.0000
A,USD,STD,INDL,C,GOOGL,2014-09-30,160329,ALPHABET INC,0001652044,12,2014-09-30,2014Q3,2014Q3,3,2014,2014-10-16,125781.0000,5148.0000,2739.0000,16523.0000,16523.0000,2655.0000,6104.0000,15058.0000,9461.0000,47898.0000,47898.0000,7019.0000,17031.0000
A,USD,STD,INDL,C,GOOGL,2014-12-31,160329,ALPHABET INC,0001652044,12,2014-12-31,2014Q4,2014Q4,4,2014,2015-01-29,131133.0000,5653.0000,4675.0000,18103.0000,18103.0000,2813.0000,6783.0000,20711.0000,14136.0000,66001.0000,66001.0000,9832.0000,23814.0000
A,USD,STD,INDL,C,GOOGL,2015-03-31,160329,ALPHABET INC,0001652044,12,2015-03-31,2015Q1,2015Q1,1,2015,2015-04-23,133400.0000,5179.0000,3515.0000,17258.0000,17258.0000,2753.0000,6455.0000,5179.0000,3515.0000,17258.0000,17258.0000,2753.0000,6455.0000
A,USD,STD,INDL,C,GOOGL,2015-06-30,160329,ALPHABET INC,0001652044,12,2015-06-30,2015Q2,2015Q2,2,2015,2015-07-16,138807.0000,5349.0000,3931.0000,17727.0000,17727.0000,2789.0000,6319.0000,10528.0000,7446.0000,34985.0000,34985.0000,5542.0000,12774.0000
A,USD,STD,INDL,C,GOOGL,2015-09-30,160329,ALPHABET INC,0001652044,12,2015-09-30,2015Q3,2015Q3,3,2015,2015-10-22,144281.0000,5789.0000,3979.0000,18675.0000,18675.0000,3230.0000,6930.0000,16317.0000,11425.0000,53660.0000,53660.0000,8772.0000,19704.0000
A,USD,STD,INDL,C,GOOGL,2015-12-31,160329,ALPHABET INC,0001652044,12,2015-12-31,2015Q4,2015Q4,4,2015,2016-02-01,147461.0000,6784.0000,4923.0000,21329.0000,21329.0000,3510.0000,7761.0000,23101.0000,16348.0000,74989.0000,74989.0000,12282.0000,27465.0000
A,USD,STD,INDL,C,GOOGL,2016-03-31,160329,ALPHABET INC,0001652044,12,2016-03-31,2016Q1,2016Q1,1,2016,2016-04-21,149747.0000,6277.0000,4207.0000,20257.0000,20257.0000,3367.0000,7267.0000,6277.0000,4207.0000,20257.0000,20257.0000,3367.0000,7267.0000
A,USD,STD,INDL,C,GOOGL,2016-06-30,160329,ALPHABET INC,0001652044,12,2016-06-30,2016Q2,2016Q2,2,2016,2016-07-28,154292.0000,6640.0000,4877.0000,21500.0000,21500.0000,3363.0000,7402.0000,12917.0000,9084.0000,41757.0000,41757.0000,6730.0000,14669.0000
A,USD,STD,INDL,C,GOOGL,2016-09-30,160329,ALPHABET INC,0001652044,12,2016-09-30,2016Q3,2016Q3,3,2016,2016-10-27,159948.0000,7103.0000,5061.0000,22451.0000,22451.0000,3596.0000,7985.0000,20020.0000,14145.0000,64208.0000,64208.0000,10326.0000,22654.0000
A,USD,STD,INDL,C,GOOGL,2016-12-31,160329,ALPHABET INC,0001652044,12,2016-12-31,2016Q4,2016Q4,4,2016,2017-01-26,167497.0000,8974.0000,5333.0000,26064.0000,26064.0000,3622.0000,8764.0000,28994.0000,19478.0000,90272.0000,90272.0000,13948.0000,31418.0000
A,USD,STD,INDL,C,GOOGL,2017-03-31,160329,ALPHABET INC,0001652044,12,2017-03-31,2017Q1,2017Q1,1,2017,2017-04-27,172756.0000,8302.0000,5426.0000,24750.0000,24750.0000,3942.0000,8387.0000,8302.0000,5426.0000,24750.0000,24750.0000,3942.0000,8387.0000
A,USD,STD,INDL,C,GOOGL,2017-06-30,160329,ALPHABET INC,0001652044,12,2017-06-30,2017Q2,2017Q2,2,2017,2017-07-24,178621.0000,8749.0000,3524.0000,26010.0000,26010.0000,4172.0000,8769.0000,17051.0000,8950.0000,50760.0000,50760.0000,8114.0000,17156.0000
A,USD,STD,INDL,C,GOOGL,2017-09-30,160329,ALPHABET INC,0001652044,12,2017-09-30,2017Q3,2017Q3,3,2017,2017-10-26,189536.0000,9393.0000,6732.0000,27772.0000,27772.0000,4205.0000,8842.0000,26444.0000,15682.0000,78532.0000,78532.0000,12319.0000,25998.0000
A,USD,STD,INDL,C,GOOGL,2017-12-31,160329,ALPHABET INC,0001652044,12,2017-12-31,2017Q4,2017Q4,4,2017,2018-02-01,197295.0000,12240.0000,-3020.0000,32323.0000,32323.0000,4306.0000,10392.0000,38684.0000,12662.0000,110855.0000,110855.0000,16625.0000,36390.0000
A,USD,STD,INDL,C,GOOGL,2018-03-31,160329,ALPHABET INC,0001652044,12,2018-03-31,2018Q1,2018Q1,1,2018,2018-04-23,206935.0000,11481.0000,9401.0000,31146.0000,31146.0000,5039.0000,10046.0000,11481.0000,9401.0000,31146.0000,31146.0000,5039.0000,10046.0000
A,USD,STD,INDL,C,GOOGL,2018-06-30,160329,ALPHABET INC,0001652044,12,2018-06-30,2018Q2,2018Q2,2,2018,2018-07-23,211610.0000,11771.0000,3195.0000,32657.0000,32657.0000,5114.0000,10658.0000,23252.0000,12596.0000,63803.0000,63803.0000,10153.0000,20704.0000
A,USD,STD,INDL,C,GOOGL,2018-09-30,160329,ALPHABET INC,0001652044,12,2018-09-30,2018Q3,2018Q3,3,2018,2018-10-25,221538.0000,11925.0000,9192.0000,33740.0000,33740.0000,5232.0000,10834.0000,35177.0000,21788.0000,97543.0000,97543.0000,15385.0000,31538.0000
A,USD,STD,INDL,C,GOOGL,2018-12-31,160329,ALPHABET INC,0001652044,12,2018-12-31,2018Q4,2018Q4,4,2018,2019-02-04,232792.0000,15343.0000,8948.0000,39276.0000,39276.0000,6034.0000,13137.0000,50520.0000,30736.0000,136819.0000,136819.0000,21419.0000,44675.0000
A,USD,STD,INDL,C,GOOGL,2019-03-31,160329,ALPHABET INC,0001652044,12,2019-03-31,2019Q1,2019Q1,1,2019,2019-04-29,245349.0000,13399.0000,6657.0000,36339.0000,36339.0000,6029.0000,12022.0000,13399.0000,6657.0000,36339.0000,36339.0000,6029.0000,12022.0000
A,USD,STD,INDL,C,GOOGL,2019-06-30,160329,ALPHABET INC,0001652044,12,2019-06-30,2019Q2,2019Q2,2,2019,2019-07-25,257101.0000,14461.0000,9947.0000,38944.0000,38944.0000,6213.0000,12468.0000,27860.0000,16604.0000,75283.0000,75283.0000,12242.0000,24490.0000
A,USD,STD,INDL,C,GOOGL,2019-09-30,160329,ALPHABET INC,0001652044,12,2019-09-30,2019Q3,2019Q3,3,2019,2019-10-28,263044.0000,14648.0000,7068.0000,40499.0000,40499.0000,6554.0000,13200.0000,42508.0000,23672.0000,115782.0000,115782.0000,18796.0000,37690.0000
A,USD,STD,INDL,C,GOOGL,2019-12-31,160329,ALPHABET INC,0001652044,12,2019-12-31,2019Q4,2019Q4,4,2019,2020-02-03,275909.0000,17737.0000,10671.0000,46075.0000,46075.0000,7222.0000,15789.0000,60245.0000,34343.0000,161857.0000,161857.0000,26018.0000,53479.0000
A,USD,STD,INDL,C,GOOGL,2020-03-31,160329,ALPHABET INC,0001652044,12,2020-03-31,2020Q1,2020Q1,1,2020,2020-04-28,273403.0000,15879.0000,6836.0000,41159.0000,41159.0000,6820.0000,14200.0000,15879.0000,6836.0000,41159.0000,41159.0000,6820.0000,14200.0000
A,USD,STD,INDL,C,GOOGL,2020-06-30,160329,ALPHABET INC,0001652044,12,2020-06-30,2020Q2,2020Q2,2,2020,2020-07-30,278492.0000,15181.0000,6959.0000,38297.0000,38297.0000,6875.0000,13361.0000,31060.0000,13795.0000,79456.0000,79456.0000,13695.0000,27561.0000
A,USD,STD,INDL,C,GOOGL,2020-09-30,160329,ALPHABET INC,0001652044,12,2020-09-30,2020Q3,2020Q3,3,2020,2020-10-29,299243.0000,17639.0000,11247.0000,46173.0000,46173.0000,6856.0000,13843.0000,48699.0000,25042.0000,125629.0000,125629.0000,20551.0000,41404.0000
A,USD,STD,INDL,C,GOOGL,2020-12-31,160329,ALPHABET INC,0001652044,12,2020-12-31,2020Q4,2020Q4,4,2020,2021-02-02,319616.0000,22354.0000,15227.0000,56898.0000,56898.0000,7022.0000,15167.0000,71053.0000,40269.0000,182527.0000,182527.0000,27573.0000,56571.0000
A,USD,STD,INDL,C,GOOGL,2021-03-31,160329,ALPHABET INC,0001652044,12,2021-03-31,2021Q1,2021Q1,1,2021,2021-04-27,327095.0000,21361.0000,17930.0000,55314.0000,55314.0000,7485.0000,14774.0000,21361.0000,17930.0000,55314.0000,55314.0000,7485.0000,14774.0000
A,USD,STD,INDL,C,GOOGL,2021-06-30,160329,ALPHABET INC,0001652044,12,2021-06-30,2021Q2,2021Q2,2,2021,2021-07-27,335387.0000,23282.0000,18525.0000,61880.0000,61880.0000,7675.0000,16292.0000,44643.0000,36455.0000,117194.0000,117194.0000,15160.0000,31066.0000
A,USD,STD,INDL,C,GOOGL,2021-09-30,160329,ALPHABET INC,0001652044,12,2021-09-30,2021Q3,2021Q3,3,2021,2021-10-26,347403.0000,24317.0000,18936.0000,65118.0000,65118.0000,7694.0000,16466.0000,68960.0000,55391.0000,182312.0000,182312.0000,22854.0000,47532.0000
A,USD,STD,INDL,C,GOOGL,2021-12-31,160329,ALPHABET INC,0001652044,12,2021-12-31,2021Q4,2021Q4,4,2021,2022-02-01,359268.0000,29549.0000,20642.0000,75325.0000,75325.0000,8708.0000,20452.0000,98509.0000,76033.0000,257637.0000,257637.0000,31562.0000,67984.0000
A,USD,STD,INDL,C,GOOGL,2022-03-31,160329,ALPHABET INC,0001652044,12,2022-03-31,2022Q1,2022Q1,1,2022,2022-04-26,357096.0000,25817.0000,16436.0000,68011.0000,68011.0000,9119.0000,18318.0000,25817.0000,16436.0000,68011.0000,68011.0000,9119.0000,18318.0000
A,USD,STD,INDL,C,GOOGL,2022-06-30,160329,ALPHABET INC,0001652044,12,2022-06-30,2022Q2,2022Q2,2,2022,2022-07-26,355185.0000,26205.0000,16002.0000,69685.0000,69685.0000,9841.0000,20128.0000,52022.0000,32438.0000,137696.0000,137696.0000,18960.0000,38446.0000
A,USD,STD,INDL,C,GOOGL,2022-09-30,160329,ALPHABET INC,0001652044,12,2022-09-30,2022Q3,2022Q3,3,2022,2022-10-25,358255.0000,27112.0000,13910.0000,69092.0000,69092.0000,10273.0000,21016.0000,79134.0000,46348.0000,206788.0000,206788.0000,29233.0000,59462.0000
A,USD,STD,INDL,C,GOOGL,2022-12-31,160329,ALPHABET INC,0001652044,12,2022-12-31,2022Q4,2022Q4,4,2022,2023-02-02,365264.0000,31140.0000,13624.0000,76048.0000,76048.0000,10267.0000,22546.0000,110274.0000,59972.0000,282836.0000,282836.0000,39500.0000,82008.0000
A,USD,STD,INDL,C,GOOGL,2023-03-31,160329,ALPHABET INC,0001652044,12,2023-03-31,2023Q1,2023Q1,1,2023,2023-04-25,369491.0000,27516.0000,15051.0000,69787.0000,69787.0000,11468.0000,20227.0000,27516.0000,15051.0000,69787.0000,69787.0000,11468.0000,20227.0000
A,USD,STD,INDL,C,GOOGL,2023-06-30,160329,ALPHABET INC,0001652044,12,2023-06-30,2023Q2,2023Q2,2,2023,2023-07-25,383044.0000,29093.0000,18368.0000,74604.0000,74604.0000,10588.0000,20848.0000,56609.0000,33419.0000,144391.0000,144391.0000,22056.0000,41075.0000
A,USD,STD,INDL,C,GOOGL,2023-09-30,160329,ALPHABET INC,0001652044,12,2023-09-30,2023Q3,2023Q3,3,2023,2023-10-24,396711.0000,30041.0000,19689.0000,76693.0000,76693.0000,11258.0000,22052.0000,86650.0000,53108.0000,221084.0000,221084.0000,33314.0000,63127.0000
A,USD,STD,INDL,C,GOOGL,2023-12-31,160329,ALPHABET INC,0001652044,12,2023-12-31,2023Q4,2023Q4,4,2023,2024-01-30,402392.0000,34257.0000,20687.0000,86310.0000,86310.0000,12113.0000,25033.0000,120907.0000,73795.0000,307394.0000,307394.0000,45427.0000,88160.0000
A,USD,STD,INDL,C,GOOGL,2024-03-31,160329,ALPHABET INC,0001652044,12,2024-03-31,2024Q1,2024Q1,1,2024,2024-04-25,407350.0000,30146.0000,23662.0000,80539.0000,80539.0000,11903.0000,20792.0000,30146.0000,23662.0000,80539.0000,80539.0000,11903.0000,20792.0000
A,USD,STD,INDL,C,GOOGL,2024-06-30,160329,ALPHABET INC,0001652044,12,2024-06-30,2024Q2,2024Q2,2,2024,2024-07-23,414770.0000,31799.0000,23619.0000,84742.0000,84742.0000,11860.0000,21810.0000,61945.0000,47281.0000,165281.0000,165281.0000,23763.0000,42602.0000
A,USD,STD,INDL,C,GOOGL,2024-09-30,160329,ALPHABET INC,0001652044,12,2024-09-30,2024Q3,2024Q3,3,2024,2024-10-29,430266.0000,32489.0000,26301.0000,88268.0000,88268.0000,12447.0000,23273.0000,94434.0000,73582.0000,253549.0000,253549.0000,36210.0000,65875.0000
A,USD,STD,INDL,C,GOOGL,2024-12-31,160329,ALPHABET INC,0001652044,12,2024-12-31,2024Q4,2024Q4,4,2024,2025-02-04,450256.0000,36408.0000,26536.0000,96469.0000,96469.0000,13116.0000,24884.0000,130842.0000,100118.0000,350018.0000,350018.0000,49326.0000,90759.0000
A,USD,STD,INDL,C,GOOGL,2025-03-31,160329,ALPHABET INC,0001652044,12,2025-03-31,2025Q1,2025Q1,1,2025,2025-04-24,475374.0000,31752.0000,34540.0000,90234.0000,90234.0000,13556.0000,23267.0000,31752.0000,34540.0000,90234.0000,90234.0000,13556.0000,23267.0000
A,USD,STD,INDL,C,GOOGL,2025-06-30,160329,ALPHABET INC,0001652044,12,2025-06-30,2025Q2,2025Q2,2,2025,2025-07-23,502053.0000,33917.0000,28196.0000,96428.0000,96428.0000,13808.0000,24718.0000,65669.0000,62736.0000,186662.0000,186662.0000,27364.0000,47985.0000
A,USD,STD,INDL,C,GOOGL,2025-09-30,160329,ALPHABET INC,0001652044,12,2025-09-30,2025Q3,2025Q3,3,2025,2025-10-29,536469.0000,35757.0000,34979.0000,102345.0000,102345.0000,15151.0000,26292.0000,101672.0000,97715.0000,289007.0000,289007.0000,42515.0000,74277.0000
A,USD,STD,INDL,C,GOOGL,2025-12-31,160329,ALPHABET INC,0001652044,12,2025-12-31,2025Q4,2025Q4,4,2025,2026-02-04,595281.0000,39727.0000,34455.0000,113829.0000,113829.0000,18572.0000,32128.0000,141399.0000,132170.0000,402836.0000,402836.0000,61087.0000,106405.0000
A,USD,STD,INDL,C,GOOGL,2026-03-31,160329,ALPHABET INC,0001652044,12,2026-03-31,2026Q1,2026Q1,1,2026,2026-04-29,703919.0000,34611.0000,62578.0000,109896.0000,109896.0000,17032.0000,28629.0000,34611.0000,62578.0000,109896.0000,109896.0000,17032.0000,28629.0000
A,USD,STD,INDL,C,GOOGL,2026-06-30,160329,ALPHABET INC,0001652044,12,2026-06-30,2026Q2,2026Q2,2,2026,2026-07-22,921983.0000,38472.0000,112193.0000,119796.0000,119796.0000,18219.0000,31583.0000,73083.0000,174771.0000,229692.0000,229692.0000,35251.0000,60212.0000
A,USD,STD,INDL,C,META,2010-03-31,170617,META PLATFORMS INC,0001326801,12,,2010Q1,2010Q1,1,2010,,,100.0000,95.0000,345.0000,345.0000,25.0000,83.0000,100.0000,95.0000,345.0000,345.0000,25.0000,83.0000
A,USD,STD,INDL,C,META,2010-06-30,170617,META PLATFORMS INC,0001326801,12,,2010Q2,2010Q2,2,2010,,,111.0000,129.0000,432.0000,432.0000,32.0000,102.0000,211.0000,224.0000,777.0000,777.0000,57.0000,185.0000
A,USD,STD,INDL,C,META,2010-09-30,170617,META PLATFORMS INC,0001326801,12,,2010Q3,2010Q3,3,2010,,,131.0000,131.0000,467.0000,467.0000,41.0000,120.0000,342.0000,355.0000,1244.0000,1244.0000,98.0000,305.0000
A,USD,STD,INDL,C,META,2010-12-31,170617,META PLATFORMS INC,0001326801,12,2010-12-31,2010Q4,2010Q4,4,2010,,2990.0000,151.0000,251.0000,730.0000,730.0000,46.0000,144.0000,493.0000,606.0000,1974.0000,1974.0000,144.0000,449.0000
A,USD,STD,INDL,C,META,2011-03-31,170617,META PLATFORMS INC,0001326801,12,,2011Q1,2011Q1,1,2011,,,116.0000,233.0000,731.0000,731.0000,57.0000,176.0000,116.0000,233.0000,731.0000,731.0000,57.0000,176.0000
A,USD,STD,INDL,C,META,2011-06-30,170617,META PLATFORMS INC,0001326801,12,,2011Q2,2011Q2,2,2011,,,138.0000,238.0000,895.0000,895.0000,99.0000,278.0000,254.0000,471.0000,1626.0000,1626.0000,156.0000,454.0000
A,USD,STD,INDL,C,META,2011-09-30,170617,META PLATFORMS INC,0001326801,12,,2011Q3,2011Q3,3,2011,,,139.0000,227.0000,954.0000,954.0000,108.0000,304.0000,393.0000,698.0000,2580.0000,2580.0000,264.0000,758.0000
A,USD,STD,INDL,C,META,2011-12-31,170617,META PLATFORMS INC,0001326801,12,2011-12-31,2011Q4,2011Q4,4,2011,2012-02-01,6331.0000,144.0000,302.0000,1131.0000,1131.0000,124.0000,337.0000,537.0000,1000.0000,3711.0000,3711.0000,388.0000,1095.0000
A,USD,STD,INDL,C,META,2012-03-31,170617,META PLATFORMS INC,0001326801,12,2012-03-31,2012Q1,2012Q1,1,2012,2012-05-03,6859.0000,167.0000,205.0000,1058.0000,1058.0000,153.0000,400.0000,167.0000,205.0000,1058.0000,1058.0000,153.0000,400.0000
A,USD,STD,INDL,C,META,2012-06-30,170617,META PLATFORMS INC,0001326801,12,2012-06-30,2012Q2,2012Q2,2,2012,2012-07-26,14928.0000,228.0000,-157.0000,1184.0000,1184.0000,705.0000,1560.0000,395.0000,48.0000,2242.0000,2242.0000,858.0000,1960.0000
A,USD,STD,INDL,C,META,2012-09-30,170617,META PLATFORMS INC,0001326801,12,2012-09-30,2012Q3,2012Q3,3,2012,2012-10-23,16038.0000,147.0000,-59.0000,1262.0000,1262.0000,244.0000,562.0000,542.0000,-11.0000,3504.0000,3504.0000,1102.0000,2522.0000
A,USD,STD,INDL,C,META,2012-12-31,170617,META PLATFORMS INC,0001326801,12,2012-12-31,2012Q4,2012Q4,4,2012,2013-01-30,15103.0000,173.0000,64.0000,1585.0000,1585.0000,297.0000,665.0000,715.0000,53.0000,5089.0000,5089.0000,1399.0000,3187.0000
A,USD,STD,INDL,C,META,2013-03-31,170617,META PLATFORMS INC,0001326801,12,2013-03-31,2013Q1,2013Q1,1,2013,2013-05-01,15163.0000,172.0000,219.0000,1458.0000,1458.0000,293.0000,672.0000,172.0000,219.0000,1458.0000,1458.0000,293.0000,672.0000
A,USD,STD,INDL,C,META,2013-06-30,170617,META PLATFORMS INC,0001326801,12,2013-06-30,2013Q2,2013Q2,2,2013,2013-07-24,15724.0000,178.0000,333.0000,1813.0000,1813.0000,344.0000,786.0000,350.0000,552.0000,3271.0000,3271.0000,637.0000,1458.0000
A,USD,STD,INDL,C,META,2013-09-30,170617,META PLATFORMS INC,0001326801,12,2013-09-30,2013Q3,2013Q3,3,2013,2013-10-30,14933.0000,189.0000,425.0000,2015.0000,2015.0000,369.0000,772.0000,539.0000,977.0000,5286.0000,5286.0000,1006.0000,2230.0000
A,USD,STD,INDL,C,META,2013-12-31,170617,META PLATFORMS INC,0001326801,12,2013-12-31,2013Q4,2013Q4,4,2013,2014-01-29,17895.0000,208.0000,523.0000,2586.0000,2586.0000,409.0000,963.0000,747.0000,1500.0000,7872.0000,7872.0000,1415.0000,3193.0000
A,USD,STD,INDL,C,META,2014-03-31,170617,META PLATFORMS INC,0001326801,12,2014-03-31,2014Q1,2014Q1,1,2014,2014-04-23,19028.0000,216.0000,642.0000,2502.0000,2502.0000,455.0000,965.0000,216.0000,642.0000,2502.0000,2502.0000,455.0000,965.0000
A,USD,STD,INDL,C,META,2014-06-30,170617,META PLATFORMS INC,0001326801,12,2014-06-30,2014Q2,2014Q2,2,2014,2014-07-23,20769.0000,228.0000,791.0000,2910.0000,2910.0000,492.0000,1047.0000,444.0000,1433.0000,5412.0000,5412.0000,947.0000,2012.0000
A,USD,STD,INDL,C,META,2014-09-30,170617,META PLATFORMS INC,0001326801,12,2014-09-30,2014Q3,2014Q3,3,2014,2014-10-28,24188.0000,281.0000,806.0000,3203.0000,3203.0000,608.0000,1218.0000,725.0000,2239.0000,8615.0000,8615.0000,1555.0000,3230.0000
A,USD,STD,INDL,C,META,2014-12-31,170617,META PLATFORMS INC,0001326801,12,2014-12-31,2014Q4,2014Q4,4,2014,2015-01-28,40184.0000,219.0000,701.0000,3851.0000,3851.0000,1111.0000,2067.0000,944.0000,2940.0000,12466.0000,12466.0000,2666.0000,5297.0000
A,USD,STD,INDL,C,META,2015-03-31,170617,META PLATFORMS INC,0001326801,12,2015-03-31,2015Q1,2015Q1,1,2015,2015-04-22,42007.0000,197.0000,512.0000,3543.0000,3543.0000,1062.0000,1945.0000,197.0000,512.0000,3543.0000,3543.0000,1062.0000,1945.0000
A,USD,STD,INDL,C,META,2015-06-30,170617,META PLATFORMS INC,0001326801,12,2015-06-30,2015Q2,2015Q2,2,2015,2015-07-29,44130.0000,210.0000,719.0000,4043.0000,4043.0000,1169.0000,2090.0000,407.0000,1231.0000,7586.0000,7586.0000,2231.0000,4035.0000
A,USD,STD,INDL,C,META,2015-09-30,170617,META PLATFORMS INC,0001326801,12,2015-09-30,2015Q3,2015Q3,3,2015,2015-11-04,46469.0000,234.0000,896.0000,4501.0000,4501.0000,1271.0000,2310.0000,641.0000,2127.0000,12087.0000,12087.0000,3502.0000,6345.0000
A,USD,STD,INDL,C,META,2015-12-31,170617,META PLATFORMS INC,0001326801,12,2015-12-31,2015Q4,2015Q4,4,2015,2016-01-27,49407.0000,281.0000,1561.0000,5841.0000,5841.0000,1314.0000,2422.0000,922.0000,3688.0000,17928.0000,17928.0000,4816.0000,8767.0000
A,USD,STD,INDL,C,META,2016-03-31,170617,META PLATFORMS INC,0001326801,12,2016-03-31,2016Q1,2016Q1,1,2016,2016-04-27,52075.0000,286.0000,1737.0000,5382.0000,5382.0000,1343.0000,2510.0000,286.0000,1737.0000,5382.0000,5382.0000,1343.0000,2510.0000
A,USD,STD,INDL,C,META,2016-06-30,170617,META PLATFORMS INC,0001326801,12,2016-06-30,2016Q2,2016Q2,2,2016,2016-07-27,55739.0000,332.0000,2284.0000,6436.0000,6436.0000,1471.0000,2743.0000,618.0000,4021.0000,11818.0000,11818.0000,2814.0000,5253.0000
A,USD,STD,INDL,C,META,2016-09-30,170617,META PLATFORMS INC,0001326801,12,2016-09-30,2016Q3,2016Q3,3,2016,2016-11-02,59674.0000,395.0000,2628.0000,7011.0000,7011.0000,1542.0000,2888.0000,1013.0000,6649.0000,18829.0000,18829.0000,4356.0000,8141.0000
A,USD,STD,INDL,C,META,2016-12-31,170617,META PLATFORMS INC,0001326801,12,2016-12-31,2016Q4,2016Q4,4,2016,2017-02-01,64961.0000,434.0000,3568.0000,8809.0000,8809.0000,1563.0000,3215.0000,1447.0000,10217.0000,27638.0000,27638.0000,5919.0000,11356.0000
A,USD,STD,INDL,C,META,2017-03-31,170617,META PLATFORMS INC,0001326801,12,2017-03-31,2017Q1,2017Q1,1,2017,2017-05-03,68714.0000,488.0000,3064.0000,8032.0000,8032.0000,1834.0000,3462.0000,488.0000,3064.0000,8032.0000,8032.0000,1834.0000,3462.0000
A,USD,STD,INDL,C,META,2017-06-30,170617,META PLATFORMS INC,0001326801,12,2017-06-30,2017Q2,2017Q2,2,2017,2017-07-26,73843.0000,507.0000,3895.0000,9321.0000,9321.0000,1919.0000,3662.0000,995.0000,6959.0000,17353.0000,17353.0000,3753.0000,7124.0000
A,USD,STD,INDL,C,META,2017-09-30,170617,META PLATFORMS INC,0001326801,12,2017-09-30,2017Q3,2017Q3,3,2017,2017-11-01,78998.0000,676.0000,4706.0000,10328.0000,10328.0000,2052.0000,3758.0000,1671.0000,11665.0000,27681.0000,27681.0000,5805.0000,10882.0000
A,USD,STD,INDL,C,META,2017-12-31,170617,META PLATFORMS INC,0001326801,12,2017-12-31,2017Q4,2017Q4,4,2017,2018-01-31,84524.0000,758.0000,4269.0000,12972.0000,12972.0000,1949.0000,4009.0000,2429.0000,15934.0000,40653.0000,40653.0000,7754.0000,14891.0000
A,USD,STD,INDL,C,META,2018-03-31,170617,META PLATFORMS INC,0001326801,12,2018-03-31,2018Q1,2018Q1,1,2018,2018-04-25,88945.0000,978.0000,4988.0000,11966.0000,11966.0000,2238.0000,4590.0000,978.0000,4988.0000,11966.0000,11966.0000,2238.0000,4590.0000
A,USD,STD,INDL,C,META,2018-06-30,170617,META PLATFORMS INC,0001326801,12,2018-06-30,2018Q2,2018Q2,2,2018,2018-07-25,90291.0000,1180.0000,5105.0000,13231.0000,13231.0000,2523.0000,5153.0000,2158.0000,10093.0000,25197.0000,25197.0000,4761.0000,9743.0000
A,USD,STD,INDL,C,META,2018-09-30,170617,META PLATFORMS INC,0001326801,12,2018-09-30,2018Q3,2018Q3,3,2018,2018-10-30,92452.0000,1311.0000,5137.0000,13727.0000,13727.0000,2657.0000,5529.0000,3469.0000,15230.0000,38924.0000,38924.0000,7418.0000,15272.0000
A,USD,STD,INDL,C,META,2018-12-31,170617,META PLATFORMS INC,0001326801,12,2018-12-31,2018Q4,2018Q4,4,2018,2019-01-30,97334.0000,1571.0000,6882.0000,16914.0000,16914.0000,2855.0000,6298.0000,5040.0000,22112.0000,55838.0000,55838.0000,10273.0000,21570.0000
A,USD,STD,INDL,C,META,2019-03-31,170617,META PLATFORMS INC,0001326801,12,2019-03-31,2019Q1,2019Q1,1,2019,2019-04-24,109477.0000,1461.0000,2429.0000,15077.0000,15077.0000,2860.0000,5944.0000,1461.0000,2429.0000,15077.0000,15077.0000,2860.0000,5944.0000
A,USD,STD,INDL,C,META,2019-06-30,170617,META PLATFORMS INC,0001326801,12,2019-06-30,2019Q2,2019Q2,2,2019,2019-07-24,117006.0000,1805.0000,2616.0000,16886.0000,16886.0000,3315.0000,6953.0000,3266.0000,5045.0000,31963.0000,31963.0000,6175.0000,12897.0000
A,USD,STD,INDL,C,META,2019-09-30,170617,META PLATFORMS INC,0001326801,12,2019-09-30,2019Q3,2019Q3,3,2019,2019-10-30,124418.0000,1740.0000,6091.0000,17652.0000,17652.0000,3547.0000,7311.0000,5006.0000,11136.0000,49615.0000,49615.0000,9722.0000,20208.0000
A,USD,STD,INDL,C,META,2019-12-31,170617,META PLATFORMS INC,0001326801,12,2019-12-31,2019Q4,2019Q4,4,2019,2020-01-29,133376.0000,2023.0000,7349.0000,21082.0000,21082.0000,3878.0000,8733.0000,7029.0000,18485.0000,70697.0000,70697.0000,13600.0000,28941.0000
A,USD,STD,INDL,C,META,2020-03-31,170617,META PLATFORMS INC,0001326801,12,2020-03-31,2020Q1,2020Q1,1,2020,2020-04-29,138371.0000,1862.0000,4902.0000,17737.0000,17737.0000,4015.0000,8385.0000,1862.0000,4902.0000,17737.0000,17737.0000,4015.0000,8385.0000
A,USD,STD,INDL,C,META,2020-06-30,170617,META PLATFORMS INC,0001326801,12,2020-06-30,2020Q2,2020Q2,2,2020,2020-07-30,139691.0000,2125.0000,5179.0000,18686.0000,18686.0000,4462.0000,8894.0000,3987.0000,10081.0000,36423.0000,36423.0000,8477.0000,17279.0000
A,USD,STD,INDL,C,META,2020-09-30,170617,META PLATFORMS INC,0001326801,12,2020-09-30,2020Q3,2020Q3,3,2020,2020-10-29,146437.0000,2496.0000,7846.0000,21470.0000,21470.0000,4763.0000,9236.0000,6483.0000,17927.0000,57893.0000,57893.0000,13240.0000,26515.0000
A,USD,STD,INDL,C,META,2020-12-31,170617,META PLATFORMS INC,0001326801,12,2020-12-31,2020Q4,2020Q4,4,2020,2021-01-27,159316.0000,3347.0000,11219.0000,28072.0000,28072.0000,5207.0000,10087.0000,9830.0000,29146.0000,85965.0000,85965.0000,18447.0000,36602.0000
A,USD,STD,INDL,C,META,2021-03-31,170617,META PLATFORMS INC,0001326801,12,2021-03-31,2021Q1,2021Q1,1,2021,2021-04-28,163523.0000,3159.0000,9497.0000,26171.0000,26171.0000,5197.0000,9662.0000,3159.0000,9497.0000,26171.0000,26171.0000,5197.0000,9662.0000
A,USD,STD,INDL,C,META,2021-06-30,170617,META PLATFORMS INC,0001326801,12,2021-06-30,2021Q2,2021Q2,2,2021,2021-07-28,170609.0000,3413.0000,10395.0000,29077.0000,29077.0000,6096.0000,11311.0000,6572.0000,19892.0000,55248.0000,55248.0000,11293.0000,20973.0000
A,USD,STD,INDL,C,META,2021-09-30,170617,META PLATFORMS INC,0001326801,12,2021-09-30,2021Q3,2021Q3,3,2021,2021-10-25,169585.0000,3776.0000,9193.0000,29010.0000,29010.0000,6316.0000,12816.0000,10348.0000,29085.0000,84258.0000,84258.0000,17609.0000,33789.0000
A,USD,STD,INDL,C,META,2021-12-31,170617,META PLATFORMS INC,0001326801,12,2021-12-31,2021Q4,2021Q4,4,2021,2022-02-02,165987.0000,4334.0000,10285.0000,33671.0000,33671.0000,7046.0000,14738.0000,14682.0000,39370.0000,117929.0000,117929.0000,24655.0000,48527.0000
A,USD,STD,INDL,C,META,2022-03-31,170617,META PLATFORMS INC,0001326801,12,2022-03-31,2022Q1,2022Q1,1,2022,2022-04-27,164218.0000,3849.0000,7465.0000,27908.0000,27908.0000,7707.0000,13379.0000,3849.0000,7465.0000,27908.0000,27908.0000,7707.0000,13379.0000
A,USD,STD,INDL,C,META,2022-06-30,170617,META PLATFORMS INC,0001326801,12,2022-06-30,2022Q2,2022Q2,2,2022,2022-07-27,169779.0000,3213.0000,6687.0000,28821.0000,28821.0000,8690.0000,15272.0000,7062.0000,14152.0000,56729.0000,56729.0000,16397.0000,28651.0000
A,USD,STD,INDL,C,META,2022-09-30,170617,META PLATFORMS INC,0001326801,12,2022-09-30,2022Q3,2022Q3,3,2022,2022-10-26,178894.0000,3508.0000,4395.0000,27715.0000,27715.0000,9170.0000,15955.0000,10570.0000,18547.0000,84444.0000,84444.0000,25567.0000,44606.0000
A,USD,STD,INDL,C,META,2022-12-31,170617,META PLATFORMS INC,0001326801,12,2022-12-31,2022Q4,2022Q4,4,2022,2023-02-01,185727.0000,4498.0000,4653.0000,32165.0000,32165.0000,9771.0000,14694.0000,15068.0000,23200.0000,116609.0000,116609.0000,35338.0000,59300.0000
A,USD,STD,INDL,C,META,2023-03-31,170617,META PLATFORMS INC,0001326801,12,2023-03-31,2023Q1,2023Q1,1,2023,2023-04-26,184491.0000,3694.0000,5709.0000,28645.0000,28645.0000,9381.0000,14056.0000,3694.0000,5709.0000,28645.0000,28645.0000,9381.0000,14056.0000
A,USD,STD,INDL,C,META,2023-06-30,170617,META PLATFORMS INC,0001326801,12,2023-06-30,2023Q2,2023Q2,2,2023,2023-07-26,206688.0000,3366.0000,7789.0000,32000.0000,32000.0000,9344.0000,13969.0000,7060.0000,13498.0000,60645.0000,60645.0000,18725.0000,28025.0000
A,USD,STD,INDL,C,META,2023-09-30,170617,META PLATFORMS INC,0001326801,12,2023-09-30,2023Q3,2023Q3,3,2023,2023-10-25,216274.0000,3338.0000,11583.0000,34146.0000,34146.0000,9241.0000,13822.0000,10398.0000,25081.0000,94791.0000,94791.0000,27966.0000,41847.0000
A,USD,STD,INDL,C,META,2023-12-31,170617,META PLATFORMS INC,0001326801,12,2023-12-31,2023Q4,2023Q4,4,2023,2024-02-01,229623.0000,4430.0000,14017.0000,40111.0000,40111.0000,10517.0000,14976.0000,14828.0000,39098.0000,134902.0000,134902.0000,38483.0000,56823.0000
A,USD,STD,INDL,C,META,2024-03-31,170617,META PLATFORMS INC,0001326801,12,2024-03-31,2024Q1,2024Q1,1,2024,2024-04-24,222844.0000,3246.0000,12369.0000,36455.0000,36455.0000,9978.0000,15771.0000,3246.0000,12369.0000,36455.0000,36455.0000,9978.0000,15771.0000
A,USD,STD,INDL,C,META,2024-06-30,170617,META PLATFORMS INC,0001326801,12,2024-06-30,2024Q2,2024Q2,2,2024,2024-07-31,230238.0000,3668.0000,13465.0000,39072.0000,39072.0000,10537.0000,15479.0000,6914.0000,25834.0000,75527.0000,75527.0000,20515.0000,31250.0000
A,USD,STD,INDL,C,META,2024-09-30,170617,META PLATFORMS INC,0001326801,12,2024-09-30,2024Q3,2024Q3,3,2024,2024-10-30,256408.0000,3346.0000,15688.0000,40589.0000,40589.0000,11178.0000,15857.0000,10260.0000,41522.0000,116116.0000,116116.0000,31693.0000,47107.0000
A,USD,STD,INDL,C,META,2024-12-31,170617,META PLATFORMS INC,0001326801,12,2024-12-31,2024Q4,2024Q4,4,2024,2025-01-29,276054.0000,4372.0000,20838.0000,48385.0000,48385.0000,12180.0000,17645.0000,14632.0000,62360.0000,164501.0000,164501.0000,43873.0000,64752.0000
A,USD,STD,INDL,C,META,2025-03-31,170617,META PLATFORMS INC,0001326801,12,2025-03-31,2025Q1,2025Q1,1,2025,2025-04-30,280213.0000,3672.0000,16644.0000,42314.0000,42314.0000,12150.0000,17187.0000,3672.0000,16644.0000,42314.0000,42314.0000,12150.0000,17187.0000
A,USD,STD,INDL,C,META,2025-06-30,170617,META PLATFORMS INC,0001326801,12,2025-06-30,2025Q2,2025Q2,2,2025,2025-07-30,294744.0000,4149.0000,18337.0000,47516.0000,47516.0000,12942.0000,18583.0000,7821.0000,34981.0000,89830.0000,89830.0000,25092.0000,35770.0000
A,USD,STD,INDL,C,META,2025-09-30,170617,META PLATFORMS INC,0001326801,12,2025-09-30,2025Q3,2025Q3,3,2025,2025-10-29,303844.0000,4243.0000,2709.0000,51243.0000,51243.0000,15145.0000,21503.0000,12064.0000,37690.0000,141073.0000,141073.0000,40237.0000,57273.0000
A,USD,STD,INDL,C,META,2025-12-31,170617,META PLATFORMS INC,0001326801,12,2025-12-31,2025Q4,2025Q4,4,2025,2026-01-28,366021.0000,5495.0000,22768.0000,59893.0000,59893.0000,17135.0000,24242.0000,17559.0000,60458.0000,200966.0000,200966.0000,57372.0000,81515.0000
A,USD,STD,INDL,C,META,2026-03-31,170617,META PLATFORMS INC,0001326801,12,2026-03-31,2026Q1,2026Q1,1,2026,2026-04-29,395250.0000,4219.0000,26773.0000,56311.0000,56311.0000,17699.0000,23221.0000,4219.0000,26773.0000,56311.0000,56311.0000,17699.0000,23221.0000
A,USD,STD,INDL,C,META,2026-06-30,170617,META PLATFORMS INC,0001326801,12,2026-06-30,2026Q2,2026Q2,2,2026,2026-07-29,449956.0000,4975.0000,15848.0000,60800.0000,60800.0000,21655.0000,28294.0000,9194.0000,42621.0000,117111.0000,117111.0000,39354.0000,51515.0000
A,USD,STD,INDL,C,MSFT,2010-03-31,012141,MICROSOFT CORP,0000789019,6,2010-03-31,2010Q1,2010Q3,3,2010,2010-04-22,84910.0000,2061.0000,4006.0000,14503.0000,14503.0000,2220.0000,6575.0000,7270.0000,14242.0000,46445.0000,46445.0000,6364.0000,18993.0000
A,USD,STD,INDL,C,MSFT,2010-06-30,012141,MICROSOFT CORP,0000789019,6,2010-06-30,2010Q2,2010Q4,4,2010,2010-07-22,86113.0000,2452.0000,4518.0000,16039.0000,16039.0000,2350.0000,6939.0000,9722.0000,18760.0000,62484.0000,62484.0000,8714.0000,25932.0000
A,USD,STD,INDL,C,MSFT,2010-09-30,012141,MICROSOFT CORP,0000789019,6,2010-09-30,2010Q3,2011Q1,1,2011,2010-10-28,91540.0000,2445.0000,5410.0000,16195.0000,16195.0000,2196.0000,5940.0000,2445.0000,5410.0000,16195.0000,16195.0000,2196.0000,5940.0000
A,USD,STD,INDL,C,MSFT,2010-12-31,012141,MICROSOFT CORP,0000789019,6,2010-12-31,2010Q4,2011Q2,2,2011,2011-01-27,92306.0000,4170.0000,6634.0000,19953.0000,19953.0000,2185.0000,6955.0000,6615.0000,12044.0000,36148.0000,36148.0000,4381.0000,12895.0000
A,USD,STD,INDL,C,MSFT,2011-03-31,012141,MICROSOFT CORP,0000789019,6,2011-03-31,2011Q1,2011Q3,3,2011,2011-04-28,99727.0000,3177.0000,5232.0000,16428.0000,16428.0000,2269.0000,6822.0000,9792.0000,17276.0000,52576.0000,52576.0000,6650.0000,19717.0000
A,USD,STD,INDL,C,MSFT,2011-06-30,012141,MICROSOFT CORP,0000789019,6,2011-06-30,2011Q2,2011Q4,4,2011,2011-07-21,108704.0000,3019.0000,5874.0000,17367.0000,17367.0000,2393.0000,7488.0000,12811.0000,23150.0000,69943.0000,69943.0000,9043.0000,27205.0000
A,USD,STD,INDL,C,MSFT,2011-09-30,012141,MICROSOFT CORP,0000789019,6,2011-09-30,2011Q3,2012Q1,1,2012,2011-10-20,107415.0000,3051.0000,5738.0000,17372.0000,17372.0000,2329.0000,6392.0000,3051.0000,5738.0000,17372.0000,17372.0000,2329.0000,6392.0000
A,USD,STD,INDL,C,MSFT,2011-12-31,012141,MICROSOFT CORP,0000789019,6,2011-12-31,2011Q4,2012Q2,2,2012,2012-01-19,112243.0000,4960.0000,6624.0000,20885.0000,20885.0000,2371.0000,7253.0000,8011.0000,12362.0000,38257.0000,38257.0000,4700.0000,13645.0000
A,USD,STD,INDL,C,MSFT,2012-03-31,012141,MICROSOFT CORP,0000789019,6,2012-03-31,2012Q1,2012Q3,3,2012,2012-04-19,118010.0000,3186.0000,5108.0000,17407.0000,17407.0000,2517.0000,7081.0000,11197.0000,17470.0000,55664.0000,55664.0000,7217.0000,20726.0000
A,USD,STD,INDL,C,MSFT,2012-06-30,012141,MICROSOFT CORP,0000789019,6,2012-06-30,2012Q2,2012Q4,4,2012,2012-07-19,121271.0000,3366.0000,-492.0000,18059.0000,18059.0000,2594.0000,7511.0000,14563.0000,16978.0000,73723.0000,73723.0000,9811.0000,28237.0000
A,USD,STD,INDL,C,MSFT,2012-09-30,012141,MICROSOFT CORP,0000789019,6,2012-09-30,2012Q3,2013Q1,1,2013,2012-10-18,121876.0000,3458.0000,4466.0000,16008.0000,16008.0000,2460.0000,6532.0000,3458.0000,4466.0000,16008.0000,16008.0000,2460.0000,6532.0000
A,USD,STD,INDL,C,MSFT,2012-12-31,012141,MICROSOFT CORP,0000789019,6,2012-12-31,2012Q4,2013Q2,2,2013,2013-01-24,128683.0000,4683.0000,6377.0000,21456.0000,21456.0000,2528.0000,7993.0000,8141.0000,10843.0000,37464.0000,37464.0000,4988.0000,14525.0000
A,USD,STD,INDL,C,MSFT,2013-03-31,012141,MICROSOFT CORP,0000789019,6,2013-03-31,2013Q1,2013Q3,3,2013,2013-04-18,134105.0000,3734.0000,6055.0000,20489.0000,20489.0000,2640.0000,7357.0000,11875.0000,16898.0000,57953.0000,57953.0000,7628.0000,21882.0000
A,USD,STD,INDL,C,MSFT,2013-06-30,012141,MICROSOFT CORP,0000789019,6,2013-06-30,2013Q2,2013Q4,4,2013,2013-07-18,142431.0000,4619.0000,4965.0000,19896.0000,19896.0000,2783.0000,8221.0000,16494.0000,21863.0000,77849.0000,77849.0000,10411.0000,30103.0000
A,USD,STD,INDL,C,MSFT,2013-09-30,012141,MICROSOFT CORP,0000789019,6,2013-09-30,2013Q3,2014Q1,1,2014,2013-10-24,142348.0000,4191.0000,5244.0000,18529.0000,18529.0000,2767.0000,7050.0000,4191.0000,5244.0000,18529.0000,18529.0000,2767.0000,7050.0000
A,USD,STD,INDL,C,MSFT,2013-12-31,012141,MICROSOFT CORP,0000789019,6,2013-12-31,2013Q4,2014Q2,2,2014,2014-01-23,153543.0000,7061.0000,6558.0000,24519.0000,24519.0000,2748.0000,8228.0000,11252.0000,11802.0000,43048.0000,43048.0000,5515.0000,15278.0000
A,USD,STD,INDL,C,MSFT,2014-03-31,012141,MICROSOFT CORP,0000789019,6,2014-03-31,2014Q1,2014Q3,3,2014,2014-04-24,156119.0000,4723.0000,5660.0000,20403.0000,20403.0000,2743.0000,7451.0000,15975.0000,17462.0000,63451.0000,63451.0000,8258.0000,22729.0000
A,USD,STD,INDL,C,MSFT,2014-06-30,012141,MICROSOFT CORP,0000789019,6,2014-06-30,2014Q2,2014Q4,4,2014,2014-07-22,172384.0000,5891.0000,4612.0000,23000.0000,23000.0000,3123.0000,9140.0000,21866.0000,22074.0000,86451.0000,86451.0000,11381.0000,31869.0000
A,USD,STD,INDL,C,MSFT,2014-09-30,012141,MICROSOFT CORP,0000789019,6,2014-09-30,2014Q3,2015Q1,1,2015,2014-10-23,169656.0000,6845.0000,4540.0000,23201.0000,23201.0000,3065.0000,7944.0000,6845.0000,4540.0000,23201.0000,23201.0000,3065.0000,7944.0000
A,USD,STD,INDL,C,MSFT,2014-12-31,012141,MICROSOFT CORP,0000789019,6,2014-12-31,2014Q4,2015Q2,2,2015,2015-01-26,174848.0000,8615.0000,5863.0000,26470.0000,26470.0000,2903.0000,8315.0000,15460.0000,10403.0000,49671.0000,49671.0000,5968.0000,16259.0000
A,USD,STD,INDL,C,MSFT,2015-03-31,012141,MICROSOFT CORP,0000789019,6,2015-03-31,2015Q1,2015Q3,3,2015,2015-04-23,176683.0000,5646.0000,4985.0000,21729.0000,21729.0000,2984.0000,7784.0000,21106.0000,15388.0000,71400.0000,71400.0000,8952.0000,24043.0000
A,USD,STD,INDL,C,MSFT,2015-06-30,012141,MICROSOFT CORP,0000789019,6,2015-06-30,2015Q2,2015Q4,4,2015,2015-07-21,176223.0000,5975.0000,-3195.0000,22180.0000,22180.0000,3094.0000,8327.0000,27081.0000,12193.0000,93580.0000,93580.0000,12046.0000,32370.0000
A,USD,STD,INDL,C,MSFT,2015-09-30,012141,MICROSOFT CORP,0000789019,6,2015-09-30,2015Q3,2016Q1,1,2016,2015-10-22,172896.0000,5746.0000,4902.0000,20379.0000,20379.0000,2962.0000,7379.0000,5746.0000,4902.0000,20379.0000,20379.0000,2962.0000,7379.0000
A,USD,STD,INDL,C,MSFT,2015-12-31,012141,MICROSOFT CORP,0000789019,6,2015-12-31,2015Q4,2016Q2,2,2016,2016-01-28,180098.0000,8328.0000,5018.0000,23796.0000,23796.0000,2900.0000,7898.0000,14074.0000,9920.0000,44175.0000,44175.0000,5862.0000,15277.0000
A,USD,STD,INDL,C,MSFT,2016-03-31,012141,MICROSOFT CORP,0000789019,6,2016-03-31,2016Q1,2016Q3,3,2016,2016-04-21,181869.0000,6015.0000,3756.0000,20531.0000,20531.0000,2980.0000,7526.0000,20089.0000,13676.0000,64706.0000,64706.0000,8842.0000,22803.0000
A,USD,STD,INDL,C,MSFT,2016-06-30,012141,MICROSOFT CORP,0000789019,6,2016-06-30,2016Q2,2016Q4,4,2016,2016-07-19,193694.0000,6069.0000,3122.0000,20614.0000,20614.0000,3146.0000,8445.0000,26158.0000,16798.0000,85320.0000,85320.0000,11988.0000,31248.0000
A,USD,STD,INDL,C,MSFT,2016-09-30,012141,MICROSOFT CORP,0000789019,6,2016-09-30,2016Q3,2017Q1,1,2017,2016-10-20,212524.0000,6028.0000,5667.0000,21928.0000,21928.0000,3106.0000,7369.0000,6028.0000,5667.0000,21928.0000,21928.0000,3106.0000,7369.0000
A,USD,STD,INDL,C,MSFT,2016-12-31,012141,MICROSOFT CORP,0000789019,6,2016-12-31,2016Q4,2017Q2,2,2017,2017-01-26,224610.0000,7735.0000,6267.0000,25826.0000,25826.0000,3062.0000,8020.0000,13763.0000,11934.0000,47754.0000,47754.0000,6168.0000,15389.0000
A,USD,STD,INDL,C,MSFT,2017-03-31,012141,MICROSOFT CORP,0000789019,6,2017-03-31,2017Q1,2017Q3,3,2017,2017-04-27,225017.0000,5607.0000,5486.0000,23212.0000,23212.0000,3355.0000,8429.0000,19370.0000,17420.0000,70966.0000,70966.0000,9523.0000,23818.0000
A,USD,STD,INDL,C,MSFT,2017-06-30,012141,MICROSOFT CORP,0000789019,6,2017-06-30,2017Q2,2017Q4,4,2017,2017-07-20,241086.0000,6113.0000,8069.0000,25605.0000,25605.0000,3514.0000,9161.0000,25483.0000,25489.0000,96571.0000,96571.0000,13037.0000,32979.0000
A,USD,STD,INDL,C,MSFT,2017-09-30,012141,MICROSOFT CORP,0000789019,6,2017-09-30,2017Q3,2018Q1,1,2018,2017-10-26,249097.0000,5779.0000,6576.0000,24538.0000,24538.0000,3574.0000,8552.0000,5779.0000,6576.0000,24538.0000,24538.0000,3574.0000,8552.0000
A,USD,STD,INDL,C,MSFT,2017-12-31,012141,MICROSOFT CORP,0000789019,6,2017-12-31,2017Q4,2018Q2,2,2018,2018-01-31,256003.0000,8528.0000,-6302.0000,28918.0000,28918.0000,3504.0000,9175.0000,14307.0000,274.0000,53456.0000,53456.0000,7078.0000,17727.0000
A,USD,STD,INDL,C,MSFT,2018-03-31,012141,MICROSOFT CORP,0000789019,6,2018-03-31,2018Q1,2018Q3,3,2018,2018-04-26,245497.0000,6559.0000,7424.0000,26819.0000,26819.0000,3715.0000,9258.0000,20866.0000,7698.0000,80275.0000,80275.0000,10793.0000,26985.0000
A,USD,STD,INDL,C,MSFT,2018-06-30,012141,MICROSOFT CORP,0000789019,6,2018-06-30,2018Q2,2018Q4,4,2018,2018-07-19,258848.0000,7226.0000,8873.0000,30085.0000,30085.0000,3933.0000,9964.0000,28092.0000,16571.0000,110360.0000,110360.0000,14726.0000,36949.0000
A,USD,STD,INDL,C,MSFT,2018-09-30,012141,MICROSOFT CORP,0000789019,6,2018-09-30,2018Q3,2019Q1,1,2019,2018-10-24,257619.0000,7068.0000,8824.0000,29084.0000,29084.0000,3977.0000,9224.0000,7068.0000,8824.0000,29084.0000,29084.0000,3977.0000,9224.0000
A,USD,STD,INDL,C,MSFT,2018-12-31,012141,MICROSOFT CORP,0000789019,6,2018-12-31,2018Q4,2019Q2,2,2019,2019-01-30,258859.0000,9428.0000,8420.0000,32471.0000,32471.0000,4070.0000,9790.0000,16496.0000,17244.0000,61555.0000,61555.0000,8047.0000,19014.0000
A,USD,STD,INDL,C,MSFT,2019-03-31,012141,MICROSOFT CORP,0000789019,6,2019-03-31,2019Q1,2019Q3,3,2019,2019-04-24,263281.0000,7244.0000,8809.0000,30571.0000,30571.0000,4316.0000,10060.0000,23740.0000,26053.0000,92126.0000,92126.0000,12363.0000,29074.0000
A,USD,STD,INDL,C,MSFT,2019-06-30,012141,MICROSOFT CORP,0000789019,6,2019-06-30,2019Q2,2019Q4,4,2019,2019-07-18,286556.0000,7488.0000,13187.0000,33717.0000,33717.0000,4513.0000,10900.0000,31228.0000,39240.0000,125843.0000,125843.0000,16876.0000,39974.0000
A,USD,STD,INDL,C,MSFT,2019-09-30,012141,MICROSOFT CORP,0000789019,6,2019-09-30,2019Q3,2020Q1,1,2020,2019-10-23,278955.0000,7435.0000,10678.0000,33055.0000,33055.0000,4565.0000,9963.0000,7435.0000,10678.0000,33055.0000,33055.0000,4565.0000,9963.0000
A,USD,STD,INDL,C,MSFT,2019-12-31,012141,MICROSOFT CORP,0000789019,6,2019-12-31,2019Q4,2020Q2,2,2020,2020-01-29,282794.0000,9155.0000,11649.0000,36906.0000,36906.0000,4603.0000,10657.0000,16590.0000,22327.0000,69961.0000,69961.0000,9168.0000,20620.0000
A,USD,STD,INDL,C,MSFT,2020-03-31,012141,MICROSOFT CORP,0000789019,6,2020-03-31,2020Q1,2020Q3,3,2020,2020-04-29,285449.0000,7857.0000,10752.0000,35021.0000,35021.0000,4887.0000,11071.0000,24447.0000,33079.0000,104982.0000,104982.0000,14055.0000,31691.0000
A,USD,STD,INDL,C,MSFT,2020-06-30,012141,MICROSOFT CORP,0000789019,6,2020-06-30,2020Q2,2020Q4,4,2020,2020-07-22,301311.0000,8835.0000,11202.0000,38033.0000,38033.0000,5214.0000,12287.0000,33282.0000,44281.0000,143015.0000,143015.0000,19269.0000,43978.0000
A,USD,STD,INDL,C,MSFT,2020-09-30,012141,MICROSOFT CORP,0000789019,6,2020-09-30,2020Q3,2021Q1,1,2021,2020-10-27,301001.0000,8357.0000,13893.0000,37154.0000,37154.0000,4926.0000,10276.0000,8357.0000,13893.0000,37154.0000,37154.0000,4926.0000,10276.0000
A,USD,STD,INDL,C,MSFT,2020-12-31,012141,MICROSOFT CORP,0000789019,6,2020-12-31,2020Q4,2021Q2,2,2021,2021-01-26,304137.0000,11433.0000,15463.0000,43076.0000,43076.0000,4899.0000,10985.0000,19790.0000,29356.0000,80230.0000,80230.0000,9825.0000,21261.0000
A,USD,STD,INDL,C,MSFT,2021-03-31,012141,MICROSOFT CORP,0000789019,6,2021-03-31,2021Q1,2021Q3,3,2021,2021-04-27,308879.0000,10109.0000,15457.0000,41706.0000,41706.0000,5204.0000,11613.0000,29899.0000,44813.0000,121936.0000,121936.0000,15029.0000,32874.0000
A,USD,STD,INDL,C,MSFT,2021-06-30,012141,MICROSOFT CORP,0000789019,6,2021-06-30,2021Q2,2021Q4,4,2021,2021-07-27,333779.0000,10647.0000,16458.0000,46152.0000,46152.0000,5687.0000,13066.0000,40546.0000,61271.0000,168088.0000,168088.0000,20716.0000,45940.0000
A,USD,STD,INDL,C,MSFT,2021-09-30,012141,MICROSOFT CORP,0000789019,6,2021-09-30,2021Q3,2022Q1,1,2022,2021-10-26,335418.0000,10434.0000,20505.0000,45317.0000,45317.0000,5599.0000,11433.0000,10434.0000,20505.0000,45317.0000,45317.0000,5599.0000,11433.0000
A,USD,STD,INDL,C,MSFT,2021-12-31,012141,MICROSOFT CORP,0000789019,6,2021-12-31,2021Q4,2022Q2,2,2022,2022-01-25,340389.0000,13464.0000,18765.0000,51728.0000,51728.0000,5758.0000,12521.0000,23898.0000,39270.0000,97045.0000,97045.0000,11357.0000,23954.0000
A,USD,STD,INDL,C,MSFT,2022-03-31,012141,MICROSOFT CORP,0000789019,6,2022-03-31,2022Q1,2022Q3,3,2022,2022-04-26,344607.0000,11842.0000,16728.0000,49360.0000,49360.0000,6306.0000,13381.0000,35740.0000,55998.0000,146405.0000,146405.0000,17663.0000,37335.0000
A,USD,STD,INDL,C,MSFT,2022-06-30,012141,MICROSOFT CORP,0000789019,6,2022-06-30,2022Q2,2022Q4,4,2022,2022-07-26,364840.0000,12450.0000,16740.0000,51865.0000,51865.0000,6849.0000,14776.0000,48190.0000,72738.0000,198270.0000,198270.0000,24512.0000,52111.0000
A,USD,STD,INDL,C,MSFT,2022-09-30,012141,MICROSOFT CORP,0000789019,6,2022-09-30,2022Q3,2023Q1,1,2023,2022-10-25,359784.0000,12662.0000,17556.0000,50122.0000,50122.0000,6628.0000,13152.0000,12662.0000,17556.0000,50122.0000,50122.0000,6628.0000,13152.0000
A,USD,STD,INDL,C,MSFT,2022-12-31,012141,MICROSOFT CORP,0000789019,6,2022-12-31,2022Q4,2023Q2,2,2023,2023-01-24,364552.0000,13688.0000,16425.0000,52747.0000,52747.0000,6844.0000,13841.0000,26350.0000,33981.0000,102869.0000,102869.0000,13472.0000,26993.0000
A,USD,STD,INDL,C,MSFT,2023-03-31,012141,MICROSOFT CORP,0000789019,6,2023-03-31,2023Q1,2023Q3,3,2023,2023-04-25,380088.0000,12579.0000,18299.0000,52857.0000,52857.0000,6984.0000,14377.0000,38929.0000,52280.0000,155726.0000,155726.0000,20456.0000,41370.0000
A,USD,STD,INDL,C,MSFT,2023-06-30,012141,MICROSOFT CORP,0000789019,6,2023-06-30,2023Q2,2023Q4,4,2023,2023-07-25,411976.0000,12921.0000,20081.0000,56189.0000,56189.0000,6739.0000,15140.0000,51850.0000,72361.0000,211915.0000,211915.0000,27195.0000,56510.0000
A,USD,STD,INDL,C,MSFT,2023-09-30,012141,MICROSOFT CORP,0000789019,6,2023-09-30,2023Q3,2024Q1,1,2024,2023-10-24,445785.0000,12381.0000,22291.0000,56517.0000,56517.0000,6659.0000,13320.0000,12381.0000,22291.0000,56517.0000,56517.0000,6659.0000,13320.0000
A,USD,STD,INDL,C,MSFT,2023-12-31,012141,MICROSOFT CORP,0000789019,6,2023-12-31,2023Q4,2024Q2,2,2024,2024-01-30,470558.0000,13664.0000,21870.0000,62020.0000,62020.0000,7142.0000,15365.0000,26045.0000,44161.0000,118537.0000,118537.0000,13801.0000,28685.0000
A,USD,STD,INDL,C,MSFT,2024-03-31,012141,MICROSOFT CORP,0000789019,6,2024-03-31,2024Q1,2024Q3,3,2024,2024-04-25,484275.0000,12478.0000,21939.0000,61858.0000,61858.0000,7653.0000,15772.0000,38523.0000,66100.0000,180395.0000,180395.0000,21454.0000,44457.0000
A,USD,STD,INDL,C,MSFT,2024-06-30,012141,MICROSOFT CORP,0000789019,6,2024-06-30,2024Q2,2024Q4,4,2024,2024-07-30,512163.0000,13304.0000,22036.0000,64727.0000,64727.0000,8056.0000,17118.0000,51827.0000,88136.0000,245122.0000,245122.0000,29510.0000,61575.0000
A,USD,STD,INDL,C,MSFT,2024-09-30,012141,MICROSOFT CORP,0000789019,6,2024-09-30,2024Q3,2025Q1,1,2025,2024-10-30,523013.0000,13999.0000,24667.0000,65585.0000,65585.0000,7544.0000,14934.0000,13999.0000,24667.0000,65585.0000,65585.0000,7544.0000,14934.0000
A,USD,STD,INDL,C,MSFT,2024-12-31,012141,MICROSOFT CORP,0000789019,6,2024-12-31,2024Q4,2025Q2,2,2025,2025-01-29,533898.0000,14999.0000,24108.0000,69632.0000,69632.0000,7917.0000,16180.0000,28998.0000,48775.0000,135217.0000,135217.0000,15461.0000,31114.0000
A,USD,STD,INDL,C,MSFT,2025-03-31,012141,MICROSOFT CORP,0000789019,6,2025-03-31,2025Q1,2025Q3,3,2025,2025-04-30,562624.0000,14619.0000,25824.0000,70066.0000,70066.0000,8198.0000,16147.0000,43617.0000,74599.0000,205283.0000,205283.0000,23659.0000,47261.0000
A,USD,STD,INDL,C,MSFT,2025-06-30,012141,MICROSOFT CORP,0000789019,6,2025-06-30,2025Q2,2025Q4,4,2025,2025-07-30,619003.0000,16214.0000,27233.0000,76441.0000,76441.0000,8829.0000,18104.0000,59831.0000,101832.0000,281724.0000,281724.0000,32488.0000,65365.0000
A,USD,STD,INDL,C,MSFT,2025-09-30,012141,MICROSOFT CORP,0000789019,6,2025-09-30,2025Q3,2026Q1,1,2026,2025-10-29,636351.0000,15443.0000,27747.0000,77673.0000,77673.0000,8146.0000,15669.0000,15443.0000,27747.0000,77673.0000,77673.0000,8146.0000,15669.0000
A,USD,STD,INDL,C,MSFT,2025-12-31,012141,MICROSOFT CORP,0000789019,6,2025-12-31,2025Q4,2026Q2,2,2026,2026-01-28,665302.0000,16978.0000,38458.0000,81273.0000,81273.0000,8504.0000,17020.0000,32421.0000,66205.0000,158946.0000,158946.0000,16650.0000,32689.0000
A,USD,STD,INDL,C,MSFT,2026-03-31,012141,MICROSOFT CORP,0000789019,6,2026-03-31,2026Q1,2026Q3,3,2026,2026-04-29,694228.0000,16728.0000,31778.0000,82886.0000,82886.0000,8915.0000,17660.0000,49149.0000,97983.0000,241832.0000,241832.0000,25565.0000,50349.0000
A,USD,STD,INDL,C,MSFT,2026-06-30,012141,MICROSOFT CORP,0000789019,6,2026-06-30,2026Q2,2026Q4,4,2026,2026-07-29,758376.0000,18225.0000,35766.0000,90007.0000,90007.0000,9997.0000,19879.0000,67374.0000,133749.0000,331839.0000,331839.0000,35562.0000,70228.0000
A,USD,STD,INDL,C,NVDA,2010-01-31,117768,NVIDIA CORP,0001045810,1,2010-01-31,2009Q4,2009Q4,4,2009,2010-02-17,3585.9180,543.7670,131.0760,982.4880,982.4880,216.2510,256.5250,2042.2320,-67.9870,3326.4450,3326.4450,908.8510,952.3040
A,USD,STD,INDL,C,NVDA,2010-04-30,117768,NVIDIA CORP,0001045810,1,2010-05-02,2010Q1,2010Q1,1,2010,2010-05-13,3803.0300,545.4360,137.5940,1001.8130,1001.8130,218.1050,261.8370,545.4360,137.5940,1001.8130,1001.8130,218.1050,261.8370
A,USD,STD,INDL,C,NVDA,2010-07-31,117768,NVIDIA CORP,0001045810,1,2010-08-01,2010Q2,2010Q2,2,2010,2010-08-12,3731.2680,495.7230,-140.9610,811.2080,811.2080,210.6350,250.2210,1041.1590,-3.3670,1813.0210,1813.0210,428.7400,512.0580
A,USD,STD,INDL,C,NVDA,2010-10-31,117768,NVIDIA CORP,0001045810,1,2010-10-31,2010Q3,2010Q3,3,2010,2010-11-11,3915.5790,451.8500,84.8620,843.9120,843.9120,204.5270,241.4030,1493.0090,81.4950,2656.9330,2656.9330,633.2670,753.4610
A,USD,STD,INDL,C,NVDA,2011-01-31,117768,NVIDIA CORP,0001045810,1,2011-01-30,2010Q4,2010Q4,4,2010,2011-02-16,4495.2460,460.0170,171.6510,886.3760,886.3760,215.5630,257.1880,1953.0260,253.1460,3543.3090,3543.3090,848.8300,1010.6490
A,USD,STD,INDL,C,NVDA,2011-04-30,117768,NVIDIA CORP,0001045810,1,2011-05-01,2011Q1,2011Q1,1,2011,2011-05-12,4736.7440,429.7720,135.2190,962.0390,962.0390,231.5240,328.3860,429.7720,135.2190,962.0390,962.0390,231.5240,328.3860
A,USD,STD,INDL,C,NVDA,2011-07-31,117768,NVIDIA CORP,0001045810,1,2011-07-31,2011Q2,2011Q2,2,2011,2011-08-11,4864.4240,439.0740,151.5730,1016.5170,1016.5170,247.7210,343.6920,868.8460,286.7920,1978.5560,1978.5560,479.2450,672.0780
A,USD,STD,INDL,C,NVDA,2011-10-31,117768,NVIDIA CORP,0001045810,1,2011-10-30,2011Q3,2011Q3,3,2011,2011-11-10,5089.0430,457.0760,178.2730,1066.1800,1066.1800,256.4980,353.2140,1325.9220,465.0650,3044.7360,3044.7360,735.7430,1025.2920
A,USD,STD,INDL,C,NVDA,2012-01-31,117768,NVIDIA CORP,0001045810,1,2012-01-29,2011Q4,2011Q4,4,2011,2012-02-15,5552.9280,403.9860,116.0250,953.1940,953.1940,266.8620,362.6440,1729.9080,581.0900,3997.9300,3997.9300,1002.6050,1387.9360
A,USD,STD,INDL,C,NVDA,2012-04-30,117768,NVIDIA CORP,0001045810,1,2012-04-29,2012Q1,2012Q1,1,2012,2012-05-11,5708.1670,407.0220,60.4370,924.8770,924.8770,283.9020,385.3670,407.0220,60.4370,924.8770,924.8770,283.9020,385.3670
A,USD,STD,INDL,C,NVDA,2012-07-31,117768,NVIDIA CORP,0001045810,1,2012-07-29,2012Q2,2012Q2,2,2012,2012-08-09,5891.8810,447.3560,119.0460,1044.2700,1044.2700,281.1930,376.1750,854.3780,179.4830,1969.1470,1969.1470,565.0950,761.5420
A,USD,STD,INDL,C,NVDA,2012-10-31,117768,NVIDIA CORP,0001045810,1,2012-10-28,2012Q3,2012Q3,3,2012,2012-11-08,6075.1440,510.3040,209.0800,1204.1100,1204.1100,284.1800,379.7750,1364.6820,388.5630,3173.2570,3173.2570,849.2750,1141.3170
A,USD,STD,INDL,C,NVDA,2013-01-31,117768,NVIDIA CORP,0001045810,1,2013-01-27,2012Q4,2012Q4,4,2012,2013-02-13,6412.2450,462.8990,173.9730,1106.9020,1106.9020,298.0070,397.6560,1827.5810,562.5360,4280.1590,4280.1590,1147.2820,1538.9730
A,USD,STD,INDL,C,NVDA,2013-04-30,117768,NVIDIA CORP,0001045810,1,2013-04-28,2013Q1,2013Q1,1,2013,2013-05-09,6279.5270,376.4270,77.8910,954.7390,954.7390,327.1610,430.8410,376.4270,77.8910,954.7390,954.7390,327.1610,430.8410
A,USD,STD,INDL,C,NVDA,2013-07-31,117768,NVIDIA CORP,0001045810,1,2013-07-28,2013Q2,2013Q2,2,2013,2013-08-08,5569.5920,367.5700,96.4480,977.2380,977.2380,331.7380,427.1250,743.9970,174.3390,1931.9770,1931.9770,658.8990,857.9660
A,USD,STD,INDL,C,NVDA,2013-10-31,117768,NVIDIA CORP,0001045810,1,2013-10-27,2013Q3,2013Q3,3,2013,2013-11-07,5711.3730,406.8260,118.7340,1053.9670,1053.9670,340.2940,436.6150,1150.8230,293.0730,2985.9440,2985.9440,999.1930,1294.5810
A,USD,STD,INDL,C,NVDA,2014-01-31,117768,NVIDIA CORP,0001045810,1,2014-01-26,2013Q4,2013Q4,4,2013,2014-02-12,7250.8940,476.4700,146.9170,1144.2180,1144.2180,336.6410,435.4030,1627.2930,439.9900,4130.1620,4130.1620,1335.8340,1729.9840
A,USD,STD,INDL,C,NVDA,2014-04-30,117768,NVIDIA CORP,0001045810,1,2014-04-27,2014Q1,2014Q1,1,2014,2014-05-06,6864.6630,443.5020,136.5160,1102.7870,1102.7870,334.2630,452.8430,443.5020,136.5160,1102.7870,1102.7870,334.2630,452.8430
A,USD,STD,INDL,C,NVDA,2014-07-31,117768,NVIDIA CORP,0001045810,1,2014-07-27,2014Q2,2014Q2,2,2014,2014-08-07,6933.7190,428.2430,127.9760,1102.8240,1102.8240,337.1240,455.7950,871.7450,264.4920,2205.6110,2205.6110,671.3870,908.6380
A,USD,STD,INDL,C,NVDA,2014-10-31,117768,NVIDIA CORP,0001045810,1,2014-10-26,2014Q3,2014Q3,3,2014,2014-11-06,6885.8690,493.2040,172.9670,1225.3820,1225.3820,340.0850,463.3830,1364.9490,437.4590,3430.9930,3430.9930,1011.4720,1372.0210
A,USD,STD,INDL,C,NVDA,2015-01-31,117768,NVIDIA CORP,0001045810,1,2015-01-25,2014Q4,2014Q4,4,2014,2015-02-11,7201.3680,496.9560,193.1280,1250.5140,1250.5140,348.2530,468.4670,1861.9050,630.5870,4681.5070,4681.5070,1359.7250,1840.4880
A,USD,STD,INDL,C,NVDA,2015-04-30,117768,NVIDIA CORP,0001045810,1,2015-04-26,2015Q1,2015Q1,1,2015,2015-05-07,7291.0000,444.0000,134.0000,1151.0000,1151.0000,339.0000,477.0000,444.0000,134.0000,1151.0000,1151.0000,339.0000,477.0000
A,USD,STD,INDL,C,NVDA,2015-07-31,117768,NVIDIA CORP,0001045810,1,2015-07-26,2015Q2,2015Q2,2,2015,2015-08-06,6979.0000,456.0000,26.0000,1153.0000,1153.0000,319.0000,470.0000,900.0000,160.0000,2304.0000,2304.0000,658.0000,947.0000
A,USD,STD,INDL,C,NVDA,2015-10-31,117768,NVIDIA CORP,0001045810,1,2015-10-25,2015Q3,2015Q3,3,2015,2015-11-05,7174.0000,523.0000,246.0000,1305.0000,1305.0000,329.0000,481.0000,1423.0000,406.0000,3609.0000,3609.0000,987.0000,1428.0000
A,USD,STD,INDL,C,NVDA,2016-01-31,117768,NVIDIA CORP,0001045810,1,2016-01-31,2015Q4,2015Q4,4,2015,2016-02-17,7370.0000,559.0000,208.0000,1401.0000,1401.0000,344.0000,505.0000,1982.0000,614.0000,5010.0000,5010.0000,1331.0000,1933.0000
A,USD,STD,INDL,C,NVDA,2016-04-30,117768,NVIDIA CORP,0001045810,1,2016-05-01,2016Q1,2016Q1,1,2016,2016-05-12,7108.0000,499.0000,208.0000,1305.0000,1305.0000,346.0000,499.0000,499.0000,208.0000,1305.0000,1305.0000,346.0000,499.0000
A,USD,STD,INDL,C,NVDA,2016-07-31,117768,NVIDIA CORP,0001045810,1,2016-07-31,2016Q2,2016Q2,2,2016,2016-08-11,7461.0000,555.0000,261.0000,1428.0000,1428.0000,351.0000,508.0000,1054.0000,469.0000,2733.0000,2733.0000,697.0000,1007.0000
A,USD,STD,INDL,C,NVDA,2016-10-31,117768,NVIDIA CORP,0001045810,1,2016-10-30,2016Q3,2016Q3,3,2016,2016-11-10,9612.0000,773.0000,543.0000,2004.0000,2004.0000,372.0000,543.0000,1827.0000,1012.0000,4737.0000,4737.0000,1069.0000,1550.0000
A,USD,STD,INDL,C,NVDA,2017-01-31,117768,NVIDIA CORP,0001045810,1,2017-01-29,2016Q4,2016Q4,4,2016,2017-02-09,9841.0000,824.0000,654.0000,2173.0000,2173.0000,394.0000,570.0000,2651.0000,1666.0000,6910.0000,6910.0000,1463.0000,2120.0000
A,USD,STD,INDL,C,NVDA,2017-04-30,117768,NVIDIA CORP,0001045810,1,2017-04-30,2017Q1,2017Q1,1,2017,2017-05-09,9410.0000,740.0000,507.0000,1937.0000,1937.0000,411.0000,596.0000,740.0000,507.0000,1937.0000,1937.0000,411.0000,596.0000
A,USD,STD,INDL,C,NVDA,2017-07-31,117768,NVIDIA CORP,0001045810,1,2017-07-30,2017Q2,2017Q2,2,2017,2017-08-10,9402.0000,879.0000,584.0000,2230.0000,2230.0000,416.0000,614.0000,1619.0000,1091.0000,4167.0000,4167.0000,827.0000,1210.0000
A,USD,STD,INDL,C,NVDA,2017-10-31,117768,NVIDIA CORP,0001045810,1,2017-10-29,2017Q3,2017Q3,3,2017,2017-11-09,9830.0000,1018.0000,837.0000,2636.0000,2636.0000,463.0000,674.0000,2637.0000,1928.0000,6803.0000,6803.0000,1290.0000,1884.0000
A,USD,STD,INDL,C,NVDA,2018-01-31,117768,NVIDIA CORP,0001045810,1,2018-01-28,2017Q4,2017Q4,4,2017,2018-02-08,11241.0000,1056.0000,1119.0000,2911.0000,2911.0000,507.0000,728.0000,3693.0000,3047.0000,9714.0000,9714.0000,1797.0000,2612.0000
A,USD,STD,INDL,C,NVDA,2018-04-30,117768,NVIDIA CORP,0001045810,1,2018-04-29,2018Q1,2018Q1,1,2018,2018-05-10,11460.0000,1082.0000,1244.0000,3207.0000,3207.0000,542.0000,771.0000,1082.0000,1244.0000,3207.0000,3207.0000,542.0000,771.0000
A,USD,STD,INDL,C,NVDA,2018-07-31,117768,NVIDIA CORP,0001045810,1,2018-07-29,2018Q2,2018Q2,2,2018,2018-08-16,12882.0000,1089.0000,1101.0000,3123.0000,3123.0000,582.0000,818.0000,2171.0000,2345.0000,6330.0000,6330.0000,1124.0000,1589.0000
A,USD,STD,INDL,C,NVDA,2018-10-31,117768,NVIDIA CORP,0001045810,1,2018-10-28,2018Q3,2018Q3,3,2018,2018-11-15,13657.0000,1178.0000,1230.0000,3181.0000,3181.0000,605.0000,862.0000,3349.0000,3575.0000,9511.0000,9511.0000,1729.0000,2451.0000
A,USD,STD,INDL,C,NVDA,2019-01-31,117768,NVIDIA CORP,0001045810,1,2019-01-27,2018Q4,2018Q4,4,2018,2019-02-14,13292.0000,899.0000,566.0000,2205.0000,2205.0000,647.0000,907.0000,4248.0000,4141.0000,11716.0000,11716.0000,2376.0000,3358.0000
A,USD,STD,INDL,C,NVDA,2019-04-30,117768,NVIDIA CORP,0001045810,1,2019-04-28,2019Q1,2019Q1,1,2019,2019-05-16,14021.0000,823.0000,394.0000,2220.0000,2220.0000,674.0000,937.0000,823.0000,394.0000,2220.0000,2220.0000,674.0000,937.0000
A,USD,STD,INDL,C,NVDA,2019-07-31,117768,NVIDIA CORP,0001045810,1,2019-07-28,2019Q2,2019Q2,2,2019,2019-08-15,14775.0000,945.0000,553.0000,2579.0000,2579.0000,705.0000,969.0000,1768.0000,947.0000,4799.0000,4799.0000,1379.0000,1906.0000
A,USD,STD,INDL,C,NVDA,2019-10-31,117768,NVIDIA CORP,0001045810,1,2019-10-27,2019Q3,2019Q3,3,2019,2019-11-14,15810.0000,1005.0000,898.0000,3014.0000,3014.0000,712.0000,989.0000,2773.0000,1845.0000,7813.0000,7813.0000,2091.0000,2895.0000
A,USD,STD,INDL,C,NVDA,2020-01-31,117768,NVIDIA CORP,0001045810,1,2020-01-26,2019Q4,2019Q4,4,2019,2020-02-13,17315.0000,982.0000,951.0000,3105.0000,3105.0000,738.0000,1026.0000,3755.0000,2796.0000,10918.0000,10918.0000,2829.0000,3921.0000
A,USD,STD,INDL,C,NVDA,2020-04-30,117768,NVIDIA CORP,0001045810,1,2020-04-26,2020Q1,2020Q1,1,2020,2020-05-21,23254.0000,969.0000,917.0000,3080.0000,3080.0000,735.0000,1028.0000,969.0000,917.0000,3080.0000,3080.0000,735.0000,1028.0000
A,USD,STD,INDL,C,NVDA,2020-07-31,117768,NVIDIA CORP,0001045810,1,2020-07-26,2020Q2,2020Q2,2,2020,2020-08-19,25180.0000,1009.0000,622.0000,3866.0000,3866.0000,997.0000,1598.0000,1978.0000,1539.0000,6946.0000,6946.0000,1732.0000,2626.0000
A,USD,STD,INDL,C,NVDA,2020-10-31,117768,NVIDIA CORP,0001045810,1,2020-10-25,2020Q3,2020Q3,3,2020,2020-11-18,26881.0000,1445.0000,1336.0000,4726.0000,4726.0000,1046.0000,1543.0000,3423.0000,2875.0000,11672.0000,11672.0000,2778.0000,4169.0000
A,USD,STD,INDL,C,NVDA,2021-01-31,117768,NVIDIA CORP,0001045810,1,2021-01-31,2020Q4,2020Q4,4,2020,2021-02-24,28791.0000,1559.0000,1457.0000,5003.0000,5003.0000,1146.0000,1627.0000,4982.0000,4332.0000,16675.0000,16675.0000,3924.0000,5796.0000
A,USD,STD,INDL,C,NVDA,2021-04-30,117768,NVIDIA CORP,0001045810,1,2021-05-02,2021Q1,2021Q1,1,2021,2021-05-26,30796.0000,1751.0000,1912.0000,5661.0000,5661.0000,1153.0000,1673.0000,1751.0000,1912.0000,5661.0000,5661.0000,1153.0000,1673.0000
A,USD,STD,INDL,C,NVDA,2021-07-31,117768,NVIDIA CORP,0001045810,1,2021-08-01,2021Q2,2021Q2,2,2021,2021-08-18,38650.0000,2006.0000,2373.0000,6507.0000,6507.0000,1245.0000,1771.0000,3757.0000,4285.0000,12168.0000,12168.0000,2398.0000,3444.0000
A,USD,STD,INDL,C,NVDA,2021-10-31,117768,NVIDIA CORP,0001045810,1,2021-10-31,2021Q3,2021Q3,3,2021,2021-11-17,40632.0000,2173.0000,2464.0000,7103.0000,7103.0000,1404.0000,1961.0000,5930.0000,6749.0000,19271.0000,19271.0000,3802.0000,5405.0000
A,USD,STD,INDL,C,NVDA,2022-01-31,117768,NVIDIA CORP,0001045810,1,2022-01-30,2021Q4,2021Q4,4,2021,2022-02-16,44187.0000,2335.0000,3003.0000,7643.0000,7643.0000,1466.0000,2029.0000,8265.0000,9752.0000,26914.0000,26914.0000,5268.0000,7434.0000
A,USD,STD,INDL,C,NVDA,2022-04-30,117768,NVIDIA CORP,0001045810,1,2022-05-01,2022Q1,2022Q1,1,2022,2022-05-25,45212.0000,2523.0000,1618.0000,8288.0000,8288.0000,1618.0000,2203.0000,2523.0000,1618.0000,8288.0000,8288.0000,1618.0000,2203.0000
A,USD,STD,INDL,C,NVDA,2022-07-31,117768,NVIDIA CORP,0001045810,1,2022-07-31,2022Q2,2022Q2,2,2022,2022-08-24,43476.0000,3411.0000,656.0000,6704.0000,6704.0000,1825.0000,2416.0000,5934.0000,2274.0000,14992.0000,14992.0000,3443.0000,4619.0000
A,USD,STD,INDL,C,NVDA,2022-10-31,117768,NVIDIA CORP,0001045810,1,2022-10-30,2022Q3,2022Q3,3,2022,2022-11-16,40488.0000,2348.0000,680.0000,5931.0000,5931.0000,1944.0000,2560.0000,8282.0000,2954.0000,20923.0000,20923.0000,5387.0000,7179.0000
A,USD,STD,INDL,C,NVDA,2023-01-31,117768,NVIDIA CORP,0001045810,1,2023-01-29,2022Q4,2022Q4,4,2022,2023-02-22,41182.0000,1792.0000,1414.0000,6051.0000,6051.0000,1952.0000,2539.0000,10074.0000,4368.0000,26974.0000,26974.0000,7339.0000,9718.0000
A,USD,STD,INDL,C,NVDA,2023-04-30,117768,NVIDIA CORP,0001045810,1,2023-04-30,2023Q1,2023Q1,1,2023,2023-05-24,44460.0000,2160.0000,2043.0000,7192.0000,7192.0000,1875.0000,2508.0000,2160.0000,2043.0000,7192.0000,7192.0000,1875.0000,2508.0000
A,USD,STD,INDL,C,NVDA,2023-07-31,117768,NVIDIA CORP,0001045810,1,2023-07-30,2023Q2,2023Q2,2,2023,2023-08-23,49555.0000,3680.0000,6189.0000,13507.0000,13507.0000,2041.0000,2661.0000,5840.0000,8232.0000,20699.0000,20699.0000,3916.0000,5169.0000
A,USD,STD,INDL,C,NVDA,2023-10-31,117768,NVIDIA CORP,0001045810,1,2023-10-29,2023Q3,2023Q3,3,2023,2023-11-21,54148.0000,4348.0000,9243.0000,18120.0000,18120.0000,2294.0000,2983.0000,10188.0000,17475.0000,38819.0000,38819.0000,6210.0000,8152.0000
A,USD,STD,INDL,C,NVDA,2024-01-31,117768,NVIDIA CORP,0001045810,1,2024-01-28,2023Q4,2023Q4,4,2023,2024-02-21,65728.0000,4925.0000,12285.0000,22103.0000,22103.0000,2465.0000,3177.0000,15113.0000,29760.0000,60922.0000,60922.0000,8675.0000,11329.0000
A,USD,STD,INDL,C,NVDA,2024-04-30,117768,NVIDIA CORP,0001045810,1,2024-04-28,2024Q1,2024Q1,1,2024,2024-05-22,77072.0000,5228.0000,14881.0000,26044.0000,26044.0000,2720.0000,3497.0000,5228.0000,14881.0000,26044.0000,26044.0000,2720.0000,3497.0000
A,USD,STD,INDL,C,NVDA,2024-07-31,117768,NVIDIA CORP,0001045810,1,2024-07-28,2024Q2,2024Q2,2,2024,2024-08-28,85227.0000,7034.0000,16599.0000,30040.0000,30040.0000,3090.0000,3931.0000,12262.0000,31480.0000,56084.0000,56084.0000,5810.0000,7428.0000
A,USD,STD,INDL,C,NVDA,2024-10-31,117768,NVIDIA CORP,0001045810,1,2024-10-27,2024Q3,2024Q3,3,2024,2024-11-20,96013.0000,8448.0000,19309.0000,35082.0000,35082.0000,3390.0000,4288.0000,20710.0000,50789.0000,91166.0000,91166.0000,9200.0000,11716.0000
A,USD,STD,INDL,C,NVDA,2025-01-31,117768,NVIDIA CORP,0001045810,1,2025-01-26,2024Q4,2024Q4,4,2024,2025-02-26,111601.0000,10065.0000,22091.0000,39331.0000,39331.0000,3714.0000,4689.0000,30775.0000,72880.0000,130497.0000,130497.0000,12914.0000,16405.0000
A,USD,STD,INDL,C,NVDA,2025-04-30,117768,NVIDIA CORP,0001045810,1,2025-04-27,2025Q1,2025Q1,1,2025,2025-05-28,125254.0000,12245.0000,18775.0000,44062.0000,44062.0000,3989.0000,5030.0000,12245.0000,18775.0000,44062.0000,44062.0000,3989.0000,5030.0000
A,USD,STD,INDL,C,NVDA,2025-07-31,117768,NVIDIA CORP,0001045810,1,2025-07-27,2025Q2,2025Q2,2,2025,2025-08-27,140740.0000,12401.0000,26422.0000,46743.0000,46743.0000,4291.0000,5413.0000,24646.0000,45197.0000,90805.0000,90805.0000,8280.0000,10443.0000
A,USD,STD,INDL,C,NVDA,2025-10-31,117768,NVIDIA CORP,0001045810,1,2025-10-26,2025Q3,2025Q3,3,2025,2025-11-19,161148.0000,14406.0000,31910.0000,57006.0000,57006.0000,4705.0000,5839.0000,39052.0000,77107.0000,147811.0000,147811.0000,12985.0000,16282.0000
A,USD,STD,INDL,C,NVDA,2026-01-31,117768,NVIDIA CORP,0001045810,1,2026-01-25,2025Q4,2025Q4,4,2025,2026-02-25,206803.0000,16222.0000,42960.0000,68127.0000,68127.0000,5512.0000,6794.0000,55274.0000,120067.0000,215938.0000,215938.0000,18497.0000,23076.0000
A,USD,STD,INDL,C,NVDA,2026-04-30,117768,NVIDIA CORP,0001045810,1,2026-04-26,2026Q1,2026Q1,1,2026,2026-05-20,259474.0000,19461.0000,58321.0000,81615.0000,81615.0000,6321.0000,7621.0000,19461.0000,58321.0000,81615.0000,81615.0000,6321.0000,7621.0000
A,USD,STD,INDL,C,TSLA,2010-03-31,184996,TESLA INC,0001318605,12,2010-03-31,2010Q1,2010Q1,1,2010,2010-06-02,145.3200,14.8190,-29.5190,20.8120,20.8120,13.2650,29.8500,14.8190,-29.5190,20.8120,20.8120,13.2650,29.8500
A,USD,STD,INDL,C,TSLA,2010-06-30,184996,TESLA INC,0001318605,12,2010-06-30,2010Q2,2010Q2,2,2010,2010-08-04,147.9740,19.6610,-38.5170,28.4050,28.4050,15.4160,37.6230,34.4800,-68.0360,49.2170,49.2170,28.6810,67.4730
A,USD,STD,INDL,C,TSLA,2010-09-30,184996,TESLA INC,0001318605,12,2010-09-30,2010Q3,2010Q3,3,2010,2010-11-09,361.6210,18.8350,-34.9340,31.2410,31.2410,26.6980,47.1300,53.3150,-102.9700,80.4580,80.4580,55.3790,114.6030
A,USD,STD,INDL,C,TSLA,2010-12-31,184996,TESLA INC,0001318605,12,2010-12-31,2010Q4,2010Q4,4,2010,2011-02-15,386.0820,22.0750,-51.3580,36.2860,36.2860,37.6170,62.9660,75.3900,-154.3280,116.7440,116.7440,92.9960,177.5690
A,USD,STD,INDL,C,TSLA,2011-03-31,184996,TESLA INC,0001318605,12,2011-03-31,2011Q1,2011Q1,1,2011,2011-05-04,407.2890,27.4850,-48.9410,49.0300,49.0300,41.1620,65.3740,27.4850,-48.9410,49.0300,49.0300,41.1620,65.3740
A,USD,STD,INDL,C,TSLA,2011-06-30,184996,TESLA INC,0001318605,12,2011-06-30,2011Q2,2011Q2,2,2011,2011-08-03,646.1550,35.3450,-58.9030,58.1710,58.1710,52.5310,77.2470,62.8300,-107.8440,107.2010,107.2010,93.6930,142.6210
A,USD,STD,INDL,C,TSLA,2011-09-30,184996,TESLA INC,0001318605,12,2011-09-30,2011Q3,2011Q3,3,2011,2011-11-02,700.2500,36.1620,-65.0780,57.6660,57.6660,54.0830,81.7000,98.9920,-172.9220,164.8670,164.8670,147.7760,224.3210
A,USD,STD,INDL,C,TSLA,2011-12-31,184996,TESLA INC,0001318605,12,2011-12-31,2011Q4,2011Q4,4,2011,2012-02-15,713.4480,26.7360,-81.4890,39.3750,39.3750,61.2050,88.7620,125.7280,-254.4110,204.2420,204.2420,208.9810,313.0830
A,USD,STD,INDL,C,TSLA,2012-03-31,184996,TESLA INC,0001318605,12,2012-03-31,2012Q1,2012Q1,1,2012,2012-05-09,761.1000,15.7940,-89.8730,30.1670,30.1670,68.3910,98.9730,15.7940,-89.8730,30.1670,30.1670,68.3910,98.9730
A,USD,STD,INDL,C,TSLA,2012-06-30,184996,TESLA INC,0001318605,12,2012-06-30,2012Q2,2012Q2,2,2012,2012-07-25,776.8690,17.5430,-105.6030,26.6530,26.6530,74.8540,110.9370,33.3370,-195.4760,56.8200,56.8200,143.2450,209.9100
A,USD,STD,INDL,C,TSLA,2012-09-30,184996,TESLA INC,0001318605,12,2012-09-30,2012Q3,2012Q3,3,2012,2012-11-05,809.1770,51.3440,-110.8060,50.1040,50.1040,61.9010,99.7000,84.6810,-306.2820,106.9240,106.9240,205.1460,309.6100
A,USD,STD,INDL,C,TSLA,2012-12-31,184996,TESLA INC,0001318605,12,2012-12-31,2012Q4,2012Q4,4,2012,2013-02-20,1114.1900,269.6830,-89.9310,306.3320,306.3320,68.8320,114.7400,354.3640,-396.2130,413.2560,413.2560,273.9780,424.3500
A,USD,STD,INDL,C,TSLA,2013-03-31,184996,TESLA INC,0001318605,12,2013-03-31,2013Q1,2013Q1,1,2013,2013-05-08,1143.7780,447.6220,11.2480,561.7920,561.7920,54.8590,101.9040,447.6220,11.2480,561.7920,561.7920,54.8590,101.9040
A,USD,STD,INDL,C,TSLA,2013-06-30,184996,TESLA INC,0001318605,12,2013-06-30,2013Q2,2013Q2,2,2013,2013-08-07,1887.8440,282.4580,-30.5020,405.1390,405.1390,52.3120,112.2750,730.0800,-19.2540,966.9310,966.9310,107.1710,214.1790
A,USD,STD,INDL,C,TSLA,2013-09-30,184996,TESLA INC,0001318605,12,2013-09-30,2013Q3,2013Q3,3,2013,2013-11-05,2166.2090,300.0260,-38.4960,431.3460,431.3460,56.3520,133.4240,1030.1060,-57.7500,1398.2770,1398.2770,163.5230,347.6030
A,USD,STD,INDL,C,TSLA,2013-12-31,184996,TESLA INC,0001318605,12,2013-12-31,2013Q4,2013Q4,4,2013,2014-02-19,2416.9300,421.0450,-16.2640,615.2190,615.2190,68.4530,169.9420,1451.1510,-74.0140,2013.4960,2013.4960,231.9760,517.5450
A,USD,STD,INDL,C,TSLA,2014-03-31,184996,TESLA INC,0001318605,12,2014-03-31,2014Q1,2014Q1,1,2014,2014-05-07,4500.4100,421.1460,-49.8020,620.5420,620.5420,81.5450,199.0970,421.1460,-49.8020,620.5420,620.5420,81.5450,199.0970
A,USD,STD,INDL,C,TSLA,2014-06-30,184996,TESLA INC,0001318605,12,2014-06-30,2014Q2,2014Q2,2,2014,2014-07-31,5054.4630,501.6390,-61.9000,769.3490,769.3490,107.7170,241.7480,922.7850,-111.7020,1389.8910,1389.8910,189.2620,440.8450
A,USD,STD,INDL,C,TSLA,2014-09-30,184996,TESLA INC,0001318605,12,2014-09-30,2014Q3,2014Q3,3,2014,2014-11-05,5437.5330,534.9810,-74.7090,851.8040,851.8040,135.8730,290.9800,1457.7660,-186.4110,2241.6950,2241.6950,325.1350,731.8250
A,USD,STD,INDL,C,TSLA,2014-12-31,184996,TESLA INC,0001318605,12,2014-12-31,2014Q4,2014Q4,4,2014,2015-02-11,5849.2510,626.9880,-107.6290,956.6610,956.6610,139.5650,336.5350,2084.7540,-294.0400,3198.3560,3198.3560,464.7000,1068.3600
A,USD,STD,INDL,C,TSLA,2015-03-31,184996,TESLA INC,0001318605,12,2015-03-31,2015Q1,2015Q1,1,2015,2015-05-06,6120.0300,602.6950,-154.1810,939.8800,939.8800,167.1540,362.5190,602.6950,-154.1810,939.8800,939.8800,167.1540,362.5190
A,USD,STD,INDL,C,TSLA,2015-06-30,184996,TESLA INC,0001318605,12,2015-06-30,2015Q2,2015Q2,2,2015,2015-08-05,6468.1850,650.2170,-184.2270,954.9760,954.9760,181.7120,383.5580,1252.9120,-338.4080,1894.8560,1894.8560,348.8660,746.0770
A,USD,STD,INDL,C,TSLA,2015-09-30,184996,TESLA INC,0001318605,12,2015-09-30,2015Q3,2015Q3,3,2015,2015-11-03,7547.4970,594.9270,-229.8580,936.7890,936.7890,178.7910,415.1580,1847.8390,-568.2660,2831.6450,2831.6450,527.6570,1161.2350
A,USD,STD,INDL,C,TSLA,2015-12-31,184996,TESLA INC,0001318605,12,2015-12-31,2015Q4,2015Q4,4,2015,2016-02-10,8092.4600,852.0930,-320.3970,1214.3800,1214.3800,190.2430,478.8970,2699.9320,-888.6630,4046.0250,4046.0250,717.9000,1640.1320
A,USD,STD,INDL,C,TSLA,2016-03-31,184996,TESLA INC,0001318605,12,2016-03-31,2016Q1,2016Q1,1,2016,2016-05-04,9191.7020,738.1200,-282.2670,1147.0480,1147.0480,182.4820,500.6920,738.1200,-282.2670,1147.0480,1147.0480,182.4820,500.6920
A,USD,STD,INDL,C,TSLA,2016-06-30,184996,TESLA INC,0001318605,12,2016-06-30,2016Q2,2016Q2,2,2016,2016-08-03,11868.9520,812.0090,-293.1880,1270.0170,1270.0170,191.6640,512.8160,1550.1290,-575.4550,2417.0650,2417.0650,374.1460,1013.5080
A,USD,STD,INDL,C,TSLA,2016-09-30,184996,TESLA INC,0001318605,12,2016-09-30,2016Q3,2016Q3,3,2016,2016-10-26,12592.3970,1381.2340,21.8780,2298.4360,2298.4360,214.3020,551.1130,2931.3630,-553.5770,4715.5010,4715.5010,588.4480,1564.6210
A,USD,STD,INDL,C,TSLA,2016-12-31,184996,TESLA INC,0001318605,12,2016-12-31,2016Q4,2016Q4,4,2016,2017-02-22,22664.0760,1522.4130,-121.3370,2284.6310,2284.6310,245.9600,680.2760,4453.7760,-674.9140,7000.1320,7000.1320,834.4080,2244.8970
A,USD,STD,INDL,C,TSLA,2017-03-31,184996,TESLA INC,0001318605,12,2017-03-31,2017Q1,2017Q1,1,2017,2017-05-03,25053.7260,1651.7220,-330.2770,2696.2700,2696.2700,322.0400,858.4950,1651.7220,-330.2770,2696.2700,2696.2700,322.0400,858.4950
A,USD,STD,INDL,C,TSLA,2017-06-30,184996,TESLA INC,0001318605,12,2017-06-30,2017Q2,2017Q2,2,2017,2017-08-02,26043.7050,1733.7710,-336.3970,2789.5570,2789.5570,369.7740,907.5310,3385.4930,-666.6740,5485.8270,5485.8270,691.8140,1766.0260
A,USD,STD,INDL,C,TSLA,2017-09-30,184996,TESLA INC,0001318605,12,2017-09-30,2017Q3,2017Q3,3,2017,2017-11-01,28107.0740,2134.9110,-619.3760,2984.6750,2984.6750,331.6220,984.6200,5520.4040,-1286.0500,8470.5020,8470.5020,1023.4360,2750.6460
A,USD,STD,INDL,C,TSLA,2017-12-31,184996,TESLA INC,0001318605,12,2017-12-31,2017Q4,2017Q4,4,2017,2018-02-07,28655.3720,2379.8570,-675.3500,3288.2490,3288.2490,354.6370,1036.9270,7900.2610,-1961.4000,11758.7510,11758.7510,1378.0730,3787.5730
A,USD,STD,INDL,C,TSLA,2018-03-31,184996,TESLA INC,0001318605,12,2018-03-31,2018Q1,2018Q1,1,2018,2018-05-02,27271.4290,2535.9920,-709.5510,3408.7510,3408.7510,367.0960,1053.5000,2535.9920,-709.5510,3408.7510,3408.7510,367.0960,1053.5000
A,USD,STD,INDL,C,TSLA,2018-06-30,184996,TESLA INC,0001318605,12,2018-06-30,2018Q2,2018Q2,2,2018,2018-08-01,27910.0000,2911.3100,-717.5390,4002.2310,4002.2310,399.3930,1136.8880,5447.3020,-1427.0900,7410.9820,7410.9820,766.4890,2190.3880
A,USD,STD,INDL,C,TSLA,2018-09-30,184996,TESLA INC,0001318605,12,2018-09-30,2018Q3,2018Q3,3,2018,2018-10-24,29262.7130,4797.9230,311.5160,6824.4130,6824.4130,350.8480,1080.7240,10245.2250,-1115.5740,14235.3950,14235.3950,1117.3370,3271.1120
A,USD,STD,INDL,C,TSLA,2018-12-31,184996,TESLA INC,0001318605,12,2018-12-31,2018Q4,2018Q4,4,2018,2019-01-30,29739.6140,5286.2360,139.4830,7225.8730,7225.8730,356.2970,1023.7490,15531.4610,-976.0910,21461.2680,21461.2680,1473.6340,4294.8610
A,USD,STD,INDL,C,TSLA,2019-03-31,184996,TESLA INC,0001318605,12,2019-03-31,2019Q1,2019Q1,1,2019,2019-04-24,28912.5240,3508.1440,-702.1350,4541.4640,4541.4640,340.1740,1044.1030,3508.1440,-702.1350,4541.4640,4541.4640,340.1740,1044.1030
A,USD,STD,INDL,C,TSLA,2019-06-30,184996,TESLA INC,0001318605,12,2019-06-30,2019Q2,2019Q2,2,2019,2019-07-24,31872.5970,4850.0580,-408.3340,6349.6760,6349.6760,276.8720,971.1590,8358.2020,-1110.4690,10891.1400,10891.1400,617.0460,2015.2620
A,USD,STD,INDL,C,TSLA,2019-09-30,184996,TESLA INC,0001318605,12,2019-09-30,2019Q3,2019Q3,3,2019,2019-10-23,32795.0000,4580.7980,143.4690,6302.8600,6302.8600,333.9540,929.7380,12939.0000,-967.0000,17194.0000,17194.0000,951.0000,2945.0000
A,USD,STD,INDL,C,TSLA,2019-12-31,184996,TESLA INC,0001318605,12,2019-12-31,2019Q4,2019Q4,4,2019,2020-01-29,34309.0000,5463.0000,105.0000,7384.0000,7384.0000,439.0000,1044.0000,18402.0000,-862.0000,24578.0000,24578.0000,1390.0000,3989.0000
A,USD,STD,INDL,C,TSLA,2020-03-31,184996,TESLA INC,0001318605,12,2020-03-31,2020Q1,2020Q1,1,2020,2020-04-29,37250.0000,4174.0000,16.0000,5985.0000,5985.0000,324.0000,951.0000,4174.0000,16.0000,5985.0000,5985.0000,324.0000,951.0000
A,USD,STD,INDL,C,TSLA,2020-06-30,184996,TESLA INC,0001318605,12,2020-06-30,2020Q2,2020Q2,2,2020,2020-07-22,38135.0000,3993.0000,104.0000,6036.0000,6036.0000,279.0000,940.0000,8167.0000,120.0000,12021.0000,12021.0000,603.0000,1891.0000
A,USD,STD,INDL,C,TSLA,2020-09-30,184996,TESLA INC,0001318605,12,2020-09-30,2020Q3,2020Q3,3,2020,2020-10-21,45691.0000,6124.0000,331.0000,8771.0000,8771.0000,366.0000,1297.0000,14291.0000,451.0000,20792.0000,20792.0000,969.0000,3188.0000
A,USD,STD,INDL,C,TSLA,2020-12-31,184996,TESLA INC,0001318605,12,2020-12-31,2020Q4,2020Q4,4,2020,2021-01-27,52148.0000,8060.0000,270.0000,10744.0000,10744.0000,522.0000,1491.0000,22351.0000,721.0000,31536.0000,31536.0000,1491.0000,4679.0000
A,USD,STD,INDL,C,TSLA,2021-03-31,184996,TESLA INC,0001318605,12,2021-03-31,2021Q1,2021Q1,1,2021,2021-04-26,52972.0000,7553.0000,438.0000,10389.0000,10389.0000,666.0000,1722.0000,7553.0000,438.0000,10389.0000,10389.0000,666.0000,1722.0000
A,USD,STD,INDL,C,TSLA,2021-06-30,184996,TESLA INC,0001318605,12,2021-06-30,2021Q2,2021Q2,2,2021,2021-07-26,55146.0000,8393.0000,1142.0000,11958.0000,11958.0000,576.0000,1549.0000,15946.0000,1580.0000,22347.0000,22347.0000,1242.0000,3271.0000
A,USD,STD,INDL,C,TSLA,2021-09-30,184996,TESLA INC,0001318605,12,2021-09-30,2021Q3,2021Q3,3,2021,2021-10-20,57834.0000,9336.0000,1618.0000,13757.0000,13757.0000,611.0000,1605.0000,25282.0000,3198.0000,36104.0000,36104.0000,1853.0000,4876.0000
A,USD,STD,INDL,C,TSLA,2021-12-31,184996,TESLA INC,0001318605,12,2021-12-31,2021Q4,2021Q4,4,2021,2022-01-26,62131.0000,12024.0000,2321.0000,17719.0000,17719.0000,740.0000,2234.0000,37306.0000,5519.0000,53823.0000,53823.0000,2593.0000,7110.0000
A,USD,STD,INDL,C,TSLA,2022-03-31,184996,TESLA INC,0001318605,12,2022-03-31,2022Q1,2022Q1,1,2022,2022-04-20,66038.0000,12416.0000,3318.0000,18756.0000,18756.0000,865.0000,1857.0000,12416.0000,3318.0000,18756.0000,18756.0000,865.0000,1857.0000
A,USD,STD,INDL,C,TSLA,2022-06-30,184996,TESLA INC,0001318605,12,2022-06-30,2022Q2,2022Q2,2,2022,2022-07-20,68513.0000,11778.0000,2259.0000,16934.0000,16934.0000,667.0000,1628.0000,24194.0000,5577.0000,35690.0000,35690.0000,1532.0000,3485.0000
A,USD,STD,INDL,C,TSLA,2022-09-30,184996,TESLA INC,0001318605,12,2022-09-30,2022Q3,2022Q3,3,2022,2022-10-19,74426.0000,15116.0000,3292.0000,21454.0000,21454.0000,733.0000,1694.0000,39310.0000,8869.0000,57144.0000,57144.0000,2265.0000,5179.0000
A,USD,STD,INDL,C,TSLA,2022-12-31,184996,TESLA INC,0001318605,12,2022-12-31,2022Q4,2022Q4,4,2022,2023-01-25,82338.0000,17552.0000,3687.0000,24318.0000,24318.0000,810.0000,1842.0000,56862.0000,12556.0000,81462.0000,81462.0000,3075.0000,7021.0000
A,USD,STD,INDL,C,TSLA,2023-03-31,184996,TESLA INC,0001318605,12,2023-03-31,2023Q1,2023Q1,1,2023,2023-04-19,86833.0000,17772.0000,2513.0000,23329.0000,23329.0000,771.0000,1847.0000,17772.0000,2513.0000,23329.0000,23329.0000,771.0000,1847.0000
A,USD,STD,INDL,C,TSLA,2023-06-30,184996,TESLA INC,0001318605,12,2023-06-30,2023Q2,2023Q2,2,2023,2023-07-19,90591.0000,19240.0000,2703.0000,24927.0000,24927.0000,943.0000,2134.0000,37012.0000,5216.0000,48256.0000,48256.0000,1714.0000,3981.0000
A,USD,STD,INDL,C,TSLA,2023-09-30,184996,TESLA INC,0001318605,12,2023-09-30,2023Q3,2023Q3,3,2023,2023-10-18,93941.0000,17937.0000,1853.0000,23350.0000,23350.0000,1161.0000,2414.0000,54949.0000,7069.0000,71606.0000,71606.0000,2875.0000,6395.0000
A,USD,STD,INDL,C,TSLA,2023-12-31,184996,TESLA INC,0001318605,12,2023-12-31,2023Q4,2023Q4,4,2023,2024-01-24,106618.0000,19497.0000,7928.0000,25167.0000,25167.0000,1094.0000,2374.0000,74446.0000,14997.0000,96773.0000,96773.0000,3969.0000,8769.0000
A,USD,STD,INDL,C,TSLA,2024-03-31,184996,TESLA INC,0001318605,12,2024-03-31,2024Q1,2024Q1,1,2024,2024-04-23,109226.0000,16359.0000,1390.0000,21301.0000,21301.0000,1151.0000,2525.0000,16359.0000,1390.0000,21301.0000,21301.0000,1151.0000,2525.0000
A,USD,STD,INDL,C,TSLA,2024-06-30,184996,TESLA INC,0001318605,12,2024-06-30,2024Q2,2024Q2,2,2024,2024-07-23,112832.0000,19644.0000,1400.0000,25500.0000,25500.0000,1074.0000,2351.0000,36003.0000,2790.0000,46801.0000,46801.0000,2225.0000,4876.0000
A,USD,STD,INDL,C,TSLA,2024-09-30,184996,TESLA INC,0001318605,12,2024-09-30,2024Q3,2024Q3,3,2024,2024-10-23,119852.0000,18837.0000,2173.0000,25182.0000,25182.0000,1039.0000,2225.0000,54840.0000,4963.0000,71983.0000,71983.0000,3264.0000,7101.0000
A,USD,STD,INDL,C,TSLA,2024-12-31,184996,TESLA INC,0001318605,12,2024-12-31,2024Q4,2024Q4,4,2024,2025-01-29,122070.0000,20032.0000,2128.0000,25707.0000,25707.0000,1276.0000,2589.0000,74872.0000,7091.0000,97690.0000,97690.0000,4540.0000,9690.0000
A,USD,STD,INDL,C,TSLA,2025-03-31,184996,TESLA INC,0001318605,12,2025-03-31,2025Q1,2025Q1,1,2025,2025-04-22,125111.0000,14735.0000,409.0000,19335.0000,19335.0000,1409.0000,2660.0000,14735.0000,409.0000,19335.0000,19335.0000,1409.0000,2660.0000
A,USD,STD,INDL,C,TSLA,2025-06-30,184996,TESLA INC,0001318605,12,2025-06-30,2025Q2,2025Q2,2,2025,2025-07-23,128567.0000,17185.0000,1172.0000,22496.0000,22496.0000,1589.0000,2955.0000,31920.0000,1581.0000,41831.0000,41831.0000,2998.0000,5615.0000
A,USD,STD,INDL,C,TSLA,2025-09-30,184996,TESLA INC,0001318605,12,2025-09-30,2025Q3,2025Q3,3,2025,2025-10-22,133735.0000,21416.0000,1373.0000,28095.0000,28095.0000,1630.0000,3192.0000,53336.0000,2954.0000,69926.0000,69926.0000,4628.0000,8807.0000
A,USD,STD,INDL,C,TSLA,2025-12-31,184996,TESLA INC,0001318605,12,2025-12-31,2025Q4,2025Q4,4,2025,2026-01-28,137806.0000,18249.0000,840.0000,24901.0000,24901.0000,1783.0000,3438.0000,71585.0000,3794.0000,94827.0000,94827.0000,6411.0000,12245.0000
A,USD,STD,INDL,C,TSLA,2026-03-31,184996,TESLA INC,0001318605,12,2026-03-31,2026Q1,2026Q1,1,2026,2026-04-22,143724.0000,16077.0000,477.0000,22387.0000,22387.0000,1946.0000,3779.0000,16077.0000,477.0000,22387.0000,22387.0000,1946.0000,3779.0000
A,USD,STD,INDL,C,TSLA,2026-06-30,184996,TESLA INC,0001318605,12,2026-06-30,2026Q2,2026Q2,2,2026,2026-07-22,148524.0000,21866.0000,1114.0000,28236.0000,28236.0000,2371.0000,4353.0000,37943.0000,1591.0000,50623.0000,50623.0000,4317.0000,8132.0000
